Gene,Class,Species,Mut,Observed,Expected,MutSpec,Mut_raw
CO1,Mammalia,Apodemus_agrarius,A>C,,67.12121212121214,0.0,T>G
CO1,Mammalia,Apodemus_agrarius,A>G,8.333618,160.36363636363632,0.1057967150537126,T>C
CO1,Mammalia,Apodemus_agrarius,A>T,,67.12121212121214,0.0,T>A
CO1,Mammalia,Apodemus_agrarius,C>A,,11.878787878787874,0.0,G>T
CO1,Mammalia,Apodemus_agrarius,C>G,,11.878787878787874,0.0,G>C
CO1,Mammalia,Apodemus_agrarius,C>T,6.99937,23.878787878787872,0.5967482633687056,G>A
CO1,Mammalia,Apodemus_agrarius,G>A,16.099271,149.39393939393938,0.2193904511525627,C>T
CO1,Mammalia,Apodemus_agrarius,G>C,,48.636363636363626,0.0,C>G
CO1,Mammalia,Apodemus_agrarius,G>T,,48.636363636363626,0.0,C>A
CO1,Mammalia,Apodemus_agrarius,T>A,,148.93939393939388,0.0,A>T
CO1,Mammalia,Apodemus_agrarius,T>C,6.99331,221.09090909090904,0.064395628215147,A>G
CO1,Mammalia,Apodemus_agrarius,T>G,1.0,148.93939393939388,0.0136689422098719,A>C
Cytb,Mammalia,Apodemus_agrarius,A>C,,30.58113207547176,0.0,T>G
Cytb,Mammalia,Apodemus_agrarius,A>G,116.254468,90.95094339622646,0.1559633742123872,T>C
Cytb,Mammalia,Apodemus_agrarius,A>T,0.99988,30.58113207547176,0.0039894635423161,T>A
Cytb,Mammalia,Apodemus_agrarius,C>A,,7.7547169811321,0.0,G>T
Cytb,Mammalia,Apodemus_agrarius,C>G,2.99853,7.7547169811321,0.0471805091746518,G>C
Cytb,Mammalia,Apodemus_agrarius,C>T,53.761987,11.147169811320804,0.5884788677857676,G>A
Cytb,Mammalia,Apodemus_agrarius,G>A,139.416602,150.19245283018873,0.1132626089214676,C>T
Cytb,Mammalia,Apodemus_agrarius,G>C,1.0,46.29433962264152,0.0026356775909726,C>G
Cytb,Mammalia,Apodemus_agrarius,G>T,7.99868,46.29433962264152,0.0210819416333613,C>A
Cytb,Mammalia,Apodemus_agrarius,T>A,8.999369999999999,105.36226415094332,0.0104219069318463,A>T
Cytb,Mammalia,Apodemus_agrarius,T>C,64.795175,157.99622641509438,0.0500398651061408,A>G
Cytb,Mammalia,Apodemus_agrarius,T>G,5.997721,105.36226415094332,0.0069457851010882,A>C
CO1,Mammalia,Ateles_chamek,A>C,,60.1,0.0,T>G
CO1,Mammalia,Ateles_chamek,A>G,5.89807,156.1,0.115404360614439,T>C
CO1,Mammalia,Ateles_chamek,A>T,,60.1,0.0,T>A
CO1,Mammalia,Ateles_chamek,C>A,,13.8,0.0,G>T
CO1,Mammalia,Ateles_chamek,C>G,,13.8,0.0,G>C
CO1,Mammalia,Ateles_chamek,C>T,4.7141,23.3,0.6179567345613438,G>A
CO1,Mammalia,Ateles_chamek,G>A,3.903556,175.79999999999998,0.0678198372124447,C>T
CO1,Mammalia,Ateles_chamek,G>C,,72.80000000000001,0.0,C>G
CO1,Mammalia,Ateles_chamek,G>T,2.0,72.80000000000001,0.0839100183391799,C>A
CO1,Mammalia,Ateles_chamek,T>A,,123.7,0.0,A>T
CO1,Mammalia,Ateles_chamek,T>C,7.595832,201.90000000000003,0.1149090492725924,A>G
CO1,Mammalia,Ateles_chamek,T>G,,123.7,0.0,A>C
Cytb,Mammalia,Ateles_chamek,A>C,,42.8,0.0,T>G
Cytb,Mammalia,Ateles_chamek,A>G,17.789159,104.0,0.3293528380749413,T>C
Cytb,Mammalia,Ateles_chamek,A>T,,42.8,0.0,T>A
Cytb,Mammalia,Ateles_chamek,C>A,,7.2,0.0,G>T
Cytb,Mammalia,Ateles_chamek,C>G,,7.2,0.0,G>C
Cytb,Mammalia,Ateles_chamek,C>T,2.64923,15.399999999999997,0.3312365679517421,G>A
Cytb,Mammalia,Ateles_chamek,G>A,17.958756,164.93333333333337,0.2096559278442643,C>T
Cytb,Mammalia,Ateles_chamek,G>C,,64.93333333333334,0.0,C>G
Cytb,Mammalia,Ateles_chamek,G>T,,64.93333333333334,0.0,C>A
Cytb,Mammalia,Ateles_chamek,T>A,0.99895,83.39999999999999,0.0230630655404548,A>T
Cytb,Mammalia,Ateles_chamek,T>C,7.428681,134.06666666666666,0.1066916005885974,A>G
Cytb,Mammalia,Ateles_chamek,T>G,,83.39999999999999,0.0,A>C
CO1,Mammalia,Balaenoptera_musculus,A>C,,57.7096774193548,0.0,T>G
CO1,Mammalia,Balaenoptera_musculus,A>G,13.99758,133.45161290322582,0.2354380720500712,T>C
CO1,Mammalia,Balaenoptera_musculus,A>T,,57.7096774193548,0.0,T>A
CO1,Mammalia,Balaenoptera_musculus,C>A,,9.741935483870966,0.0,G>T
CO1,Mammalia,Balaenoptera_musculus,C>G,,9.741935483870966,0.0,G>C
CO1,Mammalia,Balaenoptera_musculus,C>T,6.367326,23.61290322580645,0.6052785173671853,G>A
CO1,Mammalia,Balaenoptera_musculus,G>A,4.99989,198.516129032258,0.0565343252607758,C>T
CO1,Mammalia,Balaenoptera_musculus,G>C,,72.25806451612902,0.0,C>G
CO1,Mammalia,Balaenoptera_musculus,G>T,,72.25806451612902,0.0,C>A
CO1,Mammalia,Balaenoptera_musculus,T>A,,134.09677419354844,0.0,A>T
CO1,Mammalia,Balaenoptera_musculus,T>C,9.540441,208.4193548387097,0.1027490853219676,A>G
CO1,Mammalia,Balaenoptera_musculus,T>G,,134.09677419354844,0.0,A>C
Cytb,Mammalia,Balaenoptera_musculus,A>C,1.0,18.323529411764707,0.0955335586696077,T>G
Cytb,Mammalia,Balaenoptera_musculus,A>G,10.99677,64.41176470588235,0.2988580987844961,T>C
Cytb,Mammalia,Balaenoptera_musculus,A>T,,18.323529411764707,0.0,T>A
Cytb,Mammalia,Balaenoptera_musculus,C>A,,8.058823529411766,0.0,G>T
Cytb,Mammalia,Balaenoptera_musculus,C>G,,8.058823529411766,0.0,G>C
Cytb,Mammalia,Balaenoptera_musculus,C>T,3.0,12.1764705882353,0.4312855583417796,G>A
Cytb,Mammalia,Balaenoptera_musculus,G>A,11.99075,188.55882352941185,0.111317789517823,C>T
Cytb,Mammalia,Balaenoptera_musculus,G>C,,70.79411764705881,0.0,C>G
Cytb,Mammalia,Balaenoptera_musculus,G>T,,70.79411764705881,0.0,C>A
Cytb,Mammalia,Balaenoptera_musculus,T>A,1.0,99.94117647058818,0.0175154229108786,A>T
Cytb,Mammalia,Balaenoptera_musculus,T>C,3.99809,153.8529411764706,0.0454895717754147,A>G
Cytb,Mammalia,Balaenoptera_musculus,T>G,,99.94117647058818,0.0,A>C
CO1,Mammalia,Balaenoptera_physalus,A>C,,58.00000000000005,0.0,T>G
CO1,Mammalia,Balaenoptera_physalus,A>G,17.927275,125.51851851851842,0.175056111344345,T>C
CO1,Mammalia,Balaenoptera_physalus,A>T,,58.00000000000005,0.0,T>A
CO1,Mammalia,Balaenoptera_physalus,C>A,,13.12962962962963,0.0,G>T
CO1,Mammalia,Balaenoptera_physalus,C>G,,13.12962962962963,0.0,G>C
CO1,Mammalia,Balaenoptera_physalus,C>T,11.99058,24.9074074074074,0.59004137660768,G>A
CO1,Mammalia,Balaenoptera_physalus,G>A,17.92413,202.537037037037,0.1084686996869711,C>T
CO1,Mammalia,Balaenoptera_physalus,G>C,,68.18518518518518,0.0,C>G
CO1,Mammalia,Balaenoptera_physalus,G>T,1.99952,68.18518518518518,0.0359423549886153,C>A
CO1,Mammalia,Balaenoptera_physalus,T>A,,132.37037037037032,0.0,A>T
CO1,Mammalia,Balaenoptera_physalus,T>C,13.95112,210.5,0.0812321176806608,A>G
CO1,Mammalia,Balaenoptera_physalus,T>G,1.0,132.37037037037032,0.0092593396917276,A>C
Cytb,Mammalia,Balaenoptera_physalus,A>C,,16.431034482758612,0.0,T>G
Cytb,Mammalia,Balaenoptera_physalus,A>G,18.16458,57.91379310344827,0.2600797498587546,T>C
Cytb,Mammalia,Balaenoptera_physalus,A>T,,16.431034482758612,0.0,T>A
Cytb,Mammalia,Balaenoptera_physalus,C>A,,3.000000000000004,0.0,G>T
Cytb,Mammalia,Balaenoptera_physalus,C>G,,3.000000000000004,0.0,G>C
Cytb,Mammalia,Balaenoptera_physalus,C>T,6.73247,9.896551724137934,0.5640969044726737,G>A
Cytb,Mammalia,Balaenoptera_physalus,G>A,28.50829,195.7413793103448,0.1207679549612159,C>T
Cytb,Mammalia,Balaenoptera_physalus,G>C,,69.2758620689655,0.0,C>G
Cytb,Mammalia,Balaenoptera_physalus,G>T,1.0,69.2758620689655,0.0119696444347356,C>A
Cytb,Mammalia,Balaenoptera_physalus,T>A,,108.58620689655172,0.0,A>T
Cytb,Mammalia,Balaenoptera_physalus,T>C,8.099513,155.8793103448275,0.04308574627262,A>G
Cytb,Mammalia,Balaenoptera_physalus,T>G,,108.58620689655172,0.0,A>C
CO1,Mammalia,Bison_bonasus,A>C,,58.86666666666665,0.0,T>G
CO1,Mammalia,Bison_bonasus,A>G,3.954973,145.33333333333334,0.0644074356194266,T>C
CO1,Mammalia,Bison_bonasus,A>T,,58.86666666666665,0.0,T>A
CO1,Mammalia,Bison_bonasus,C>A,1.0,11.599999999999998,0.2040326782566409,G>T
CO1,Mammalia,Bison_bonasus,C>G,,11.599999999999998,0.0,G>C
CO1,Mammalia,Bison_bonasus,C>T,5.978917,25.800000000000004,0.5484796745572194,G>A
CO1,Mammalia,Bison_bonasus,G>A,7.863242,180.46666666666667,0.1031246208189797,C>T
CO1,Mammalia,Bison_bonasus,G>C,,69.06666666666666,0.0,C>G
CO1,Mammalia,Bison_bonasus,G>T,,69.06666666666666,0.0,C>A
CO1,Mammalia,Bison_bonasus,T>A,,125.26666666666668,0.0,A>T
CO1,Mammalia,Bison_bonasus,T>C,6.927654,205.06666666666663,0.0799555907477333,A>G
CO1,Mammalia,Bison_bonasus,T>G,,125.26666666666668,0.0,A>C
Cytb,Mammalia,Bison_bonasus,A>C,,19.65217391304348,0.0,T>G
Cytb,Mammalia,Bison_bonasus,A>G,12.912871,65.91304347826087,0.3112098900764767,T>C
Cytb,Mammalia,Bison_bonasus,A>T,,19.65217391304348,0.0,T>A
Cytb,Mammalia,Bison_bonasus,C>A,,5.826086956521738,0.0,G>T
Cytb,Mammalia,Bison_bonasus,C>G,,5.826086956521738,0.0,G>C
Cytb,Mammalia,Bison_bonasus,C>T,3.97001,11.956521739130435,0.5274589743027461,G>A
Cytb,Mammalia,Bison_bonasus,G>A,11.77165,169.1739130434783,0.1105365458496552,C>T
Cytb,Mammalia,Bison_bonasus,G>C,,50.782608695652165,0.0,C>G
Cytb,Mammalia,Bison_bonasus,G>T,,50.782608695652165,0.0,C>A
Cytb,Mammalia,Bison_bonasus,T>A,1.0,118.60869565217392,0.0133932326545377,A>T
Cytb,Mammalia,Bison_bonasus,T>C,3.98922,169.4347826086957,0.0374013571165841,A>G
Cytb,Mammalia,Bison_bonasus,T>G,,118.60869565217392,0.0,A>C
CO1,Mammalia,Bison_priscus,A>C,,56.85714285714285,0.0,T>G
CO1,Mammalia,Bison_priscus,A>G,9.93271,133.6071428571429,0.2697126120881246,T>C
CO1,Mammalia,Bison_priscus,A>T,,56.85714285714285,0.0,T>A
CO1,Mammalia,Bison_priscus,C>A,,10.071428571428571,0.0,G>T
CO1,Mammalia,Bison_priscus,C>G,,10.071428571428571,0.0,G>C
CO1,Mammalia,Bison_priscus,C>T,2.891313,26.96428571428571,0.3890177026035306,G>A
CO1,Mammalia,Bison_priscus,G>A,9.98486,191.75,0.1889164532281129,C>T
CO1,Mammalia,Bison_priscus,G>C,,72.64285714285712,0.0,C>G
CO1,Mammalia,Bison_priscus,G>T,0.99995,72.64285714285712,0.0499400006437607,C>A
CO1,Mammalia,Bison_priscus,T>A,,129.89285714285714,0.0,A>T
CO1,Mammalia,Bison_priscus,T>C,5.72642,202.8571428571428,0.1024132314364711,A>G
CO1,Mammalia,Bison_priscus,T>G,,129.89285714285714,0.0,A>C
Cytb,Mammalia,Bison_priscus,A>C,,19.809523809523803,0.0,T>G
Cytb,Mammalia,Bison_priscus,A>G,25.38929,68.26190476190479,0.3050057700459186,T>C
Cytb,Mammalia,Bison_priscus,A>T,,19.809523809523803,0.0,T>A
Cytb,Mammalia,Bison_priscus,C>A,,4.714285714285713,0.0,G>T
Cytb,Mammalia,Bison_priscus,C>G,,4.714285714285713,0.0,G>C
Cytb,Mammalia,Bison_priscus,C>T,4.983953,6.714285714285719,0.6087094189511774,G>A
Cytb,Mammalia,Bison_priscus,G>A,11.343714,165.452380952381,0.056223535115026,C>T
Cytb,Mammalia,Bison_priscus,G>C,,51.11904761904763,0.0,C>G
Cytb,Mammalia,Bison_priscus,G>T,1.0,51.11904761904763,0.0160418018522256,C>A
Cytb,Mammalia,Bison_priscus,T>A,,118.09523809523807,0.0,A>T
Cytb,Mammalia,Bison_priscus,T>C,2.99995,175.4761904761905,0.0140194740356522,A>G
Cytb,Mammalia,Bison_priscus,T>G,,118.09523809523807,0.0,A>C
CO1,Mammalia,Bos_grunniens,A>C,,57.03448275862068,0.0,T>G
CO1,Mammalia,Bos_grunniens,A>G,12.663993,138.41379310344828,0.1965615672050319,T>C
CO1,Mammalia,Bos_grunniens,A>T,1.0,57.03448275862068,0.0376677610967008,T>A
CO1,Mammalia,Bos_grunniens,C>A,,9.965517241379311,0.0,G>T
CO1,Mammalia,Bos_grunniens,C>G,,9.965517241379311,0.0,G>C
CO1,Mammalia,Bos_grunniens,C>T,6.99981,24.896551724137936,0.6040242389293626,G>A
CO1,Mammalia,Bos_grunniens,G>A,9.349583,186.6206896551724,0.107631592470717,C>T
CO1,Mammalia,Bos_grunniens,G>C,,70.86206896551727,0.0,C>G
CO1,Mammalia,Bos_grunniens,G>T,,70.86206896551727,0.0,C>A
CO1,Mammalia,Bos_grunniens,T>A,,132.0344827586207,0.0,A>T
CO1,Mammalia,Bos_grunniens,T>C,5.217575,207.1379310344828,0.0541148402981875,A>G
CO1,Mammalia,Bos_grunniens,T>G,,132.0344827586207,0.0,A>C
Cytb,Mammalia,Bos_grunniens,A>C,,21.491228070175445,0.0,T>G
Cytb,Mammalia,Bos_grunniens,A>G,15.98808,70.12280701754386,0.321015339087897,T>C
Cytb,Mammalia,Bos_grunniens,A>T,1.0,21.491228070175445,0.0655130066968424,T>A
Cytb,Mammalia,Bos_grunniens,C>A,,8.000000000000007,0.0,G>T
Cytb,Mammalia,Bos_grunniens,C>G,,8.000000000000007,0.0,G>C
Cytb,Mammalia,Bos_grunniens,C>T,2.99672,11.385964912280704,0.3705655906779475,G>A
Cytb,Mammalia,Bos_grunniens,G>A,20.99355,166.0701754385964,0.1779848365341335,C>T
Cytb,Mammalia,Bos_grunniens,G>C,,49.78947368421054,0.0,C>G
Cytb,Mammalia,Bos_grunniens,G>T,1.0,49.78947368421054,0.0282781653289753,C>A
Cytb,Mammalia,Bos_grunniens,T>A,,118.57894736842115,0.0,A>T
Cytb,Mammalia,Bos_grunniens,T>C,2.99999,170.52631578947367,0.0247694955840086,A>G
Cytb,Mammalia,Bos_grunniens,T>G,1.0,118.57894736842115,0.0118735660901955,A>C
CO1,Mammalia,Bos_taurus,A>C,1.0,60.28104575163393,0.0110349360001575,T>G
CO1,Mammalia,Bos_taurus,A>G,55.741765,141.59477124182982,0.2618690039823549,T>C
CO1,Mammalia,Bos_taurus,A>T,,60.28104575163393,0.0,T>A
CO1,Mammalia,Bos_taurus,C>A,,12.784313725490168,0.0,G>T
CO1,Mammalia,Bos_taurus,C>G,,12.784313725490168,0.0,G>C
CO1,Mammalia,Bos_taurus,C>T,16.0,25.771241830065303,0.4129859081083585,G>A
CO1,Mammalia,Bos_taurus,G>A,52.984842,184.45751633986927,0.191075886611727,C>T
CO1,Mammalia,Bos_taurus,G>C,,66.81045751633982,0.0,C>G
CO1,Mammalia,Bos_taurus,G>T,3.0,66.81045751633982,0.0298694623545646,C>A
CO1,Mammalia,Bos_taurus,T>A,2.0,126.88888888888869,0.0104847238827087,A>T
CO1,Mammalia,Bos_taurus,T>C,23.996321,206.13071895424795,0.077437717118774,A>G
CO1,Mammalia,Bos_taurus,T>G,1.0,126.88888888888869,0.0052423619413543,A>C
Cytb,Mammalia,Bos_taurus,A>C,,18.620535714285683,0.0,T>G
Cytb,Mammalia,Bos_taurus,A>G,47.949545,58.12946428571423,0.2613413542393454,T>C
Cytb,Mammalia,Bos_taurus,A>T,1.99993,18.620535714285683,0.0340284831869408,T>A
Cytb,Mammalia,Bos_taurus,C>A,1.0,7.790178571428557,0.0406698484798631,G>T
Cytb,Mammalia,Bos_taurus,C>G,,7.790178571428557,0.0,G>C
Cytb,Mammalia,Bos_taurus,C>T,19.882442,13.825892857142849,0.4556134167562694,G>A
Cytb,Mammalia,Bos_taurus,G>A,69.911446,180.72767857142856,0.1225585409460781,C>T
Cytb,Mammalia,Bos_taurus,G>C,2.0,55.37946428571429,0.0114419807492722,C>G
Cytb,Mammalia,Bos_taurus,G>T,2.0,55.37946428571429,0.0114419807492722,C>A
Cytb,Mammalia,Bos_taurus,T>A,3.0,115.93303571428568,0.0081984926948316,A>T
Cytb,Mammalia,Bos_taurus,T>C,25.975554,167.13392857142858,0.0492402404015725,A>G
Cytb,Mammalia,Bos_taurus,T>G,2.0,115.93303571428568,0.0054656617965544,A>C
CO1,Mammalia,Cacajao_calvus,A>C,,71.71428571428571,0.0,T>G
CO1,Mammalia,Cacajao_calvus,A>G,12.815303,172.35714285714286,0.2120946024706116,T>C
CO1,Mammalia,Cacajao_calvus,A>T,0.99994,71.71428571428571,0.0397739101342807,T>A
CO1,Mammalia,Cacajao_calvus,C>A,0.99993,13.285714285714285,0.2146914323698862,G>T
CO1,Mammalia,Cacajao_calvus,C>G,1.0,13.285714285714285,0.2147064618222137,G>C
CO1,Mammalia,Cacajao_calvus,C>T,0.99878,25.92857142857143,0.1098806631091324,G>A
CO1,Mammalia,Cacajao_calvus,G>A,8.794391,168.07142857142858,0.1492594726057579,C>T
CO1,Mammalia,Cacajao_calvus,G>C,,68.85714285714286,0.0,C>G
CO1,Mammalia,Cacajao_calvus,G>T,,68.85714285714286,0.0,C>A
CO1,Mammalia,Cacajao_calvus,T>A,,115.07142857142856,0.0,A>T
CO1,Mammalia,Cacajao_calvus,T>C,3.979821,190.50000000000003,0.0595934574881171,A>G
CO1,Mammalia,Cacajao_calvus,T>G,,115.07142857142856,0.0,A>C
Cytb,Mammalia,Cacajao_calvus,A>C,1.0,30.25,0.0417468212042449,T>G
Cytb,Mammalia,Cacajao_calvus,A>G,11.854511,95.1875,0.1572723999812773,T>C
Cytb,Mammalia,Cacajao_calvus,A>T,,30.25,0.0,T>A
Cytb,Mammalia,Cacajao_calvus,C>A,,6.9375,0.0,G>T
Cytb,Mammalia,Cacajao_calvus,C>G,,6.9375,0.0,G>C
Cytb,Mammalia,Cacajao_calvus,C>T,6.867803,14.40625,0.6020265893751711,G>A
Cytb,Mammalia,Cacajao_calvus,G>A,10.923989,154.15625,0.0894888460410083,C>T
Cytb,Mammalia,Cacajao_calvus,G>C,,57.9375,0.0,C>G
Cytb,Mammalia,Cacajao_calvus,G>T,,57.9375,0.0,C>A
Cytb,Mammalia,Cacajao_calvus,T>A,1.0,87.96875,0.0143555676467883,A>T
Cytb,Mammalia,Cacajao_calvus,T>C,9.97912,132.5,0.0951097757515099,A>G
Cytb,Mammalia,Cacajao_calvus,T>G,,87.96875,0.0,A>C
CO1,Mammalia,Camelus_dromedarius,A>C,,60.77777777777778,0.0,T>G
CO1,Mammalia,Camelus_dromedarius,A>G,7.64683,153.40740740740736,0.1146620885313115,T>C
CO1,Mammalia,Camelus_dromedarius,A>T,,60.77777777777778,0.0,T>A
CO1,Mammalia,Camelus_dromedarius,C>A,,32.481481481481474,0.0,G>T
CO1,Mammalia,Camelus_dromedarius,C>G,,32.481481481481474,0.0,G>C
CO1,Mammalia,Camelus_dromedarius,C>T,12.769674,60.59259259259259,0.484780361444621,G>A
CO1,Mammalia,Camelus_dromedarius,G>A,17.573751,182.8148148148148,0.2211249893063644,C>T
CO1,Mammalia,Camelus_dromedarius,G>C,,73.66666666666669,0.0,C>G
CO1,Mammalia,Camelus_dromedarius,G>T,1.856232,73.66666666666669,0.057962349261215,C>A
CO1,Mammalia,Camelus_dromedarius,T>A,,105.70370370370368,0.0,A>T
CO1,Mammalia,Camelus_dromedarius,T>C,8.736495,165.44444444444449,0.1214702114564878,A>G
CO1,Mammalia,Camelus_dromedarius,T>G,,105.70370370370368,0.0,A>C
Cytb,Mammalia,Camelus_dromedarius,A>C,,28.75342465753422,0.0,T>G
Cytb,Mammalia,Camelus_dromedarius,A>G,21.659333,85.7397260273972,0.2731915100460404,T>C
Cytb,Mammalia,Camelus_dromedarius,A>T,,28.75342465753422,0.0,T>A
Cytb,Mammalia,Camelus_dromedarius,C>A,,16.76712328767125,0.0,G>T
Cytb,Mammalia,Camelus_dromedarius,C>G,,16.76712328767125,0.0,G>C
Cytb,Mammalia,Camelus_dromedarius,C>T,10.933031,26.356164383561666,0.4486034236174379,G>A
Cytb,Mammalia,Camelus_dromedarius,G>A,15.406889,156.73972602739715,0.1063016687151713,C>T
Cytb,Mammalia,Camelus_dromedarius,G>C,,45.26027397260268,0.0,C>G
Cytb,Mammalia,Camelus_dromedarius,G>T,,45.26027397260268,0.0,C>A
Cytb,Mammalia,Camelus_dromedarius,T>A,4.0,104.082191780822,0.0415611708575042,A>T
Cytb,Mammalia,Camelus_dromedarius,T>C,16.958871000000002,151.04109589041087,0.1214244151620733,A>G
Cytb,Mammalia,Camelus_dromedarius,T>G,0.8582829999999999,104.082191780822,0.0089178116017728,A>C
CO1,Mammalia,Canis_latrans,A>C,,86.03448275862071,0.0,T>G
CO1,Mammalia,Canis_latrans,A>G,12.99029,188.2758620689655,0.1696881731544939,T>C
CO1,Mammalia,Canis_latrans,A>T,,86.03448275862071,0.0,T>A
CO1,Mammalia,Canis_latrans,C>A,,25.58620689655173,0.0,G>T
CO1,Mammalia,Canis_latrans,C>G,,25.58620689655173,0.0,G>C
CO1,Mammalia,Canis_latrans,C>T,8.9971,48.37931034482759,0.457372708709211,G>A
CO1,Mammalia,Canis_latrans,G>A,8.894383,137.72413793103448,0.1588302196084871,C>T
CO1,Mammalia,Canis_latrans,G>C,,46.10344827586205,0.0,C>G
CO1,Mammalia,Canis_latrans,G>T,,46.10344827586205,0.0,C>A
CO1,Mammalia,Canis_latrans,T>A,,109.2413793103448,0.0,A>T
CO1,Mammalia,Canis_latrans,T>C,13.99079,179.58620689655174,0.1916004976145215,A>G
CO1,Mammalia,Canis_latrans,T>G,0.99978,109.2413793103448,0.0225084009132864,A>C
Cytb,Mammalia,Canis_latrans,A>C,,24.92592592592593,0.0,T>G
Cytb,Mammalia,Canis_latrans,A>G,20.232164,81.25925925925925,0.4717429234114103,T>C
Cytb,Mammalia,Canis_latrans,A>T,2.0,24.92592592592593,0.1520248599633129,T>A
Cytb,Mammalia,Canis_latrans,C>A,,9.185185185185183,0.0,G>T
Cytb,Mammalia,Canis_latrans,C>G,,9.185185185185183,0.0,G>C
Cytb,Mammalia,Canis_latrans,C>T,0.99634,15.296296296296292,0.1234119445045341,G>A
Cytb,Mammalia,Canis_latrans,G>A,8.690478,169.88888888888889,0.0969202676857359,C>T
Cytb,Mammalia,Canis_latrans,G>C,,56.25925925925928,0.0,C>G
Cytb,Mammalia,Canis_latrans,G>T,,56.25925925925928,0.0,C>A
Cytb,Mammalia,Canis_latrans,T>A,,102.4444444444444,0.0,A>T
Cytb,Mammalia,Canis_latrans,T>C,12.71425,154.51851851851845,0.1559000044350066,A>G
Cytb,Mammalia,Canis_latrans,T>G,,102.4444444444444,0.0,A>C
CO1,Mammalia,Canis_lupus,A>C,,80.87841945288766,0.0,T>G
CO1,Mammalia,Canis_lupus,A>G,90.122459,185.07902735562308,0.163316368500436,T>C
CO1,Mammalia,Canis_lupus,A>T,1.851411,80.87841945288766,0.0076775751135945,T>A
CO1,Mammalia,Canis_lupus,C>A,2.0,30.987841945288764,0.0216467426196685,G>T
CO1,Mammalia,Canis_lupus,C>G,1.0,30.987841945288764,0.0108233713098342,G>C
CO1,Mammalia,Canis_lupus,C>T,74.854748,50.975683890577486,0.4925044756903474,G>A
CO1,Mammalia,Canis_lupus,G>A,83.413979,140.86930091185388,0.1985986851631424,C>T
CO1,Mammalia,Canis_lupus,G>C,,50.12765957446789,0.0,C>G
CO1,Mammalia,Canis_lupus,G>T,,50.12765957446789,0.0,C>A
CO1,Mammalia,Canis_lupus,T>A,4.0,102.94528875379932,0.0130318899883386,A>T
CO1,Mammalia,Canis_lupus,T>C,48.756876,176.97568389057744,0.092400891614638,A>G
CO1,Mammalia,Canis_lupus,T>G,,102.94528875379932,0.0,A>C
Cytb,Mammalia,Canis_lupus,A>C,,37.90610328638488,0.0,T>G
Cytb,Mammalia,Canis_lupus,A>G,89.227106,94.74882629107996,0.2511634022527309,T>C
Cytb,Mammalia,Canis_lupus,A>T,3.0,37.90610328638488,0.0211079230370127,T>A
Cytb,Mammalia,Canis_lupus,C>A,,5.467136150234765,0.0,G>T
Cytb,Mammalia,Canis_lupus,C>G,,5.467136150234765,0.0,G>C
Cytb,Mammalia,Canis_lupus,C>T,32.735057,18.68309859154924,0.467301940852256,G>A
Cytb,Mammalia,Canis_lupus,G>A,81.634878,159.8896713615024,0.1361722856342099,C>T
Cytb,Mammalia,Canis_lupus,G>C,1.0,45.936619718310055,0.0058059642155395,C>G
Cytb,Mammalia,Canis_lupus,G>T,1.9653,45.936619718310055,0.0114104614727998,C>A
Cytb,Mammalia,Canis_lupus,T>A,2.99814,99.68779342722983,0.0080212733120337,A>T
Cytb,Mammalia,Canis_lupus,T>C,54.686409,147.30046948356795,0.0990167492234173,A>G
Cytb,Mammalia,Canis_lupus,T>G,,99.68779342722983,0.0,A>C
CO1,Mammalia,Capra_hircus,A>C,1.0,57.96825396825392,0.0280724580252383,T>G
CO1,Mammalia,Capra_hircus,A>G,16.755437,136.80952380952385,0.1993012802476963,T>C
CO1,Mammalia,Capra_hircus,A>T,,57.96825396825392,0.0,T>A
CO1,Mammalia,Capra_hircus,C>A,,14.126984126984109,0.0,G>T
CO1,Mammalia,Capra_hircus,C>G,,14.126984126984109,0.0,G>C
CO1,Mammalia,Capra_hircus,C>T,5.9399820000000005,24.253968253968235,0.3985409802849682,G>A
CO1,Mammalia,Capra_hircus,G>A,27.207333,184.4603174603174,0.2400234539320673,C>T
CO1,Mammalia,Capra_hircus,G>C,1.0,62.66666666666664,0.0259677347285132,C>G
CO1,Mammalia,Capra_hircus,G>T,,62.66666666666664,0.0,C>A
CO1,Mammalia,Capra_hircus,T>A,,137.6349206349207,0.0,A>T
CO1,Mammalia,Capra_hircus,T>C,12.44882,210.42857142857164,0.0962707025487669,A>G
CO1,Mammalia,Capra_hircus,T>G,1.0,137.6349206349207,0.0118233902327494,A>C
Cytb,Mammalia,Capra_hircus,A>C,,18.33333333333334,0.0,T>G
Cytb,Mammalia,Capra_hircus,A>G,55.93785,72.20895522388068,0.3038103081386835,T>C
Cytb,Mammalia,Capra_hircus,A>T,,18.33333333333334,0.0,T>A
Cytb,Mammalia,Capra_hircus,C>A,0.99856,7.960199004975101,0.0491969338323148,G>T
Cytb,Mammalia,Capra_hircus,C>G,1.0,7.960199004975101,0.0492678795789084,G>C
Cytb,Mammalia,Capra_hircus,C>T,13.982617,14.995024875621835,0.3657034588209681,G>A
Cytb,Mammalia,Capra_hircus,G>A,58.874089,160.5572139303482,0.1438077108165558,C>T
Cytb,Mammalia,Capra_hircus,G>C,1.0,49.6915422885572,0.0078923315304618,C>G
Cytb,Mammalia,Capra_hircus,G>T,,49.6915422885572,0.0,C>A
Cytb,Mammalia,Capra_hircus,T>A,2.0,114.07462686567196,0.0068758870710674,A>T
Cytb,Mammalia,Capra_hircus,T>C,27.993,164.91542288557213,0.0665696031399725,A>G
Cytb,Mammalia,Capra_hircus,T>G,2.0,114.07462686567196,0.0068758870710674,A>C
CO1,Mammalia,Capreolus_capreolus,A>C,,82.6,0.0,T>G
CO1,Mammalia,Capreolus_capreolus,A>G,6.304247,207.5,0.0967602135439506,T>C
CO1,Mammalia,Capreolus_capreolus,A>T,,82.6,0.0,T>A
CO1,Mammalia,Capreolus_capreolus,C>A,,15.3,0.0,G>T
CO1,Mammalia,Capreolus_capreolus,C>G,,15.3,0.0,G>C
CO1,Mammalia,Capreolus_capreolus,C>T,4.98091,24.9,0.6370757089667743,G>A
CO1,Mammalia,Capreolus_capreolus,G>A,4.831453,119.0,0.1293041597497139,C>T
CO1,Mammalia,Capreolus_capreolus,G>C,0.99994,42.0,0.0758239403861251,C>G
CO1,Mammalia,Capreolus_capreolus,G>T,,42.0,0.0,C>A
CO1,Mammalia,Capreolus_capreolus,T>A,,121.0,0.0,A>T
CO1,Mammalia,Capreolus_capreolus,T>C,3.99586,208.5,0.0610359773534358,A>G
CO1,Mammalia,Capreolus_capreolus,T>G,,121.0,0.0,A>C
Cytb,Mammalia,Capreolus_capreolus,A>C,,29.705128205128187,0.0,T>G
Cytb,Mammalia,Capreolus_capreolus,A>G,27.631754,97.73076923076916,0.1983172965103372,T>C
Cytb,Mammalia,Capreolus_capreolus,A>T,,29.705128205128187,0.0,T>A
Cytb,Mammalia,Capreolus_capreolus,C>A,1.0,6.5769230769230695,0.1066499593593404,G>T
Cytb,Mammalia,Capreolus_capreolus,C>G,,6.5769230769230695,0.0,G>C
Cytb,Mammalia,Capreolus_capreolus,C>T,6.97353,12.576923076923068,0.3889212971761014,G>A
Cytb,Mammalia,Capreolus_capreolus,G>A,36.904274,139.48717948717947,0.1855777180452847,C>T
Cytb,Mammalia,Capreolus_capreolus,G>C,,37.5384615384615,0.0,C>G
Cytb,Mammalia,Capreolus_capreolus,G>T,3.760494,37.5384615384615,0.0702670768630619,C>A
Cytb,Mammalia,Capreolus_capreolus,T>A,,113.923076923077,0.0,A>T
Cytb,Mammalia,Capreolus_capreolus,T>C,10.453032,166.2179487179488,0.0441110929182187,A>G
Cytb,Mammalia,Capreolus_capreolus,T>G,0.99976,113.923076923077,0.0061555591276553,A>C
CO1,Mammalia,Cervus_elaphus,A>C,,64.68000000000002,0.0,T>G
CO1,Mammalia,Cervus_elaphus,A>G,12.867165,171.51999999999998,0.1649667088555244,T>C
CO1,Mammalia,Cervus_elaphus,A>T,,64.68000000000002,0.0,T>A
CO1,Mammalia,Cervus_elaphus,C>A,,18.08,0.0,G>T
CO1,Mammalia,Cervus_elaphus,C>G,,18.08,0.0,G>C
CO1,Mammalia,Cervus_elaphus,C>T,6.913667,26.0,0.5847406926070227,G>A
CO1,Mammalia,Cervus_elaphus,G>A,12.94736,149.52,0.1904189400577426,C>T
CO1,Mammalia,Cervus_elaphus,G>C,,58.2,0.0,C>G
CO1,Mammalia,Cervus_elaphus,G>T,,58.2,0.0,C>A
CO1,Mammalia,Cervus_elaphus,T>A,1.0,124.08,0.0177225586912735,A>T
CO1,Mammalia,Cervus_elaphus,T>C,3.98928,208.11999999999995,0.0421510997884366,A>G
CO1,Mammalia,Cervus_elaphus,T>G,,124.08,0.0,A>C
Cytb,Mammalia,Cervus_elaphus,A>C,2.0,21.463601532567004,0.0124498394227354,T>G
Cytb,Mammalia,Cervus_elaphus,A>G,106.144973,87.67049808429124,0.1617641605687889,T>C
Cytb,Mammalia,Cervus_elaphus,A>T,3.99928,21.463601532567004,0.0248951969032787,T>A
Cytb,Mammalia,Cervus_elaphus,C>A,1.0,8.019157088122608,0.0166612518982713,G>T
Cytb,Mammalia,Cervus_elaphus,C>G,3.99881,8.019157088122608,0.0666251807033265,G>C
Cytb,Mammalia,Cervus_elaphus,C>T,56.768651,13.808429118773962,0.5492886821132243,G>A
Cytb,Mammalia,Cervus_elaphus,G>A,102.859961,149.51724137931026,0.0919160665984575,C>T
Cytb,Mammalia,Cervus_elaphus,G>C,2.0,47.85440613026817,0.0055839872254734,C>G
Cytb,Mammalia,Cervus_elaphus,G>T,1.0,47.85440613026817,0.0027919936127367,C>A
Cytb,Mammalia,Cervus_elaphus,T>A,3.98993,111.85057471264368,0.0047661028277354,A>T
Cytb,Mammalia,Cervus_elaphus,T>C,71.943498,164.3678160919541,0.0584805053218017,A>G
Cytb,Mammalia,Cervus_elaphus,T>G,3.99908,111.85057471264368,0.0047770328041695,A>C
CO1,Mammalia,Cricetulus_kamensis,A>C,0.99983,54.516129032258064,0.0220810752408445,T>G
CO1,Mammalia,Cricetulus_kamensis,A>G,20.574641,125.54838709677416,0.1973059549611302,T>C
CO1,Mammalia,Cricetulus_kamensis,A>T,,54.516129032258064,0.0,T>A
CO1,Mammalia,Cricetulus_kamensis,C>A,1.99904,19.193548387096776,0.1253964602177058,G>T
CO1,Mammalia,Cricetulus_kamensis,C>G,,19.193548387096776,0.0,G>C
CO1,Mammalia,Cricetulus_kamensis,C>T,9.349105,26.41935483870967,0.4260562045094067,G>A
CO1,Mammalia,Cricetulus_kamensis,G>A,20.090655,189.87096774193543,0.1273956493315582,C>T
CO1,Mammalia,Cricetulus_kamensis,G>C,,66.06451612903227,0.0,C>G
CO1,Mammalia,Cricetulus_kamensis,G>T,,66.06451612903227,0.0,C>A
CO1,Mammalia,Cricetulus_kamensis,T>A,3.99809,137.90322580645162,0.0349057686298692,A>T
CO1,Mammalia,Cricetulus_kamensis,T>C,11.713582,210.93548387096783,0.0668588871094852,A>G
CO1,Mammalia,Cricetulus_kamensis,T>G,,137.90322580645162,0.0,A>C
Cytb,Mammalia,Cricetulus_kamensis,A>C,,26.84375,0.0,T>G
Cytb,Mammalia,Cricetulus_kamensis,A>G,15.220327,77.25,0.1494373594961363,T>C
Cytb,Mammalia,Cricetulus_kamensis,A>T,1.0,26.84375,0.0282546872590122,T>A
Cytb,Mammalia,Cricetulus_kamensis,C>A,,3.75,0.0,G>T
Cytb,Mammalia,Cricetulus_kamensis,C>G,,3.75,0.0,G>C
Cytb,Mammalia,Cricetulus_kamensis,C>T,7.638268,8.59375,0.6741334340774818,G>A
Cytb,Mammalia,Cricetulus_kamensis,G>A,14.526835,164.9375,0.0668013572258671,C>T
Cytb,Mammalia,Cricetulus_kamensis,G>C,,51.03125,0.0,C>G
Cytb,Mammalia,Cricetulus_kamensis,G>T,1.0,51.03125,0.0148626921956469,C>A
Cytb,Mammalia,Cricetulus_kamensis,T>A,1.0,112.125,0.0067644304223777,A>T
Cytb,Mammalia,Cricetulus_kamensis,T>C,13.091029,166.1875,0.0597460393234775,A>G
Cytb,Mammalia,Cricetulus_kamensis,T>G,,112.125,0.0,A>C
CO1,Mammalia,Crocidura_leucodon,A>C,,92.15384615384616,0.0,T>G
CO1,Mammalia,Crocidura_leucodon,A>G,8.91118,245.53846153846155,0.1448272963622522,T>C
CO1,Mammalia,Crocidura_leucodon,A>T,,92.15384615384616,0.0,T>A
CO1,Mammalia,Crocidura_leucodon,C>A,,9.692307692307692,0.0,G>T
CO1,Mammalia,Crocidura_leucodon,C>G,,9.692307692307692,0.0,G>C
CO1,Mammalia,Crocidura_leucodon,C>T,1.99998,17.69230769230769,0.4511031985526432,G>A
CO1,Mammalia,Crocidura_leucodon,G>A,6.9991900000000005,110.46153846153848,0.2528549342401032,C>T
CO1,Mammalia,Crocidura_leucodon,G>C,,59.92307692307691,0.0,C>G
CO1,Mammalia,Crocidura_leucodon,G>T,,59.92307692307691,0.0,C>A
CO1,Mammalia,Crocidura_leucodon,T>A,,93.53846153846152,0.0,A>T
CO1,Mammalia,Crocidura_leucodon,T>C,6.98397,184.3076923076923,0.1512145708450014,A>G
CO1,Mammalia,Crocidura_leucodon,T>G,,93.53846153846152,0.0,A>C
Cytb,Mammalia,Crocidura_leucodon,A>C,1.99944,44.15625,0.0275248929108743,T>G
Cytb,Mammalia,Crocidura_leucodon,A>G,17.806597,127.8125,0.0846870579173969,T>C
Cytb,Mammalia,Crocidura_leucodon,A>T,,44.15625,0.0,T>A
Cytb,Mammalia,Crocidura_leucodon,C>A,,3.1875,0.0,G>T
Cytb,Mammalia,Crocidura_leucodon,C>G,1.0,3.1875,0.1907037582438057,G>C
Cytb,Mammalia,Crocidura_leucodon,C>T,5.630801,6.21875,0.5503975934047433,G>A
Cytb,Mammalia,Crocidura_leucodon,G>A,21.550901,124.46875,0.1052481689812953,C>T
Cytb,Mammalia,Crocidura_leucodon,G>C,,46.375,0.0,C>G
Cytb,Mammalia,Crocidura_leucodon,G>T,,46.375,0.0,C>A
Cytb,Mammalia,Crocidura_leucodon,T>A,2.9988200000000003,90.9375,0.0200454972227705,A>T
Cytb,Mammalia,Crocidura_leucodon,T>C,3.758092,155.3125,0.0147085696899496,A>G
Cytb,Mammalia,Crocidura_leucodon,T>G,1.0,90.9375,0.0066844616291643,A>C
CO1,Mammalia,Crocidura_suaveolens,A>C,0.99965,102.45714285714284,0.0093484775811893,T>G
CO1,Mammalia,Crocidura_suaveolens,A>G,33.197515,252.82857142857145,0.1258098331791095,T>C
CO1,Mammalia,Crocidura_suaveolens,A>T,1.660613,102.45714285714284,0.0155296387751028,T>A
CO1,Mammalia,Crocidura_suaveolens,C>A,,10.285714285714288,0.0,G>T
CO1,Mammalia,Crocidura_suaveolens,C>G,,10.285714285714288,0.0,G>C
CO1,Mammalia,Crocidura_suaveolens,C>T,10.807114,18.457142857142863,0.5610226825915983,G>A
CO1,Mammalia,Crocidura_suaveolens,G>A,21.816851,103.88571428571429,0.2012201168323699,C>T
CO1,Mammalia,Crocidura_suaveolens,G>C,,52.59999999999999,0.0,C>G
CO1,Mammalia,Crocidura_suaveolens,G>T,0.99891,52.59999999999999,0.0181959937134348,C>A
CO1,Mammalia,Crocidura_suaveolens,T>A,,90.79999999999998,0.0,A>T
CO1,Mammalia,Crocidura_suaveolens,T>C,12.973534,180.4857142857143,0.068873257327195,A>G
CO1,Mammalia,Crocidura_suaveolens,T>G,,90.79999999999998,0.0,A>C
Cytb,Mammalia,Crocidura_suaveolens,A>C,,40.58333333333337,0.0,T>G
Cytb,Mammalia,Crocidura_suaveolens,A>G,69.949718,126.31666666666672,0.1898465505244954,T>C
Cytb,Mammalia,Crocidura_suaveolens,A>T,1.0,40.58333333333337,0.0084475288573081,T>A
Cytb,Mammalia,Crocidura_suaveolens,C>A,,4.758333333333328,0.0,G>T
Cytb,Mammalia,Crocidura_suaveolens,C>G,,4.758333333333328,0.0,G>C
Cytb,Mammalia,Crocidura_suaveolens,C>T,17.69484,11.074999999999992,0.5477473742128984,G>A
Cytb,Mammalia,Crocidura_suaveolens,G>A,58.767099,123.65833333333327,0.1629252000746515,C>T
Cytb,Mammalia,Crocidura_suaveolens,G>C,,46.47499999999999,0.0,C>G
Cytb,Mammalia,Crocidura_suaveolens,G>T,2.0,46.47499999999999,0.0147532600089978,C>A
Cytb,Mammalia,Crocidura_suaveolens,T>A,2.99962,87.46666666666665,0.0117571230571997,A>T
Cytb,Mammalia,Crocidura_suaveolens,T>C,26.824067,151.74166666666673,0.0606034257706331,A>G
Cytb,Mammalia,Crocidura_suaveolens,T>G,1.0,87.46666666666665,0.0039195374938157,A>C
CO1,Mammalia,Crocuta_crocuta,A>C,,64.13333333333333,0.0,T>G
CO1,Mammalia,Crocuta_crocuta,A>G,12.757234,146.0,0.214424364833748,T>C
CO1,Mammalia,Crocuta_crocuta,A>T,,64.13333333333333,0.0,T>A
CO1,Mammalia,Crocuta_crocuta,C>A,,26.06666666666667,0.0,G>T
CO1,Mammalia,Crocuta_crocuta,C>G,,26.06666666666667,0.0,G>C
CO1,Mammalia,Crocuta_crocuta,C>T,9.121656,52.46666666666666,0.4266391279831949,G>A
CO1,Mammalia,Crocuta_crocuta,G>A,14.854196,185.8666666666667,0.1961182937312487,C>T
CO1,Mammalia,Crocuta_crocuta,G>C,,71.46666666666665,0.0,C>G
CO1,Mammalia,Crocuta_crocuta,G>T,,71.46666666666665,0.0,C>A
CO1,Mammalia,Crocuta_crocuta,T>A,,115.06666666666663,0.0,A>T
CO1,Mammalia,Crocuta_crocuta,T>C,11.500444,173.33333333333334,0.1628182134518083,A>G
CO1,Mammalia,Crocuta_crocuta,T>G,,115.06666666666663,0.0,A>C
Cytb,Mammalia,Crocuta_crocuta,A>C,,14.095238095238091,0.0,T>G
Cytb,Mammalia,Crocuta_crocuta,A>G,9.484365,54.61904761904761,0.3089586822704376,T>C
Cytb,Mammalia,Crocuta_crocuta,A>T,,14.095238095238091,0.0,T>A
Cytb,Mammalia,Crocuta_crocuta,C>A,,13.952380952380944,0.0,G>T
Cytb,Mammalia,Crocuta_crocuta,C>G,,13.952380952380944,0.0,G>C
Cytb,Mammalia,Crocuta_crocuta,C>T,6.553159,20.761904761904763,0.5615905342085795,G>A
Cytb,Mammalia,Crocuta_crocuta,G>A,7.031471,190.2380952380952,0.0657635076327411,C>T
Cytb,Mammalia,Crocuta_crocuta,G>C,,61.95238095238095,0.0,C>G
Cytb,Mammalia,Crocuta_crocuta,G>T,,61.95238095238095,0.0,C>A
Cytb,Mammalia,Crocuta_crocuta,T>A,0.997212,108.4761904761905,0.0163564608727361,A>T
Cytb,Mammalia,Crocuta_crocuta,T>C,4.224587,158.80952380952382,0.0473308150155055,A>G
Cytb,Mammalia,Crocuta_crocuta,T>G,,108.4761904761905,0.0,A>C
CO1,Mammalia,Delphinapterus_leucas,A>C,,52.84615384615386,0.0,T>G
CO1,Mammalia,Delphinapterus_leucas,A>G,10.99965,135.57692307692307,0.4234561189767848,T>C
CO1,Mammalia,Delphinapterus_leucas,A>T,,52.84615384615386,0.0,T>A
CO1,Mammalia,Delphinapterus_leucas,C>A,,16.730769230769226,0.0,G>T
CO1,Mammalia,Delphinapterus_leucas,C>G,,16.730769230769226,0.0,G>C
CO1,Mammalia,Delphinapterus_leucas,C>T,1.99995,28.57692307692308,0.3652741948121527,G>A
CO1,Mammalia,Delphinapterus_leucas,G>A,3.99992,189.42307692307696,0.110213231989031,C>T
CO1,Mammalia,Delphinapterus_leucas,G>C,,72.1153846153846,0.0,C>G
CO1,Mammalia,Delphinapterus_leucas,G>T,,72.1153846153846,0.0,C>A
CO1,Mammalia,Delphinapterus_leucas,T>A,,133.03846153846155,0.0,A>T
CO1,Mammalia,Delphinapterus_leucas,T>C,3.99675,206.4230769230769,0.1010564542220314,A>G
CO1,Mammalia,Delphinapterus_leucas,T>G,,133.03846153846155,0.0,A>C
Cytb,Mammalia,Delphinapterus_leucas,A>C,,23.3125,0.0,T>G
Cytb,Mammalia,Delphinapterus_leucas,A>G,11.838874,68.375,0.2118405657885946,T>C
Cytb,Mammalia,Delphinapterus_leucas,A>T,,23.3125,0.0,T>A
Cytb,Mammalia,Delphinapterus_leucas,C>A,,4.625,0.0,G>T
Cytb,Mammalia,Delphinapterus_leucas,C>G,,4.625,0.0,G>C
Cytb,Mammalia,Delphinapterus_leucas,C>T,4.697361,8.65625,0.663926824281064,G>A
Cytb,Mammalia,Delphinapterus_leucas,G>A,12.753556,184.625,0.0845155950857825,C>T
Cytb,Mammalia,Delphinapterus_leucas,G>C,,59.46875,0.0,C>G
Cytb,Mammalia,Delphinapterus_leucas,G>T,,59.46875,0.0,C>A
Cytb,Mammalia,Delphinapterus_leucas,T>A,,107.15625,0.0,A>T
Cytb,Mammalia,Delphinapterus_leucas,T>C,5.302529,163.34375,0.0397170148445588,A>G
Cytb,Mammalia,Delphinapterus_leucas,T>G,,107.15625,0.0,A>C
CO1,Mammalia,Dicrostonyx_torquatus,A>C,,48.56666666666667,0.0,T>G
CO1,Mammalia,Dicrostonyx_torquatus,A>G,15.98881,138.43333333333334,0.2092160977077487,T>C
CO1,Mammalia,Dicrostonyx_torquatus,A>T,,48.56666666666667,0.0,T>A
CO1,Mammalia,Dicrostonyx_torquatus,C>A,,13.56666666666667,0.0,G>T
CO1,Mammalia,Dicrostonyx_torquatus,C>G,,13.56666666666667,0.0,G>C
CO1,Mammalia,Dicrostonyx_torquatus,C>T,5.967711,21.23333333333333,0.5091071984720857,G>A
CO1,Mammalia,Dicrostonyx_torquatus,G>A,11.98477,182.89999999999995,0.1186958761440732,C>T
CO1,Mammalia,Dicrostonyx_torquatus,G>C,,78.8,0.0,C>G
CO1,Mammalia,Dicrostonyx_torquatus,G>T,,78.8,0.0,C>A
CO1,Mammalia,Dicrostonyx_torquatus,T>A,0.9999,129.06666666666663,0.0140333742233111,A>T
CO1,Mammalia,Dicrostonyx_torquatus,T>C,13.895623,208.2333333333333,0.1208780383983957,A>G
CO1,Mammalia,Dicrostonyx_torquatus,T>G,1.99999,129.06666666666663,0.0280694150543854,A>C
Cytb,Mammalia,Dicrostonyx_torquatus,A>C,,24.13043478260869,0.0,T>G
Cytb,Mammalia,Dicrostonyx_torquatus,A>G,10.948974,75.08695652173914,0.1239785062400342,T>C
Cytb,Mammalia,Dicrostonyx_torquatus,A>T,0.99884,24.13043478260869,0.0351939696668009,T>A
Cytb,Mammalia,Dicrostonyx_torquatus,C>A,0.99993,7.304347826086957,0.1163926695404344,G>T
Cytb,Mammalia,Dicrostonyx_torquatus,C>G,,7.304347826086957,0.0,G>C
Cytb,Mammalia,Dicrostonyx_torquatus,C>T,8.945996000000001,13.47826086956522,0.5643289347389546,G>A
Cytb,Mammalia,Dicrostonyx_torquatus,G>A,15.961052,175.30434782608688,0.0774116459382861,C>T
Cytb,Mammalia,Dicrostonyx_torquatus,G>C,,57.52173913043478,0.0,C>G
Cytb,Mammalia,Dicrostonyx_torquatus,G>T,0.99942,57.52173913043478,0.0147724831902805,C>A
Cytb,Mammalia,Dicrostonyx_torquatus,T>A,1.99954,99.21739130434784,0.0171348287719684,A>T
Cytb,Mammalia,Dicrostonyx_torquatus,T>C,8.90542,149.08695652173915,0.0507869619132406,A>G
Cytb,Mammalia,Dicrostonyx_torquatus,T>G,,99.21739130434784,0.0,A>C
CO1,Mammalia,Dipodomys_merriami,A>C,,57.77777777777778,0.0,T>G
CO1,Mammalia,Dipodomys_merriami,A>G,6.87585,137.33333333333334,0.3355718994454696,T>C
CO1,Mammalia,Dipodomys_merriami,A>T,,57.77777777777778,0.0,T>A
CO1,Mammalia,Dipodomys_merriami,C>A,,6.333333333333333,0.0,G>T
CO1,Mammalia,Dipodomys_merriami,C>G,,6.333333333333333,0.0,G>C
CO1,Mammalia,Dipodomys_merriami,C>T,,10.222222222222223,0.0,G>A
CO1,Mammalia,Dipodomys_merriami,G>A,13.627897,166.44444444444443,0.5487754724037568,C>T
CO1,Mammalia,Dipodomys_merriami,G>C,,58.0,0.0,C>G
CO1,Mammalia,Dipodomys_merriami,G>T,,58.0,0.0,C>A
CO1,Mammalia,Dipodomys_merriami,T>A,,152.11111111111111,0.0,A>T
CO1,Mammalia,Dipodomys_merriami,T>C,3.966782,229.8888888888889,0.1156526281507736,A>G
CO1,Mammalia,Dipodomys_merriami,T>G,,152.11111111111111,0.0,A>C
Cytb,Mammalia,Dipodomys_merriami,A>C,0.99968,35.84615384615385,0.0219108028442009,T>G
Cytb,Mammalia,Dipodomys_merriami,A>G,21.430507,97.42307692307692,0.1728265480779926,T>C
Cytb,Mammalia,Dipodomys_merriami,A>T,0.918034,35.84615384615385,0.0201213007945273,T>A
Cytb,Mammalia,Dipodomys_merriami,C>A,0.997841,7.307692307692308,0.107280538173488,G>T
Cytb,Mammalia,Dipodomys_merriami,C>G,,7.307692307692308,0.0,G>C
Cytb,Mammalia,Dipodomys_merriami,C>T,6.507932,10.26923076923077,0.497903231495256,G>A
Cytb,Mammalia,Dipodomys_merriami,G>A,20.089798,154.30769230769232,0.1022887438993164,C>T
Cytb,Mammalia,Dipodomys_merriami,G>C,1.0,49.92307692307692,0.015737600169801,C>G
Cytb,Mammalia,Dipodomys_merriami,G>T,1.0,49.92307692307692,0.015737600169801,C>A
Cytb,Mammalia,Dipodomys_merriami,T>A,0.99571,90.46153846153848,0.0086478620122722,A>T
Cytb,Mammalia,Dipodomys_merriami,T>C,7.06531,147.8461538461538,0.0375457723633441,A>G
Cytb,Mammalia,Dipodomys_merriami,T>G,,90.46153846153848,0.0,A>C
CO1,Mammalia,Eospalax_fontanierii,A>C,,86.35416666666669,0.0,T>G
CO1,Mammalia,Eospalax_fontanierii,A>G,32.442638,201.5208333333333,0.1581775358050489,T>C
CO1,Mammalia,Eospalax_fontanierii,A>T,2.795631,86.35416666666669,0.0318086432533071,T>A
CO1,Mammalia,Eospalax_fontanierii,C>A,,5.333333333333334,0.0,G>T
CO1,Mammalia,Eospalax_fontanierii,C>G,,5.333333333333334,0.0,G>C
CO1,Mammalia,Eospalax_fontanierii,C>T,4.609822,9.08333333333333,0.4986404428570852,G>A
CO1,Mammalia,Eospalax_fontanierii,G>A,28.877293,118.95833333333334,0.2385119833509114,C>T
CO1,Mammalia,Eospalax_fontanierii,G>C,,43.87499999999999,0.0,C>G
CO1,Mammalia,Eospalax_fontanierii,G>T,1.0,43.87499999999999,0.0223939892709868,C>A
CO1,Mammalia,Eospalax_fontanierii,T>A,,133.375,0.0,A>T
CO1,Mammalia,Eospalax_fontanierii,T>C,7.99305,219.7083333333333,0.0357449418864805,A>G
CO1,Mammalia,Eospalax_fontanierii,T>G,1.99851,133.375,0.0147224635761798,A>C
Cytb,Mammalia,Eospalax_fontanierii,A>C,,33.61780104712044,0.0,T>G
Cytb,Mammalia,Eospalax_fontanierii,A>G,137.221673,106.98952879581162,0.2441717680257928,T>C
Cytb,Mammalia,Eospalax_fontanierii,A>T,2.99938,33.61780104712044,0.0169854165263817,T>A
Cytb,Mammalia,Eospalax_fontanierii,C>A,,2.9424083769633462,0.0,G>T
Cytb,Mammalia,Eospalax_fontanierii,C>G,,2.9424083769633462,0.0,G>C
Cytb,Mammalia,Eospalax_fontanierii,C>T,13.550986,4.95811518324607,0.5203173379213931,G>A
Cytb,Mammalia,Eospalax_fontanierii,G>A,104.549719,143.06806282722522,0.1391214789745344,C>T
Cytb,Mammalia,Eospalax_fontanierii,G>C,0.9996,41.39267015706804,0.004597447911901,C>G
Cytb,Mammalia,Eospalax_fontanierii,G>T,4.996703,41.39267015706804,0.0229812742834532,C>A
Cytb,Mammalia,Eospalax_fontanierii,T>A,2.99742,101.88481675392686,0.0056008268272692,A>T
Cytb,Mammalia,Eospalax_fontanierii,T>C,40.365388,166.2460732984292,0.0462244495292743,A>G
Cytb,Mammalia,Eospalax_fontanierii,T>G,,101.88481675392686,0.0,A>C
CO1,Mammalia,Eothenomys_cachinus,A>C,,45.900000000000006,0.0,T>G
CO1,Mammalia,Eothenomys_cachinus,A>G,6.07377,109.1,0.1601082426107785,T>C
CO1,Mammalia,Eothenomys_cachinus,A>T,,45.900000000000006,0.0,T>A
CO1,Mammalia,Eothenomys_cachinus,C>A,,20.9,0.0,G>T
CO1,Mammalia,Eothenomys_cachinus,C>G,,20.9,0.0,G>C
CO1,Mammalia,Eothenomys_cachinus,C>T,7.40396,33.6,0.6337309031200015,G>A
CO1,Mammalia,Eothenomys_cachinus,G>A,3.914085,211.6,0.0531979244629714,C>T
CO1,Mammalia,Eothenomys_cachinus,G>C,0.994467,82.5,0.0346670212567821,C>G
CO1,Mammalia,Eothenomys_cachinus,G>T,1.985722,82.5,0.0692220725112647,C>A
CO1,Mammalia,Eothenomys_cachinus,T>A,,126.0,0.0,A>T
CO1,Mammalia,Eothenomys_cachinus,T>C,2.067219,195.9,0.0303481450449434,A>G
CO1,Mammalia,Eothenomys_cachinus,T>G,0.820405,126.0,0.0187256909932581,A>C
Cytb,Mammalia,Eothenomys_cachinus,A>C,,18.000000000000004,0.0,T>G
Cytb,Mammalia,Eothenomys_cachinus,A>G,7.905661999999999,57.22222222222223,0.3237671429784273,T>C
Cytb,Mammalia,Eothenomys_cachinus,A>T,,18.000000000000004,0.0,T>A
Cytb,Mammalia,Eothenomys_cachinus,C>A,,7.888888888888889,0.0,G>T
Cytb,Mammalia,Eothenomys_cachinus,C>G,,7.888888888888889,0.0,G>C
Cytb,Mammalia,Eothenomys_cachinus,C>T,1.471993,12.055555555555555,0.28613946843296,G>A
Cytb,Mammalia,Eothenomys_cachinus,G>A,13.75805,193.44444444444449,0.1666709350152973,C>T
Cytb,Mammalia,Eothenomys_cachinus,G>C,,63.22222222222221,0.0,C>G
Cytb,Mammalia,Eothenomys_cachinus,G>T,1.985443,63.22222222222221,0.0735947639232186,C>A
Cytb,Mammalia,Eothenomys_cachinus,T>A,1.725139,100.94444444444444,0.040049852517598,A>T
Cytb,Mammalia,Eothenomys_cachinus,T>C,6.966767,148.72222222222223,0.1097778371324986,A>G
Cytb,Mammalia,Eothenomys_cachinus,T>G,,100.94444444444444,0.0,A>C
CO1,Mammalia,Eothenomys_custos,A>C,0.916718,61.93103448275862,0.0238423227186501,T>G
CO1,Mammalia,Eothenomys_custos,A>G,11.063235,139.51724137931032,0.1277248480335085,T>C
CO1,Mammalia,Eothenomys_custos,A>T,,61.93103448275862,0.0,T>A
CO1,Mammalia,Eothenomys_custos,C>A,,20.27586206896552,0.0,G>T
CO1,Mammalia,Eothenomys_custos,C>G,0.99957,20.27586206896552,0.0794063114167025,G>C
CO1,Mammalia,Eothenomys_custos,C>T,9.293765,28.344827586206893,0.5281277707568833,G>A
CO1,Mammalia,Eothenomys_custos,G>A,13.042412,179.48275862068962,0.1170459300172272,C>T
CO1,Mammalia,Eothenomys_custos,G>C,,67.03448275862071,0.0,C>G
CO1,Mammalia,Eothenomys_custos,G>T,0.99984,67.03448275862071,0.0240244460299219,C>A
CO1,Mammalia,Eothenomys_custos,T>A,,126.17241379310344,0.0,A>T
CO1,Mammalia,Eothenomys_custos,T>C,9.272917,201.03448275862075,0.0742962601543744,A>G
CO1,Mammalia,Eothenomys_custos,T>G,2.0,126.17241379310344,0.0255321108727318,A>C
Cytb,Mammalia,Eothenomys_custos,A>C,,24.868421052631582,0.0,T>G
Cytb,Mammalia,Eothenomys_custos,A>G,28.485828,78.23684210526316,0.2024288590309053,T>C
Cytb,Mammalia,Eothenomys_custos,A>T,1.982039,24.868421052631582,0.0443117473574103,T>A
Cytb,Mammalia,Eothenomys_custos,C>A,,11.473684210526317,0.0,G>T
Cytb,Mammalia,Eothenomys_custos,C>G,0.995393,11.473684210526317,0.0482332561939254,G>C
Cytb,Mammalia,Eothenomys_custos,C>T,14.456028,16.684210526315795,0.4817239199268063,G>A
Cytb,Mammalia,Eothenomys_custos,G>A,36.563142,169.078947368421,0.1202288978582887,C>T
Cytb,Mammalia,Eothenomys_custos,G>C,,56.81578947368421,0.0,C>G
Cytb,Mammalia,Eothenomys_custos,G>T,2.99949,56.81578947368421,0.0293517003352309,C>A
Cytb,Mammalia,Eothenomys_custos,T>A,2.736461,95.13157894736842,0.0159926138147965,A>T
Cytb,Mammalia,Eothenomys_custos,T>C,14.875573,143.2631578947368,0.0577290054826361,A>G
Cytb,Mammalia,Eothenomys_custos,T>G,,95.13157894736842,0.0,A>C
CO1,Mammalia,Eothenomys_eleusis,A>C,,46.3,0.0,T>G
CO1,Mammalia,Eothenomys_eleusis,A>G,3.747899,113.8,0.0903443360203475,T>C
CO1,Mammalia,Eothenomys_eleusis,A>T,0.554903,46.3,0.0328769404800389,T>A
CO1,Mammalia,Eothenomys_eleusis,C>A,,20.7,0.0,G>T
CO1,Mammalia,Eothenomys_eleusis,C>G,,20.7,0.0,G>C
CO1,Mammalia,Eothenomys_eleusis,C>T,6.99656,32.1,0.5979086605322766,G>A
CO1,Mammalia,Eothenomys_eleusis,G>A,4.668113,206.1,0.062132479078143,C>T
CO1,Mammalia,Eothenomys_eleusis,G>C,,80.4,0.0,C>G
CO1,Mammalia,Eothenomys_eleusis,G>T,1.0,80.4,0.0341192334118446,C>A
CO1,Mammalia,Eothenomys_eleusis,T>A,0.990514,127.0,0.0213949960664683,A>T
CO1,Mammalia,Eothenomys_eleusis,T>C,8.861803,199.2,0.1220360299726182,A>G
CO1,Mammalia,Eothenomys_eleusis,T>G,1.814237,127.0,0.0391873244382626,A>C
Cytb,Mammalia,Eothenomys_eleusis,A>C,,19.5,0.0,T>G
Cytb,Mammalia,Eothenomys_eleusis,A>G,14.214031,57.64999999999999,0.1392928652443581,T>C
Cytb,Mammalia,Eothenomys_eleusis,A>T,,19.5,0.0,T>A
Cytb,Mammalia,Eothenomys_eleusis,C>A,0.841672,8.8,0.0540344994565779,G>T
Cytb,Mammalia,Eothenomys_eleusis,C>G,0.80659,8.8,0.0517822701915724,G>C
Cytb,Mammalia,Eothenomys_eleusis,C>T,13.710568,12.749999999999998,0.6075138558450416,G>A
Cytb,Mammalia,Eothenomys_eleusis,G>A,14.972154,192.1,0.0440319425812439,C>T
Cytb,Mammalia,Eothenomys_eleusis,G>C,,59.85,0.0,C>G
Cytb,Mammalia,Eothenomys_eleusis,G>T,3.976477,59.85,0.0375357627412246,C>A
Cytb,Mammalia,Eothenomys_eleusis,T>A,1.899015,100.70000000000002,0.0106539302663755,A>T
Cytb,Mammalia,Eothenomys_eleusis,T>C,13.04751,148.64999999999998,0.0495876640300628,A>G
Cytb,Mammalia,Eothenomys_eleusis,T>G,0.99233,100.70000000000002,0.0055672096435427,A>C
CO1,Mammalia,Eothenomys_melanogaster,A>C,,51.1904761904762,0.0,T>G
CO1,Mammalia,Eothenomys_melanogaster,A>G,6.877367,117.47619047619048,0.111303868544195,T>C
CO1,Mammalia,Eothenomys_melanogaster,A>T,0.503353,51.1904761904762,0.018694825054155,T>A
CO1,Mammalia,Eothenomys_melanogaster,C>A,,18.809523809523814,0.0,G>T
CO1,Mammalia,Eothenomys_melanogaster,C>G,,18.809523809523814,0.0,G>C
CO1,Mammalia,Eothenomys_melanogaster,C>T,10.369909,29.47619047619047,0.668869672018848,G>A
CO1,Mammalia,Eothenomys_melanogaster,G>A,9.948167,205.8095238095237,0.0919000003193336,C>T
CO1,Mammalia,Eothenomys_melanogaster,G>C,,77.90476190476188,0.0,C>G
CO1,Mammalia,Eothenomys_melanogaster,G>T,0.99958,77.90476190476188,0.0243944744923243,C>A
CO1,Mammalia,Eothenomys_melanogaster,T>A,,128.2857142857143,0.0,A>T
CO1,Mammalia,Eothenomys_melanogaster,T>C,7.341107,199.3333333333333,0.0700195859708586,A>G
CO1,Mammalia,Eothenomys_melanogaster,T>G,0.99981,128.2857142857143,0.0148175736002853,A>C
Cytb,Mammalia,Eothenomys_melanogaster,A>C,,22.9047619047619,0.0,T>G
Cytb,Mammalia,Eothenomys_melanogaster,A>G,7.947797,70.76190476190476,0.1206528370626308,T>C
Cytb,Mammalia,Eothenomys_melanogaster,A>T,0.99939,22.9047619047619,0.0468704912178012,T>A
Cytb,Mammalia,Eothenomys_melanogaster,C>A,,8.904761904761903,0.0,G>T
Cytb,Mammalia,Eothenomys_melanogaster,C>G,,8.904761904761903,0.0,G>C
Cytb,Mammalia,Eothenomys_melanogaster,C>T,7.801358,12.666666666666664,0.6616040471231408,G>A
Cytb,Mammalia,Eothenomys_melanogaster,G>A,10.388042,173.09523809523813,0.0644672082625927,C>T
Cytb,Mammalia,Eothenomys_melanogaster,G>C,,52.52380952380952,0.0,C>G
Cytb,Mammalia,Eothenomys_melanogaster,G>T,1.956023,52.52380952380952,0.0400044244610568,C>A
Cytb,Mammalia,Eothenomys_melanogaster,T>A,1.587579,106.0,0.016088656058888,A>T
Cytb,Mammalia,Eothenomys_melanogaster,T>C,6.042397,155.76190476190476,0.0416714194333407,A>G
Cytb,Mammalia,Eothenomys_melanogaster,T>G,0.852659,106.0,0.0086409163805488,A>C
CO1,Mammalia,Eothenomys_miletus,A>C,,45.99999999999999,0.0,T>G
CO1,Mammalia,Eothenomys_miletus,A>G,16.534876,115.53846153846152,0.1945069548434967,T>C
CO1,Mammalia,Eothenomys_miletus,A>T,0.99683,45.99999999999999,0.029452627233584,T>A
CO1,Mammalia,Eothenomys_miletus,C>A,,22.23076923076924,0.0,G>T
CO1,Mammalia,Eothenomys_miletus,C>G,0.72252,22.23076923076924,0.0441729247556548,G>C
CO1,Mammalia,Eothenomys_miletus,C>T,13.930965,36.15384615384615,0.5237059018603123,G>A
CO1,Mammalia,Eothenomys_miletus,G>A,17.584316,204.0769230769231,0.1171095614616301,C>T
CO1,Mammalia,Eothenomys_miletus,G>C,,81.03846153846155,0.0,C>G
CO1,Mammalia,Eothenomys_miletus,G>T,0.727194,81.03846153846155,0.0121960689781313,C>A
CO1,Mammalia,Eothenomys_miletus,T>A,,125.8076923076923,0.0,A>T
CO1,Mammalia,Eothenomys_miletus,T>C,9.469199,194.8461538461538,0.0660514230552543,A>G
CO1,Mammalia,Eothenomys_miletus,T>G,1.185251,125.8076923076923,0.0128045378119363,A>C
Cytb,Mammalia,Eothenomys_miletus,A>C,,17.55172413793104,0.0,T>G
Cytb,Mammalia,Eothenomys_miletus,A>G,14.632144,59.72413793103449,0.2552464333706317,T>C
Cytb,Mammalia,Eothenomys_miletus,A>T,,17.55172413793104,0.0,T>A
Cytb,Mammalia,Eothenomys_miletus,C>A,,10.655172413793103,0.0,G>T
Cytb,Mammalia,Eothenomys_miletus,C>G,,10.655172413793103,0.0,G>C
Cytb,Mammalia,Eothenomys_miletus,C>T,7.278107,14.551724137931036,0.5210814207583079,G>A
Cytb,Mammalia,Eothenomys_miletus,G>A,11.888191,189.55172413793105,0.0653415813084104,C>T
Cytb,Mammalia,Eothenomys_miletus,G>C,,61.48275862068968,0.0,C>G
Cytb,Mammalia,Eothenomys_miletus,G>T,2.99905,61.48275862068968,0.0508196847441925,C>A
Cytb,Mammalia,Eothenomys_miletus,T>A,,98.20689655172416,0.0,A>T
Cytb,Mammalia,Eothenomys_miletus,T>C,13.705914,147.3448275862069,0.0969113655328119,A>G
Cytb,Mammalia,Eothenomys_miletus,T>G,0.99914,98.20689655172416,0.0105995142856453,A>C
CO1,Mammalia,Equus_asinus,A>C,,65.3,0.0,T>G
CO1,Mammalia,Equus_asinus,A>G,10.352828,127.15,0.1486229980424939,T>C
CO1,Mammalia,Equus_asinus,A>T,0.93713,65.3,0.0261957021134467,T>A
CO1,Mammalia,Equus_asinus,C>A,0.99987,14.750000000000002,0.1237356662665027,G>T
CO1,Mammalia,Equus_asinus,C>G,0.99846,14.750000000000002,0.1235611762933704,G>C
CO1,Mammalia,Equus_asinus,C>T,5.611935,24.3,0.421550629358453,G>A
CO1,Mammalia,Equus_asinus,G>A,10.667529,203.00000000000003,0.0959204434085078,C>T
CO1,Mammalia,Equus_asinus,G>C,,72.55000000000001,0.0,C>G
CO1,Mammalia,Equus_asinus,G>T,,72.55000000000001,0.0,C>A
CO1,Mammalia,Equus_asinus,T>A,1.0,123.54999999999998,0.0147740863732836,A>T
CO1,Mammalia,Equus_asinus,T>C,4.92438,196.95000000000005,0.0456392981439415,A>G
CO1,Mammalia,Equus_asinus,T>G,,123.54999999999998,0.0,A>C
Cytb,Mammalia,Equus_asinus,A>C,3.99971,24.58441558441557,0.0885745687280963,T>G
Cytb,Mammalia,Equus_asinus,A>G,17.974288,59.62337662337662,0.1641253101694553,T>C
Cytb,Mammalia,Equus_asinus,A>T,,24.58441558441557,0.0,T>A
Cytb,Mammalia,Equus_asinus,C>A,,9.038961038961038,0.0,G>T
Cytb,Mammalia,Equus_asinus,C>G,0.9998,9.038961038961038,0.0602192093806707,G>C
Cytb,Mammalia,Equus_asinus,C>T,16.080096,14.987012987012983,0.5841360168464877,G>A
Cytb,Mammalia,Equus_asinus,G>A,19.877635,203.29870129870127,0.053231724854237,C>T
Cytb,Mammalia,Equus_asinus,G>C,,70.18181818181813,0.0,C>G
Cytb,Mammalia,Equus_asinus,G>T,,70.18181818181813,0.0,C>A
Cytb,Mammalia,Equus_asinus,T>A,,94.40259740259737,0.0,A>T
Cytb,Mammalia,Equus_asinus,T>C,12.52288,137.14285714285717,0.0497131700210528,A>G
Cytb,Mammalia,Equus_asinus,T>G,,94.40259740259737,0.0,A>C
CO1,Mammalia,Equus_caballus,A>C,,60.509615384615415,0.0,T>G
CO1,Mammalia,Equus_caballus,A>G,44.160227,123.27884615384612,0.2115949598360158,T>C
CO1,Mammalia,Equus_caballus,A>T,2.99832,60.509615384615415,0.0292695584998395,T>A
CO1,Mammalia,Equus_caballus,C>A,,20.259615384615383,0.0,G>T
CO1,Mammalia,Equus_caballus,C>G,,20.259615384615383,0.0,G>C
CO1,Mammalia,Equus_caballus,C>T,28.446829,30.20192307692311,0.5563676210613493,G>A
CO1,Mammalia,Equus_caballus,G>A,32.504322,203.5576923076921,0.0943226894175017,C>T
CO1,Mammalia,Equus_caballus,G>C,,73.37500000000009,0.0,C>G
CO1,Mammalia,Equus_caballus,G>T,2.0,73.37500000000009,0.0161006890927884,C>A
CO1,Mammalia,Equus_caballus,T>A,1.0,124.67307692307708,0.0047379437940408,A>T
CO1,Mammalia,Equus_caballus,T>C,28.895014,194.82692307692304,0.0876065382984642,A>G
CO1,Mammalia,Equus_caballus,T>G,,124.67307692307708,0.0,A>C
Cytb,Mammalia,Equus_caballus,A>C,,23.02447552447544,0.0,T>G
Cytb,Mammalia,Equus_caballus,A>G,59.403813,62.86713286713296,0.2461171990638476,T>C
Cytb,Mammalia,Equus_caballus,A>T,0.99917,23.02447552447544,0.0113031875998323,T>A
Cytb,Mammalia,Equus_caballus,C>A,,11.996503496503465,0.0,G>T
Cytb,Mammalia,Equus_caballus,C>G,,11.996503496503465,0.0,G>C
Cytb,Mammalia,Equus_caballus,C>T,36.511082,19.937062937062954,0.4769960904388042,G>A
Cytb,Mammalia,Equus_caballus,G>A,108.559552,199.02097902097856,0.1420759210210215,C>T
Cytb,Mammalia,Equus_caballus,G>C,3.0,70.90209790209784,0.0110208087287202,C>G
Cytb,Mammalia,Equus_caballus,G>T,6.99777,70.90209790209784,0.0257070282325256,C>A
Cytb,Mammalia,Equus_caballus,T>A,3.491346,90.87762237762226,0.0100066159097996,A>T
Cytb,Mammalia,Equus_caballus,T>C,31.660375,132.05244755244746,0.0624483395523437,A>G
Cytb,Mammalia,Equus_caballus,T>G,4.99798,90.87762237762226,0.014324809453105,A>C
CO1,Mammalia,Felis_catus,A>C,1.99997,70.94736842105264,0.0920552058971983,T>G
CO1,Mammalia,Felis_catus,A>G,6.984089,167.84210526315786,0.1358845281099309,T>C
CO1,Mammalia,Felis_catus,A>T,,70.94736842105264,0.0,T>A
CO1,Mammalia,Felis_catus,C>A,1.0,24.94736842105264,0.1308990284109782,G>T
CO1,Mammalia,Felis_catus,C>G,,24.94736842105264,0.0,G>C
CO1,Mammalia,Felis_catus,C>T,3.989357,51.05263157894736,0.2551795884586285,G>A
CO1,Mammalia,Felis_catus,G>A,12.933291,162.10526315789468,0.2605392133606354,C>T
CO1,Mammalia,Felis_catus,G>C,1.0,61.94736842105264,0.0527154965733251,C>G
CO1,Mammalia,Felis_catus,G>T,,61.94736842105264,0.0,C>A
CO1,Mammalia,Felis_catus,T>A,,110.21052631578944,0.0,A>T
CO1,Mammalia,Felis_catus,T>C,3.98763,179.05263157894743,0.0727269391893034,A>G
CO1,Mammalia,Felis_catus,T>G,,110.21052631578944,0.0,A>C
Cytb,Mammalia,Felis_catus,A>C,,22.1081081081081,0.0,T>G
Cytb,Mammalia,Felis_catus,A>G,11.91534,65.94594594594597,0.3677972969237475,T>C
Cytb,Mammalia,Felis_catus,A>T,,22.1081081081081,0.0,T>A
Cytb,Mammalia,Felis_catus,C>A,,8.027027027027025,0.0,G>T
Cytb,Mammalia,Felis_catus,C>G,,8.027027027027025,0.0,G>C
Cytb,Mammalia,Felis_catus,C>T,1.99657,14.45945945945946,0.2810752977286648,G>A
Cytb,Mammalia,Felis_catus,G>A,14.96452,186.10810810810813,0.1636770137452962,C>T
Cytb,Mammalia,Felis_catus,G>C,3.0,65.16216216216219,0.093716479227347,C>G
Cytb,Mammalia,Felis_catus,G>T,,65.16216216216219,0.0,C>A
Cytb,Mammalia,Felis_catus,T>A,,103.24324324324324,0.0,A>T
Cytb,Mammalia,Felis_catus,T>C,6.9805600000000005,151.59459459459458,0.0937339123749443,A>G
Cytb,Mammalia,Felis_catus,T>G,,103.24324324324324,0.0,A>C
CO1,Mammalia,Geomys_bursarius,A>C,,81.58333333333333,0.0,T>G
CO1,Mammalia,Geomys_bursarius,A>G,11.305396,192.66666666666663,0.2183164295205572,T>C
CO1,Mammalia,Geomys_bursarius,A>T,,81.58333333333333,0.0,T>A
CO1,Mammalia,Geomys_bursarius,C>A,,12.583333333333334,0.0,G>T
CO1,Mammalia,Geomys_bursarius,C>G,,12.583333333333334,0.0,G>C
CO1,Mammalia,Geomys_bursarius,C>T,3.570926,26.000000000000004,0.5109927365708173,G>A
CO1,Mammalia,Geomys_bursarius,G>A,3.684682,133.83333333333334,0.102433719405596,C>T
CO1,Mammalia,Geomys_bursarius,G>C,,49.91666666666666,0.0,C>G
CO1,Mammalia,Geomys_bursarius,G>T,,49.91666666666666,0.0,C>A
CO1,Mammalia,Geomys_bursarius,T>A,,117.75,0.0,A>T
CO1,Mammalia,Geomys_bursarius,T>C,7.291132,198.50000000000003,0.13666008114314,A>G
CO1,Mammalia,Geomys_bursarius,T>G,1.0,117.75,0.0315970333598894,A>C
Cytb,Mammalia,Geomys_bursarius,A>C,,43.375,0.0,T>G
Cytb,Mammalia,Geomys_bursarius,A>G,10.296171,113.1875,0.2234866282492828,T>C
Cytb,Mammalia,Geomys_bursarius,A>T,,43.375,0.0,T>A
Cytb,Mammalia,Geomys_bursarius,C>A,,12.875,0.0,G>T
Cytb,Mammalia,Geomys_bursarius,C>G,,12.875,0.0,G>C
Cytb,Mammalia,Geomys_bursarius,C>T,0.649026,20.5,0.0777826075543098,G>A
Cytb,Mammalia,Geomys_bursarius,G>A,14.955697,136.0625,0.2700489392310937,C>T
Cytb,Mammalia,Geomys_bursarius,G>C,0.99926,33.625,0.0730113660716785,C>G
Cytb,Mammalia,Geomys_bursarius,G>T,1.439162,33.625,0.1051529968361078,C>A
Cytb,Mammalia,Geomys_bursarius,T>A,4.536378,101.0,0.1103474053974817,A>T
Cytb,Mammalia,Geomys_bursarius,T>C,6.060556,161.125,0.0924110281950313,A>G
Cytb,Mammalia,Geomys_bursarius,T>G,1.963372,101.0,0.0477590284650142,A>C
CO1,Mammalia,Guerlinguetus_brasiliensis,A>C,0.451995,87.5,0.0080966662070032,T>G
CO1,Mammalia,Guerlinguetus_brasiliensis,A>G,25.762705,205.0,0.1969782420997889,T>C
CO1,Mammalia,Guerlinguetus_brasiliensis,A>T,1.519251,87.5,0.0272146112936115,T>A
CO1,Mammalia,Guerlinguetus_brasiliensis,C>A,,14.625,0.0,G>T
CO1,Mammalia,Guerlinguetus_brasiliensis,C>G,,14.625,0.0,G>C
CO1,Mammalia,Guerlinguetus_brasiliensis,C>T,8.36486,23.625,0.5549674573449768,G>A
CO1,Mammalia,Guerlinguetus_brasiliensis,G>A,7.840259,118.75,0.10348501076716,C>T
CO1,Mammalia,Guerlinguetus_brasiliensis,G>C,1.99987,45.1875,0.0693687883405225,C>G
CO1,Mammalia,Guerlinguetus_brasiliensis,G>T,,45.1875,0.0,C>A
CO1,Mammalia,Guerlinguetus_brasiliensis,T>A,0.996412,121.0,0.0129072652975317,A>T
CO1,Mammalia,Guerlinguetus_brasiliensis,T>C,3.52358,204.6875,0.0269819586494052,A>G
CO1,Mammalia,Guerlinguetus_brasiliensis,T>G,,121.0,0.0,A>C
Cytb,Mammalia,Guerlinguetus_brasiliensis,A>C,1.0,56.764705882352935,0.0243698262683906,T>G
Cytb,Mammalia,Guerlinguetus_brasiliensis,A>G,11.737207,136.0588235294118,0.1193352858300144,T>C
Cytb,Mammalia,Guerlinguetus_brasiliensis,A>T,0.99919,56.764705882352935,0.0243500867091132,T>A
Cytb,Mammalia,Guerlinguetus_brasiliensis,C>A,,3.0,0.0,G>T
Cytb,Mammalia,Guerlinguetus_brasiliensis,C>G,,3.0,0.0,G>C
Cytb,Mammalia,Guerlinguetus_brasiliensis,C>T,3.934556,9.705882352941176,0.5607787305911517,G>A
Cytb,Mammalia,Guerlinguetus_brasiliensis,G>A,17.751537,137.23529411764704,0.1789373369665093,C>T
Cytb,Mammalia,Guerlinguetus_brasiliensis,G>C,,54.0,0.0,C>G
Cytb,Mammalia,Guerlinguetus_brasiliensis,G>T,0.991677,54.0,0.0254043042888956,C>A
Cytb,Mammalia,Guerlinguetus_brasiliensis,T>A,0.99974,78.88235294117646,0.0175322654433901,A>T
Cytb,Mammalia,Guerlinguetus_brasiliensis,T>C,2.99569,130.47058823529414,0.0317625289828975,A>G
Cytb,Mammalia,Guerlinguetus_brasiliensis,T>G,0.99959,78.88235294117646,0.0175296349196374,A>C
CO1,Mammalia,Hadrosciurus_spadiceus,A>C,,76.28571428571429,0.0,T>G
CO1,Mammalia,Hadrosciurus_spadiceus,A>G,10.99355,183.28571428571428,0.3412233280771543,T>C
CO1,Mammalia,Hadrosciurus_spadiceus,A>T,,76.28571428571429,0.0,T>A
CO1,Mammalia,Hadrosciurus_spadiceus,C>A,,19.357142857142858,0.0,G>T
CO1,Mammalia,Hadrosciurus_spadiceus,C>G,,19.357142857142858,0.0,G>C
CO1,Mammalia,Hadrosciurus_spadiceus,C>T,2.0,34.35714285714286,0.3311633977651392,G>A
CO1,Mammalia,Hadrosciurus_spadiceus,G>A,3.873656,137.8571428571429,0.1598531328483746,C>T
CO1,Mammalia,Hadrosciurus_spadiceus,G>C,,52.21428571428572,0.0,C>G
CO1,Mammalia,Hadrosciurus_spadiceus,G>T,,52.21428571428572,0.0,C>A
CO1,Mammalia,Hadrosciurus_spadiceus,T>A,,119.42857142857144,0.0,A>T
CO1,Mammalia,Hadrosciurus_spadiceus,T>C,5.79458,196.5,0.1677601413093318,A>G
CO1,Mammalia,Hadrosciurus_spadiceus,T>G,,119.42857142857144,0.0,A>C
Cytb,Mammalia,Hadrosciurus_spadiceus,A>C,,50.99999999999999,0.0,T>G
Cytb,Mammalia,Hadrosciurus_spadiceus,A>G,10.087524,118.15384615384616,0.2309839504476648,T>C
Cytb,Mammalia,Hadrosciurus_spadiceus,A>T,2.823218,50.99999999999999,0.1497681017328446,T>A
Cytb,Mammalia,Hadrosciurus_spadiceus,C>A,,5.615384615384616,0.0,G>T
Cytb,Mammalia,Hadrosciurus_spadiceus,C>G,,5.615384615384616,0.0,G>C
Cytb,Mammalia,Hadrosciurus_spadiceus,C>T,2.96485,20.76923076923077,0.3862134563757465,G>A
Cytb,Mammalia,Hadrosciurus_spadiceus,G>A,5.596699,158.46153846153845,0.0955549455706619,C>T
Cytb,Mammalia,Hadrosciurus_spadiceus,G>C,,69.23076923076923,0.0,C>G
Cytb,Mammalia,Hadrosciurus_spadiceus,G>T,,69.23076923076923,0.0,C>A
Cytb,Mammalia,Hadrosciurus_spadiceus,T>A,,73.84615384615385,0.0,A>T
Cytb,Mammalia,Hadrosciurus_spadiceus,T>C,5.828104,114.69230769230772,0.137479545873082,A>G
Cytb,Mammalia,Hadrosciurus_spadiceus,T>G,,73.84615384615385,0.0,A>C
CO1,Mammalia,Helarctos_malayanus,A>C,,63.368421052631575,0.0,T>G
CO1,Mammalia,Helarctos_malayanus,A>G,9.96007,162.05263157894734,0.27596512932799,T>C
CO1,Mammalia,Helarctos_malayanus,A>T,1.0,63.368421052631575,0.070855737024457,T>A
CO1,Mammalia,Helarctos_malayanus,C>A,,41.63157894736842,0.0,G>T
CO1,Mammalia,Helarctos_malayanus,C>G,,41.63157894736842,0.0,G>C
CO1,Mammalia,Helarctos_malayanus,C>T,1.99999,63.68421052631578,0.1410080674808419,G>A
CO1,Mammalia,Helarctos_malayanus,G>A,12.820333,157.0526315789474,0.3665236423965206,C>T
CO1,Mammalia,Helarctos_malayanus,G>C,,58.10526315789475,0.0,C>G
CO1,Mammalia,Helarctos_malayanus,G>T,,58.10526315789475,0.0,C>A
CO1,Mammalia,Helarctos_malayanus,T>A,,105.84210526315792,0.0,A>T
CO1,Mammalia,Helarctos_malayanus,T>C,3.98097,173.15789473684214,0.1032272870396329,A>G
CO1,Mammalia,Helarctos_malayanus,T>G,0.99996,105.84210526315792,0.0424201367305575,A>C
Cytb,Mammalia,Helarctos_malayanus,A>C,,20.0,0.0,T>G
Cytb,Mammalia,Helarctos_malayanus,A>G,7.928398,67.95454545454545,0.2031409689950421,T>C
Cytb,Mammalia,Helarctos_malayanus,A>T,,20.0,0.0,T>A
Cytb,Mammalia,Helarctos_malayanus,C>A,,15.272727272727275,0.0,G>T
Cytb,Mammalia,Helarctos_malayanus,C>G,,15.272727272727275,0.0,G>C
Cytb,Mammalia,Helarctos_malayanus,C>T,9.965687,26.18181818181818,0.6627321335238479,G>A
Cytb,Mammalia,Helarctos_malayanus,G>A,5.9885980000000005,182.0,0.0572907306779171,C>T
Cytb,Mammalia,Helarctos_malayanus,G>C,,59.590909090909086,0.0,C>G
Cytb,Mammalia,Helarctos_malayanus,G>T,,59.590909090909086,0.0,C>A
Cytb,Mammalia,Helarctos_malayanus,T>A,0.99913,102.31818181818186,0.0170019906668249,A>T
Cytb,Mammalia,Helarctos_malayanus,T>C,4.945463,143.9090909090909,0.0598341761363679,A>G
Cytb,Mammalia,Helarctos_malayanus,T>G,,102.31818181818186,0.0,A>C
CO1,Mammalia,Hipposideros_pomona,A>C,1.0,51.95238095238096,0.0641451192173303,T>G
CO1,Mammalia,Hipposideros_pomona,A>G,7.298833,108.23809523809524,0.2247203271488042,T>C
CO1,Mammalia,Hipposideros_pomona,A>T,0.662946,51.95238095238096,0.0425247502046522,T>A
CO1,Mammalia,Hipposideros_pomona,C>A,,22.285714285714285,0.0,G>T
CO1,Mammalia,Hipposideros_pomona,C>G,,22.285714285714285,0.0,G>C
CO1,Mammalia,Hipposideros_pomona,C>T,3.22436,34.52380952380953,0.3112389098622814,G>A
CO1,Mammalia,Hipposideros_pomona,G>A,6.016379,227.0,0.0883239334799459,C>T
CO1,Mammalia,Hipposideros_pomona,G>C,,91.5238095238095,0.0,C>G
CO1,Mammalia,Hipposideros_pomona,G>T,,91.5238095238095,0.0,C>A
CO1,Mammalia,Hipposideros_pomona,T>A,,117.04761904761904,0.0,A>T
CO1,Mammalia,Hipposideros_pomona,T>C,11.786458,183.80952380952385,0.2136900868222855,A>G
CO1,Mammalia,Hipposideros_pomona,T>G,1.944308,117.04761904761904,0.0553568732647002,A>C
Cytb,Mammalia,Hipposideros_pomona,A>C,,18.84375,0.0,T>G
Cytb,Mammalia,Hipposideros_pomona,A>G,12.059298,55.0,0.2408615848406164,T>C
Cytb,Mammalia,Hipposideros_pomona,A>T,,18.84375,0.0,T>A
Cytb,Mammalia,Hipposideros_pomona,C>A,,8.5625,0.0,G>T
Cytb,Mammalia,Hipposideros_pomona,C>G,,8.5625,0.0,G>C
Cytb,Mammalia,Hipposideros_pomona,C>T,7.361092,15.65625,0.5164909307391634,G>A
Cytb,Mammalia,Hipposideros_pomona,G>A,20.162953,205.4375,0.1078158517614737,C>T
Cytb,Mammalia,Hipposideros_pomona,G>C,,79.5,0.0,C>G
Cytb,Mammalia,Hipposideros_pomona,G>T,0.372843,79.5,0.0051518957574501,C>A
Cytb,Mammalia,Hipposideros_pomona,T>A,,99.15625,0.0,A>T
Cytb,Mammalia,Hipposideros_pomona,T>C,14.943439,138.28125,0.1187122291860679,A>G
Cytb,Mammalia,Hipposideros_pomona,T>G,0.989965,99.15625,0.0109675077152282,A>C
CO1,Mammalia,Hippotragus_equinus,A>C,,54.20000000000002,0.0,T>G
CO1,Mammalia,Hippotragus_equinus,A>G,21.982929,128.6888888888888,0.2401071639971288,T>C
CO1,Mammalia,Hippotragus_equinus,A>T,,54.20000000000002,0.0,T>A
CO1,Mammalia,Hippotragus_equinus,C>A,,24.31111111111113,0.0,G>T
CO1,Mammalia,Hippotragus_equinus,C>G,,24.31111111111113,0.0,G>C
CO1,Mammalia,Hippotragus_equinus,C>T,13.97405,40.22222222222221,0.4883338661608506,G>A
CO1,Mammalia,Hippotragus_equinus,G>A,20.959641,190.46666666666667,0.1546769039197352,C>T
CO1,Mammalia,Hippotragus_equinus,G>C,,66.91111111111108,0.0,C>G
CO1,Mammalia,Hippotragus_equinus,G>T,,66.91111111111108,0.0,C>A
CO1,Mammalia,Hippotragus_equinus,T>A,1.0,131.5777777777778,0.010682627003838,A>T
CO1,Mammalia,Hippotragus_equinus,T>C,14.931292,197.62222222222223,0.1061994389184473,A>G
CO1,Mammalia,Hippotragus_equinus,T>G,,131.5777777777778,0.0,A>C
Cytb,Mammalia,Hippotragus_equinus,A>C,,15.613636363636363,0.0,T>G
Cytb,Mammalia,Hippotragus_equinus,A>G,14.703767,59.272727272727295,0.1790433009106065,T>C
Cytb,Mammalia,Hippotragus_equinus,A>T,,15.613636363636363,0.0,T>A
Cytb,Mammalia,Hippotragus_equinus,C>A,,6.977272727272729,0.0,G>T
Cytb,Mammalia,Hippotragus_equinus,C>G,,6.977272727272729,0.0,G>C
Cytb,Mammalia,Hippotragus_equinus,C>T,8.912982,10.568181818181817,0.6087053622076497,G>A
Cytb,Mammalia,Hippotragus_equinus,G>A,30.478958,180.50000000000003,0.1218729388156718,C>T
Cytb,Mammalia,Hippotragus_equinus,G>C,,57.36363636363639,0.0,C>G
Cytb,Mammalia,Hippotragus_equinus,G>T,0.9992,57.36363636363639,0.0125718770707673,C>A
Cytb,Mammalia,Hippotragus_equinus,T>A,,114.5,0.0,A>T
Cytb,Mammalia,Hippotragus_equinus,T>C,17.829178,165.38636363636363,0.0778065209953045,A>G
Cytb,Mammalia,Hippotragus_equinus,T>G,,114.5,0.0,A>C
CO1,Mammalia,Hippotragus_niger,A>C,,47.91304347826086,0.0,T>G
CO1,Mammalia,Hippotragus_niger,A>G,7.921539,129.69565217391303,0.2106034237254896,T>C
CO1,Mammalia,Hippotragus_niger,A>T,,47.91304347826086,0.0,T>A
CO1,Mammalia,Hippotragus_niger,C>A,,20.95652173913044,0.0,G>T
CO1,Mammalia,Hippotragus_niger,C>G,,20.95652173913044,0.0,G>C
CO1,Mammalia,Hippotragus_niger,C>T,3.778636,34.00000000000001,0.3832105179365329,G>A
CO1,Mammalia,Hippotragus_niger,G>A,13.598998,192.17391304347825,0.2440022080025929,C>T
CO1,Mammalia,Hippotragus_niger,G>C,,73.6086956521739,0.0,C>G
CO1,Mammalia,Hippotragus_niger,G>T,1.0,73.6086956521739,0.0468438042695359,C>A
CO1,Mammalia,Hippotragus_niger,T>A,,130.17391304347828,0.0,A>T
CO1,Mammalia,Hippotragus_niger,T>C,6.841295000000001,204.5217391304348,0.1153400460658485,A>G
CO1,Mammalia,Hippotragus_niger,T>G,,130.17391304347828,0.0,A>C
Cytb,Mammalia,Hippotragus_niger,A>C,,21.17142857142857,0.0,T>G
Cytb,Mammalia,Hippotragus_niger,A>G,13.689196,67.37142857142857,0.2340050093948504,T>C
Cytb,Mammalia,Hippotragus_niger,A>T,,21.17142857142857,0.0,T>A
Cytb,Mammalia,Hippotragus_niger,C>A,,12.457142857142864,0.0,G>T
Cytb,Mammalia,Hippotragus_niger,C>G,,12.457142857142864,0.0,G>C
Cytb,Mammalia,Hippotragus_niger,C>T,8.658384,16.82857142857143,0.5925330261235329,G>A
Cytb,Mammalia,Hippotragus_niger,G>A,16.302743,169.82857142857142,0.1105536014993094,C>T
Cytb,Mammalia,Hippotragus_niger,G>C,,51.45714285714284,0.0,C>G
Cytb,Mammalia,Hippotragus_niger,G>T,,51.45714285714284,0.0,C>A
Cytb,Mammalia,Hippotragus_niger,T>A,,104.97142857142856,0.0,A>T
Cytb,Mammalia,Hippotragus_niger,T>C,8.707104,159.4,0.0629083629823073,A>G
Cytb,Mammalia,Hippotragus_niger,T>G,,104.97142857142856,0.0,A>C
CO1,Mammalia,Homo_sapiens,A>C,1.0,47.60721442885757,0.003901584520467,T>G
CO1,Mammalia,Homo_sapiens,A>G,117.98073,92.97795591182414,0.2356920182865464,T>C
CO1,Mammalia,Homo_sapiens,A>T,0.99796,47.60721442885757,0.0038936252880453,T>A
CO1,Mammalia,Homo_sapiens,C>A,1.0,15.555110220440936,0.0119409999830218,G>T
CO1,Mammalia,Homo_sapiens,C>G,1.0,15.555110220440936,0.0119409999830218,G>C
CO1,Mammalia,Homo_sapiens,C>T,70.83459,27.66332665330663,0.4756141534669586,G>A
CO1,Mammalia,Homo_sapiens,G>A,131.667949,251.9599198396813,0.0970649420472449,C>T
CO1,Mammalia,Homo_sapiens,G>C,,97.27855711422842,0.0,C>G
CO1,Mammalia,Homo_sapiens,G>T,5.0,97.27855711422842,0.0095469945478364,C>A
CO1,Mammalia,Homo_sapiens,T>A,4.0,114.44689378757522,0.0064918693633729,A>T
CO1,Mammalia,Homo_sapiens,T>C,135.624374,183.31462925851724,0.1374214138106406,A>G
CO1,Mammalia,Homo_sapiens,T>G,3.99971,114.44689378757522,0.006491398702844,A>C
Cytb,Mammalia,Homo_sapiens,A>C,1.0,14.991983967935978,0.0072091504310751,T>G
Cytb,Mammalia,Homo_sapiens,A>G,104.97218,55.06613226452906,0.2060311278381613,T>C
Cytb,Mammalia,Homo_sapiens,A>T,,14.991983967935978,0.0,T>A
Cytb,Mammalia,Homo_sapiens,C>A,2.0,7.194388777555131,0.0300454899024363,G>T
Cytb,Mammalia,Homo_sapiens,C>G,,7.194388777555131,0.0,G>C
Cytb,Mammalia,Homo_sapiens,C>T,74.827402,14.06412825651308,0.5750307185000989,G>A
Cytb,Mammalia,Homo_sapiens,G>A,142.92673,207.88777555110065,0.0743066534596562,C>T
Cytb,Mammalia,Homo_sapiens,G>C,2.0,88.03006012024024,0.002455512754109,C>G
Cytb,Mammalia,Homo_sapiens,G>T,2.99923,88.03006012024024,0.0036823237587532,C>A
Cytb,Mammalia,Homo_sapiens,T>A,5.0,87.83366733466931,0.0061525079713059,A>T
Cytb,Mammalia,Homo_sapiens,T>C,111.87041,137.8597194388768,0.0877043302549049,A>G
Cytb,Mammalia,Homo_sapiens,T>G,5.9993300000000005,87.83366733466931,0.0073821851294989,A>C
CO1,Mammalia,Hylomyscus_aeta,A>C,,83.18181818181817,0.0,T>G
CO1,Mammalia,Hylomyscus_aeta,A>G,10.856083,182.63636363636363,0.1516341896956072,T>C
CO1,Mammalia,Hylomyscus_aeta,A>T,0.994813,83.18181818181817,0.030508740178373,T>A
CO1,Mammalia,Hylomyscus_aeta,C>A,1.034895,7.181818181818182,0.367597978056624,G>T
CO1,Mammalia,Hylomyscus_aeta,C>G,,7.181818181818182,0.0,G>C
CO1,Mammalia,Hylomyscus_aeta,C>T,1.32022,13.454545454545457,0.2503159414697337,G>A
CO1,Mammalia,Hylomyscus_aeta,G>A,4.49511,139.27272727272728,0.0823351867801694,C>T
CO1,Mammalia,Hylomyscus_aeta,G>C,,47.90909090909091,0.0,C>G
CO1,Mammalia,Hylomyscus_aeta,G>T,0.93477,47.90909090909091,0.0497734869873107,C>A
CO1,Mammalia,Hylomyscus_aeta,T>A,,135.72727272727272,0.0,A>T
CO1,Mammalia,Hylomyscus_aeta,T>C,5.77756,217.2727272727273,0.0678344768321818,A>G
CO1,Mammalia,Hylomyscus_aeta,T>G,,135.72727272727272,0.0,A>C
Cytb,Mammalia,Hylomyscus_aeta,A>C,,35.8125,0.0,T>G
Cytb,Mammalia,Hylomyscus_aeta,A>G,11.163986,92.8125,0.1634008908104278,T>C
Cytb,Mammalia,Hylomyscus_aeta,A>T,,35.8125,0.0,T>A
Cytb,Mammalia,Hylomyscus_aeta,C>A,,4.6875,0.0,G>T
Cytb,Mammalia,Hylomyscus_aeta,C>G,,4.6875,0.0,G>C
Cytb,Mammalia,Hylomyscus_aeta,C>T,3.486274,8.875,0.5336232738144616,G>A
Cytb,Mammalia,Hylomyscus_aeta,G>A,8.796547,140.25,0.0852022306811211,C>T
Cytb,Mammalia,Hylomyscus_aeta,G>C,,29.3125,0.0,C>G
Cytb,Mammalia,Hylomyscus_aeta,G>T,2.921393,29.3125,0.1353875508290375,C>A
Cytb,Mammalia,Hylomyscus_aeta,T>A,1.923041,114.0625,0.0229027306300219,A>T
Cytb,Mammalia,Hylomyscus_aeta,T>C,7.416567000000001,169.375,0.0594833232349297,A>G
Cytb,Mammalia,Hylomyscus_aeta,T>G,,114.0625,0.0,A>C
CO1,Mammalia,Hylomyscus_stella,A>C,1.0,81.07692307692308,0.0192239307560582,T>G
CO1,Mammalia,Hylomyscus_stella,A>G,11.96034,188.15384615384613,0.0990763223098018,T>C
CO1,Mammalia,Hylomyscus_stella,A>T,,81.07692307692308,0.0,T>A
CO1,Mammalia,Hylomyscus_stella,C>A,,2.923076923076923,0.0,G>T
CO1,Mammalia,Hylomyscus_stella,C>G,,2.923076923076923,0.0,G>C
CO1,Mammalia,Hylomyscus_stella,C>T,3.99696,9.384615384615389,0.663823733750576,G>A
CO1,Mammalia,Hylomyscus_stella,G>A,9.956595,128.92307692307693,0.1203703801072829,C>T
CO1,Mammalia,Hylomyscus_stella,G>C,,45.92307692307693,0.0,C>G
CO1,Mammalia,Hylomyscus_stella,G>T,1.0,45.92307692307693,0.0339397370467092,C>A
CO1,Mammalia,Hylomyscus_stella,T>A,1.99976,142.23076923076923,0.0219141066242546,A>T
CO1,Mammalia,Hylomyscus_stella,T>C,5.99841,224.46153846153845,0.0416517894053172,A>G
CO1,Mammalia,Hylomyscus_stella,T>G,,142.23076923076923,0.0,A>C
Cytb,Mammalia,Hylomyscus_stella,A>C,,29.33333333333333,0.0,T>G
Cytb,Mammalia,Hylomyscus_stella,A>G,21.914043,101.3333333333333,0.2226479199210576,T>C
Cytb,Mammalia,Hylomyscus_stella,A>T,,29.33333333333333,0.0,T>A
Cytb,Mammalia,Hylomyscus_stella,C>A,,3.74074074074074,0.0,G>T
Cytb,Mammalia,Hylomyscus_stella,C>G,,3.74074074074074,0.0,G>C
Cytb,Mammalia,Hylomyscus_stella,C>T,2.992711,5.111111111111111,0.6028342505983192,G>A
Cytb,Mammalia,Hylomyscus_stella,G>A,11.599176,128.3333333333333,0.0930542311068975,C>T
Cytb,Mammalia,Hylomyscus_stella,G>C,,27.814814814814813,0.0,C>G
Cytb,Mammalia,Hylomyscus_stella,G>T,0.9971,27.814814814814813,0.036907192065791,C>A
Cytb,Mammalia,Hylomyscus_stella,T>A,2.626927,125.25925925925932,0.021591689524159,A>T
Cytb,Mammalia,Hylomyscus_stella,T>C,3.98856,178.81481481481478,0.0229647167837753,A>G
Cytb,Mammalia,Hylomyscus_stella,T>G,,125.25925925925932,0.0,A>C
CO1,Mammalia,Hylomyscus_walterverheyeni,A>C,,74.75,0.0,T>G
CO1,Mammalia,Hylomyscus_walterverheyeni,A>G,8.833946000000001,177.08333333333331,0.2432564755265613,T>C
CO1,Mammalia,Hylomyscus_walterverheyeni,A>T,0.99941,74.75,0.0651958349888664,T>A
CO1,Mammalia,Hylomyscus_walterverheyeni,C>A,,4.416666666666666,0.0,G>T
CO1,Mammalia,Hylomyscus_walterverheyeni,C>G,,4.416666666666666,0.0,G>C
CO1,Mammalia,Hylomyscus_walterverheyeni,C>T,,10.083333333333332,0.0,G>A
CO1,Mammalia,Hylomyscus_walterverheyeni,G>A,9.330008,138.16666666666666,0.3292805619160208,C>T
CO1,Mammalia,Hylomyscus_walterverheyeni,G>C,,51.16666666666667,0.0,C>G
CO1,Mammalia,Hylomyscus_walterverheyeni,G>T,2.32797,51.16666666666667,0.2218592867791853,C>A
CO1,Mammalia,Hylomyscus_walterverheyeni,T>A,0.993012,140.33333333333331,0.0345049191285839,A>T
CO1,Mammalia,Hylomyscus_walterverheyeni,T>C,4.891988,225.25,0.105902921660782,A>G
CO1,Mammalia,Hylomyscus_walterverheyeni,T>G,,140.33333333333331,0.0,A>C
Cytb,Mammalia,Hylomyscus_walterverheyeni,A>C,,33.519480519480496,0.0,T>G
Cytb,Mammalia,Hylomyscus_walterverheyeni,A>G,51.792408,106.07792207792204,0.1713825965050262,T>C
Cytb,Mammalia,Hylomyscus_walterverheyeni,A>T,0.99922,33.519480519480496,0.0104638006620037,T>A
Cytb,Mammalia,Hylomyscus_walterverheyeni,C>A,0.99885,6.064935064935062,0.0578095697914113,G>T
Cytb,Mammalia,Hylomyscus_walterverheyeni,C>G,,6.064935064935062,0.0,G>C
Cytb,Mammalia,Hylomyscus_walterverheyeni,C>T,15.899563,9.779220779220775,0.5706982696142701,G>A
Cytb,Mammalia,Hylomyscus_walterverheyeni,G>A,33.759779,124.89610389610392,0.0948803598104272,C>T
Cytb,Mammalia,Hylomyscus_walterverheyeni,G>C,,23.935064935064933,0.0,C>G
Cytb,Mammalia,Hylomyscus_walterverheyeni,G>T,1.98827,23.935064935064933,0.0291585798789183,C>A
Cytb,Mammalia,Hylomyscus_walterverheyeni,T>A,6.993002,124.7272727272727,0.0196801246630015,A>T
Cytb,Mammalia,Hylomyscus_walterverheyeni,T>C,20.141284,175.29870129870133,0.0403305433906763,A>G
Cytb,Mammalia,Hylomyscus_walterverheyeni,T>G,1.9885,124.7272727272727,0.0055961556842652,A>C
CO1,Mammalia,Lasiopodomys_anglicus,A>C,1.0,60.89705882352945,0.0119798068190402,T>G
CO1,Mammalia,Lasiopodomys_anglicus,A>G,42.657811,133.0882352941176,0.2338325855980186,T>C
CO1,Mammalia,Lasiopodomys_anglicus,A>T,1.455167,60.89705882352945,0.0174326195494423,T>A
CO1,Mammalia,Lasiopodomys_anglicus,C>A,1.991797,26.441176470588225,0.0549554074159304,G>T
CO1,Mammalia,Lasiopodomys_anglicus,C>G,,26.441176470588225,0.0,G>C
CO1,Mammalia,Lasiopodomys_anglicus,C>T,21.92204,44.92647058823529,0.3559793425598929,G>A
CO1,Mammalia,Lasiopodomys_anglicus,G>A,21.410966,178.6764705882353,0.0874208508889805,C>T
CO1,Mammalia,Lasiopodomys_anglicus,G>C,,64.16176470588229,0.0,C>G
CO1,Mammalia,Lasiopodomys_anglicus,G>T,7.413477,64.16176470588229,0.0842930516654473,C>A
CO1,Mammalia,Lasiopodomys_anglicus,T>A,3.99792,123.30882352941182,0.0236529916183786,A>T
CO1,Mammalia,Lasiopodomys_anglicus,T>C,33.536098,187.54411764705884,0.1304533438848689,A>G
CO1,Mammalia,Lasiopodomys_anglicus,T>G,,123.30882352941182,0.0,A>C
Cytb,Mammalia,Lasiopodomys_anglicus,A>C,,28.71428571428572,0.0,T>G
Cytb,Mammalia,Lasiopodomys_anglicus,A>G,44.070527,70.11688311688312,0.1942976661488841,T>C
Cytb,Mammalia,Lasiopodomys_anglicus,A>T,1.992323,28.71428571428572,0.0214488332867327,T>A
Cytb,Mammalia,Lasiopodomys_anglicus,C>A,0.99897,6.064935064935059,0.0509176361315773,G>T
Cytb,Mammalia,Lasiopodomys_anglicus,C>G,,6.064935064935059,0.0,G>C
Cytb,Mammalia,Lasiopodomys_anglicus,C>T,22.515796,12.35064935064934,0.563559085635665,G>A
Cytb,Mammalia,Lasiopodomys_anglicus,G>A,38.830987,179.37662337662343,0.0669197835272673,C>T
Cytb,Mammalia,Lasiopodomys_anglicus,G>C,,55.896103896103895,0.0,C>G
Cytb,Mammalia,Lasiopodomys_anglicus,G>T,4.992752,55.896103896103895,0.02761216114349,C>A
Cytb,Mammalia,Lasiopodomys_anglicus,T>A,4.99729,98.49350649350652,0.0156844356298899,A>T
Cytb,Mammalia,Lasiopodomys_anglicus,T>C,24.317103,149.80519480519482,0.0501795662612001,A>G
Cytb,Mammalia,Lasiopodomys_anglicus,T>G,2.98887,98.49350649350652,0.0093808322352933,A>C
CO1,Mammalia,Lasiopodomys_gregalis,A>C,,58.50000000000001,0.0,T>G
CO1,Mammalia,Lasiopodomys_gregalis,A>G,17.140763,128.575,0.1495319402532527,T>C
CO1,Mammalia,Lasiopodomys_gregalis,A>T,0.99877,58.50000000000001,0.0191500527388771,T>A
CO1,Mammalia,Lasiopodomys_gregalis,C>A,2.0,27.425,0.0817981931978202,G>T
CO1,Mammalia,Lasiopodomys_gregalis,C>G,,27.425,0.0,G>C
CO1,Mammalia,Lasiopodomys_gregalis,C>T,16.882341,46.65,0.4059208614287731,G>A
CO1,Mammalia,Lasiopodomys_gregalis,G>A,20.458457,180.9,0.1268512234371324,C>T
CO1,Mammalia,Lasiopodomys_gregalis,G>C,,63.57500000000001,0.0,C>G
CO1,Mammalia,Lasiopodomys_gregalis,G>T,5.573321,63.57500000000001,0.0983304529962408,C>A
CO1,Mammalia,Lasiopodomys_gregalis,T>A,,126.85,0.0,A>T
CO1,Mammalia,Lasiopodomys_gregalis,T>C,18.538122,189.75,0.1095832818652302,A>G
CO1,Mammalia,Lasiopodomys_gregalis,T>G,0.99905,126.85,0.0088339940826732,A>C
Cytb,Mammalia,Lasiopodomys_gregalis,A>C,,26.375,0.0,T>G
Cytb,Mammalia,Lasiopodomys_gregalis,A>G,25.688634,63.22916666666667,0.1775265509201983,T>C
Cytb,Mammalia,Lasiopodomys_gregalis,A>T,5.6167750000000005,26.375,0.0930538445881174,T>A
Cytb,Mammalia,Lasiopodomys_gregalis,C>A,1.0,7.8125000000000036,0.0559306326725717,G>T
Cytb,Mammalia,Lasiopodomys_gregalis,C>G,0.99966,7.8125000000000036,0.0559116162574631,G>C
Cytb,Mammalia,Lasiopodomys_gregalis,C>T,15.915041,14.541666666666664,0.4782261705622779,G>A
Cytb,Mammalia,Lasiopodomys_gregalis,G>A,18.158384,179.14583333333337,0.0442904656979665,C>T
Cytb,Mammalia,Lasiopodomys_gregalis,G>C,,53.625000000000014,0.0,C>G
Cytb,Mammalia,Lasiopodomys_gregalis,G>T,3.817843,53.625000000000014,0.0311093202847537,C>A
Cytb,Mammalia,Lasiopodomys_gregalis,T>A,1.845789,104.47916666666669,0.0077195523342527,A>T
Cytb,Mammalia,Lasiopodomys_gregalis,T>C,16.941374,154.6041666666667,0.0478814394705561,A>G
Cytb,Mammalia,Lasiopodomys_gregalis,T>G,1.99663,104.47916666666669,0.0083504072118422,A>C
CO1,Mammalia,Lepus_europaeus,A>C,,92.42857142857146,0.0,T>G
CO1,Mammalia,Lepus_europaeus,A>G,13.095518,183.5357142857143,0.1462930062931203,T>C
CO1,Mammalia,Lepus_europaeus,A>T,0.999,92.42857142857146,0.0221605592790824,T>A
CO1,Mammalia,Lepus_europaeus,C>A,,16.571428571428577,0.0,G>T
CO1,Mammalia,Lepus_europaeus,C>G,,16.571428571428577,0.0,G>C
CO1,Mammalia,Lepus_europaeus,C>T,6.576261000000001,31.82142857142857,0.423721828478157,G>A
CO1,Mammalia,Lepus_europaeus,G>A,11.668702,147.78571428571428,0.1618868464022003,C>T
CO1,Mammalia,Lepus_europaeus,G>C,0.99911,52.75000000000002,0.0388340165181204,C>G
CO1,Mammalia,Lepus_europaeus,G>T,1.0,52.75000000000002,0.0388686095806471,C>A
CO1,Mammalia,Lepus_europaeus,T>A,2.97697,105.17857142857144,0.0580321498294373,A>T
CO1,Mammalia,Lepus_europaeus,T>C,9.93976,184.92857142857144,0.1102029836192348,A>G
CO1,Mammalia,Lepus_europaeus,T>G,,105.17857142857144,0.0,A>C
Cytb,Mammalia,Lepus_europaeus,A>C,,52.29166666666667,0.0,T>G
Cytb,Mammalia,Lepus_europaeus,A>G,24.882779,109.375,0.1500920727717588,T>C
Cytb,Mammalia,Lepus_europaeus,A>T,,52.29166666666667,0.0,T>A
Cytb,Mammalia,Lepus_europaeus,C>A,,6.395833333333333,0.0,G>T
Cytb,Mammalia,Lepus_europaeus,C>G,,6.395833333333333,0.0,G>C
Cytb,Mammalia,Lepus_europaeus,C>T,12.887041,13.062499999999998,0.6508843744651269,G>A
Cytb,Mammalia,Lepus_europaeus,G>A,32.521078,160.62499999999997,0.1335760913972131,C>T
Cytb,Mammalia,Lepus_europaeus,G>C,,58.87500000000001,0.0,C>G
Cytb,Mammalia,Lepus_europaeus,G>T,1.964732,58.87500000000001,0.0220165536286006,C>A
Cytb,Mammalia,Lepus_europaeus,T>A,1.99993,75.95833333333331,0.017370659491175,A>T
Cytb,Mammalia,Lepus_europaeus,T>C,4.963062,125.64583333333331,0.0260602482461253,A>G
Cytb,Mammalia,Lepus_europaeus,T>G,,75.95833333333331,0.0,A>C
CO1,Mammalia,Lutra_lutra,A>C,,43.49999999999999,0.0,T>G
CO1,Mammalia,Lutra_lutra,A>G,8.809748,129.05555555555557,0.2742788631356241,T>C
CO1,Mammalia,Lutra_lutra,A>T,0.51699,43.49999999999999,0.0477527564318693,T>A
CO1,Mammalia,Lutra_lutra,C>A,1.850013,41.38888888888889,0.1795959637937566,G>T
CO1,Mammalia,Lutra_lutra,C>G,,41.38888888888889,0.0,G>C
CO1,Mammalia,Lutra_lutra,C>T,3.97243,60.66666666666665,0.2630944455890054,G>A
CO1,Mammalia,Lutra_lutra,G>A,3.95484,182.66666666666669,0.0869911703869497,C>T
CO1,Mammalia,Lutra_lutra,G>C,,69.72222222222221,0.0,C>G
CO1,Mammalia,Lutra_lutra,G>T,,69.72222222222221,0.0,C>A
CO1,Mammalia,Lutra_lutra,T>A,,125.7222222222222,0.0,A>T
CO1,Mammalia,Lutra_lutra,T>C,6.923975,187.61111111111111,0.1482868006627947,A>G
CO1,Mammalia,Lutra_lutra,T>G,,125.7222222222222,0.0,A>C
Cytb,Mammalia,Lutra_lutra,A>C,,24.58620689655173,0.0,T>G
Cytb,Mammalia,Lutra_lutra,A>G,12.850976,64.34482758620688,0.3271163379440616,T>C
Cytb,Mammalia,Lutra_lutra,A>T,,24.58620689655173,0.0,T>A
Cytb,Mammalia,Lutra_lutra,C>A,,13.310344827586206,0.0,G>T
Cytb,Mammalia,Lutra_lutra,C>G,,13.310344827586206,0.0,G>C
Cytb,Mammalia,Lutra_lutra,C>T,4.9425170000000005,18.17241379310345,0.4454667762750089,G>A
Cytb,Mammalia,Lutra_lutra,G>A,7.85482,187.7931034482758,0.0685072229111563,C>T
Cytb,Mammalia,Lutra_lutra,G>C,,54.10344827586206,0.0,C>G
Cytb,Mammalia,Lutra_lutra,G>T,,54.10344827586206,0.0,C>A
Cytb,Mammalia,Lutra_lutra,T>A,,100.68965517241378,0.0,A>T
Cytb,Mammalia,Lutra_lutra,T>C,11.935708,154.6896551724138,0.1263766034222368,A>G
Cytb,Mammalia,Lutra_lutra,T>G,2.0,100.68965517241378,0.0325330594475362,A>C
CO1,Mammalia,Macaca_fascicularis,A>C,0.996401,58.57009345794398,0.0053784181812255,T>G
CO1,Mammalia,Macaca_fascicularis,A>G,75.377588,136.68224299065415,0.1743518130779439,T>C
CO1,Mammalia,Macaca_fascicularis,A>T,,58.57009345794398,0.0,T>A
CO1,Mammalia,Macaca_fascicularis,C>A,,21.084112149532707,0.0,G>T
CO1,Mammalia,Macaca_fascicularis,C>G,0.99999,21.084112149532707,0.0149946615654638,G>C
CO1,Mammalia,Macaca_fascicularis,C>T,66.999266,35.177570093457945,0.6021442401519996,G>A
CO1,Mammalia,Macaca_fascicularis,G>A,63.217456,222.6635514018692,0.0897602827479734,C>T
CO1,Mammalia,Macaca_fascicularis,G>C,0.990498,92.58878504672894,0.0033821397312693,C>G
CO1,Mammalia,Macaca_fascicularis,G>T,0.99986,92.58878504672894,0.0034141070771541,C>A
CO1,Mammalia,Macaca_fascicularis,T>A,0.31274,99.87850467289724,0.0009899373919546,A>T
CO1,Mammalia,Macaca_fascicularis,T>C,55.942569,169.10280373831768,0.1045894614005921,A>G
CO1,Mammalia,Macaca_fascicularis,T>G,0.31432,99.87850467289724,0.0009949386744234,A>C
Cytb,Mammalia,Macaca_fascicularis,A>C,0.96992,24.54807692307692,0.0075769735302071,T>G
Cytb,Mammalia,Macaca_fascicularis,A>G,81.812815,56.10576923076923,0.2796347538415216,T>C
Cytb,Mammalia,Macaca_fascicularis,A>T,2.0,24.54807692307692,0.0156239144057388,T>A
Cytb,Mammalia,Macaca_fascicularis,C>A,,9.836538461538456,0.0,G>T
Cytb,Mammalia,Macaca_fascicularis,C>G,,9.836538461538456,0.0,G>C
Cytb,Mammalia,Macaca_fascicularis,C>T,45.402611,15.23076923076924,0.5716580476893561,G>A
Cytb,Mammalia,Macaca_fascicularis,G>A,52.32792,203.66346153846163,0.0492717153524556,C>T
Cytb,Mammalia,Macaca_fascicularis,G>C,0.99991,75.04807692307693,0.0025550457124303,C>G
Cytb,Mammalia,Macaca_fascicularis,G>T,1.0,75.04807692307693,0.0025552756872422,C>A
Cytb,Mammalia,Macaca_fascicularis,T>A,,89.95192307692304,0.0,A>T
Cytb,Mammalia,Macaca_fascicularis,T>C,50.706675,140.94230769230762,0.0689923735417187,A>G
Cytb,Mammalia,Macaca_fascicularis,T>G,1.0,89.95192307692304,0.0021319002393293,A>C
CO1,Mammalia,Macaca_mulatta,A>C,,57.172413793103445,0.0,T>G
CO1,Mammalia,Macaca_mulatta,A>G,26.143746,133.4310344827586,0.2241421654035434,T>C
CO1,Mammalia,Macaca_mulatta,A>T,1.0,57.172413793103445,0.0200090317141306,T>A
CO1,Mammalia,Macaca_mulatta,C>A,,20.534482758620683,0.0,G>T
CO1,Mammalia,Macaca_mulatta,C>G,,20.534482758620683,0.0,G>C
CO1,Mammalia,Macaca_mulatta,C>T,14.644759,33.241379310344826,0.5039828916856164,G>A
CO1,Mammalia,Macaca_mulatta,G>A,26.155544,227.3793103448276,0.1315907654502774,C>T
CO1,Mammalia,Macaca_mulatta,G>C,,95.58620689655172,0.0,C>G
CO1,Mammalia,Macaca_mulatta,G>T,,95.58620689655172,0.0,C>A
CO1,Mammalia,Macaca_mulatta,T>A,,102.8793103448276,0.0,A>T
CO1,Mammalia,Macaca_mulatta,T>C,16.484796,172.75862068965515,0.1091582212155541,A>G
CO1,Mammalia,Macaca_mulatta,T>G,0.99977,102.8793103448276,0.011116924530878,A>C
Cytb,Mammalia,Macaca_mulatta,A>C,,23.43859649122808,0.0,T>G
Cytb,Mammalia,Macaca_mulatta,A>G,27.136296,53.57894736842101,0.3665821949883739,T>C
Cytb,Mammalia,Macaca_mulatta,A>T,,23.43859649122808,0.0,T>A
Cytb,Mammalia,Macaca_mulatta,C>A,,8.982456140350873,0.0,G>T
Cytb,Mammalia,Macaca_mulatta,C>G,,8.982456140350873,0.0,G>C
Cytb,Mammalia,Macaca_mulatta,C>T,9.9008,16.82456140350877,0.4259332192069322,G>A
Cytb,Mammalia,Macaca_mulatta,G>A,19.823042,205.78947368421035,0.0697207613911875,C>T
Cytb,Mammalia,Macaca_mulatta,G>C,,78.3333333333333,0.0,C>G
Cytb,Mammalia,Macaca_mulatta,G>T,1.0,78.3333333333333,0.0092399233593088,C>A
Cytb,Mammalia,Macaca_mulatta,T>A,0.99884,89.07017543859654,0.0081166831869739,A>T
Cytb,Mammalia,Macaca_mulatta,T>C,23.225583,139.6140350877193,0.1204072178672235,A>G
Cytb,Mammalia,Macaca_mulatta,T>G,,89.07017543859654,0.0,A>C
CO1,Mammalia,Mammuthus_primigenius,A>C,,88.66666666666663,0.0,T>G
CO1,Mammalia,Mammuthus_primigenius,A>G,19.867425,191.96969696969705,0.1777648851528904,T>C
CO1,Mammalia,Mammuthus_primigenius,A>T,,88.66666666666663,0.0,T>A
CO1,Mammalia,Mammuthus_primigenius,C>A,,14.151515151515152,0.0,G>T
CO1,Mammalia,Mammuthus_primigenius,C>G,,14.151515151515152,0.0,G>C
CO1,Mammalia,Mammuthus_primigenius,C>T,4.9945,28.287878787878785,0.3032694815181344,G>A
CO1,Mammalia,Mammuthus_primigenius,G>A,31.961892,143.92424242424252,0.3814482275832069,C>T
CO1,Mammalia,Mammuthus_primigenius,G>C,,51.90909090909094,0.0,C>G
CO1,Mammalia,Mammuthus_primigenius,G>T,0.94516,51.90909090909094,0.0312751199667086,C>A
CO1,Mammalia,Mammuthus_primigenius,T>A,0.99978,110.48484848484858,0.0155431412592117,A>T
CO1,Mammalia,Mammuthus_primigenius,T>C,9.739922,184.45454545454544,0.0906991445198478,A>G
CO1,Mammalia,Mammuthus_primigenius,T>G,,110.48484848484858,0.0,A>C
Cytb,Mammalia,Mammuthus_primigenius,A>C,,31.5918367346939,0.0,T>G
Cytb,Mammalia,Mammuthus_primigenius,A>G,23.728649,83.00000000000001,0.2212931196732242,T>C
Cytb,Mammalia,Mammuthus_primigenius,A>T,,31.5918367346939,0.0,T>A
Cytb,Mammalia,Mammuthus_primigenius,C>A,,6.938775510204085,0.0,G>T
Cytb,Mammalia,Mammuthus_primigenius,C>G,,6.938775510204085,0.0,G>C
Cytb,Mammalia,Mammuthus_primigenius,C>T,7.946853,11.285714285714286,0.545053483673839,G>A
Cytb,Mammalia,Mammuthus_primigenius,G>A,36.836979,165.09183673469394,0.1727155335922424,C>T
Cytb,Mammalia,Mammuthus_primigenius,G>C,,49.59183673469386,0.0,C>G
Cytb,Mammalia,Mammuthus_primigenius,G>T,1.0,49.59183673469386,0.0156085585525108,C>A
Cytb,Mammalia,Mammuthus_primigenius,T>A,,105.37755102040808,0.0,A>T
Cytb,Mammalia,Mammuthus_primigenius,T>C,8.969344,153.1632653061224,0.0453293045081835,A>G
Cytb,Mammalia,Mammuthus_primigenius,T>G,,105.37755102040808,0.0,A>C
CO1,Mammalia,Manis_javanica,A>C,,45.88235294117648,0.0,T>G
CO1,Mammalia,Manis_javanica,A>G,2.99549,99.0,0.1410999154910644,T>C
CO1,Mammalia,Manis_javanica,A>T,,45.88235294117648,0.0,T>A
CO1,Mammalia,Manis_javanica,C>A,,38.764705882352935,0.0,G>T
CO1,Mammalia,Manis_javanica,C>G,,38.764705882352935,0.0,G>C
CO1,Mammalia,Manis_javanica,C>T,6.030204,60.47058823529412,0.4650309790225421,G>A
CO1,Mammalia,Manis_javanica,G>A,4.899232,233.05882352941177,0.0980294418708223,C>T
CO1,Mammalia,Manis_javanica,G>C,,92.76470588235294,0.0,C>G
CO1,Mammalia,Manis_javanica,G>T,0.99946,92.76470588235294,0.0502431338151774,C>A
CO1,Mammalia,Manis_javanica,T>A,0.99971,104.05882352941175,0.0448011538068584,A>T
CO1,Mammalia,Manis_javanica,T>C,5.520192,164.6470588235294,0.1563487021124674,A>G
CO1,Mammalia,Manis_javanica,T>G,0.9918,104.05882352941175,0.0444466738810677,A>C
Cytb,Mammalia,Manis_javanica,A>C,,20.869565217391308,0.0,T>G
Cytb,Mammalia,Manis_javanica,A>G,3.99691,43.60869565217392,0.2116578593613766,T>C
Cytb,Mammalia,Manis_javanica,A>T,,20.869565217391308,0.0,T>A
Cytb,Mammalia,Manis_javanica,C>A,,10.260869565217392,0.0,G>T
Cytb,Mammalia,Manis_javanica,C>G,,10.260869565217392,0.0,G>C
Cytb,Mammalia,Manis_javanica,C>T,5.99935,21.65217391304348,0.6398612643605307,G>A
Cytb,Mammalia,Manis_javanica,G>A,3.97109,196.3913043478261,0.0466950239736288,C>T
Cytb,Mammalia,Manis_javanica,G>C,,53.4782608695652,0.0,C>G
Cytb,Mammalia,Manis_javanica,G>T,,53.4782608695652,0.0,C>A
Cytb,Mammalia,Manis_javanica,T>A,,118.4782608695652,0.0,A>T
Cytb,Mammalia,Manis_javanica,T>C,6.99662,158.73913043478265,0.1017858523044637,A>G
Cytb,Mammalia,Manis_javanica,T>G,,118.4782608695652,0.0,A>C
CO1,Mammalia,Martes_americana,A>C,,45.92857142857142,0.0,T>G
CO1,Mammalia,Martes_americana,A>G,4.94965,117.71428571428572,0.2013093013002913,T>C
CO1,Mammalia,Martes_americana,A>T,,45.92857142857142,0.0,T>A
CO1,Mammalia,Martes_americana,C>A,,31.57142857142856,0.0,G>T
CO1,Mammalia,Martes_americana,C>G,,31.57142857142856,0.0,G>C
CO1,Mammalia,Martes_americana,C>T,3.99942,56.71428571428569,0.3376160390265912,G>A
CO1,Mammalia,Martes_americana,G>A,8.940632,192.85714285714283,0.2219478866300526,C>T
CO1,Mammalia,Martes_americana,G>C,,66.42857142857146,0.0,C>G
CO1,Mammalia,Martes_americana,G>T,,66.42857142857146,0.0,C>A
CO1,Mammalia,Martes_americana,T>A,1.0,126.78571428571428,0.0377614099096641,A>T
CO1,Mammalia,Martes_americana,T>C,7.986838,189.8928571428572,0.2013653631334006,A>G
CO1,Mammalia,Martes_americana,T>G,,126.78571428571428,0.0,A>C
Cytb,Mammalia,Martes_americana,A>C,,26.73913043478262,0.0,T>G
Cytb,Mammalia,Martes_americana,A>G,13.93499,67.93478260869563,0.3920937328282114,T>C
Cytb,Mammalia,Martes_americana,A>T,,26.73913043478262,0.0,T>A
Cytb,Mammalia,Martes_americana,C>A,,15.086956521739127,0.0,G>T
Cytb,Mammalia,Martes_americana,C>G,,15.086956521739127,0.0,G>C
Cytb,Mammalia,Martes_americana,C>T,5.95229,25.52173913043477,0.4458094254446608,G>A
Cytb,Mammalia,Martes_americana,G>A,7.99999,190.97826086956508,0.0800720484884438,C>T
Cytb,Mammalia,Martes_americana,G>C,,59.76086956521738,0.0,C>G
Cytb,Mammalia,Martes_americana,G>T,,59.76086956521738,0.0,C>A
Cytb,Mammalia,Martes_americana,T>A,,91.91304347826087,0.0,A>T
Cytb,Mammalia,Martes_americana,T>C,5.789268,134.91304347826096,0.0820247932386839,A>G
Cytb,Mammalia,Martes_americana,T>G,,91.91304347826087,0.0,A>C
CO1,Mammalia,Martes_zibellina,A>C,,50.18604651162788,0.0,T>G
CO1,Mammalia,Martes_zibellina,A>G,6.99987,123.7441860465116,0.0938119363880363,T>C
CO1,Mammalia,Martes_zibellina,A>T,,50.18604651162788,0.0,T>A
CO1,Mammalia,Martes_zibellina,C>A,,31.46511627906977,0.0,G>T
CO1,Mammalia,Martes_zibellina,C>G,0.99924,31.46511627906977,0.0526663715859532,G>C
CO1,Mammalia,Martes_zibellina,C>T,14.93696,53.11627906976744,0.4663666681709959,G>A
CO1,Mammalia,Martes_zibellina,G>A,13.97434,189.0697674418605,0.1225750685583445,C>T
CO1,Mammalia,Martes_zibellina,G>C,,62.674418604651166,0.0,C>G
CO1,Mammalia,Martes_zibellina,G>T,,62.674418604651166,0.0,C>A
CO1,Mammalia,Martes_zibellina,T>A,1.9997,125.62790697674416,0.0263980381164032,A>T
CO1,Mammalia,Martes_zibellina,T>C,27.86902,194.0465116279069,0.2381819171802666,A>G
CO1,Mammalia,Martes_zibellina,T>G,,125.62790697674416,0.0,A>C
Cytb,Mammalia,Martes_zibellina,A>C,,23.655737704918028,0.0,T>G
Cytb,Mammalia,Martes_zibellina,A>G,18.99834,63.45901639344263,0.2559058628189375,T>C
Cytb,Mammalia,Martes_zibellina,A>T,,23.655737704918028,0.0,T>A
Cytb,Mammalia,Martes_zibellina,C>A,,18.90163934426229,0.0,G>T
Cytb,Mammalia,Martes_zibellina,C>G,,18.90163934426229,0.0,G>C
Cytb,Mammalia,Martes_zibellina,C>T,18.99902,29.34426229508196,0.5534341070041907,G>A
Cytb,Mammalia,Martes_zibellina,G>A,13.95917,193.8196721311476,0.0615629834104824,C>T
Cytb,Mammalia,Martes_zibellina,G>C,0.99981,61.62295081967213,0.013868608925339,C>G
Cytb,Mammalia,Martes_zibellina,G>T,1.0,61.62295081967213,0.0138712444617867,C>A
Cytb,Mammalia,Martes_zibellina,T>A,,87.8032786885246,0.0,A>T
Cytb,Mammalia,Martes_zibellina,T>C,15.860021,133.75409836065575,0.1013571933792635,A>G
Cytb,Mammalia,Martes_zibellina,T>G,,87.8032786885246,0.0,A>C
CO1,Mammalia,Mesoplodon_densirostris,A>C,,69.33333333333334,0.0,T>G
CO1,Mammalia,Mesoplodon_densirostris,A>G,8.438851,176.08333333333334,0.309737909737692,T>C
CO1,Mammalia,Mesoplodon_densirostris,A>T,,69.33333333333334,0.0,T>A
CO1,Mammalia,Mesoplodon_densirostris,C>A,,11.166666666666666,0.0,G>T
CO1,Mammalia,Mesoplodon_densirostris,C>G,,11.166666666666666,0.0,G>C
CO1,Mammalia,Mesoplodon_densirostris,C>T,,12.666666666666666,0.0,G>A
CO1,Mammalia,Mesoplodon_densirostris,G>A,11.529653,153.25,0.4862336924345518,C>T
CO1,Mammalia,Mesoplodon_densirostris,G>C,,58.16666666666668,0.0,C>G
CO1,Mammalia,Mesoplodon_densirostris,G>T,,58.16666666666668,0.0,C>A
CO1,Mammalia,Mesoplodon_densirostris,T>A,,135.25,0.0,A>T
CO1,Mammalia,Mesoplodon_densirostris,T>C,6.966234,220.66666666666663,0.2040283978277562,A>G
CO1,Mammalia,Mesoplodon_densirostris,T>G,,135.25,0.0,A>C
Cytb,Mammalia,Mesoplodon_densirostris,A>C,,35.53846153846154,0.0,T>G
Cytb,Mammalia,Mesoplodon_densirostris,A>G,5.588918,108.6153846153846,0.0747860984388086,T>C
Cytb,Mammalia,Mesoplodon_densirostris,A>T,,35.53846153846154,0.0,T>A
Cytb,Mammalia,Mesoplodon_densirostris,C>A,,4.461538461538461,0.0,G>T
Cytb,Mammalia,Mesoplodon_densirostris,C>G,0.57243,4.461538461538461,0.1864756924482307,G>C
Cytb,Mammalia,Mesoplodon_densirostris,C>T,3.91838,10.384615384615383,0.5484040057812962,G>A
Cytb,Mammalia,Mesoplodon_densirostris,G>A,10.148729,150.92307692307693,0.0977328331365645,C>T
Cytb,Mammalia,Mesoplodon_densirostris,G>C,,51.230769230769226,0.0,C>G
Cytb,Mammalia,Mesoplodon_densirostris,G>T,,51.230769230769226,0.0,C>A
Cytb,Mammalia,Mesoplodon_densirostris,T>A,,97.23076923076924,0.0,A>T
Cytb,Mammalia,Mesoplodon_densirostris,T>C,9.110863,152.0769230769231,0.0870724335837587,A>G
Cytb,Mammalia,Mesoplodon_densirostris,T>G,0.36988,97.23076923076924,0.0055289366113412,A>C
CO1,Mammalia,Mesoplodon_grayi,A>C,,73.63157894736841,0.0,T>G
CO1,Mammalia,Mesoplodon_grayi,A>G,17.940775,176.10526315789477,0.195655206539811,T>C
CO1,Mammalia,Mesoplodon_grayi,A>T,,73.63157894736841,0.0,T>A
CO1,Mammalia,Mesoplodon_grayi,C>A,,10.263157894736844,0.0,G>T
CO1,Mammalia,Mesoplodon_grayi,C>G,,10.263157894736844,0.0,G>C
CO1,Mammalia,Mesoplodon_grayi,C>T,3.99517,14.78947368421052,0.5188061197100825,G>A
CO1,Mammalia,Mesoplodon_grayi,G>A,12.975705,153.57894736842107,0.1622638671696684,C>T
CO1,Mammalia,Mesoplodon_grayi,G>C,,53.05263157894736,0.0,C>G
CO1,Mammalia,Mesoplodon_grayi,G>T,1.0,53.05263157894736,0.036200587119297,C>A
CO1,Mammalia,Mesoplodon_grayi,T>A,,132.21052631578948,0.0,A>T
CO1,Mammalia,Mesoplodon_grayi,T>C,9.99833,220.52631578947364,0.087074219461141,A>G
CO1,Mammalia,Mesoplodon_grayi,T>G,,132.21052631578948,0.0,A>C
Cytb,Mammalia,Mesoplodon_grayi,A>C,,32.45454545454545,0.0,T>G
Cytb,Mammalia,Mesoplodon_grayi,A>G,16.69106,97.13636363636364,0.2184746527637506,T>C
Cytb,Mammalia,Mesoplodon_grayi,A>T,,32.45454545454545,0.0,T>A
Cytb,Mammalia,Mesoplodon_grayi,C>A,,5.59090909090909,0.0,G>T
Cytb,Mammalia,Mesoplodon_grayi,C>G,,5.59090909090909,0.0,G>C
Cytb,Mammalia,Mesoplodon_grayi,C>T,4.983932,11.045454545454543,0.573703495857472,G>A
Cytb,Mammalia,Mesoplodon_grayi,G>A,24.721104,163.9090909090909,0.1917625520785821,C>T
Cytb,Mammalia,Mesoplodon_grayi,G>C,,55.90909090909091,0.0,C>G
Cytb,Mammalia,Mesoplodon_grayi,G>T,,55.90909090909091,0.0,C>A
Cytb,Mammalia,Mesoplodon_grayi,T>A,,95.40909090909088,0.0,A>T
Cytb,Mammalia,Mesoplodon_grayi,T>C,1.918719,151.90909090909088,0.0160592993001952,A>G
Cytb,Mammalia,Mesoplodon_grayi,T>G,,95.40909090909088,0.0,A>C
CO1,Mammalia,Microtus_richardsoni,A>C,,59.26315789473685,0.0,T>G
CO1,Mammalia,Microtus_richardsoni,A>G,13.854521,136.68421052631578,0.1669983490131392,T>C
CO1,Mammalia,Microtus_richardsoni,A>T,2.99931,59.26315789473685,0.0833826276439353,T>A
CO1,Mammalia,Microtus_richardsoni,C>A,,17.57894736842105,0.0,G>T
CO1,Mammalia,Microtus_richardsoni,C>G,0.99993,17.57894736842105,0.0937164315341034,G>C
CO1,Mammalia,Microtus_richardsoni,C>T,8.53137,30.78947368421052,0.4565154954590971,G>A
CO1,Mammalia,Microtus_richardsoni,G>A,15.511973,181.2105263157896,0.1410336122235679,C>T
CO1,Mammalia,Microtus_richardsoni,G>C,,67.26315789473684,0.0,C>G
CO1,Mammalia,Microtus_richardsoni,G>T,,67.26315789473684,0.0,C>A
CO1,Mammalia,Microtus_richardsoni,T>A,,129.1578947368421,0.0,A>T
CO1,Mammalia,Microtus_richardsoni,T>C,7.143313,201.68421052631567,0.0583534841261568,A>G
CO1,Mammalia,Microtus_richardsoni,T>G,,129.1578947368421,0.0,A>C
Cytb,Mammalia,Microtus_richardsoni,A>C,,19.250000000000004,0.0,T>G
Cytb,Mammalia,Microtus_richardsoni,A>G,14.487337,70.64999999999999,0.178525800139653,T>C
Cytb,Mammalia,Microtus_richardsoni,A>T,,19.250000000000004,0.0,T>A
Cytb,Mammalia,Microtus_richardsoni,C>A,,5.4,0.0,G>T
Cytb,Mammalia,Microtus_richardsoni,C>G,,5.4,0.0,G>C
Cytb,Mammalia,Microtus_richardsoni,C>T,8.841274,12.1,0.6361420021817736,G>A
Cytb,Mammalia,Microtus_richardsoni,G>A,19.788687,170.6,0.1009863194518445,C>T
Cytb,Mammalia,Microtus_richardsoni,G>C,,53.00000000000001,0.0,C>G
Cytb,Mammalia,Microtus_richardsoni,G>T,,53.00000000000001,0.0,C>A
Cytb,Mammalia,Microtus_richardsoni,T>A,1.99758,107.40000000000002,0.0161928946929198,A>T
Cytb,Mammalia,Microtus_richardsoni,T>C,12.482018,159.45,0.068152983533809,A>G
Cytb,Mammalia,Microtus_richardsoni,T>G,,107.40000000000002,0.0,A>C
CO1,Mammalia,Muntiacus_muntjak,A>C,,67.91666666666667,0.0,T>G
CO1,Mammalia,Muntiacus_muntjak,A>G,6.1850760000000005,169.66666666666669,0.1201289242938147,T>C
CO1,Mammalia,Muntiacus_muntjak,A>T,,67.91666666666667,0.0,T>A
CO1,Mammalia,Muntiacus_muntjak,C>A,,14.08333333333333,0.0,G>T
CO1,Mammalia,Muntiacus_muntjak,C>G,,14.08333333333333,0.0,G>C
CO1,Mammalia,Muntiacus_muntjak,C>T,4.883108,27.75,0.5798723723704599,G>A
CO1,Mammalia,Muntiacus_muntjak,G>A,9.886851,153.91666666666666,0.2116759000574863,C>T
CO1,Mammalia,Muntiacus_muntjak,G>C,,55.583333333333336,0.0,C>G
CO1,Mammalia,Muntiacus_muntjak,G>T,,55.583333333333336,0.0,C>A
CO1,Mammalia,Muntiacus_muntjak,T>A,0.99994,131.91666666666666,0.0249789022257041,A>T
CO1,Mammalia,Muntiacus_muntjak,T>C,3.974214,206.75,0.0633439010525349,A>G
CO1,Mammalia,Muntiacus_muntjak,T>G,,131.91666666666666,0.0,A>C
Cytb,Mammalia,Muntiacus_muntjak,A>C,,23.30769230769232,0.0,T>G
Cytb,Mammalia,Muntiacus_muntjak,A>G,6.22559,93.3846153846154,0.1727841989651058,T>C
Cytb,Mammalia,Muntiacus_muntjak,A>T,,23.30769230769232,0.0,T>A
Cytb,Mammalia,Muntiacus_muntjak,C>A,,5.384615384615384,0.0,G>T
Cytb,Mammalia,Muntiacus_muntjak,C>G,,5.384615384615384,0.0,G>C
Cytb,Mammalia,Muntiacus_muntjak,C>T,1.930417,10.769230769230768,0.4645851165300203,G>A
Cytb,Mammalia,Muntiacus_muntjak,G>A,9.583599,148.6153846153846,0.1671335763052406,C>T
Cytb,Mammalia,Muntiacus_muntjak,G>C,,48.538461538461526,0.0,C>G
Cytb,Mammalia,Muntiacus_muntjak,G>T,,48.538461538461526,0.0,C>A
Cytb,Mammalia,Muntiacus_muntjak,T>A,0.997061,116.23076923076924,0.0222330712436929,A>T
Cytb,Mammalia,Muntiacus_muntjak,T>C,10.768195,161.07692307692307,0.1732640369559402,A>G
Cytb,Mammalia,Muntiacus_muntjak,T>G,,116.23076923076924,0.0,A>C
CO1,Mammalia,Mus_musculus,A>C,,56.93805309734519,0.0,T>G
CO1,Mammalia,Mus_musculus,A>G,51.192827,152.8938053097344,0.1746417849168819,T>C
CO1,Mammalia,Mus_musculus,A>T,1.0,56.93805309734519,0.0091606507298627,T>A
CO1,Mammalia,Mus_musculus,C>A,,8.168141592920357,0.0,G>T
CO1,Mammalia,Mus_musculus,C>G,2.0,8.168141592920357,0.1277131674884875,G>C
CO1,Mammalia,Mus_musculus,C>T,13.148301,17.247787610619486,0.397617215977755,G>A
CO1,Mammalia,Mus_musculus,G>A,44.199548,152.9999999999999,0.1506799041974148,C>T
CO1,Mammalia,Mus_musculus,G>C,,56.11504424778757,0.0,C>G
CO1,Mammalia,Mus_musculus,G>T,3.0,56.11504424778757,0.0278850150430233,C>A
CO1,Mammalia,Mus_musculus,T>A,6.974179,153.81415929203527,0.02364970412911,A>T
CO1,Mammalia,Mus_musculus,T>C,34.534907,229.5221238938056,0.0784806650991822,A>G
CO1,Mammalia,Mus_musculus,T>G,2.99964,153.81415929203527,0.0101718924182822,A>C
Cytb,Mammalia,Mus_musculus,A>C,1.0,20.82121212121216,0.0075832841743575,T>G
Cytb,Mammalia,Mus_musculus,A>G,116.932913,88.5545454545454,0.2084919303182346,T>C
Cytb,Mammalia,Mus_musculus,A>T,1.0,20.82121212121216,0.0075832841743575,T>A
Cytb,Mammalia,Mus_musculus,C>A,,6.242424242424264,0.0,G>T
Cytb,Mammalia,Mus_musculus,C>G,1.0,6.242424242424264,0.0252935658068013,G>C
Cytb,Mammalia,Mus_musculus,C>T,38.122861,11.057575757575766,0.544363379693316,G>A
Cytb,Mammalia,Mus_musculus,G>A,76.591367,151.7303030303029,0.0797022965345531,C>T
Cytb,Mammalia,Mus_musculus,G>C,1.0,45.54848484848486,0.0034664856338241,C>G
Cytb,Mammalia,Mus_musculus,G>T,10.99675,45.54848484848486,0.0381200758937558,C>A
Cytb,Mammalia,Mus_musculus,T>A,15.99895,105.44848484848478,0.0239560095123092,A>T
Cytb,Mammalia,Mus_musculus,T>C,62.138977,167.87272727272685,0.0584449905424141,A>G
Cytb,Mammalia,Mus_musculus,T>G,2.0,105.44848484848478,0.0029946977160762,A>C
CO1,Mammalia,Mustela_sibirica,A>C,,67.5,0.0,T>G
CO1,Mammalia,Mustela_sibirica,A>G,8.540977,155.29999999999998,0.2828609897380379,T>C
CO1,Mammalia,Mustela_sibirica,A>T,,67.5,0.0,T>A
CO1,Mammalia,Mustela_sibirica,C>A,,35.300000000000004,0.0,G>T
CO1,Mammalia,Mustela_sibirica,C>G,,35.300000000000004,0.0,G>C
CO1,Mammalia,Mustela_sibirica,C>T,2.902112,54.2,0.275392331252906,G>A
CO1,Mammalia,Mustela_sibirica,G>A,5.633224,161.7,0.1791777014485818,C>T
CO1,Mammalia,Mustela_sibirica,G>C,1.0,49.29999999999999,0.1043253957248653,C>G
CO1,Mammalia,Mustela_sibirica,G>T,,49.29999999999999,0.0,C>A
CO1,Mammalia,Mustela_sibirica,T>A,1.0,122.4,0.0420199510558485,A>T
CO1,Mammalia,Mustela_sibirica,T>C,4.243782,187.8,0.1162236307797603,A>G
CO1,Mammalia,Mustela_sibirica,T>G,,122.4,0.0,A>C
Cytb,Mammalia,Mustela_sibirica,A>C,,30.833333333333336,0.0,T>G
Cytb,Mammalia,Mustela_sibirica,A>G,15.442189,81.30000000000003,0.1832507991505121,T>C
Cytb,Mammalia,Mustela_sibirica,A>T,1.881547,30.833333333333336,0.0588738114292921,T>A
Cytb,Mammalia,Mustela_sibirica,C>A,,6.100000000000001,0.0,G>T
Cytb,Mammalia,Mustela_sibirica,C>G,,6.100000000000001,0.0,G>C
Cytb,Mammalia,Mustela_sibirica,C>T,8.76566,14.633333333333333,0.5779215846359639,G>A
Cytb,Mammalia,Mustela_sibirica,G>A,14.000155,184.4999999999999,0.0732089255032896,C>T
Cytb,Mammalia,Mustela_sibirica,G>C,1.0,56.466666666666654,0.0170858035267868,C>G
Cytb,Mammalia,Mustela_sibirica,G>T,0.99967,56.466666666666654,0.0170801652116229,C>A
Cytb,Mammalia,Mustela_sibirica,T>A,1.0,87.43333333333331,0.0110344457393735,A>T
Cytb,Mammalia,Mustela_sibirica,T>C,8.94354,140.20000000000002,0.0615444648031588,A>G
Cytb,Mammalia,Mustela_sibirica,T>G,,87.43333333333331,0.0,A>C
CO1,Mammalia,Myodes_glareolus,A>C,,46.59139784946235,0.0,T>G
CO1,Mammalia,Myodes_glareolus,A>G,81.777813,112.09677419354836,0.2163351744845829,T>C
CO1,Mammalia,Myodes_glareolus,A>T,2.99647,46.59139784946235,0.0190716801622873,T>A
CO1,Mammalia,Myodes_glareolus,C>A,1.0,13.78494623655914,0.0215119452915053,G>T
CO1,Mammalia,Myodes_glareolus,C>G,1.787627,13.78494623655914,0.0384553342256179,G>C
CO1,Mammalia,Myodes_glareolus,C>T,34.881685,19.053763440860227,0.5428770073504862,G>A
CO1,Mammalia,Myodes_glareolus,G>A,42.624244,201.8172043010753,0.0626301230345438,C>T
CO1,Mammalia,Myodes_glareolus,G>C,1.0,77.06451612903223,0.0038479578434086,C>G
CO1,Mammalia,Myodes_glareolus,G>T,4.995542,77.06451612903223,0.0192226350209774,C>A
CO1,Mammalia,Myodes_glareolus,T>A,3.99972,140.48387096774195,0.0084428269060051,A>T
CO1,Mammalia,Myodes_glareolus,T>C,46.20583,216.1720430107528,0.0633843455070246,A>G
CO1,Mammalia,Myodes_glareolus,T>G,1.99965,140.48387096774195,0.0042209701735604,A>C
Cytb,Mammalia,Myodes_glareolus,A>C,,27.20883534136545,0.0,T>G
Cytb,Mammalia,Myodes_glareolus,A>G,168.750315,72.9277108433734,0.2543939791645923,T>C
Cytb,Mammalia,Myodes_glareolus,A>T,2.846322,27.20883534136545,0.0115008223475239,T>A
Cytb,Mammalia,Myodes_glareolus,C>A,2.0,6.630522088353436,0.0331617230017207,G>T
Cytb,Mammalia,Myodes_glareolus,C>G,,6.630522088353436,0.0,G>C
Cytb,Mammalia,Myodes_glareolus,C>T,50.608023,9.763052208835347,0.5698867741433713,G>A
Cytb,Mammalia,Myodes_glareolus,G>A,86.033141,175.07630522088408,0.0540248069921007,C>T
Cytb,Mammalia,Myodes_glareolus,G>C,,55.63855421686755,0.0,C>G
Cytb,Mammalia,Myodes_glareolus,G>T,13.81049,55.63855421686755,0.027289028153445,C>A
Cytb,Mammalia,Myodes_glareolus,T>A,10.9859,97.81927710843377,0.0123471297033362,A>T
Cytb,Mammalia,Myodes_glareolus,T>C,50.326566,152.53815261044127,0.0362721779240039,A>G
Cytb,Mammalia,Myodes_glareolus,T>G,0.99969,97.81927710843377,0.0011235585699058,A>C
CO1,Mammalia,Myodes_rufocanus,A>C,,48.88000000000001,0.0,T>G
CO1,Mammalia,Myodes_rufocanus,A>G,14.711696,128.20000000000002,0.1235990245619534,T>C
CO1,Mammalia,Myodes_rufocanus,A>T,,48.88000000000001,0.0,T>A
CO1,Mammalia,Myodes_rufocanus,C>A,,17.760000000000005,0.0,G>T
CO1,Mammalia,Myodes_rufocanus,C>G,,17.760000000000005,0.0,G>C
CO1,Mammalia,Myodes_rufocanus,C>T,16.560843,28.0,0.6370371137280662,G>A
CO1,Mammalia,Myodes_rufocanus,G>A,22.330385,187.32,0.1283962643093066,C>T
CO1,Mammalia,Myodes_rufocanus,G>C,0.9997,76.48,0.0140786865298861,C>G
CO1,Mammalia,Myodes_rufocanus,G>T,0.99997,76.48,0.014082488915965,C>A
CO1,Mammalia,Myodes_rufocanus,T>A,,127.31999999999996,0.0,A>T
CO1,Mammalia,Myodes_rufocanus,T>C,15.800753,205.52000000000004,0.0828064219548225,A>G
CO1,Mammalia,Myodes_rufocanus,T>G,,127.31999999999996,0.0,A>C
Cytb,Mammalia,Myodes_rufocanus,A>C,,27.25000000000002,0.0,T>G
Cytb,Mammalia,Myodes_rufocanus,A>G,31.93701,74.86538461538463,0.3039279471857308,T>C
Cytb,Mammalia,Myodes_rufocanus,A>T,,27.25000000000002,0.0,T>A
Cytb,Mammalia,Myodes_rufocanus,C>A,,3.903846153846154,0.0,G>T
Cytb,Mammalia,Myodes_rufocanus,C>G,,3.903846153846154,0.0,G>C
Cytb,Mammalia,Myodes_rufocanus,C>T,5.99643,8.923076923076927,0.4787795297947855,G>A
Cytb,Mammalia,Myodes_rufocanus,G>A,13.96477,174.1346153846154,0.0571355113780577,C>T
Cytb,Mammalia,Myodes_rufocanus,G>C,1.99987,58.49999999999998,0.0243558528801913,C>G
Cytb,Mammalia,Myodes_rufocanus,G>T,,58.49999999999998,0.0,C>A
Cytb,Mammalia,Myodes_rufocanus,T>A,2.0,98.36538461538464,0.0144858886915707,A>T
Cytb,Mammalia,Myodes_rufocanus,T>C,22.800358,152.05769230769238,0.1068293813780931,A>G
Cytb,Mammalia,Myodes_rufocanus,T>G,2.0,98.36538461538464,0.0144858886915707,A>C
CO1,Mammalia,Myodes_rutilus,A>C,,50.9,0.0,T>G
CO1,Mammalia,Myodes_rutilus,A>G,11.719574,114.9,0.2703300339302422,T>C
CO1,Mammalia,Myodes_rutilus,A>T,,50.9,0.0,T>A
CO1,Mammalia,Myodes_rutilus,C>A,,18.8,0.0,G>T
CO1,Mammalia,Myodes_rutilus,C>G,,18.8,0.0,G>C
CO1,Mammalia,Myodes_rutilus,C>T,4.818545,23.5,0.5434386952873793,G>A
CO1,Mammalia,Myodes_rutilus,G>A,3.94069,204.1,0.0511719266976161,C>T
CO1,Mammalia,Myodes_rutilus,G>C,,75.1,0.0,C>G
CO1,Mammalia,Myodes_rutilus,G>T,,75.1,0.0,C>A
CO1,Mammalia,Myodes_rutilus,T>A,,132.3,0.0,A>T
CO1,Mammalia,Myodes_rutilus,T>C,10.670845,209.4,0.1350593440847623,A>G
CO1,Mammalia,Myodes_rutilus,T>G,,132.3,0.0,A>C
Cytb,Mammalia,Myodes_rutilus,A>C,,24.30303030303029,0.0,T>G
Cytb,Mammalia,Myodes_rutilus,A>G,108.868946,70.54040404040417,0.2251873818881549,T>C
Cytb,Mammalia,Myodes_rutilus,A>T,2.0,24.30303030303029,0.0120073603252863,T>A
Cytb,Mammalia,Myodes_rutilus,C>A,,6.348484848484849,0.0,G>T
Cytb,Mammalia,Myodes_rutilus,C>G,0.99933,6.348484848484849,0.0229676633553279,G>C
Cytb,Mammalia,Myodes_rutilus,C>T,55.982311,14.343434343434364,0.569476292509256,G>A
Cytb,Mammalia,Myodes_rutilus,G>A,82.822564,179.5252525252526,0.06731333392908,C>T
Cytb,Mammalia,Myodes_rutilus,G>C,4.9974810000000005,58.45959595959613,0.0124730688152369,C>G
Cytb,Mammalia,Myodes_rutilus,G>T,8.957618,58.45959595959613,0.0223570606340684,C>A
Cytb,Mammalia,Myodes_rutilus,T>A,7.99908,98.57575757575756,0.0118398961476013,A>T
Cytb,Mammalia,Myodes_rutilus,T>C,52.696659,148.04040404040407,0.0519374706863908,A>G
Cytb,Mammalia,Myodes_rutilus,T>G,3.0,98.57575757575756,0.0044404717095971,A>C
CO1,Mammalia,Ochotona_cansus,A>C,,66.94117647058823,0.0,T>G
CO1,Mammalia,Ochotona_cansus,A>G,14.403484,128.58823529411765,0.1843543347028767,T>C
CO1,Mammalia,Ochotona_cansus,A>T,,66.94117647058823,0.0,T>A
CO1,Mammalia,Ochotona_cansus,C>A,,12.529411764705884,0.0,G>T
CO1,Mammalia,Ochotona_cansus,C>G,,12.529411764705884,0.0,G>C
CO1,Mammalia,Ochotona_cansus,C>T,7.761219,23.94117647058824,0.5335455298304612,G>A
CO1,Mammalia,Ochotona_cansus,G>A,16.117493,214.0,0.1239569130270049,C>T
CO1,Mammalia,Ochotona_cansus,G>C,,86.82352941176472,0.0,C>G
CO1,Mammalia,Ochotona_cansus,G>T,1.988063,86.82352941176472,0.0376859738018769,C>A
CO1,Mammalia,Ochotona_cansus,T>A,3.975212,114.23529411764704,0.057272616701979,A>T
CO1,Mammalia,Ochotona_cansus,T>C,6.948691,181.0,0.063184631935801,A>G
CO1,Mammalia,Ochotona_cansus,T>G,,114.23529411764704,0.0,A>C
Cytb,Mammalia,Ochotona_cansus,A>C,1.0,22.753623188405804,0.0114603875502831,T>G
Cytb,Mammalia,Ochotona_cansus,A>G,56.08378,60.34782608695655,0.2423402283653135,T>C
Cytb,Mammalia,Ochotona_cansus,A>T,2.996532,22.753623188405804,0.034341418026825,T>A
Cytb,Mammalia,Ochotona_cansus,C>A,,3.869565217391304,0.0,G>T
Cytb,Mammalia,Ochotona_cansus,C>G,,3.869565217391304,0.0,G>C
Cytb,Mammalia,Ochotona_cansus,C>T,20.229045,8.782608695652169,0.6006226598865098,G>A
Cytb,Mammalia,Ochotona_cansus,G>A,40.906287,214.01449275362305,0.0498421471221698,C>T
Cytb,Mammalia,Ochotona_cansus,G>C,,91.43478260869564,0.0,C>G
Cytb,Mammalia,Ochotona_cansus,G>T,1.0,91.43478260869564,0.0028519271602384,C>A
Cytb,Mammalia,Ochotona_cansus,T>A,3.9976,82.46376811594206,0.0126411337566763,A>T
Cytb,Mammalia,Ochotona_cansus,T>C,20.465393,124.86956521739118,0.042737917384366,A>G
Cytb,Mammalia,Ochotona_cansus,T>G,1.0,82.46376811594206,0.0031621807476176,A>C
CO1,Mammalia,Ochotona_curzoniae,A>C,,62.8421052631579,0.0,T>G
CO1,Mammalia,Ochotona_curzoniae,A>G,11.472118,128.73684210526315,0.2922184925381391,T>C
CO1,Mammalia,Ochotona_curzoniae,A>T,,62.8421052631579,0.0,T>A
CO1,Mammalia,Ochotona_curzoniae,C>A,,11.052631578947368,0.0,G>T
CO1,Mammalia,Ochotona_curzoniae,C>G,,11.052631578947368,0.0,G>C
CO1,Mammalia,Ochotona_curzoniae,C>T,2.799631,22.94736842105264,0.4000689513146718,G>A
CO1,Mammalia,Ochotona_curzoniae,G>A,11.535974,212.7368421052632,0.1778191388509865,C>T
CO1,Mammalia,Ochotona_curzoniae,G>C,,92.10526315789474,0.0,C>G
CO1,Mammalia,Ochotona_curzoniae,G>T,,92.10526315789474,0.0,C>A
CO1,Mammalia,Ochotona_curzoniae,T>A,1.95371,113.21052631578948,0.0565900701591484,A>T
CO1,Mammalia,Ochotona_curzoniae,T>C,4.043736,180.8947368421052,0.073303347137054,A>G
CO1,Mammalia,Ochotona_curzoniae,T>G,,113.21052631578948,0.0,A>C
Cytb,Mammalia,Ochotona_curzoniae,A>C,0.99941,29.085836909871293,0.0052737202816312,T>G
Cytb,Mammalia,Ochotona_curzoniae,A>G,100.716432,61.85407725321888,0.2499119162670775,T>C
Cytb,Mammalia,Ochotona_curzoniae,A>T,3.946464,29.085836909871293,0.0208248338895225,T>A
Cytb,Mammalia,Ochotona_curzoniae,C>A,1.0,6.167381974248943,0.0248859439098401,G>T
Cytb,Mammalia,Ochotona_curzoniae,C>G,4.0,6.167381974248943,0.0995437756393604,G>C
Cytb,Mammalia,Ochotona_curzoniae,C>T,30.825755,10.618025751072976,0.4455792038150679,G>A
Cytb,Mammalia,Ochotona_curzoniae,G>A,76.370808,213.38626609442068,0.0549307952446513,C>T
Cytb,Mammalia,Ochotona_curzoniae,G>C,1.99454,90.14163090128748,0.0033960361464193,C>G
Cytb,Mammalia,Ochotona_curzoniae,G>T,4.0,90.14163090128748,0.0068106654094063,C>A
Cytb,Mammalia,Ochotona_curzoniae,T>A,9.99629,77.40343347639474,0.0198213662488614,A>T
Cytb,Mammalia,Ochotona_curzoniae,T>C,52.643389,120.52360515021456,0.0670388708776632,A>G
Cytb,Mammalia,Ochotona_curzoniae,T>G,1.0,77.40343347639474,0.0019828722704984,A>C
CO1,Mammalia,Ochotona_hyperborea,A>C,0.99307,69.92857142857143,0.0369809084426572,T>G
CO1,Mammalia,Ochotona_hyperborea,A>G,7.022844,131.71428571428572,0.1388457240786417,T>C
CO1,Mammalia,Ochotona_hyperborea,A>T,0.99886,69.92857142857143,0.0371965221052217,T>A
CO1,Mammalia,Ochotona_hyperborea,C>A,,15.64285714285714,0.0,G>T
CO1,Mammalia,Ochotona_hyperborea,C>G,,15.64285714285714,0.0,G>C
CO1,Mammalia,Ochotona_hyperborea,C>T,3.346527,29.28571428571429,0.2975711898272956,G>A
CO1,Mammalia,Ochotona_hyperborea,G>A,14.158196,214.5,0.1718830268450414,C>T
CO1,Mammalia,Ochotona_hyperborea,G>C,,85.28571428571428,0.0,C>G
CO1,Mammalia,Ochotona_hyperborea,G>T,2.462988,85.28571428571428,0.075203555543748,C>A
CO1,Mammalia,Ochotona_hyperborea,T>A,0.9985,109.14285714285714,0.0238234755476613,A>T
CO1,Mammalia,Ochotona_hyperborea,T>C,13.038496,174.42857142857147,0.1946535118358049,A>G
CO1,Mammalia,Ochotona_hyperborea,T>G,0.99928,109.14285714285714,0.0238420857739279,A>C
Cytb,Mammalia,Ochotona_hyperborea,A>C,,23.19148936170213,0.0,T>G
Cytb,Mammalia,Ochotona_hyperborea,A>G,31.246484,68.80851063829788,0.280228056763504,T>C
Cytb,Mammalia,Ochotona_hyperborea,A>T,,23.19148936170213,0.0,T>A
Cytb,Mammalia,Ochotona_hyperborea,C>A,0.98374,3.872340425531915,0.1567687219747109,G>T
Cytb,Mammalia,Ochotona_hyperborea,C>G,,3.872340425531915,0.0,G>C
Cytb,Mammalia,Ochotona_hyperborea,C>T,5.215285,11.425531914893618,0.281678847939879,G>A
Cytb,Mammalia,Ochotona_hyperborea,G>A,42.093447,197.7021276595745,0.131388019205786,C>T
Cytb,Mammalia,Ochotona_hyperborea,G>C,1.0,76.42553191489363,0.0080744722663213,C>G
Cytb,Mammalia,Ochotona_hyperborea,G>T,2.952187,76.42553191489363,0.0238373520564945,C>A
Cytb,Mammalia,Ochotona_hyperborea,T>A,2.989951,89.80851063829792,0.0205446711505231,A>T
Cytb,Mammalia,Ochotona_hyperborea,T>C,18.585861,136.95744680851064,0.0837432190354533,A>G
Cytb,Mammalia,Ochotona_hyperborea,T>G,1.99915,89.80851063829792,0.0137366396073274,A>C
CO1,Mammalia,Ochotona_thibetana,A>C,,68.90243902439026,0.0,T>G
CO1,Mammalia,Ochotona_thibetana,A>G,24.046647,129.4878048780488,0.2432354790587509,T>C
CO1,Mammalia,Ochotona_thibetana,A>T,1.0,68.90243902439026,0.0190093237748025,T>A
CO1,Mammalia,Ochotona_thibetana,C>A,,12.024390243902438,0.0,G>T
CO1,Mammalia,Ochotona_thibetana,C>G,,12.024390243902438,0.0,G>C
CO1,Mammalia,Ochotona_thibetana,C>T,8.043631,24.804878048780488,0.4247332944556626,G>A
CO1,Mammalia,Ochotona_thibetana,G>A,25.34751,214.4146341463415,0.1548396364625185,C>T
CO1,Mammalia,Ochotona_thibetana,G>C,,84.51219512195122,0.0,C>G
CO1,Mammalia,Ochotona_thibetana,G>T,1.0,84.51219512195122,0.0154982221251997,C>A
CO1,Mammalia,Ochotona_thibetana,T>A,2.99973,112.60975609756098,0.0348905175719606,A>T
CO1,Mammalia,Ochotona_thibetana,T>C,14.966266,181.85365853658533,0.1077935265511048,A>G
CO1,Mammalia,Ochotona_thibetana,T>G,,112.60975609756098,0.0,A>C
Cytb,Mammalia,Ochotona_thibetana,A>C,0.99941,31.892857142857142,0.0106861734079127,T>G
Cytb,Mammalia,Ochotona_thibetana,A>G,49.855547,71.51785714285714,0.2377228599257545,T>C
Cytb,Mammalia,Ochotona_thibetana,A>T,,31.892857142857142,0.0,T>A
Cytb,Mammalia,Ochotona_thibetana,C>A,0.9997,5.303571428571429,0.0642796086553701,G>T
Cytb,Mammalia,Ochotona_thibetana,C>G,1.0,5.303571428571429,0.0642988983248676,G>C
Cytb,Mammalia,Ochotona_thibetana,C>T,16.983521,13.357142857142854,0.4335968474909686,G>A
Cytb,Mammalia,Ochotona_thibetana,G>A,57.248588,199.57142857142856,0.0978224121599059,C>T
Cytb,Mammalia,Ochotona_thibetana,G>C,0.99993,77.76785714285712,0.0043847155059447,C>G
Cytb,Mammalia,Ochotona_thibetana,G>T,3.99543,77.76785714285712,0.0175200502774363,C>A
Cytb,Mammalia,Ochotona_thibetana,T>A,1.99898,83.94642857142856,0.0081204141452271,A>T
Cytb,Mammalia,Ochotona_thibetana,T>C,21.181617,125.60714285714288,0.057506472481983,A>G
Cytb,Mammalia,Ochotona_thibetana,T>G,0.99982,83.94642857142856,0.004061547624629,A>C
CO1,Mammalia,Odocoileus_virginianus,A>C,,79.92307692307693,0.0,T>G
CO1,Mammalia,Odocoileus_virginianus,A>G,5.769993,198.3846153846154,0.088994192511764,T>C
CO1,Mammalia,Odocoileus_virginianus,A>T,0.99983,79.92307692307693,0.0382779207375666,T>A
CO1,Mammalia,Odocoileus_virginianus,C>A,,12.153846153846157,0.0,G>T
CO1,Mammalia,Odocoileus_virginianus,C>G,,12.153846153846157,0.0,G>C
CO1,Mammalia,Odocoileus_virginianus,C>T,2.708883,21.0,0.3946983613699094,G>A
CO1,Mammalia,Odocoileus_virginianus,G>A,11.657776,125.0,0.2853645780132005,C>T
CO1,Mammalia,Odocoileus_virginianus,G>C,,44.53846153846154,0.0,C>G
CO1,Mammalia,Odocoileus_virginianus,G>T,0.99905,44.53846153846154,0.0686351177535547,C>A
CO1,Mammalia,Odocoileus_virginianus,T>A,,128.3846153846154,0.0,A>T
CO1,Mammalia,Odocoileus_virginianus,T>C,8.605924,212.3076923076923,0.1240298296140046,A>G
CO1,Mammalia,Odocoileus_virginianus,T>G,,128.3846153846154,0.0,A>C
Cytb,Mammalia,Odocoileus_virginianus,A>C,1.0,22.701492537313413,0.0165561179458808,T>G
Cytb,Mammalia,Odocoileus_virginianus,A>G,45.851014,82.73134328358205,0.2083012095063177,T>C
Cytb,Mammalia,Odocoileus_virginianus,A>T,,22.701492537313413,0.0,T>A
Cytb,Mammalia,Odocoileus_virginianus,C>A,,5.880597014925369,0.0,G>T
Cytb,Mammalia,Odocoileus_virginianus,C>G,,5.880597014925369,0.0,G>C
Cytb,Mammalia,Odocoileus_virginianus,C>T,17.72588,10.970149253731334,0.6073068665595392,G>A
Cytb,Mammalia,Odocoileus_virginianus,G>A,37.257403,153.77611940298507,0.0910618785562217,C>T
Cytb,Mammalia,Odocoileus_virginianus,G>C,,46.1492537313433,0.0,C>G
Cytb,Mammalia,Odocoileus_virginianus,G>T,2.969633,46.1492537313433,0.0241852745097844,C>A
Cytb,Mammalia,Odocoileus_virginianus,T>A,2.992241,117.7313432835821,0.0095525076281743,A>T
Cytb,Mammalia,Odocoileus_virginianus,T>C,19.306732,168.6119402985074,0.0430361452940816,A>G
Cytb,Mammalia,Odocoileus_virginianus,T>G,,117.7313432835821,0.0,A>C
CO1,Mammalia,Oligoryzomys_nigripes,A>C,1.0,62.42857142857142,0.0253525763165856,T>G
CO1,Mammalia,Oligoryzomys_nigripes,A>G,16.948095,154.0357142857143,0.1741425736368211,T>C
CO1,Mammalia,Oligoryzomys_nigripes,A>T,,62.42857142857142,0.0,T>A
CO1,Mammalia,Oligoryzomys_nigripes,C>A,,14.678571428571434,0.0,G>T
CO1,Mammalia,Oligoryzomys_nigripes,C>G,0.99988,14.678571428571434,0.107812616654461,G>C
CO1,Mammalia,Oligoryzomys_nigripes,C>T,7.97612,29.42857142857144,0.4289710605411506,G>A
CO1,Mammalia,Oligoryzomys_nigripes,G>A,15.959317,149.21428571428572,0.1692814586527018,C>T
CO1,Mammalia,Oligoryzomys_nigripes,G>C,,45.21428571428572,0.0,C>G
CO1,Mammalia,Oligoryzomys_nigripes,G>T,,45.21428571428572,0.0,C>A
CO1,Mammalia,Oligoryzomys_nigripes,T>A,1.993942,139.99999999999997,0.0225418721012188,A>T
CO1,Mammalia,Oligoryzomys_nigripes,T>C,7.990501,208.7142857142857,0.06059368012408,A>G
CO1,Mammalia,Oligoryzomys_nigripes,T>G,0.99991,139.99999999999997,0.011304161972981,A>C
Cytb,Mammalia,Oligoryzomys_nigripes,A>C,,31.307692307692303,0.0,T>G
Cytb,Mammalia,Oligoryzomys_nigripes,A>G,7.911418,91.07692307692308,0.1618832394675117,T>C
Cytb,Mammalia,Oligoryzomys_nigripes,A>T,,31.307692307692303,0.0,T>A
Cytb,Mammalia,Oligoryzomys_nigripes,C>A,,6.384615384615385,0.0,G>T
Cytb,Mammalia,Oligoryzomys_nigripes,C>G,,6.384615384615385,0.0,G>C
Cytb,Mammalia,Oligoryzomys_nigripes,C>T,4.974664,13.153846153846152,0.7048016307965645,G>A
Cytb,Mammalia,Oligoryzomys_nigripes,G>A,8.272243,157.46153846153845,0.0979049609800244,C>T
Cytb,Mammalia,Oligoryzomys_nigripes,G>C,,44.53846153846153,0.0,C>G
Cytb,Mammalia,Oligoryzomys_nigripes,G>T,,44.53846153846153,0.0,C>A
Cytb,Mammalia,Oligoryzomys_nigripes,T>A,,103.6923076923077,0.0,A>T
Cytb,Mammalia,Oligoryzomys_nigripes,T>C,2.975819,156.6153846153846,0.0354101687558992,A>G
Cytb,Mammalia,Oligoryzomys_nigripes,T>G,,103.6923076923077,0.0,A>C
CO1,Mammalia,Ovis_ammon,A>C,,60.6111111111111,0.0,T>G
CO1,Mammalia,Ovis_ammon,A>G,11.7819,153.77777777777777,0.1551761222664938,T>C
CO1,Mammalia,Ovis_ammon,A>T,,60.6111111111111,0.0,T>A
CO1,Mammalia,Ovis_ammon,C>A,,16.666666666666668,0.0,G>T
CO1,Mammalia,Ovis_ammon,C>G,,16.666666666666668,0.0,G>C
CO1,Mammalia,Ovis_ammon,C>T,6.970278,24.72222222222222,0.5710389567256352,G>A
CO1,Mammalia,Ovis_ammon,G>A,15.549521,167.1111111111111,0.1884581101662271,C>T
CO1,Mammalia,Ovis_ammon,G>C,,60.27777777777778,0.0,C>G
CO1,Mammalia,Ovis_ammon,G>T,,60.27777777777778,0.0,C>A
CO1,Mammalia,Ovis_ammon,T>A,1.9989,134.77777777777777,0.030038339392316,A>T
CO1,Mammalia,Ovis_ammon,T>C,5.7705020000000005,211.38888888888889,0.0552884714493278,A>G
CO1,Mammalia,Ovis_ammon,T>G,,134.77777777777777,0.0,A>C
Cytb,Mammalia,Ovis_ammon,A>C,,18.6875,0.0,T>G
Cytb,Mammalia,Ovis_ammon,A>G,22.71638,69.34375,0.1538403078071226,T>C
Cytb,Mammalia,Ovis_ammon,A>T,,18.6875,0.0,T>A
Cytb,Mammalia,Ovis_ammon,C>A,,4.9375,0.0,G>T
Cytb,Mammalia,Ovis_ammon,C>G,0.91812,4.9375,0.0873234083587327,G>C
Cytb,Mammalia,Ovis_ammon,C>T,12.490472,9.09375,0.6450214817946076,G>A
Cytb,Mammalia,Ovis_ammon,G>A,26.331017,169.59375,0.0729115161710415,C>T
Cytb,Mammalia,Ovis_ammon,G>C,0.916632,54.65625,0.0078757790276083,C>G
Cytb,Mammalia,Ovis_ammon,G>T,,54.65625,0.0,C>A
Cytb,Mammalia,Ovis_ammon,T>A,0.99895,112.09375,0.0041850503950482,A>T
Cytb,Mammalia,Ovis_ammon,T>C,10.034125,163.375,0.0288424564458388,A>G
Cytb,Mammalia,Ovis_ammon,T>G,,112.09375,0.0,A>C
CO1,Mammalia,Ovis_aries,A>C,,62.86419753086404,0.0,T>G
CO1,Mammalia,Ovis_aries,A>G,58.98783,152.41975308641986,0.1921806535241136,T>C
CO1,Mammalia,Ovis_aries,A>T,2.0,62.86419753086404,0.015798473253217,T>A
CO1,Mammalia,Ovis_aries,C>A,,17.05555555555556,0.0,G>T
CO1,Mammalia,Ovis_aries,C>G,,17.05555555555556,0.0,G>C
CO1,Mammalia,Ovis_aries,C>T,27.99568,25.129629629629623,0.5532143445303818,G>A
CO1,Mammalia,Ovis_aries,G>A,50.98967,167.5,0.1511666154668823,C>T
CO1,Mammalia,Ovis_aries,G>C,,58.05555555555564,0.0,C>G
CO1,Mammalia,Ovis_aries,G>T,1.0,58.05555555555564,0.0085535168320447,C>A
CO1,Mammalia,Ovis_aries,T>A,,137.46296296296293,0.0,A>T
CO1,Mammalia,Ovis_aries,T>C,28.9947,210.95061728395075,0.0682537187768266,A>G
CO1,Mammalia,Ovis_aries,T>G,2.9987,137.46296296296293,0.0108326776165339,A>C
Cytb,Mammalia,Ovis_aries,A>C,1.0,21.900311526479783,0.0093773839411002,T>G
Cytb,Mammalia,Ovis_aries,A>G,112.9468,75.34890965732076,0.3078427636699982,T>C
Cytb,Mammalia,Ovis_aries,A>T,1.0,21.900311526479783,0.0093773839411002,T>A
Cytb,Mammalia,Ovis_aries,C>A,,5.971962616822436,0.0,G>T
Cytb,Mammalia,Ovis_aries,C>G,,5.971962616822436,0.0,G>C
Cytb,Mammalia,Ovis_aries,C>T,27.95251,12.57632398753898,0.4564561732137076,G>A
Cytb,Mammalia,Ovis_aries,G>A,106.950873,163.6417445482867,0.134221541903838,C>T
Cytb,Mammalia,Ovis_aries,G>C,1.0,50.22118380062337,0.0040892630175506,C>G
Cytb,Mammalia,Ovis_aries,G>T,2.0,50.22118380062337,0.0081785260351013,C>A
Cytb,Mammalia,Ovis_aries,T>A,4.99989,109.96573208722756,0.0093375957958773,A>T
Cytb,Mammalia,Ovis_aries,T>C,45.99715,159.42679127725867,0.0592518082362252,A>G
Cytb,Mammalia,Ovis_aries,T>G,1.0,109.96573208722756,0.0018675602455008,A>C
CO1,Mammalia,Ovis_orientalis,A>C,,61.54545454545453,0.0,T>G
CO1,Mammalia,Ovis_orientalis,A>G,7.752925,152.0909090909091,0.1486894466985985,T>C
CO1,Mammalia,Ovis_orientalis,A>T,0.99998,61.54545454545453,0.0473928852340413,T>A
CO1,Mammalia,Ovis_orientalis,C>A,,16.636363636363637,0.0,G>T
CO1,Mammalia,Ovis_orientalis,C>G,,16.636363636363637,0.0,G>C
CO1,Mammalia,Ovis_orientalis,C>T,4.21822,25.18181818181818,0.4886073110280323,G>A
CO1,Mammalia,Ovis_orientalis,G>A,8.49897,167.3636363636364,0.1481231746017257,C>T
CO1,Mammalia,Ovis_orientalis,G>C,,58.45454545454545,0.0,C>G
CO1,Mammalia,Ovis_orientalis,G>T,0.99646,58.45454545454545,0.0497232377968737,C>A
CO1,Mammalia,Ovis_orientalis,T>A,,138.63636363636363,0.0,A>T
CO1,Mammalia,Ovis_orientalis,T>C,8.530019,211.81818181818184,0.1174639446407283,A>G
CO1,Mammalia,Ovis_orientalis,T>G,,138.63636363636363,0.0,A>C
Cytb,Mammalia,Ovis_orientalis,A>C,,21.325000000000003,0.0,T>G
Cytb,Mammalia,Ovis_orientalis,A>G,27.984673,75.49999999999999,0.4254304674410383,T>C
Cytb,Mammalia,Ovis_orientalis,A>T,,21.325000000000003,0.0,T>A
Cytb,Mammalia,Ovis_orientalis,C>A,,5.2250000000000005,0.0,G>T
Cytb,Mammalia,Ovis_orientalis,C>G,,5.2250000000000005,0.0,G>C
Cytb,Mammalia,Ovis_orientalis,C>T,2.99997,11.674999999999995,0.2949275387361438,G>A
Cytb,Mammalia,Ovis_orientalis,G>A,20.924653,163.5,0.146891211145975,C>T
Cytb,Mammalia,Ovis_orientalis,G>C,,50.82499999999999,0.0,C>G
Cytb,Mammalia,Ovis_orientalis,G>T,,50.82499999999999,0.0,C>A
Cytb,Mammalia,Ovis_orientalis,T>A,1.99967,110.40000000000003,0.0207895247654592,A>T
Cytb,Mammalia,Ovis_orientalis,T>C,12.726789,160.225,0.0911683023082498,A>G
Cytb,Mammalia,Ovis_orientalis,T>G,2.0,110.40000000000003,0.0207929556031337,A>C
CO1,Mammalia,Ovis_vignei,A>C,1.0,61.1111111111111,0.0578889180486398,T>G
CO1,Mammalia,Ovis_vignei,A>G,10.680033,153.44444444444446,0.2462277735710158,T>C
CO1,Mammalia,Ovis_vignei,A>T,,61.1111111111111,0.0,T>A
CO1,Mammalia,Ovis_vignei,C>A,,14.22222222222222,0.0,G>T
CO1,Mammalia,Ovis_vignei,C>G,,14.22222222222222,0.0,G>C
CO1,Mammalia,Ovis_vignei,C>T,2.8383000000000003,23.666666666666664,0.4242646190309856,G>A
CO1,Mammalia,Ovis_vignei,G>A,6.843812,166.11111111111114,0.1457521602706112,C>T
CO1,Mammalia,Ovis_vignei,G>C,,58.99999999999999,0.0,C>G
CO1,Mammalia,Ovis_vignei,G>T,0.99954,58.99999999999999,0.0599326912061875,C>A
CO1,Mammalia,Ovis_vignei,T>A,,141.77777777777777,0.0,A>T
CO1,Mammalia,Ovis_vignei,T>C,3.98433,213.77777777777777,0.0659338378725599,A>G
CO1,Mammalia,Ovis_vignei,T>G,,141.77777777777777,0.0,A>C
Cytb,Mammalia,Ovis_vignei,A>C,,22.069767441860463,0.0,T>G
Cytb,Mammalia,Ovis_vignei,A>G,29.091237,79.30232558139537,0.404246731514954,T>C
Cytb,Mammalia,Ovis_vignei,A>T,,22.069767441860463,0.0,T>A
Cytb,Mammalia,Ovis_vignei,C>A,,4.581395348837213,0.0,G>T
Cytb,Mammalia,Ovis_vignei,C>G,,4.581395348837213,0.0,G>C
Cytb,Mammalia,Ovis_vignei,C>T,2.974432,8.906976744186052,0.3679967460254913,G>A
Cytb,Mammalia,Ovis_vignei,G>A,22.983937,159.67441860465118,0.1586205060861908,C>T
Cytb,Mammalia,Ovis_vignei,G>C,,50.093023255813925,0.0,C>G
Cytb,Mammalia,Ovis_vignei,G>T,,50.093023255813925,0.0,C>A
Cytb,Mammalia,Ovis_vignei,T>A,,110.04651162790698,0.0,A>T
Cytb,Mammalia,Ovis_vignei,T>C,5.781149,162.95348837209312,0.0390949581878295,A>G
Cytb,Mammalia,Ovis_vignei,T>G,3.0,110.04651162790698,0.0300410581855342,A>C
CO1,Mammalia,Pan_troglodytes,A>C,1.0,43.9113924050633,0.0178823954684585,T>G
CO1,Mammalia,Pan_troglodytes,A>G,26.749262,102.20253164556964,0.2055195093111415,T>C
CO1,Mammalia,Pan_troglodytes,A>T,1.0,43.9113924050633,0.0178823954684585,T>A
CO1,Mammalia,Pan_troglodytes,C>A,,15.493670886075924,0.0,G>T
CO1,Mammalia,Pan_troglodytes,C>G,,15.493670886075924,0.0,G>C
CO1,Mammalia,Pan_troglodytes,C>T,19.869595,30.17721518987341,0.5170264471204443,G>A
CO1,Mammalia,Pan_troglodytes,G>A,31.504348,242.93670886075952,0.101831058002528,C>T
CO1,Mammalia,Pan_troglodytes,G>C,1.0,103.1772151898735,0.0076106035922073,C>G
CO1,Mammalia,Pan_troglodytes,G>T,1.0,103.1772151898735,0.0076106035922073,C>A
CO1,Mammalia,Pan_troglodytes,T>A,2.0,113.3037974683544,0.0138608043526047,A>T
CO1,Mammalia,Pan_troglodytes,T>C,22.297512,180.6075949367089,0.0969445280108984,A>G
CO1,Mammalia,Pan_troglodytes,T>G,1.995794,113.3037974683544,0.0138316550810512,A>C
Cytb,Mammalia,Pan_troglodytes,A>C,0.99871,19.51685393258428,0.0242675552179035,T>G
Cytb,Mammalia,Pan_troglodytes,A>G,35.971266,56.2134831460674,0.3034671363990189,T>C
Cytb,Mammalia,Pan_troglodytes,A>T,,19.51685393258428,0.0,T>A
Cytb,Mammalia,Pan_troglodytes,C>A,,7.258426966292139,0.0,G>T
Cytb,Mammalia,Pan_troglodytes,C>G,,7.258426966292139,0.0,G>C
Cytb,Mammalia,Pan_troglodytes,C>T,16.691954,14.561797752808978,0.5436114856930248,G>A
Cytb,Mammalia,Pan_troglodytes,G>A,22.57476,209.89887640449464,0.0510046143187956,C>T
Cytb,Mammalia,Pan_troglodytes,G>C,,81.95505617977533,0.0,C>G
Cytb,Mammalia,Pan_troglodytes,G>T,1.0,81.95505617977533,0.0057865630229624,C>A
Cytb,Mammalia,Pan_troglodytes,T>A,1.0,90.33707865168536,0.0052496505832696,A>T
Cytb,Mammalia,Pan_troglodytes,T>C,17.75163,137.19101123595493,0.0613633441817554,A>G
Cytb,Mammalia,Pan_troglodytes,T>G,1.0,90.33707865168536,0.0052496505832696,A>C
CO1,Mammalia,Panthera_leo,A>C,0.99985,72.78125,0.0321666247799627,T>G
CO1,Mammalia,Panthera_leo,A>G,15.96694,178.34375,0.2096302496111533,T>C
CO1,Mammalia,Panthera_leo,A>T,1.99968,72.78125,0.0643326061309155,T>A
CO1,Mammalia,Panthera_leo,C>A,,31.78125,0.0,G>T
CO1,Mammalia,Panthera_leo,C>G,1.0,31.78125,0.0736748359968186,G>C
CO1,Mammalia,Panthera_leo,C>T,7.7219,56.0625,0.3225090196528759,G>A
CO1,Mammalia,Panthera_leo,G>A,8.990312,147.59375,0.1426254241196178,C>T
CO1,Mammalia,Panthera_leo,G>C,,58.71875,0.0,C>G
CO1,Mammalia,Panthera_leo,G>T,,58.71875,0.0,C>A
CO1,Mammalia,Panthera_leo,T>A,2.523437,111.65625,0.052917532002351,A>T
CO1,Mammalia,Panthera_leo,T>C,6.99827,177.71875,0.092203540217716,A>G
CO1,Mammalia,Panthera_leo,T>G,0.474009,111.65625,0.0099401674885889,A>C
Cytb,Mammalia,Panthera_leo,A>C,,26.416666666666657,0.0,T>G
Cytb,Mammalia,Panthera_leo,A>G,11.99868,86.55555555555557,0.2146536062702801,T>C
Cytb,Mammalia,Panthera_leo,A>T,,26.416666666666657,0.0,T>A
Cytb,Mammalia,Panthera_leo,C>A,,7.833333333333336,0.0,G>T
Cytb,Mammalia,Panthera_leo,C>G,,7.833333333333336,0.0,G>C
Cytb,Mammalia,Panthera_leo,C>T,6.99836,19.36111111111111,0.5597133533232946,G>A
Cytb,Mammalia,Panthera_leo,G>A,11.99927,172.72222222222217,0.1075737417825675,C>T
Cytb,Mammalia,Panthera_leo,G>C,2.0,67.75,0.0457109621362841,C>G
Cytb,Mammalia,Panthera_leo,G>T,,67.75,0.0,C>A
Cytb,Mammalia,Panthera_leo,T>A,1.0,92.80555555555556,0.0166849800434596,A>T
Cytb,Mammalia,Panthera_leo,T>C,4.99971,139.08333333333331,0.0556633564441139,A>G
Cytb,Mammalia,Panthera_leo,T>G,,92.80555555555556,0.0,A>C
CO1,Mammalia,Panthera_spelaea,A>C,,74.1578947368421,0.0,T>G
CO1,Mammalia,Panthera_spelaea,A>G,6.98556,178.00000000000006,0.1604304810565951,T>C
CO1,Mammalia,Panthera_spelaea,A>T,,74.1578947368421,0.0,T>A
CO1,Mammalia,Panthera_spelaea,C>A,,34.789473684210535,0.0,G>T
CO1,Mammalia,Panthera_spelaea,C>G,,34.789473684210535,0.0,G>C
CO1,Mammalia,Panthera_spelaea,C>T,7.251895,61.8421052631579,0.4793722639240029,G>A
CO1,Mammalia,Panthera_spelaea,G>A,6.759769,146.57894736842104,0.1885236838160591,C>T
CO1,Mammalia,Panthera_spelaea,G>C,,56.1578947368421,0.0,C>G
CO1,Mammalia,Panthera_spelaea,G>T,,56.1578947368421,0.0,C>A
CO1,Mammalia,Panthera_spelaea,T>A,,109.89473684210525,0.0,A>T
CO1,Mammalia,Panthera_spelaea,T>C,7.262928,172.94736842105266,0.1716735712033427,A>G
CO1,Mammalia,Panthera_spelaea,T>G,,109.89473684210525,0.0,A>C
Cytb,Mammalia,Panthera_spelaea,A>C,,27.535714285714285,0.0,T>G
Cytb,Mammalia,Panthera_spelaea,A>G,9.9999,89.46428571428571,0.2489985715865153,T>C
Cytb,Mammalia,Panthera_spelaea,A>T,,27.535714285714285,0.0,T>A
Cytb,Mammalia,Panthera_spelaea,C>A,,11.535714285714286,0.0,G>T
Cytb,Mammalia,Panthera_spelaea,C>G,,11.535714285714286,0.0,G>C
Cytb,Mammalia,Panthera_spelaea,C>T,5.99996,24.46428571428571,0.5463446723939434,G>A
Cytb,Mammalia,Panthera_spelaea,G>A,5.99988,170.2857142857143,0.0784901658155572,C>T
Cytb,Mammalia,Panthera_spelaea,G>C,,66.89285714285714,0.0,C>G
Cytb,Mammalia,Panthera_spelaea,G>T,,66.89285714285714,0.0,C>A
Cytb,Mammalia,Panthera_spelaea,T>A,,87.67857142857143,0.0,A>T
Cytb,Mammalia,Panthera_spelaea,T>C,5.99793,132.60714285714286,0.1007593535725863,A>G
Cytb,Mammalia,Panthera_spelaea,T>G,1.0,87.67857142857143,0.0254072366313977,A>C
CO1,Mammalia,Panthera_tigris,A>C,,66.61904761904763,0.0,T>G
CO1,Mammalia,Panthera_tigris,A>G,4.9987,163.7142857142857,0.2104323487159245,T>C
CO1,Mammalia,Panthera_tigris,A>T,,66.61904761904763,0.0,T>A
CO1,Mammalia,Panthera_tigris,C>A,,39.04761904761905,0.0,G>T
CO1,Mammalia,Panthera_tigris,C>G,,39.04761904761905,0.0,G>C
CO1,Mammalia,Panthera_tigris,C>T,1.99989,68.23809523809526,0.2019859774099618,G>A
CO1,Mammalia,Panthera_tigris,G>A,6.9844100000000005,159.14285714285717,0.3024715847298859,C>T
CO1,Mammalia,Panthera_tigris,G>C,,61.38095238095238,0.0,C>G
CO1,Mammalia,Panthera_tigris,G>T,,61.38095238095238,0.0,C>A
CO1,Mammalia,Panthera_tigris,T>A,,107.76190476190476,0.0,A>T
CO1,Mammalia,Panthera_tigris,T>C,6.97553,168.61904761904762,0.2851100891442278,A>G
CO1,Mammalia,Panthera_tigris,T>G,,107.76190476190476,0.0,A>C
Cytb,Mammalia,Panthera_tigris,A>C,,20.18518518518519,0.0,T>G
Cytb,Mammalia,Panthera_tigris,A>G,3.99906,74.29629629629628,0.0836387614461813,T>C
Cytb,Mammalia,Panthera_tigris,A>T,2.0,20.18518518518519,0.1539621953003356,T>A
Cytb,Mammalia,Panthera_tigris,C>A,,14.037037037037038,0.0,G>T
Cytb,Mammalia,Panthera_tigris,C>G,,14.037037037037038,0.0,G>C
Cytb,Mammalia,Panthera_tigris,C>T,9.99651,25.000000000000004,0.6213341634024135,G>A
Cytb,Mammalia,Panthera_tigris,G>A,9.99522,183.3333333333333,0.0847164522698841,C>T
Cytb,Mammalia,Panthera_tigris,G>C,,71.59259259259258,0.0,C>G
Cytb,Mammalia,Panthera_tigris,G>T,1.0,71.59259259259258,0.0217044481217493,C>A
Cytb,Mammalia,Panthera_tigris,T>A,,87.22222222222223,0.0,A>T
Cytb,Mammalia,Panthera_tigris,T>C,2.99994,134.55555555555557,0.034643979459436,A>G
Cytb,Mammalia,Panthera_tigris,T>G,,87.22222222222223,0.0,A>C
CO1,Mammalia,Papio_anubis,A>C,,54.333333333333336,0.0,T>G
CO1,Mammalia,Papio_anubis,A>G,24.306656,137.33333333333334,0.2649137087379228,T>C
CO1,Mammalia,Papio_anubis,A>T,,54.333333333333336,0.0,T>A
CO1,Mammalia,Papio_anubis,C>A,,26.0,0.0,G>T
CO1,Mammalia,Papio_anubis,C>G,,26.0,0.0,G>C
CO1,Mammalia,Papio_anubis,C>T,15.273684,43.52380952380952,0.5252572789515403,G>A
CO1,Mammalia,Papio_anubis,G>A,9.170487,224.4761904761905,0.0611473014393188,C>T
CO1,Mammalia,Papio_anubis,G>C,,95.90476190476188,0.0,C>G
CO1,Mammalia,Papio_anubis,G>T,,95.90476190476188,0.0,C>A
CO1,Mammalia,Papio_anubis,T>A,0.99932,95.8095238095238,0.0156117316290735,A>T
CO1,Mammalia,Papio_anubis,T>C,12.77727,162.76190476190476,0.1175007091734997,A>G
CO1,Mammalia,Papio_anubis,T>G,0.996602,95.8095238095238,0.0155692700686446,A>C
Cytb,Mammalia,Papio_anubis,A>C,,26.879999999999992,0.0,T>G
Cytb,Mammalia,Papio_anubis,A>G,59.140621,55.98,0.4841243269732431,T>C
Cytb,Mammalia,Papio_anubis,A>T,,26.879999999999992,0.0,T>A
Cytb,Mammalia,Papio_anubis,C>A,,8.999999999999998,0.0,G>T
Cytb,Mammalia,Papio_anubis,C>G,0.99799,8.999999999999998,0.0508144933853989,G>C
Cytb,Mammalia,Papio_anubis,C>T,12.016121,16.360000000000007,0.3365773707385268,G>A
Cytb,Mammalia,Papio_anubis,G>A,24.253433,200.78,0.0553549790011954,C>T
Cytb,Mammalia,Papio_anubis,G>C,,79.32000000000001,0.0,C>G
Cytb,Mammalia,Papio_anubis,G>T,,79.32000000000001,0.0,C>A
Cytb,Mammalia,Papio_anubis,T>A,1.942932,90.15999999999995,0.0098752390637092,A>T
Cytb,Mammalia,Papio_anubis,T>C,19.813181,143.54000000000005,0.0632535908379263,A>G
Cytb,Mammalia,Papio_anubis,T>G,,90.15999999999995,0.0,A>C
CO1,Mammalia,Papio_hamadryas,A>C,0.99984,55.3157894736842,0.0414226500820801,T>G
CO1,Mammalia,Papio_hamadryas,A>G,10.309404,133.8947368421053,0.1764519819254352,T>C
CO1,Mammalia,Papio_hamadryas,A>T,,55.3157894736842,0.0,T>A
CO1,Mammalia,Papio_hamadryas,C>A,0.99975,25.368421052631582,0.0903138722837919,G>T
CO1,Mammalia,Papio_hamadryas,C>G,,25.368421052631582,0.0,G>C
CO1,Mammalia,Papio_hamadryas,C>T,9.850354,40.47368421052632,0.5577448738220434,G>A
CO1,Mammalia,Papio_hamadryas,G>A,3.589912,224.21052631578945,0.0366930905424058,C>T
CO1,Mammalia,Papio_hamadryas,G>C,,92.73684210526314,0.0,C>G
CO1,Mammalia,Papio_hamadryas,G>T,,92.73684210526314,0.0,C>A
CO1,Mammalia,Papio_hamadryas,T>A,,95.63157894736842,0.0,A>T
CO1,Mammalia,Papio_hamadryas,T>C,6.901234,162.42105263157896,0.0973735313442434,A>G
CO1,Mammalia,Papio_hamadryas,T>G,,95.63157894736842,0.0,A>C
Cytb,Mammalia,Papio_hamadryas,A>C,,25.861111111111104,0.0,T>G
Cytb,Mammalia,Papio_hamadryas,A>G,11.99172,58.05555555555556,0.232573001205698,T>C
Cytb,Mammalia,Papio_hamadryas,A>T,,25.861111111111104,0.0,T>A
Cytb,Mammalia,Papio_hamadryas,C>A,,8.27777777777778,0.0,G>T
Cytb,Mammalia,Papio_hamadryas,C>G,,8.27777777777778,0.0,G>C
Cytb,Mammalia,Papio_hamadryas,C>T,8.99845,15.999999999999998,0.6332414407089292,G>A
Cytb,Mammalia,Papio_hamadryas,G>A,15.988264,197.66666666666663,0.0910729648764872,C>T
Cytb,Mammalia,Papio_hamadryas,G>C,,79.24999999999999,0.0,C>G
Cytb,Mammalia,Papio_hamadryas,G>T,,79.24999999999999,0.0,C>A
Cytb,Mammalia,Papio_hamadryas,T>A,1.0,92.97222222222224,0.0121106761683664,A>T
Cytb,Mammalia,Papio_hamadryas,T>C,3.98476,144.72222222222217,0.0310019170405191,A>G
Cytb,Mammalia,Papio_hamadryas,T>G,,92.97222222222224,0.0,A>C
CO1,Mammalia,Phoca_groenlandica,A>C,,58.91666666666666,0.0,T>G
CO1,Mammalia,Phoca_groenlandica,A>G,13.308245,145.0833333333333,0.2220847476013258,T>C
CO1,Mammalia,Phoca_groenlandica,A>T,,58.91666666666666,0.0,T>A
CO1,Mammalia,Phoca_groenlandica,C>A,,23.5,0.0,G>T
CO1,Mammalia,Phoca_groenlandica,C>G,,23.5,0.0,G>C
CO1,Mammalia,Phoca_groenlandica,C>T,4.98717,37.61111111111113,0.321035810657865,G>A
CO1,Mammalia,Phoca_groenlandica,G>A,21.615015,174.94444444444446,0.299137497596093,C>T
CO1,Mammalia,Phoca_groenlandica,G>C,,64.13888888888891,0.0,C>G
CO1,Mammalia,Phoca_groenlandica,G>T,,64.13888888888891,0.0,C>A
CO1,Mammalia,Phoca_groenlandica,T>A,1.0,127.4722222222222,0.0189932775053958,A>T
CO1,Mammalia,Phoca_groenlandica,T>C,9.958531,201.3333333333333,0.1197553891339242,A>G
CO1,Mammalia,Phoca_groenlandica,T>G,1.0,127.4722222222222,0.0189932775053958,A>C
Cytb,Mammalia,Phoca_groenlandica,A>C,,12.326086956521737,0.0,T>G
Cytb,Mammalia,Phoca_groenlandica,A>G,15.904442,57.65217391304349,0.2190344155150184,T>C
Cytb,Mammalia,Phoca_groenlandica,A>T,1.0,12.326086956521737,0.0644146100969501,T>A
Cytb,Mammalia,Phoca_groenlandica,C>A,,12.326086956521738,0.0,G>T
Cytb,Mammalia,Phoca_groenlandica,C>G,,12.326086956521738,0.0,G>C
Cytb,Mammalia,Phoca_groenlandica,C>T,9.982388,17.978260869565226,0.4408556163187671,G>A
Cytb,Mammalia,Phoca_groenlandica,G>A,21.892504,187.7173913043477,0.0925977719652296,C>T
Cytb,Mammalia,Phoca_groenlandica,G>C,,56.08695652173916,0.0,C>G
Cytb,Mammalia,Phoca_groenlandica,G>T,7.992783,56.08695652173916,0.1131477070942166,C>A
Cytb,Mammalia,Phoca_groenlandica,T>A,2.99915,117.1739130434782,0.0203224874125372,A>T
Cytb,Mammalia,Phoca_groenlandica,T>C,5.99754,162.47826086956516,0.0293080889434531,A>G
Cytb,Mammalia,Phoca_groenlandica,T>G,2.99868,117.1739130434782,0.0203193026538276,A>C
CO1,Mammalia,Phocoena_phocoena,A>C,0.9999,68.70588235294119,0.0410081545874893,T>G
CO1,Mammalia,Phocoena_phocoena,A>G,7.976593,145.00000000000006,0.1550090340101624,T>C
CO1,Mammalia,Phocoena_phocoena,A>T,,68.70588235294119,0.0,T>A
CO1,Mammalia,Phocoena_phocoena,C>A,,20.441176470588232,0.0,G>T
CO1,Mammalia,Phocoena_phocoena,C>G,,20.441176470588232,0.0,G>C
CO1,Mammalia,Phocoena_phocoena,C>T,5.99655,37.91176470588236,0.4456922044250966,G>A
CO1,Mammalia,Phocoena_phocoena,G>A,9.992884,181.5,0.1551392886159851,C>T
CO1,Mammalia,Phocoena_phocoena,G>C,,59.882352941176485,0.0,C>G
CO1,Mammalia,Phocoena_phocoena,G>T,0.99942,59.882352941176485,0.0470280269617765,C>A
CO1,Mammalia,Phocoena_phocoena,T>A,,126.47058823529407,0.0,A>T
CO1,Mammalia,Phocoena_phocoena,T>C,10.712995,193.3529411764707,0.1561232913994899,A>G
CO1,Mammalia,Phocoena_phocoena,T>G,,126.47058823529407,0.0,A>C
Cytb,Mammalia,Phocoena_phocoena,A>C,,22.935483870967744,0.0,T>G
Cytb,Mammalia,Phocoena_phocoena,A>G,14.9326,74.5483870967742,0.3602674864678369,T>C
Cytb,Mammalia,Phocoena_phocoena,A>T,,22.935483870967744,0.0,T>A
Cytb,Mammalia,Phocoena_phocoena,C>A,,11.870967741935484,0.0,G>T
Cytb,Mammalia,Phocoena_phocoena,C>G,,11.870967741935484,0.0,G>C
Cytb,Mammalia,Phocoena_phocoena,C>T,3.99878,17.806451612903224,0.4039038722631357,G>A
Cytb,Mammalia,Phocoena_phocoena,G>A,15.731167,178.9677419354839,0.1580935211157736,C>T
Cytb,Mammalia,Phocoena_phocoena,G>C,,61.06451612903227,0.0,C>G
Cytb,Mammalia,Phocoena_phocoena,G>T,,61.06451612903227,0.0,C>A
Cytb,Mammalia,Phocoena_phocoena,T>A,1.0,99.09677419354836,0.018149654906567,A>T
Cytb,Mammalia,Phocoena_phocoena,T>C,4.980084,150.32258064516137,0.0595854652466866,A>G
Cytb,Mammalia,Phocoena_phocoena,T>G,,99.09677419354836,0.0,A>C
CO1,Mammalia,Plecotus_macrobullaris,A>C,,86.75,0.0,T>G
CO1,Mammalia,Plecotus_macrobullaris,A>G,9.788729,197.3125,0.1573192899254828,T>C
CO1,Mammalia,Plecotus_macrobullaris,A>T,,86.75,0.0,T>A
CO1,Mammalia,Plecotus_macrobullaris,C>A,,27.1875,0.0,G>T
CO1,Mammalia,Plecotus_macrobullaris,C>G,,27.1875,0.0,G>C
CO1,Mammalia,Plecotus_macrobullaris,C>T,3.835339,46.875,0.2594613941786567,G>A
CO1,Mammalia,Plecotus_macrobullaris,G>A,16.394094,143.6875,0.3618084485185404,C>T
CO1,Mammalia,Plecotus_macrobullaris,G>C,,55.625,0.0,C>G
CO1,Mammalia,Plecotus_macrobullaris,G>T,0.993201,55.625,0.0566209817919841,C>A
CO1,Mammalia,Plecotus_macrobullaris,T>A,,104.625,0.0,A>T
CO1,Mammalia,Plecotus_macrobullaris,T>C,8.977147,172.75,0.1647898855853359,A>G
CO1,Mammalia,Plecotus_macrobullaris,T>G,,104.625,0.0,A>C
Cytb,Mammalia,Plecotus_macrobullaris,A>C,,46.07692307692307,0.0,T>G
Cytb,Mammalia,Plecotus_macrobullaris,A>G,15.623527,126.34615384615384,0.1290681022314939,T>C
Cytb,Mammalia,Plecotus_macrobullaris,A>T,,46.07692307692307,0.0,T>A
Cytb,Mammalia,Plecotus_macrobullaris,C>A,,7.346153846153845,0.0,G>T
Cytb,Mammalia,Plecotus_macrobullaris,C>G,,7.346153846153845,0.0,G>C
Cytb,Mammalia,Plecotus_macrobullaris,C>T,8.812294,15.34615384615384,0.5993648889437245,G>A
Cytb,Mammalia,Plecotus_macrobullaris,G>A,21.827771,129.5769230769231,0.1758262015270895,C>T
Cytb,Mammalia,Plecotus_macrobullaris,G>C,,47.49999999999999,0.0,C>G
Cytb,Mammalia,Plecotus_macrobullaris,G>T,1.0,47.49999999999999,0.0219739563977643,C>A
Cytb,Mammalia,Plecotus_macrobullaris,T>A,0.97794,88.46153846153848,0.0115387719503228,A>T
Cytb,Mammalia,Plecotus_macrobullaris,T>C,8.596598,144.19230769230768,0.0622280789496047,A>G
Cytb,Mammalia,Plecotus_macrobullaris,T>G,,88.46153846153848,0.0,A>C
CO1,Mammalia,Prionailurus_bengalensis,A>C,,75.24999999999997,0.0,T>G
CO1,Mammalia,Prionailurus_bengalensis,A>G,20.840537,179.7222222222222,0.1815715843605596,T>C
CO1,Mammalia,Prionailurus_bengalensis,A>T,,75.24999999999997,0.0,T>A
CO1,Mammalia,Prionailurus_bengalensis,C>A,,18.61111111111111,0.0,G>T
CO1,Mammalia,Prionailurus_bengalensis,C>G,,18.61111111111111,0.0,G>C
CO1,Mammalia,Prionailurus_bengalensis,C>T,14.411326,42.69444444444444,0.5285344908693846,G>A
CO1,Mammalia,Prionailurus_bengalensis,G>A,21.427811,148.80555555555551,0.2254755314762604,C>T
CO1,Mammalia,Prionailurus_bengalensis,G>C,,57.88888888888887,0.0,C>G
CO1,Mammalia,Prionailurus_bengalensis,G>T,,57.88888888888887,0.0,C>A
CO1,Mammalia,Prionailurus_bengalensis,T>A,0.99991,112.63888888888889,0.0138999523590752,A>T
CO1,Mammalia,Prionailurus_bengalensis,T>C,5.98664,185.55555555555551,0.0505184409347199,A>G
CO1,Mammalia,Prionailurus_bengalensis,T>G,,112.63888888888889,0.0,A>C
Cytb,Mammalia,Prionailurus_bengalensis,A>C,,23.75,0.0,T>G
Cytb,Mammalia,Prionailurus_bengalensis,A>G,39.014155,68.22000000000004,0.2710648859637716,T>C
Cytb,Mammalia,Prionailurus_bengalensis,A>T,,23.75,0.0,T>A
Cytb,Mammalia,Prionailurus_bengalensis,C>A,,4.039999999999997,0.0,G>T
Cytb,Mammalia,Prionailurus_bengalensis,C>G,,4.039999999999997,0.0,G>C
Cytb,Mammalia,Prionailurus_bengalensis,C>T,14.99684,12.399999999999997,0.5732457520654035,G>A
Cytb,Mammalia,Prionailurus_bengalensis,G>A,36.59359,188.39,0.0920682618079183,C>T
Cytb,Mammalia,Prionailurus_bengalensis,G>C,,66.85999999999997,0.0,C>G
Cytb,Mammalia,Prionailurus_bengalensis,G>T,2.9997,66.85999999999997,0.0212654326575034,C>A
Cytb,Mammalia,Prionailurus_bengalensis,T>A,0.99983,101.05999999999996,0.0046893175375984,A>T
Cytb,Mammalia,Prionailurus_bengalensis,T>C,11.69447,147.15999999999994,0.0376663499678045,A>G
Cytb,Mammalia,Prionailurus_bengalensis,T>G,,101.05999999999996,0.0,A>C
CO1,Mammalia,Procyon_lotor,A>C,,67.92307692307693,0.0,T>G
CO1,Mammalia,Procyon_lotor,A>G,7.972614,156.8461538461538,0.1340985064221046,T>C
CO1,Mammalia,Procyon_lotor,A>T,,67.92307692307693,0.0,T>A
CO1,Mammalia,Procyon_lotor,C>A,,27.769230769230766,0.0,G>T
CO1,Mammalia,Procyon_lotor,C>G,,27.769230769230766,0.0,G>C
CO1,Mammalia,Procyon_lotor,C>T,8.956944,51.384615384615394,0.459858083567171,G>A
CO1,Mammalia,Procyon_lotor,G>A,17.861358,150.3076923076923,0.3134948021413952,C>T
CO1,Mammalia,Procyon_lotor,G>C,,42.23076923076923,0.0,C>G
CO1,Mammalia,Procyon_lotor,G>T,,42.23076923076923,0.0,C>A
CO1,Mammalia,Procyon_lotor,T>A,,132.3846153846154,0.0,A>T
CO1,Mammalia,Procyon_lotor,T>C,3.984502,199.46153846153848,0.0527001633054089,A>G
CO1,Mammalia,Procyon_lotor,T>G,1.99964,132.3846153846154,0.0398484445639202,A>C
Cytb,Mammalia,Procyon_lotor,A>C,,29.971428571428586,0.0,T>G
Cytb,Mammalia,Procyon_lotor,A>G,12.774178,94.4571428571428,0.1556558661534473,T>C
Cytb,Mammalia,Procyon_lotor,A>T,,29.971428571428586,0.0,T>A
Cytb,Mammalia,Procyon_lotor,C>A,0.99958,9.8,0.1173974912218277,G>T
Cytb,Mammalia,Procyon_lotor,C>G,,9.8,0.0,G>C
Cytb,Mammalia,Procyon_lotor,C>T,5.983343,13.800000000000008,0.4990363113183553,G>A
Cytb,Mammalia,Procyon_lotor,G>A,15.680314,153.40000000000003,0.1176512997693119,C>T
Cytb,Mammalia,Procyon_lotor,G>C,0.99945,44.88571428571427,0.0256283275209629,C>G
Cytb,Mammalia,Procyon_lotor,G>T,1.0,44.88571428571427,0.0256424308579348,C>A
Cytb,Mammalia,Procyon_lotor,T>A,1.99902,100.97142857142856,0.0227869380820404,A>T
Cytb,Mammalia,Procyon_lotor,T>C,4.930877,156.7714285714286,0.0362013350761193,A>G
Cytb,Mammalia,Procyon_lotor,T>G,,100.97142857142856,0.0,A>C
CO1,Mammalia,Proechimys_guyannensis,A>C,,83.92857142857142,0.0,T>G
CO1,Mammalia,Proechimys_guyannensis,A>G,5.990485,210.1428571428572,0.063175730563655,T>C
CO1,Mammalia,Proechimys_guyannensis,A>T,,83.92857142857142,0.0,T>A
CO1,Mammalia,Proechimys_guyannensis,C>A,,13.428571428571429,0.0,G>T
CO1,Mammalia,Proechimys_guyannensis,C>G,0.99992,13.428571428571429,0.1650206760319389,G>C
CO1,Mammalia,Proechimys_guyannensis,C>T,5.111754,18.071428571428573,0.6268741773979307,G>A
CO1,Mammalia,Proechimys_guyannensis,G>A,4.789631,116.71428571428572,0.0909454466063184,C>T
CO1,Mammalia,Proechimys_guyannensis,G>C,,41.42857142857142,0.0,C>G
CO1,Mammalia,Proechimys_guyannensis,G>T,,41.42857142857142,0.0,C>A
CO1,Mammalia,Proechimys_guyannensis,T>A,,115.57142857142856,0.0,A>T
CO1,Mammalia,Proechimys_guyannensis,T>C,5.164137,212.00000000000009,0.0539839694001568,A>G
CO1,Mammalia,Proechimys_guyannensis,T>G,,115.57142857142856,0.0,A>C
Cytb,Mammalia,Proechimys_guyannensis,A>C,,38.8695652173913,0.0,T>G
Cytb,Mammalia,Proechimys_guyannensis,A>G,18.956507,118.56521739130432,0.1383003149528192,T>C
Cytb,Mammalia,Proechimys_guyannensis,A>T,1.157372,38.8695652173913,0.0257564167816549,T>A
Cytb,Mammalia,Proechimys_guyannensis,C>A,,6.391304347826087,0.0,G>T
Cytb,Mammalia,Proechimys_guyannensis,C>G,,6.391304347826087,0.0,G>C
Cytb,Mammalia,Proechimys_guyannensis,C>T,6.302770000000001,9.82608695652174,0.5548467053212721,G>A
Cytb,Mammalia,Proechimys_guyannensis,G>A,29.018206,127.82608695652168,0.1963691320364215,C>T
Cytb,Mammalia,Proechimys_guyannensis,G>C,,34.78260869565217,0.0,C>G
Cytb,Mammalia,Proechimys_guyannensis,G>T,1.25467,34.78260869565217,0.0312025090878672,C>A
Cytb,Mammalia,Proechimys_guyannensis,T>A,0.99343,98.9565217391304,0.0086839038184723,A>T
Cytb,Mammalia,Proechimys_guyannensis,T>C,8.490262,163.78260869565213,0.0448410180014927,A>G
Cytb,Mammalia,Proechimys_guyannensis,T>G,,98.9565217391304,0.0,A>C
CO1,Mammalia,Propithecus_diadema,A>C,,60.8421052631579,0.0,T>G
CO1,Mammalia,Propithecus_diadema,A>G,10.741785,147.78947368421055,0.1384200104325954,T>C
CO1,Mammalia,Propithecus_diadema,A>T,,60.8421052631579,0.0,T>A
CO1,Mammalia,Propithecus_diadema,C>A,,15.26315789473684,0.0,G>T
CO1,Mammalia,Propithecus_diadema,C>G,,15.26315789473684,0.0,G>C
CO1,Mammalia,Propithecus_diadema,C>T,8.403384,23.05263157894737,0.6942240014102671,G>A
CO1,Mammalia,Propithecus_diadema,G>A,8.741327,174.21052631578948,0.0955584064086317,C>T
CO1,Mammalia,Propithecus_diadema,G>C,,65.26315789473685,0.0,C>G
CO1,Mammalia,Propithecus_diadema,G>T,,65.26315789473685,0.0,C>A
CO1,Mammalia,Propithecus_diadema,T>A,1.0,124.05263157894736,0.0153518225917603,A>T
CO1,Mammalia,Propithecus_diadema,T>C,6.274135,211.68421052631584,0.0564457591567453,A>G
CO1,Mammalia,Propithecus_diadema,T>G,,124.05263157894736,0.0,A>C
Cytb,Mammalia,Propithecus_diadema,A>C,,34.368421052631575,0.0,T>G
Cytb,Mammalia,Propithecus_diadema,A>G,22.223384,77.47368421052633,0.8477809548543336,T>C
Cytb,Mammalia,Propithecus_diadema,A>T,,34.368421052631575,0.0,T>A
Cytb,Mammalia,Propithecus_diadema,C>A,,1.5263157894736838,0.0,G>T
Cytb,Mammalia,Propithecus_diadema,C>G,,1.5263157894736838,0.0,G>C
Cytb,Mammalia,Propithecus_diadema,C>T,,6.157894736842105,0.0,G>A
Cytb,Mammalia,Propithecus_diadema,G>A,8.187898,183.0,0.1322357883367586,C>T
Cytb,Mammalia,Propithecus_diadema,G>C,,62.368421052631575,0.0,C>G
Cytb,Mammalia,Propithecus_diadema,G>T,,62.368421052631575,0.0,C>A
Cytb,Mammalia,Propithecus_diadema,T>A,,95.8421052631579,0.0,A>T
Cytb,Mammalia,Propithecus_diadema,T>C,0.99998,147.8947368421052,0.0199832568089077,A>G
Cytb,Mammalia,Propithecus_diadema,T>G,,95.8421052631579,0.0,A>C
CO1,Mammalia,Rattus_norvegicus,A>C,,58.833333333333336,0.0,T>G
CO1,Mammalia,Rattus_norvegicus,A>G,6.433445,141.91666666666669,0.1724449855629471,T>C
CO1,Mammalia,Rattus_norvegicus,A>T,,58.833333333333336,0.0,T>A
CO1,Mammalia,Rattus_norvegicus,C>A,,14.75,0.0,G>T
CO1,Mammalia,Rattus_norvegicus,C>G,,14.75,0.0,G>C
CO1,Mammalia,Rattus_norvegicus,C>T,2.99556,21.0,0.5426241364912778,G>A
CO1,Mammalia,Rattus_norvegicus,G>A,6.948952,176.33333333333331,0.1499081601997915,C>T
CO1,Mammalia,Rattus_norvegicus,G>C,,69.50000000000001,0.0,C>G
CO1,Mammalia,Rattus_norvegicus,G>T,,69.50000000000001,0.0,C>A
CO1,Mammalia,Rattus_norvegicus,T>A,0.99985,134.08333333333331,0.0283661524470433,A>T
CO1,Mammalia,Rattus_norvegicus,T>C,5.941722,211.91666666666669,0.1066565652989401,A>G
CO1,Mammalia,Rattus_norvegicus,T>G,,134.08333333333331,0.0,A>C
Cytb,Mammalia,Rattus_norvegicus,A>C,,21.081081081081106,0.0,T>G
Cytb,Mammalia,Rattus_norvegicus,A>G,44.57521,67.30810810810827,0.1484576793000467,T>C
Cytb,Mammalia,Rattus_norvegicus,A>T,3.0,21.081081081081106,0.0319010537755123,T>A
Cytb,Mammalia,Rattus_norvegicus,C>A,,4.881081081081086,0.0,G>T
Cytb,Mammalia,Rattus_norvegicus,C>G,1.0,4.881081081081086,0.045926212522886,G>C
Cytb,Mammalia,Rattus_norvegicus,C>T,19.99036,7.059459459459459,0.6347837780684595,G>A
Cytb,Mammalia,Rattus_norvegicus,G>A,56.577913,184.71891891891897,0.0686613279096082,C>T
Cytb,Mammalia,Rattus_norvegicus,G>C,2.0,58.99459459459448,0.0075996646340784,C>G
Cytb,Mammalia,Rattus_norvegicus,G>T,1.0,58.99459459459448,0.0037998323170392,C>A
Cytb,Mammalia,Rattus_norvegicus,T>A,5.967325,104.6162162162162,0.0127866664481372,A>T
Cytb,Mammalia,Rattus_norvegicus,T>C,27.876871,157.58378378378387,0.0396560226777082,A>G
Cytb,Mammalia,Rattus_norvegicus,T>G,2.99973,104.6162162162162,0.0064277623465238,A>C
CO1,Mammalia,Rusa_unicolor,A>C,,66.40740740740739,0.0,T>G
CO1,Mammalia,Rusa_unicolor,A>G,28.03162,179.11111111111106,0.1861601879563096,T>C
CO1,Mammalia,Rusa_unicolor,A>T,,66.40740740740739,0.0,T>A
CO1,Mammalia,Rusa_unicolor,C>A,,15.148148148148143,0.0,G>T
CO1,Mammalia,Rusa_unicolor,C>G,,15.148148148148143,0.0,G>C
CO1,Mammalia,Rusa_unicolor,C>T,10.960296,24.740740740740748,0.5269515962337297,G>A
CO1,Mammalia,Rusa_unicolor,G>A,18.768731,143.7777777777778,0.1552759813263682,C>T
CO1,Mammalia,Rusa_unicolor,G>C,,57.66666666666666,0.0,C>G
CO1,Mammalia,Rusa_unicolor,G>T,1.88499,57.66666666666666,0.0388817086607979,C>A
CO1,Mammalia,Rusa_unicolor,T>A,1.99869,123.74074074074078,0.0192129418231023,A>T
CO1,Mammalia,Rusa_unicolor,T>C,12.967798,209.81481481481472,0.073517583999692,A>G
CO1,Mammalia,Rusa_unicolor,T>G,,123.74074074074078,0.0,A>C
Cytb,Mammalia,Rusa_unicolor,A>C,,21.21052631578948,0.0,T>G
Cytb,Mammalia,Rusa_unicolor,A>G,23.795893,82.73684210526316,0.204799125655671,T>C
Cytb,Mammalia,Rusa_unicolor,A>T,0.99504,21.21052631578948,0.0334052038103319,T>A
Cytb,Mammalia,Rusa_unicolor,C>A,,7.315789473684207,0.0,G>T
Cytb,Mammalia,Rusa_unicolor,C>G,,7.315789473684207,0.0,G>C
Cytb,Mammalia,Rusa_unicolor,C>T,10.930403,13.394736842105267,0.5810680819594376,G>A
Cytb,Mammalia,Rusa_unicolor,G>A,24.589678,154.13157894736838,0.1136020702307265,C>T
Cytb,Mammalia,Rusa_unicolor,G>C,,47.05263157894736,0.0,C>G
Cytb,Mammalia,Rusa_unicolor,G>T,0.99979,47.05263157894736,0.0151303823262771,C>A
Cytb,Mammalia,Rusa_unicolor,T>A,,110.55263157894731,0.0,A>T
Cytb,Mammalia,Rusa_unicolor,T>C,8.9643,163.15789473684208,0.0391231055105369,A>G
Cytb,Mammalia,Rusa_unicolor,T>G,1.99844,110.55263157894731,0.0128720305070187,A>C
CO1,Mammalia,Sciurus_anomalus,A>C,,72.1764705882353,0.0,T>G
CO1,Mammalia,Sciurus_anomalus,A>G,8.98691,173.47058823529414,0.1850003103080071,T>C
CO1,Mammalia,Sciurus_anomalus,A>T,,72.1764705882353,0.0,T>A
CO1,Mammalia,Sciurus_anomalus,C>A,,23.0,0.0,G>T
CO1,Mammalia,Sciurus_anomalus,C>G,,23.0,0.0,G>C
CO1,Mammalia,Sciurus_anomalus,C>T,3.994863,33.64705882352941,0.423977391321944,G>A
CO1,Mammalia,Sciurus_anomalus,G>A,6.98175,151.58823529411762,0.1644700074585585,C>T
CO1,Mammalia,Sciurus_anomalus,G>C,,52.764705882352935,0.0,C>G
CO1,Mammalia,Sciurus_anomalus,G>T,,52.764705882352935,0.0,C>A
CO1,Mammalia,Sciurus_anomalus,T>A,1.0,120.82352941176472,0.0295553698035523,A>T
CO1,Mammalia,Sciurus_anomalus,T>C,10.99426,199.29411764705884,0.1969969211079379,A>G
CO1,Mammalia,Sciurus_anomalus,T>G,,120.82352941176472,0.0,A>C
Cytb,Mammalia,Sciurus_anomalus,A>C,,52.08571428571429,0.0,T>G
Cytb,Mammalia,Sciurus_anomalus,A>G,23.957331,124.05714285714288,0.3183545658782004,T>C
Cytb,Mammalia,Sciurus_anomalus,A>T,,52.08571428571429,0.0,T>A
Cytb,Mammalia,Sciurus_anomalus,C>A,,3.6571428571428575,0.0,G>T
Cytb,Mammalia,Sciurus_anomalus,C>G,,3.6571428571428575,0.0,G>C
Cytb,Mammalia,Sciurus_anomalus,C>T,0.99999,9.485714285714288,0.1737881028013673,G>A
Cytb,Mammalia,Sciurus_anomalus,G>A,23.942274,155.94285714285715,0.2531012757122601,C>T
Cytb,Mammalia,Sciurus_anomalus,G>C,1.0,64.99999999999997,0.0253618580713516,C>G
Cytb,Mammalia,Sciurus_anomalus,G>T,,64.99999999999997,0.0,C>A
Cytb,Mammalia,Sciurus_anomalus,T>A,2.99981,63.65714285714284,0.0776856906076409,A>T
Cytb,Mammalia,Sciurus_anomalus,T>C,10.98803,119.40000000000003,0.1517085069291795,A>G
Cytb,Mammalia,Sciurus_anomalus,T>G,,63.65714285714284,0.0,A>C
CO1,Mammalia,Sicista_betulina,A>C,,89.7272727272727,0.0,T>G
CO1,Mammalia,Sicista_betulina,A>G,12.408432,175.15151515151518,0.206515510385493,T>C
CO1,Mammalia,Sicista_betulina,A>T,4.841117,89.7272727272727,0.1572790146882373,T>A
CO1,Mammalia,Sicista_betulina,C>A,,17.818181818181813,0.0,G>T
CO1,Mammalia,Sicista_betulina,C>G,,17.818181818181813,0.0,G>C
CO1,Mammalia,Sicista_betulina,C>T,2.1239280000000003,29.909090909090896,0.2070075788968281,G>A
CO1,Mammalia,Sicista_betulina,G>A,16.406877,170.45454545454552,0.2805866499364647,C>T
CO1,Mammalia,Sicista_betulina,G>C,,70.0,0.0,C>G
CO1,Mammalia,Sicista_betulina,G>T,,70.0,0.0,C>A
CO1,Mammalia,Sicista_betulina,T>A,2.765341,95.81818181818176,0.0841299121599377,A>T
CO1,Mammalia,Sicista_betulina,T>C,1.99813,170.81818181818184,0.0340988171379077,A>G
CO1,Mammalia,Sicista_betulina,T>G,0.99867,95.81818181818176,0.0303825167951312,A>C
Cytb,Mammalia,Sicista_betulina,A>C,,46.83333333333333,0.0,T>G
Cytb,Mammalia,Sicista_betulina,A>G,16.910604,120.23333333333338,0.2049607746083558,T>C
Cytb,Mammalia,Sicista_betulina,A>T,0.99974,46.83333333333333,0.031107744329713,T>A
Cytb,Mammalia,Sicista_betulina,C>A,,4.566666666666667,0.0,G>T
Cytb,Mammalia,Sicista_betulina,C>G,,4.566666666666667,0.0,G>C
Cytb,Mammalia,Sicista_betulina,C>T,2.99316,10.8,0.4038710271620714,G>A
Cytb,Mammalia,Sicista_betulina,G>A,24.181116,158.13333333333327,0.2228380946625933,C>T
Cytb,Mammalia,Sicista_betulina,G>C,,57.63333333333332,0.0,C>G
Cytb,Mammalia,Sicista_betulina,G>T,1.99984,57.63333333333332,0.0505659340402294,C>A
Cytb,Mammalia,Sicista_betulina,T>A,,72.23333333333332,0.0,A>T
Cytb,Mammalia,Sicista_betulina,T>C,5.83499,127.89999999999998,0.066482308805668,A>G
Cytb,Mammalia,Sicista_betulina,T>G,0.99999,72.23333333333332,0.0201741163913688,A>C
CO1,Mammalia,Spilogale_gracilis,A>C,,61.08695652173913,0.0,T>G
CO1,Mammalia,Spilogale_gracilis,A>G,11.761913,176.3043478260869,0.1555363979775691,T>C
CO1,Mammalia,Spilogale_gracilis,A>T,,61.08695652173913,0.0,T>A
CO1,Mammalia,Spilogale_gracilis,C>A,1.0,16.782608695652176,0.1389177140518637,G>T
CO1,Mammalia,Spilogale_gracilis,C>G,,16.782608695652176,0.0,G>C
CO1,Mammalia,Spilogale_gracilis,C>T,4.6807360000000005,29.39130434782609,0.3712892574664231,G>A
CO1,Mammalia,Spilogale_gracilis,G>A,12.354759,121.7391304347826,0.2366035081733901,C>T
CO1,Mammalia,Spilogale_gracilis,G>C,,37.95652173913043,0.0,C>G
CO1,Mammalia,Spilogale_gracilis,G>T,,37.95652173913043,0.0,C>A
CO1,Mammalia,Spilogale_gracilis,T>A,,144.52173913043478,0.0,A>T
CO1,Mammalia,Spilogale_gracilis,T>C,9.657458,230.5652173913043,0.0976531223307537,A>G
CO1,Mammalia,Spilogale_gracilis,T>G,,144.52173913043478,0.0,A>C
Cytb,Mammalia,Spilogale_gracilis,A>C,1.0,28.815384615384588,0.0448409897463428,T>G
Cytb,Mammalia,Spilogale_gracilis,A>G,19.590094,93.70769230769233,0.2701225791227102,T>C
Cytb,Mammalia,Spilogale_gracilis,A>T,0.99944,28.815384615384588,0.0448158787920848,T>A
Cytb,Mammalia,Spilogale_gracilis,C>A,,8.461538461538456,0.0,G>T
Cytb,Mammalia,Spilogale_gracilis,C>G,,8.461538461538456,0.0,G>C
Cytb,Mammalia,Spilogale_gracilis,C>T,4.99521,17.15384615384615,0.3762632918493478,G>A
Cytb,Mammalia,Spilogale_gracilis,G>A,19.638582,159.30769230769232,0.1592843070516075,C>T
Cytb,Mammalia,Spilogale_gracilis,G>C,,46.36923076923076,0.0,C>G
Cytb,Mammalia,Spilogale_gracilis,G>T,,46.36923076923076,0.0,C>A
Cytb,Mammalia,Spilogale_gracilis,T>A,1.0,99.52307692307689,0.0129830226920544,A>T
Cytb,Mammalia,Spilogale_gracilis,T>C,10.99683,154.96923076923085,0.0916899307458522,A>G
Cytb,Mammalia,Spilogale_gracilis,T>G,,99.52307692307689,0.0,A>C
CO1,Mammalia,Stenella_attenuata,A>C,,79.015625,0.0,T>G
CO1,Mammalia,Stenella_attenuata,A>G,10.967468,172.296875,0.1108669092486514,T>C
CO1,Mammalia,Stenella_attenuata,A>T,,79.015625,0.0,T>A
CO1,Mammalia,Stenella_attenuata,C>A,,10.75,0.0,G>T
CO1,Mammalia,Stenella_attenuata,C>G,,10.75,0.0,G>C
CO1,Mammalia,Stenella_attenuata,C>T,6.0,20.8125,0.5021112645606503,G>A
CO1,Mammalia,Stenella_attenuata,G>A,17.510955,154.71875,0.1971241569818875,C>T
CO1,Mammalia,Stenella_attenuata,G>C,,46.078125,0.0,C>G
CO1,Mammalia,Stenella_attenuata,G>T,1.99796,46.078125,0.0755205172314121,C>A
CO1,Mammalia,Stenella_attenuata,T>A,,131.921875,0.0,A>T
CO1,Mammalia,Stenella_attenuata,T>C,13.99487,213.109375,0.1143771519773988,A>G
CO1,Mammalia,Stenella_attenuata,T>G,,131.921875,0.0,A>C
Cytb,Mammalia,Stenella_attenuata,A>C,,32.27868852459016,0.0,T>G
Cytb,Mammalia,Stenella_attenuata,A>G,22.425636,82.59016393442622,0.2166362775433674,T>C
Cytb,Mammalia,Stenella_attenuata,A>T,1.0,32.27868852459016,0.0247171767375033,T>A
Cytb,Mammalia,Stenella_attenuata,C>A,,3.622950819672132,0.0,G>T
Cytb,Mammalia,Stenella_attenuata,C>G,,3.622950819672132,0.0,G>C
Cytb,Mammalia,Stenella_attenuata,C>T,4.971437,6.688524590163938,0.5930159250997732,G>A
Cytb,Mammalia,Stenella_attenuata,G>A,24.392052,173.5573770491803,0.1121295303750107,C>T
Cytb,Mammalia,Stenella_attenuata,G>C,,56.06557377049185,0.0,C>G
Cytb,Mammalia,Stenella_attenuata,G>T,,56.06557377049185,0.0,C>A
Cytb,Mammalia,Stenella_attenuata,T>A,0.99639,100.67213114754108,0.0078965036768194,A>T
Cytb,Mammalia,Stenella_attenuata,T>C,5.99886,160.81967213114754,0.0297607792374035,A>G
Cytb,Mammalia,Stenella_attenuata,T>G,1.99919,100.67213114754108,0.0158438073301223,A>C
CO1,Mammalia,Stenella_longirostris,A>C,,81.94594594594598,0.0,T>G
CO1,Mammalia,Stenella_longirostris,A>G,29.349191,179.1756756756755,0.1062447230042223,T>C
CO1,Mammalia,Stenella_longirostris,A>T,,81.94594594594598,0.0,T>A
CO1,Mammalia,Stenella_longirostris,C>A,,11.878378378378372,0.0,G>T
CO1,Mammalia,Stenella_longirostris,C>G,,11.878378378378372,0.0,G>C
CO1,Mammalia,Stenella_longirostris,C>T,23.247269,24.56756756756757,0.6137620994367369,G>A
CO1,Mammalia,Stenella_longirostris,G>A,39.059816,149.7027027027028,0.1692352537517772,C>T
CO1,Mammalia,Stenella_longirostris,G>C,,43.93243243243242,0.0,C>G
CO1,Mammalia,Stenella_longirostris,G>T,2.0,43.93243243243242,0.0295280678956252,C>A
CO1,Mammalia,Stenella_longirostris,T>A,4.99992,130.05405405405415,0.0249361525344705,A>T
CO1,Mammalia,Stenella_longirostris,T>C,16.639199,210.35135135135144,0.0513070912967513,A>G
CO1,Mammalia,Stenella_longirostris,T>G,0.99986,130.05405405405415,0.0049866120804164,A>C
Cytb,Mammalia,Stenella_longirostris,A>C,,27.29113924050631,0.0,T>G
Cytb,Mammalia,Stenella_longirostris,A>G,43.875791,81.50632911392401,0.2402134229763923,T>C
Cytb,Mammalia,Stenella_longirostris,A>T,,27.29113924050631,0.0,T>A
Cytb,Mammalia,Stenella_longirostris,C>A,,4.759493670886078,0.0,G>T
Cytb,Mammalia,Stenella_longirostris,C>G,0.99928,4.759493670886078,0.0936893203125481,G>C
Cytb,Mammalia,Stenella_longirostris,C>T,7.98203,6.848101265822779,0.5201239217482483,G>A
Cytb,Mammalia,Stenella_longirostris,G>A,38.848215,176.03797468354432,0.0984755356547702,C>T
Cytb,Mammalia,Stenella_longirostris,G>C,0.99968,60.46835443037976,0.0073772839573021,C>G
Cytb,Mammalia,Stenella_longirostris,G>T,,60.46835443037976,0.0,C>A
Cytb,Mammalia,Stenella_longirostris,T>A,,101.54430379746849,0.0,A>T
Cytb,Mammalia,Stenella_longirostris,T>C,12.98914,162.24050632911374,0.035726029401444,A>G
Cytb,Mammalia,Stenella_longirostris,T>G,1.0,101.54430379746849,0.0043944859492948,A>C
CO1,Mammalia,Stenocephalemys_albipes,A>C,,77.89999999999999,0.0,T>G
CO1,Mammalia,Stenocephalemys_albipes,A>G,10.464766,177.10000000000002,0.1112707783363659,T>C
CO1,Mammalia,Stenocephalemys_albipes,A>T,1.0,77.89999999999999,0.0241731199916409,T>A
CO1,Mammalia,Stenocephalemys_albipes,C>A,,7.800000000000001,0.0,G>T
CO1,Mammalia,Stenocephalemys_albipes,C>G,,7.800000000000001,0.0,G>C
CO1,Mammalia,Stenocephalemys_albipes,C>T,3.982329,11.7,0.6409459979361211,G>A
CO1,Mammalia,Stenocephalemys_albipes,G>A,5.96849,124.4,0.090347108060619,C>T
CO1,Mammalia,Stenocephalemys_albipes,G>C,0.985902,32.2,0.057656468951966,C>G
CO1,Mammalia,Stenocephalemys_albipes,G>T,,32.2,0.0,C>A
CO1,Mammalia,Stenocephalemys_albipes,T>A,,153.70000000000002,0.0,A>T
CO1,Mammalia,Stenocephalemys_albipes,T>C,9.603959,239.2,0.0756065267232868,A>G
CO1,Mammalia,Stenocephalemys_albipes,T>G,,153.70000000000002,0.0,A>C
Cytb,Mammalia,Stenocephalemys_albipes,A>C,0.99896,27.888888888888907,0.0146096285241642,T>G
Cytb,Mammalia,Stenocephalemys_albipes,A>G,33.166751,94.02222222222224,0.143878103775465,T>C
Cytb,Mammalia,Stenocephalemys_albipes,A>T,,27.888888888888907,0.0,T>A
Cytb,Mammalia,Stenocephalemys_albipes,C>A,,4.555555555555556,0.0,G>T
Cytb,Mammalia,Stenocephalemys_albipes,C>G,0.99703,4.555555555555556,0.0892666353444003,G>C
Cytb,Mammalia,Stenocephalemys_albipes,C>T,8.650584,6.488888888888892,0.5437476295214642,G>A
Cytb,Mammalia,Stenocephalemys_albipes,G>A,34.855751,136.82222222222222,0.1039058719852411,C>T
Cytb,Mammalia,Stenocephalemys_albipes,G>C,,31.288888888888906,0.0,C>G
Cytb,Mammalia,Stenocephalemys_albipes,G>T,1.99999,31.288888888888906,0.0260711368835054,C>A
Cytb,Mammalia,Stenocephalemys_albipes,T>A,6.976161,120.53333333333327,0.0236065007095076,A>T
Cytb,Mammalia,Stenocephalemys_albipes,T>C,19.659039,179.04444444444442,0.0447840866142507,A>G
Cytb,Mammalia,Stenocephalemys_albipes,T>G,2.9937240000000003,120.53333333333327,0.0101304066420012,A>C
CO1,Mammalia,Suncus_murinus,A>C,,96.58536585365856,0.0,T>G
CO1,Mammalia,Suncus_murinus,A>G,18.46947,249.0731707317073,0.0990631881604033,T>C
CO1,Mammalia,Suncus_murinus,A>T,1.710828,96.58536585365856,0.0236635467003601,T>A
CO1,Mammalia,Suncus_murinus,C>A,0.704347,11.414634146341465,0.0824345914579843,G>T
CO1,Mammalia,Suncus_murinus,C>G,,11.414634146341465,0.0,G>C
CO1,Mammalia,Suncus_murinus,C>T,5.241653,19.63414634146342,0.3566490409621635,G>A
CO1,Mammalia,Suncus_murinus,G>A,19.776285,95.31707317073167,0.2771780473559021,C>T
CO1,Mammalia,Suncus_murinus,G>C,0.99929,46.73170731707318,0.028567004980407,C>G
CO1,Mammalia,Suncus_murinus,G>T,1.99859,46.73170731707318,0.0571342958338337,C>A
CO1,Mammalia,Suncus_murinus,T>A,1.925749,96.58536585365852,0.0266362553071798,A>T
CO1,Mammalia,Suncus_murinus,T>C,6.99453,191.9756097560976,0.0486740292417656,A>G
CO1,Mammalia,Suncus_murinus,T>G,,96.58536585365852,0.0,A>C
Cytb,Mammalia,Suncus_murinus,A>C,2.99942,44.18309859154931,0.0463269572239932,T>G
Cytb,Mammalia,Suncus_murinus,A>G,38.877243,128.87323943661968,0.2058663560020773,T>C
Cytb,Mammalia,Suncus_murinus,A>T,,44.18309859154931,0.0,T>A
Cytb,Mammalia,Suncus_murinus,C>A,,6.281690140845071,0.0,G>T
Cytb,Mammalia,Suncus_murinus,C>G,,6.281690140845071,0.0,G>C
Cytb,Mammalia,Suncus_murinus,C>T,5.92077,8.901408450704226,0.4539124810896837,G>A
Cytb,Mammalia,Suncus_murinus,G>A,31.733929,126.30985915492953,0.1714506983121269,C>T
Cytb,Mammalia,Suncus_murinus,G>C,2.0,52.74647887323943,0.0258755259326401,C>G
Cytb,Mammalia,Suncus_murinus,G>T,,52.74647887323943,0.0,C>A
Cytb,Mammalia,Suncus_murinus,T>A,0.990013,84.42253521126761,0.0080026748349632,A>T
Cytb,Mammalia,Suncus_murinus,T>C,18.735983,144.36619718309868,0.0885653066045154,A>G
Cytb,Mammalia,Suncus_murinus,T>G,,84.42253521126761,0.0,A>C
CO1,Mammalia,Sus_scrofa,A>C,2.0,50.41732283464572,0.0304517190991526,T>G
CO1,Mammalia,Sus_scrofa,A>G,43.258862,135.00000000000009,0.2459817699285438,T>C
CO1,Mammalia,Sus_scrofa,A>T,1.0,50.41732283464572,0.0152258595495763,T>A
CO1,Mammalia,Sus_scrofa,C>A,,21.559055118110223,0.0,G>T
CO1,Mammalia,Sus_scrofa,C>G,,21.559055118110223,0.0,G>C
CO1,Mammalia,Sus_scrofa,C>T,18.75562,30.740157480314977,0.4683677000443373,G>A
CO1,Mammalia,Sus_scrofa,G>A,24.760161,181.551181102362,0.1046926001037072,C>T
CO1,Mammalia,Sus_scrofa,G>C,,59.53543307086606,0.0,C>G
CO1,Mammalia,Sus_scrofa,G>T,1.99904,59.53543307086606,0.0257755278217598,C>A
CO1,Mammalia,Sus_scrofa,T>A,3.0,142.22834645669303,0.0161918582786808,A>T
CO1,Mammalia,Sus_scrofa,T>C,24.859393,217.0629921259845,0.0879156790813482,A>G
CO1,Mammalia,Sus_scrofa,T>G,1.0,142.22834645669303,0.0053972860928936,A>C
Cytb,Mammalia,Sus_scrofa,A>C,0.99521,16.873900293255232,0.0106005810729588,T>G
Cytb,Mammalia,Sus_scrofa,A>G,76.322811,62.73020527859236,0.2186794977234673,T>C
Cytb,Mammalia,Sus_scrofa,A>T,0.99989,16.873900293255232,0.0106504305714781,T>A
Cytb,Mammalia,Sus_scrofa,C>A,,7.736070381231666,0.0,G>T
Cytb,Mammalia,Sus_scrofa,C>G,,7.736070381231666,0.0,G>C
Cytb,Mammalia,Sus_scrofa,C>T,45.620832,13.175953079178932,0.622316879747152,G>A
Cytb,Mammalia,Sus_scrofa,G>A,70.652888,182.3636363636361,0.0696341204525107,C>T
Cytb,Mammalia,Sus_scrofa,G>C,1.0,49.10850439882699,0.003659937855811,C>G
Cytb,Mammalia,Sus_scrofa,G>T,2.99958,49.10850439882699,0.0109782763935338,C>A
Cytb,Mammalia,Sus_scrofa,T>A,6.77979,113.14662756598196,0.0107697357469216,A>T
Cytb,Mammalia,Sus_scrofa,T>C,36.58568,166.26979472140792,0.0395483337075388,A>G
Cytb,Mammalia,Sus_scrofa,T>G,1.99068,113.14662756598196,0.0031622067286275,A>C
CO1,Mammalia,Symphalangus_syndactylus,A>C,,46.00000000000001,0.0,T>G
CO1,Mammalia,Symphalangus_syndactylus,A>G,9.159062,116.7,0.222203798048243,T>C
CO1,Mammalia,Symphalangus_syndactylus,A>T,,46.00000000000001,0.0,T>A
CO1,Mammalia,Symphalangus_syndactylus,C>A,,12.2,0.0,G>T
CO1,Mammalia,Symphalangus_syndactylus,C>G,,12.2,0.0,G>C
CO1,Mammalia,Symphalangus_syndactylus,C>T,6.508408,29.7,0.6204255237403402,G>A
CO1,Mammalia,Symphalangus_syndactylus,G>A,9.57303,232.3,0.1166733170619942,C>T
CO1,Mammalia,Symphalangus_syndactylus,G>C,,103.0,0.0,C>G
CO1,Mammalia,Symphalangus_syndactylus,G>T,,103.0,0.0,C>A
CO1,Mammalia,Symphalangus_syndactylus,T>A,,112.3,0.0,A>T
CO1,Mammalia,Symphalangus_syndactylus,T>C,2.534237,176.29999999999998,0.0406973611494225,A>G
CO1,Mammalia,Symphalangus_syndactylus,T>G,,112.3,0.0,A>C
Cytb,Mammalia,Symphalangus_syndactylus,A>C,,14.000000000000004,0.0,T>G
Cytb,Mammalia,Symphalangus_syndactylus,A>G,7.863519,49.13636363636363,0.2313846313916157,T>C
Cytb,Mammalia,Symphalangus_syndactylus,A>T,,14.000000000000004,0.0,T>A
Cytb,Mammalia,Symphalangus_syndactylus,C>A,,5.454545454545452,0.0,G>T
Cytb,Mammalia,Symphalangus_syndactylus,C>G,,5.454545454545452,0.0,G>C
Cytb,Mammalia,Symphalangus_syndactylus,C>T,4.9726300000000005,10.954545454545457,0.6563150546962753,G>A
Cytb,Mammalia,Symphalangus_syndactylus,G>A,10.802387,209.04545454545453,0.07471358668563,C>T
Cytb,Mammalia,Symphalangus_syndactylus,G>C,,82.72727272727273,0.0,C>G
Cytb,Mammalia,Symphalangus_syndactylus,G>T,,82.72727272727273,0.0,C>A
Cytb,Mammalia,Symphalangus_syndactylus,T>A,,99.45454545454544,0.0,A>T
Cytb,Mammalia,Symphalangus_syndactylus,T>C,3.952641,152.0454545454545,0.0375867272264788,A>G
Cytb,Mammalia,Symphalangus_syndactylus,T>G,,99.45454545454544,0.0,A>C
CO1,Mammalia,Syncerus_caffer,A>C,,58.84210526315792,0.0,T>G
CO1,Mammalia,Syncerus_caffer,A>G,10.986295,140.15789473684208,0.1940202833009675,T>C
CO1,Mammalia,Syncerus_caffer,A>T,,58.84210526315792,0.0,T>A
CO1,Mammalia,Syncerus_caffer,C>A,,19.789473684210527,0.0,G>T
CO1,Mammalia,Syncerus_caffer,C>G,,19.789473684210527,0.0,G>C
CO1,Mammalia,Syncerus_caffer,C>T,6.99878,34.36842105263158,0.5040530016102581,G>A
CO1,Mammalia,Syncerus_caffer,G>A,12.989575,179.84210526315792,0.1787792073787643,C>T
CO1,Mammalia,Syncerus_caffer,G>C,,65.1578947368421,0.0,C>G
CO1,Mammalia,Syncerus_caffer,G>T,,65.1578947368421,0.0,C>A
CO1,Mammalia,Syncerus_caffer,T>A,,127.94736842105256,0.0,A>T
CO1,Mammalia,Syncerus_caffer,T>C,9.98186,200.63157894736844,0.12314750771001,A>G
CO1,Mammalia,Syncerus_caffer,T>G,,127.94736842105256,0.0,A>C
Cytb,Mammalia,Syncerus_caffer,A>C,,15.826086956521737,0.0,T>G
Cytb,Mammalia,Syncerus_caffer,A>G,9.96755,62.0,0.2633952303421548,T>C
Cytb,Mammalia,Syncerus_caffer,A>T,,15.826086956521737,0.0,T>A
Cytb,Mammalia,Syncerus_caffer,C>A,,10.608695652173914,0.0,G>T
Cytb,Mammalia,Syncerus_caffer,C>G,,10.608695652173914,0.0,G>C
Cytb,Mammalia,Syncerus_caffer,C>T,4.996971,16.086956521739133,0.5089136667669844,G>A
Cytb,Mammalia,Syncerus_caffer,G>A,12.665013,172.0,0.1206391770470326,C>T
Cytb,Mammalia,Syncerus_caffer,G>C,,49.47826086956522,0.0,C>G
Cytb,Mammalia,Syncerus_caffer,G>T,,49.47826086956522,0.0,C>A
Cytb,Mammalia,Syncerus_caffer,T>A,,115.39130434782606,0.0,A>T
Cytb,Mammalia,Syncerus_caffer,T>C,10.968703,167.86956521739137,0.107051925843828,A>G
Cytb,Mammalia,Syncerus_caffer,T>G,,115.39130434782606,0.0,A>C
CO1,Mammalia,Taphozous_melanopogon,A>C,,92.1875,0.0,T>G
CO1,Mammalia,Taphozous_melanopogon,A>G,8.927964,212.4375,0.1645964826760969,T>C
CO1,Mammalia,Taphozous_melanopogon,A>T,,92.1875,0.0,T>A
CO1,Mammalia,Taphozous_melanopogon,C>A,,26.0625,0.0,G>T
CO1,Mammalia,Taphozous_melanopogon,C>G,,26.0625,0.0,G>C
CO1,Mammalia,Taphozous_melanopogon,C>T,2.989723,49.8125,0.2350671358002036,G>A
CO1,Mammalia,Taphozous_melanopogon,G>A,15.7455,129.0625,0.4778104951332086,C>T
CO1,Mammalia,Taphozous_melanopogon,G>C,1.0,51.8125,0.0755900711287588,C>G
CO1,Mammalia,Taphozous_melanopogon,G>T,,51.8125,0.0,C>A
CO1,Mammalia,Taphozous_melanopogon,T>A,,100.4375,0.0,A>T
CO1,Mammalia,Taphozous_melanopogon,T>C,1.9961,166.5625,0.0469358152617319,A>G
CO1,Mammalia,Taphozous_melanopogon,T>G,,100.4375,0.0,A>C
Cytb,Mammalia,Taphozous_melanopogon,A>C,,54.375,0.0,T>G
Cytb,Mammalia,Taphozous_melanopogon,A>G,6.43041,139.9375,0.220255347165054,T>C
Cytb,Mammalia,Taphozous_melanopogon,A>T,,54.375,0.0,T>A
Cytb,Mammalia,Taphozous_melanopogon,C>A,,14.4375,0.0,G>T
Cytb,Mammalia,Taphozous_melanopogon,C>G,,14.4375,0.0,G>C
Cytb,Mammalia,Taphozous_melanopogon,C>T,0.99875,26.3125,0.1819351388146297,G>A
Cytb,Mammalia,Taphozous_melanopogon,G>A,6.405607,125.625,0.2444027693663156,C>T
Cytb,Mammalia,Taphozous_melanopogon,G>C,,52.5,0.0,C>G
Cytb,Mammalia,Taphozous_melanopogon,G>T,,52.5,0.0,C>A
Cytb,Mammalia,Taphozous_melanopogon,T>A,,72.1875,0.0,A>T
Cytb,Mammalia,Taphozous_melanopogon,T>C,8.824736,119.6875,0.3534067446540005,A>G
Cytb,Mammalia,Taphozous_melanopogon,T>G,,72.1875,0.0,A>C
CO1,Mammalia,Theropithecus_gelada,A>C,,47.15384615384615,0.0,T>G
CO1,Mammalia,Theropithecus_gelada,A>G,7.247862,129.9230769230769,0.2420348561503493,T>C
CO1,Mammalia,Theropithecus_gelada,A>T,,47.15384615384615,0.0,T>A
CO1,Mammalia,Theropithecus_gelada,C>A,,21.538461538461537,0.0,G>T
CO1,Mammalia,Theropithecus_gelada,C>G,,21.538461538461537,0.0,G>C
CO1,Mammalia,Theropithecus_gelada,C>T,2.99555,29.692307692307683,0.4377104514783356,G>A
CO1,Mammalia,Theropithecus_gelada,G>A,7.380068,228.30769230769232,0.1402471727875723,C>T
CO1,Mammalia,Theropithecus_gelada,G>C,,103.92307692307692,0.0,C>G
CO1,Mammalia,Theropithecus_gelada,G>T,0.871273,103.92307692307692,0.0363744600386653,C>A
CO1,Mammalia,Theropithecus_gelada,T>A,0.922652,95.0,0.0421374857083276,A>T
CO1,Mammalia,Theropithecus_gelada,T>C,3.98767,170.46153846153845,0.1014955738367497,A>G
CO1,Mammalia,Theropithecus_gelada,T>G,,95.0,0.0,A>C
Cytb,Mammalia,Theropithecus_gelada,A>C,,19.512195121951223,0.0,T>G
Cytb,Mammalia,Theropithecus_gelada,A>G,18.456502,58.0731707317073,0.2651463997738174,T>C
Cytb,Mammalia,Theropithecus_gelada,A>T,1.0,19.512195121951223,0.0427568545939433,T>A
Cytb,Mammalia,Theropithecus_gelada,C>A,,6.658536585365857,0.0,G>T
Cytb,Mammalia,Theropithecus_gelada,C>G,,6.658536585365857,0.0,G>C
Cytb,Mammalia,Theropithecus_gelada,C>T,9.941358,14.219512195121952,0.5832743718316776,G>A
Cytb,Mammalia,Theropithecus_gelada,G>A,15.633758,199.80487804878044,0.0652783513245017,C>T
Cytb,Mammalia,Theropithecus_gelada,G>C,,83.390243902439,0.0,C>G
Cytb,Mammalia,Theropithecus_gelada,G>T,,83.390243902439,0.0,C>A
Cytb,Mammalia,Theropithecus_gelada,T>A,0.998011,87.92682926829269,0.0094694726679957,A>T
Cytb,Mammalia,Theropithecus_gelada,T>C,5.856496,143.390243902439,0.034074549808064,A>G
Cytb,Mammalia,Theropithecus_gelada,T>G,,87.92682926829269,0.0,A>C
CO1,Mammalia,Thomomys_umbrinus,A>C,,81.77777777777777,0.0,T>G
CO1,Mammalia,Thomomys_umbrinus,A>G,14.652579,193.8888888888889,0.1003426071082093,T>C
CO1,Mammalia,Thomomys_umbrinus,A>T,,81.77777777777777,0.0,T>A
CO1,Mammalia,Thomomys_umbrinus,C>A,,15.407407407407408,0.0,G>T
CO1,Mammalia,Thomomys_umbrinus,C>G,,15.407407407407408,0.0,G>C
CO1,Mammalia,Thomomys_umbrinus,C>T,12.740172,29.74074074074074,0.5687844846221098,G>A
CO1,Mammalia,Thomomys_umbrinus,G>A,10.059695,121.4074074074074,0.1100180288122149,C>T
CO1,Mammalia,Thomomys_umbrinus,G>C,,39.96296296296297,0.0,C>G
CO1,Mammalia,Thomomys_umbrinus,G>T,2.98421,39.96296296296297,0.0991507335952334,C>A
CO1,Mammalia,Thomomys_umbrinus,T>A,0.997032,128.62962962962962,0.0102918230144087,A>T
CO1,Mammalia,Thomomys_umbrinus,T>C,15.680054,205.7777777777778,0.1011750230675359,A>G
CO1,Mammalia,Thomomys_umbrinus,T>G,0.99175,128.62962962962962,0.0102372997802877,A>C
Cytb,Mammalia,Thomomys_umbrinus,A>C,1.99593,37.00000000000001,0.0366142980337518,T>G
Cytb,Mammalia,Thomomys_umbrinus,A>G,28.075085,118.4666666666667,0.1608540653385712,T>C
Cytb,Mammalia,Thomomys_umbrinus,A>T,0.514473,37.00000000000001,0.0094377396764006,T>A
Cytb,Mammalia,Thomomys_umbrinus,C>A,,8.08888888888889,0.0,G>T
Cytb,Mammalia,Thomomys_umbrinus,C>G,,8.08888888888889,0.0,G>C
Cytb,Mammalia,Thomomys_umbrinus,C>T,11.226404,16.333333333333336,0.4665229058610468,G>A
Cytb,Mammalia,Thomomys_umbrinus,G>A,36.336941,137.13333333333333,0.1798508362699706,C>T
Cytb,Mammalia,Thomomys_umbrinus,G>C,0.99998,42.64444444444445,0.0159160752397079,C>G
Cytb,Mammalia,Thomomys_umbrinus,G>T,3.45006,42.64444444444445,0.0549125127917627,C>A
Cytb,Mammalia,Thomomys_umbrinus,T>A,0.99651,93.75555555555556,0.0072142598327519,A>T
Cytb,Mammalia,Thomomys_umbrinus,T>C,15.064975,148.88888888888894,0.068677306956036,A>G
Cytb,Mammalia,Thomomys_umbrinus,T>G,,93.75555555555556,0.0,A>C
CO1,Mammalia,Trachypithecus_phayrei,A>C,,70.60000000000001,0.0,T>G
CO1,Mammalia,Trachypithecus_phayrei,A>G,14.217207,177.64,0.1194485842988552,T>C
CO1,Mammalia,Trachypithecus_phayrei,A>T,,70.60000000000001,0.0,T>A
CO1,Mammalia,Trachypithecus_phayrei,C>A,,16.640000000000004,0.0,G>T
CO1,Mammalia,Trachypithecus_phayrei,C>G,,16.640000000000004,0.0,G>C
CO1,Mammalia,Trachypithecus_phayrei,C>T,9.884424,26.12,0.5647882833145004,G>A
CO1,Mammalia,Trachypithecus_phayrei,G>A,22.038457,168.27999999999997,0.1954592220395282,C>T
CO1,Mammalia,Trachypithecus_phayrei,G>C,,71.32,0.0,C>G
CO1,Mammalia,Trachypithecus_phayrei,G>T,,71.32,0.0,C>A
CO1,Mammalia,Trachypithecus_phayrei,T>A,,108.0,0.0,A>T
CO1,Mammalia,Trachypithecus_phayrei,T>C,11.611204,187.00000000000003,0.0926708472205533,A>G
CO1,Mammalia,Trachypithecus_phayrei,T>G,1.99961,108.0,0.0276330631265628,A>C
Cytb,Mammalia,Trachypithecus_phayrei,A>C,,37.21212121212122,0.0,T>G
Cytb,Mammalia,Trachypithecus_phayrei,A>G,28.489664,104.90909090909092,0.2443240918931784,T>C
Cytb,Mammalia,Trachypithecus_phayrei,A>T,,37.21212121212122,0.0,T>A
Cytb,Mammalia,Trachypithecus_phayrei,C>A,,4.818181818181817,0.0,G>T
Cytb,Mammalia,Trachypithecus_phayrei,C>G,,4.818181818181817,0.0,G>C
Cytb,Mammalia,Trachypithecus_phayrei,C>T,7.270149,12.363636363636363,0.5290408142342319,G>A
Cytb,Mammalia,Trachypithecus_phayrei,G>A,21.882541,161.03030303030295,0.1222593915957429,C>T
Cytb,Mammalia,Trachypithecus_phayrei,G>C,1.0,67.9090909090909,0.0132484226031451,C>G
Cytb,Mammalia,Trachypithecus_phayrei,G>T,2.99811,67.9090909090909,0.0397202282907156,C>A
Cytb,Mammalia,Trachypithecus_phayrei,T>A,,86.57575757575759,0.0,A>T
Cytb,Mammalia,Trachypithecus_phayrei,T>C,7.931895,138.81818181818187,0.0514070513829858,A>G
Cytb,Mammalia,Trachypithecus_phayrei,T>G,,86.57575757575759,0.0,A>C
CO1,Mammalia,Tursiops_truncatus,A>C,,76.61538461538461,0.0,T>G
CO1,Mammalia,Tursiops_truncatus,A>G,21.168325,170.87179487179492,0.2858547864520701,T>C
CO1,Mammalia,Tursiops_truncatus,A>T,,76.61538461538461,0.0,T>A
CO1,Mammalia,Tursiops_truncatus,C>A,,13.076923076923084,0.0,G>T
CO1,Mammalia,Tursiops_truncatus,C>G,,13.076923076923084,0.0,G>C
CO1,Mammalia,Tursiops_truncatus,C>T,2.0,23.10256410256412,0.1997556937015991,G>A
CO1,Mammalia,Tursiops_truncatus,G>A,20.630316,159.38461538461542,0.2986680983398282,C>T
CO1,Mammalia,Tursiops_truncatus,G>C,,49.53846153846153,0.0,C>G
CO1,Mammalia,Tursiops_truncatus,G>T,,49.53846153846153,0.0,C>A
CO1,Mammalia,Tursiops_truncatus,T>A,1.99906,129.15384615384613,0.0357147686086021,A>T
CO1,Mammalia,Tursiops_truncatus,T>C,14.700614,209.2051282051283,0.1621408716764251,A>G
CO1,Mammalia,Tursiops_truncatus,T>G,1.0,129.15384615384613,0.0178657812214751,A>C
Cytb,Mammalia,Tursiops_truncatus,A>C,,28.66666666666666,0.0,T>G
Cytb,Mammalia,Tursiops_truncatus,A>G,19.859015,81.48484848484848,0.2528934097102164,T>C
Cytb,Mammalia,Tursiops_truncatus,A>T,,28.66666666666666,0.0,T>A
Cytb,Mammalia,Tursiops_truncatus,C>A,,4.636363636363634,0.0,G>T
Cytb,Mammalia,Tursiops_truncatus,C>G,,4.636363636363634,0.0,G>C
Cytb,Mammalia,Tursiops_truncatus,C>T,3.99841,7.787878787878784,0.5327516604480436,G>A
Cytb,Mammalia,Tursiops_truncatus,G>A,24.539483,176.939393939394,0.1439121772989083,C>T
Cytb,Mammalia,Tursiops_truncatus,G>C,,60.06060606060609,0.0,C>G
Cytb,Mammalia,Tursiops_truncatus,G>T,,60.06060606060609,0.0,C>A
Cytb,Mammalia,Tursiops_truncatus,T>A,,97.87878787878786,0.0,A>T
Cytb,Mammalia,Tursiops_truncatus,T>C,10.824717,159.45454545454538,0.0704427525428317,A>G
Cytb,Mammalia,Tursiops_truncatus,T>G,,97.87878787878786,0.0,A>C
CO1,Mammalia,Urocyon_cinereoargenteus,A>C,,64.43137254901964,0.0,T>G
CO1,Mammalia,Urocyon_cinereoargenteus,A>G,23.96105,157.01960784313724,0.1998686727273142,T>C
CO1,Mammalia,Urocyon_cinereoargenteus,A>T,,64.43137254901964,0.0,T>A
CO1,Mammalia,Urocyon_cinereoargenteus,C>A,,44.13725490196076,0.0,G>T
CO1,Mammalia,Urocyon_cinereoargenteus,C>G,,44.13725490196076,0.0,G>C
CO1,Mammalia,Urocyon_cinereoargenteus,C>T,26.97663,75.68627450980394,0.4668349239877545,G>A
CO1,Mammalia,Urocyon_cinereoargenteus,G>A,16.98858,164.9803921568628,0.1348706713993983,C>T
CO1,Mammalia,Urocyon_cinereoargenteus,G>C,,61.05882352941178,0.0,C>G
CO1,Mammalia,Urocyon_cinereoargenteus,G>T,,61.05882352941178,0.0,C>A
CO1,Mammalia,Urocyon_cinereoargenteus,T>A,,96.31372549019602,0.0,A>T
CO1,Mammalia,Urocyon_cinereoargenteus,T>C,23.98412,158.31372549019613,0.1984257318855329,A>G
CO1,Mammalia,Urocyon_cinereoargenteus,T>G,,96.31372549019602,0.0,A>C
Cytb,Mammalia,Urocyon_cinereoargenteus,A>C,,24.44642857142857,0.0,T>G
Cytb,Mammalia,Urocyon_cinereoargenteus,A>G,13.99534,79.28571428571428,0.2283888702387102,T>C
Cytb,Mammalia,Urocyon_cinereoargenteus,A>T,,24.44642857142857,0.0,T>A
Cytb,Mammalia,Urocyon_cinereoargenteus,C>A,,20.5,0.0,G>T
Cytb,Mammalia,Urocyon_cinereoargenteus,C>G,,20.5,0.0,G>C
Cytb,Mammalia,Urocyon_cinereoargenteus,C>T,8.9961,31.17857142857144,0.3733227770238859,G>A
Cytb,Mammalia,Urocyon_cinereoargenteus,G>A,25.99897,172.99999999999997,0.1944448591449059,C>T
Cytb,Mammalia,Urocyon_cinereoargenteus,G>C,,54.7142857142857,0.0,C>G
Cytb,Mammalia,Urocyon_cinereoargenteus,G>T,,54.7142857142857,0.0,C>A
Cytb,Mammalia,Urocyon_cinereoargenteus,T>A,1.0,90.67857142857147,0.01426861290857,A>T
Cytb,Mammalia,Urocyon_cinereoargenteus,T>C,19.99463,136.4642857142858,0.1895748806839278,A>G
Cytb,Mammalia,Urocyon_cinereoargenteus,T>G,,90.67857142857147,0.0,A>C
CO1,Mammalia,Ursus_arctos,A>C,0.99994,78.13934426229513,0.0126538250744529,T>G
CO1,Mammalia,Ursus_arctos,A>G,43.693393,160.33606557377055,0.2694648957482186,T>C
CO1,Mammalia,Ursus_arctos,A>T,1.0,78.13934426229513,0.0126545843495139,T>A
CO1,Mammalia,Ursus_arctos,C>A,,42.09836065573771,0.0,G>T
CO1,Mammalia,Ursus_arctos,C>G,,42.09836065573771,0.0,G>C
CO1,Mammalia,Ursus_arctos,C>T,16.951273,68.29508196721304,0.2454316318361324,G>A
CO1,Mammalia,Ursus_arctos,G>A,40.833417,162.40983606557376,0.2486114022686669,C>T
CO1,Mammalia,Ursus_arctos,G>C,,48.754098360655725,0.0,C>G
CO1,Mammalia,Ursus_arctos,G>T,,48.754098360655725,0.0,C>A
CO1,Mammalia,Ursus_arctos,T>A,0.99987,101.05737704918047,0.0097834755376817,A>T
CO1,Mammalia,Ursus_arctos,T>C,31.90251,164.6311475409835,0.1916154376304695,A>G
CO1,Mammalia,Ursus_arctos,T>G,1.0,101.05737704918047,0.0097847475548638,A>C
Cytb,Mammalia,Ursus_arctos,A>C,,21.869863013698595,0.0,T>G
Cytb,Mammalia,Ursus_arctos,A>G,75.932911,78.6849315068492,0.3631769589861155,T>C
Cytb,Mammalia,Ursus_arctos,A>T,0.99989,21.869863013698595,0.017206239813573,T>A
Cytb,Mammalia,Ursus_arctos,C>A,,14.342465753424689,0.0,G>T
Cytb,Mammalia,Ursus_arctos,C>G,,14.342465753424689,0.0,G>C
Cytb,Mammalia,Ursus_arctos,C>T,28.740341,25.33561643835611,0.4269138559625387,G>A
Cytb,Mammalia,Ursus_arctos,G>A,47.219213,174.05479452054774,0.1020969017152639,C>T
Cytb,Mammalia,Ursus_arctos,G>C,1.0,55.87671232876729,0.0067351762364782,C>G
Cytb,Mammalia,Ursus_arctos,G>T,1.0,55.87671232876729,0.0067351762364782,C>A
Cytb,Mammalia,Ursus_arctos,T>A,0.99942,108.81506849315043,0.0034565178641595,A>T
Cytb,Mammalia,Ursus_arctos,T>C,25.832258,145.6095890410958,0.0667655149227883,A>G
Cytb,Mammalia,Ursus_arctos,T>G,1.99902,108.81506849315043,0.0069136582626044,A>C
CO1,Mammalia,Ziphius_cavirostris,A>C,,69.23529411764706,0.0,T>G
CO1,Mammalia,Ziphius_cavirostris,A>G,9.984658,148.82352941176472,0.1765592527956586,T>C
CO1,Mammalia,Ziphius_cavirostris,A>T,,69.23529411764706,0.0,T>A
CO1,Mammalia,Ziphius_cavirostris,C>A,,18.23529411764705,0.0,G>T
CO1,Mammalia,Ziphius_cavirostris,C>G,,18.23529411764705,0.0,G>C
CO1,Mammalia,Ziphius_cavirostris,C>T,4.99027,24.941176470588232,0.5265456108032022,G>A
CO1,Mammalia,Ziphius_cavirostris,G>A,10.283499,176.3529411764706,0.1534571369381297,C>T
CO1,Mammalia,Ziphius_cavirostris,G>C,,55.05882352941177,0.0,C>G
CO1,Mammalia,Ziphius_cavirostris,G>T,,55.05882352941177,0.0,C>A
CO1,Mammalia,Ziphius_cavirostris,T>A,,130.88235294117646,0.0,A>T
CO1,Mammalia,Ziphius_cavirostris,T>C,9.974226,212.82352941176472,0.1233356001712827,A>G
CO1,Mammalia,Ziphius_cavirostris,T>G,0.99977,130.88235294117646,0.0201023992917266,A>C
Cytb,Mammalia,Ziphius_cavirostris,A>C,,25.26315789473684,0.0,T>G
Cytb,Mammalia,Ziphius_cavirostris,A>G,10.69664,78.42105263157896,0.1643158850589859,T>C
Cytb,Mammalia,Ziphius_cavirostris,A>T,,25.26315789473684,0.0,T>A
Cytb,Mammalia,Ziphius_cavirostris,C>A,,6.2631578947368425,0.0,G>T
Cytb,Mammalia,Ziphius_cavirostris,C>G,,6.2631578947368425,0.0,G>C
Cytb,Mammalia,Ziphius_cavirostris,C>T,5.996061,9.894736842105264,0.7300063406385119,G>A
Cytb,Mammalia,Ziphius_cavirostris,G>A,9.92812,179.63157894736844,0.0665808244589555,C>T
Cytb,Mammalia,Ziphius_cavirostris,G>C,,61.78947368421053,0.0,C>G
Cytb,Mammalia,Ziphius_cavirostris,G>T,,61.78947368421053,0.0,C>A
Cytb,Mammalia,Ziphius_cavirostris,T>A,,99.57894736842108,0.0,A>T
Cytb,Mammalia,Ziphius_cavirostris,T>C,4.98778,153.6842105263158,0.0390969498435467,A>G
Cytb,Mammalia,Ziphius_cavirostris,T>G,,99.57894736842108,0.0,A>C
