Species,Gene,Mut,Mut_raw,Observed,Expected,MutSpec
Apodemus_agrarius,CO1,A>C,T>G,,67.12121212121214,0.0
Apodemus_agrarius,CO1,A>G,T>C,8.333618,160.36363636363632,0.1057967150537126
Apodemus_agrarius,CO1,A>T,T>A,,67.12121212121214,0.0
Apodemus_agrarius,CO1,C>A,G>T,,11.878787878787874,0.0
Apodemus_agrarius,CO1,C>G,G>C,,11.878787878787874,0.0
Apodemus_agrarius,CO1,C>T,G>A,6.99937,23.878787878787872,0.5967482633687056
Apodemus_agrarius,CO1,G>A,C>T,16.099271,149.39393939393938,0.2193904511525627
Apodemus_agrarius,CO1,G>C,C>G,,48.636363636363626,0.0
Apodemus_agrarius,CO1,G>T,C>A,,48.636363636363626,0.0
Apodemus_agrarius,CO1,T>A,A>T,,148.93939393939388,0.0
Apodemus_agrarius,CO1,T>C,A>G,6.99331,221.09090909090904,0.064395628215147
Apodemus_agrarius,CO1,T>G,A>C,1.0,148.93939393939388,0.0136689422098719
Apodemus_agrarius,Cytb,A>C,T>G,,30.58113207547176,0.0
Apodemus_agrarius,Cytb,A>G,T>C,116.254468,90.95094339622646,0.1559633742123872
Apodemus_agrarius,Cytb,A>T,T>A,0.99988,30.58113207547176,0.0039894635423161
Apodemus_agrarius,Cytb,C>A,G>T,,7.7547169811321,0.0
Apodemus_agrarius,Cytb,C>G,G>C,2.99853,7.7547169811321,0.0471805091746518
Apodemus_agrarius,Cytb,C>T,G>A,53.761987,11.147169811320804,0.5884788677857676
Apodemus_agrarius,Cytb,G>A,C>T,139.416602,150.19245283018873,0.1132626089214676
Apodemus_agrarius,Cytb,G>C,C>G,1.0,46.29433962264152,0.0026356775909726
Apodemus_agrarius,Cytb,G>T,C>A,7.99868,46.29433962264152,0.0210819416333613
Apodemus_agrarius,Cytb,T>A,A>T,8.999369999999999,105.36226415094332,0.0104219069318463
Apodemus_agrarius,Cytb,T>C,A>G,64.795175,157.99622641509438,0.0500398651061408
Apodemus_agrarius,Cytb,T>G,A>C,5.997721,105.36226415094332,0.0069457851010882
Ateles_chamek,CO1,A>C,T>G,,60.1,0.0
Ateles_chamek,CO1,A>G,T>C,5.89807,156.1,0.115404360614439
Ateles_chamek,CO1,A>T,T>A,,60.1,0.0
Ateles_chamek,CO1,C>A,G>T,,13.8,0.0
Ateles_chamek,CO1,C>G,G>C,,13.8,0.0
Ateles_chamek,CO1,C>T,G>A,4.7141,23.3,0.6179567345613438
Ateles_chamek,CO1,G>A,C>T,3.903556,175.79999999999998,0.0678198372124447
Ateles_chamek,CO1,G>C,C>G,,72.80000000000001,0.0
Ateles_chamek,CO1,G>T,C>A,2.0,72.80000000000001,0.0839100183391799
Ateles_chamek,CO1,T>A,A>T,,123.7,0.0
Ateles_chamek,CO1,T>C,A>G,7.595832,201.90000000000003,0.1149090492725924
Ateles_chamek,CO1,T>G,A>C,,123.7,0.0
Ateles_chamek,Cytb,A>C,T>G,,42.8,0.0
Ateles_chamek,Cytb,A>G,T>C,17.789159,104.0,0.3293528380749413
Ateles_chamek,Cytb,A>T,T>A,,42.8,0.0
Ateles_chamek,Cytb,C>A,G>T,,7.2,0.0
Ateles_chamek,Cytb,C>G,G>C,,7.2,0.0
Ateles_chamek,Cytb,C>T,G>A,2.64923,15.399999999999997,0.3312365679517421
Ateles_chamek,Cytb,G>A,C>T,17.958756,164.93333333333337,0.2096559278442643
Ateles_chamek,Cytb,G>C,C>G,,64.93333333333334,0.0
Ateles_chamek,Cytb,G>T,C>A,,64.93333333333334,0.0
Ateles_chamek,Cytb,T>A,A>T,0.99895,83.39999999999999,0.0230630655404548
Ateles_chamek,Cytb,T>C,A>G,7.428681,134.06666666666666,0.1066916005885974
Ateles_chamek,Cytb,T>G,A>C,,83.39999999999999,0.0
Balaenoptera_musculus,CO1,A>C,T>G,,57.7096774193548,0.0
Balaenoptera_musculus,CO1,A>G,T>C,13.99758,133.45161290322582,0.2354380720500712
Balaenoptera_musculus,CO1,A>T,T>A,,57.7096774193548,0.0
Balaenoptera_musculus,CO1,C>A,G>T,,9.741935483870966,0.0
Balaenoptera_musculus,CO1,C>G,G>C,,9.741935483870966,0.0
Balaenoptera_musculus,CO1,C>T,G>A,6.367326,23.61290322580645,0.6052785173671853
Balaenoptera_musculus,CO1,G>A,C>T,4.99989,198.516129032258,0.0565343252607758
Balaenoptera_musculus,CO1,G>C,C>G,,72.25806451612902,0.0
Balaenoptera_musculus,CO1,G>T,C>A,,72.25806451612902,0.0
Balaenoptera_musculus,CO1,T>A,A>T,,134.09677419354844,0.0
Balaenoptera_musculus,CO1,T>C,A>G,9.540441,208.4193548387097,0.1027490853219676
Balaenoptera_musculus,CO1,T>G,A>C,,134.09677419354844,0.0
Balaenoptera_musculus,Cytb,A>C,T>G,1.0,18.323529411764707,0.0955335586696077
Balaenoptera_musculus,Cytb,A>G,T>C,10.99677,64.41176470588235,0.2988580987844961
Balaenoptera_musculus,Cytb,A>T,T>A,,18.323529411764707,0.0
Balaenoptera_musculus,Cytb,C>A,G>T,,8.058823529411766,0.0
Balaenoptera_musculus,Cytb,C>G,G>C,,8.058823529411766,0.0
Balaenoptera_musculus,Cytb,C>T,G>A,3.0,12.1764705882353,0.4312855583417796
Balaenoptera_musculus,Cytb,G>A,C>T,11.99075,188.55882352941185,0.111317789517823
Balaenoptera_musculus,Cytb,G>C,C>G,,70.79411764705881,0.0
Balaenoptera_musculus,Cytb,G>T,C>A,,70.79411764705881,0.0
Balaenoptera_musculus,Cytb,T>A,A>T,1.0,99.94117647058818,0.0175154229108786
Balaenoptera_musculus,Cytb,T>C,A>G,3.99809,153.8529411764706,0.0454895717754147
Balaenoptera_musculus,Cytb,T>G,A>C,,99.94117647058818,0.0
Balaenoptera_physalus,CO1,A>C,T>G,,58.00000000000005,0.0
Balaenoptera_physalus,CO1,A>G,T>C,17.927275,125.51851851851842,0.175056111344345
Balaenoptera_physalus,CO1,A>T,T>A,,58.00000000000005,0.0
Balaenoptera_physalus,CO1,C>A,G>T,,13.12962962962963,0.0
Balaenoptera_physalus,CO1,C>G,G>C,,13.12962962962963,0.0
Balaenoptera_physalus,CO1,C>T,G>A,11.99058,24.9074074074074,0.59004137660768
Balaenoptera_physalus,CO1,G>A,C>T,17.92413,202.537037037037,0.1084686996869711
Balaenoptera_physalus,CO1,G>C,C>G,,68.18518518518518,0.0
Balaenoptera_physalus,CO1,G>T,C>A,1.99952,68.18518518518518,0.0359423549886153
Balaenoptera_physalus,CO1,T>A,A>T,,132.37037037037032,0.0
Balaenoptera_physalus,CO1,T>C,A>G,13.95112,210.5,0.0812321176806608
Balaenoptera_physalus,CO1,T>G,A>C,1.0,132.37037037037032,0.0092593396917276
Balaenoptera_physalus,Cytb,A>C,T>G,,16.431034482758612,0.0
Balaenoptera_physalus,Cytb,A>G,T>C,18.16458,57.91379310344827,0.2600797498587546
Balaenoptera_physalus,Cytb,A>T,T>A,,16.431034482758612,0.0
Balaenoptera_physalus,Cytb,C>A,G>T,,3.000000000000004,0.0
Balaenoptera_physalus,Cytb,C>G,G>C,,3.000000000000004,0.0
Balaenoptera_physalus,Cytb,C>T,G>A,6.73247,9.896551724137934,0.5640969044726737
Balaenoptera_physalus,Cytb,G>A,C>T,28.50829,195.7413793103448,0.1207679549612159
Balaenoptera_physalus,Cytb,G>C,C>G,,69.2758620689655,0.0
Balaenoptera_physalus,Cytb,G>T,C>A,1.0,69.2758620689655,0.0119696444347356
Balaenoptera_physalus,Cytb,T>A,A>T,,108.58620689655172,0.0
Balaenoptera_physalus,Cytb,T>C,A>G,8.099513,155.8793103448275,0.04308574627262
Balaenoptera_physalus,Cytb,T>G,A>C,,108.58620689655172,0.0
Bison_bonasus,CO1,A>C,T>G,,58.86666666666665,0.0
Bison_bonasus,CO1,A>G,T>C,3.954973,145.33333333333334,0.0644074356194266
Bison_bonasus,CO1,A>T,T>A,,58.86666666666665,0.0
Bison_bonasus,CO1,C>A,G>T,1.0,11.599999999999998,0.2040326782566409
Bison_bonasus,CO1,C>G,G>C,,11.599999999999998,0.0
Bison_bonasus,CO1,C>T,G>A,5.978917,25.800000000000004,0.5484796745572194
Bison_bonasus,CO1,G>A,C>T,7.863242,180.46666666666667,0.1031246208189797
Bison_bonasus,CO1,G>C,C>G,,69.06666666666666,0.0
Bison_bonasus,CO1,G>T,C>A,,69.06666666666666,0.0
Bison_bonasus,CO1,T>A,A>T,,125.26666666666668,0.0
Bison_bonasus,CO1,T>C,A>G,6.927654,205.06666666666663,0.0799555907477333
Bison_bonasus,CO1,T>G,A>C,,125.26666666666668,0.0
Bison_bonasus,Cytb,A>C,T>G,,19.65217391304348,0.0
Bison_bonasus,Cytb,A>G,T>C,12.912871,65.91304347826087,0.3112098900764767
Bison_bonasus,Cytb,A>T,T>A,,19.65217391304348,0.0
Bison_bonasus,Cytb,C>A,G>T,,5.826086956521738,0.0
Bison_bonasus,Cytb,C>G,G>C,,5.826086956521738,0.0
Bison_bonasus,Cytb,C>T,G>A,3.97001,11.956521739130435,0.5274589743027461
Bison_bonasus,Cytb,G>A,C>T,11.77165,169.1739130434783,0.1105365458496552
Bison_bonasus,Cytb,G>C,C>G,,50.782608695652165,0.0
Bison_bonasus,Cytb,G>T,C>A,,50.782608695652165,0.0
Bison_bonasus,Cytb,T>A,A>T,1.0,118.60869565217392,0.0133932326545377
Bison_bonasus,Cytb,T>C,A>G,3.98922,169.4347826086957,0.0374013571165841
Bison_bonasus,Cytb,T>G,A>C,,118.60869565217392,0.0
Bison_priscus,CO1,A>C,T>G,,56.85714285714285,0.0
Bison_priscus,CO1,A>G,T>C,9.93271,133.6071428571429,0.2697126120881246
Bison_priscus,CO1,A>T,T>A,,56.85714285714285,0.0
Bison_priscus,CO1,C>A,G>T,,10.071428571428571,0.0
Bison_priscus,CO1,C>G,G>C,,10.071428571428571,0.0
Bison_priscus,CO1,C>T,G>A,2.891313,26.96428571428571,0.3890177026035306
Bison_priscus,CO1,G>A,C>T,9.98486,191.75,0.1889164532281129
Bison_priscus,CO1,G>C,C>G,,72.64285714285712,0.0
Bison_priscus,CO1,G>T,C>A,0.99995,72.64285714285712,0.0499400006437607
Bison_priscus,CO1,T>A,A>T,,129.89285714285714,0.0
Bison_priscus,CO1,T>C,A>G,5.72642,202.8571428571428,0.1024132314364711
Bison_priscus,CO1,T>G,A>C,,129.89285714285714,0.0
Bison_priscus,Cytb,A>C,T>G,,19.809523809523803,0.0
Bison_priscus,Cytb,A>G,T>C,25.38929,68.26190476190479,0.3050057700459186
Bison_priscus,Cytb,A>T,T>A,,19.809523809523803,0.0
Bison_priscus,Cytb,C>A,G>T,,4.714285714285713,0.0
Bison_priscus,Cytb,C>G,G>C,,4.714285714285713,0.0
Bison_priscus,Cytb,C>T,G>A,4.983953,6.714285714285719,0.6087094189511774
Bison_priscus,Cytb,G>A,C>T,11.343714,165.452380952381,0.056223535115026
Bison_priscus,Cytb,G>C,C>G,,51.11904761904763,0.0
Bison_priscus,Cytb,G>T,C>A,1.0,51.11904761904763,0.0160418018522256
Bison_priscus,Cytb,T>A,A>T,,118.09523809523807,0.0
Bison_priscus,Cytb,T>C,A>G,2.99995,175.4761904761905,0.0140194740356522
Bison_priscus,Cytb,T>G,A>C,,118.09523809523807,0.0
Bos_grunniens,CO1,A>C,T>G,,57.03448275862068,0.0
Bos_grunniens,CO1,A>G,T>C,12.663993,138.41379310344828,0.1965615672050319
Bos_grunniens,CO1,A>T,T>A,1.0,57.03448275862068,0.0376677610967008
Bos_grunniens,CO1,C>A,G>T,,9.965517241379311,0.0
Bos_grunniens,CO1,C>G,G>C,,9.965517241379311,0.0
Bos_grunniens,CO1,C>T,G>A,6.99981,24.896551724137936,0.6040242389293626
Bos_grunniens,CO1,G>A,C>T,9.349583,186.6206896551724,0.107631592470717
Bos_grunniens,CO1,G>C,C>G,,70.86206896551727,0.0
Bos_grunniens,CO1,G>T,C>A,,70.86206896551727,0.0
Bos_grunniens,CO1,T>A,A>T,,132.0344827586207,0.0
Bos_grunniens,CO1,T>C,A>G,5.217575,207.1379310344828,0.0541148402981875
Bos_grunniens,CO1,T>G,A>C,,132.0344827586207,0.0
Bos_grunniens,Cytb,A>C,T>G,,21.491228070175445,0.0
Bos_grunniens,Cytb,A>G,T>C,15.98808,70.12280701754386,0.321015339087897
Bos_grunniens,Cytb,A>T,T>A,1.0,21.491228070175445,0.0655130066968424
Bos_grunniens,Cytb,C>A,G>T,,8.000000000000007,0.0
Bos_grunniens,Cytb,C>G,G>C,,8.000000000000007,0.0
Bos_grunniens,Cytb,C>T,G>A,2.99672,11.385964912280704,0.3705655906779475
Bos_grunniens,Cytb,G>A,C>T,20.99355,166.0701754385964,0.1779848365341335
Bos_grunniens,Cytb,G>C,C>G,,49.78947368421054,0.0
Bos_grunniens,Cytb,G>T,C>A,1.0,49.78947368421054,0.0282781653289753
Bos_grunniens,Cytb,T>A,A>T,,118.57894736842115,0.0
Bos_grunniens,Cytb,T>C,A>G,2.99999,170.52631578947367,0.0247694955840086
Bos_grunniens,Cytb,T>G,A>C,1.0,118.57894736842115,0.0118735660901955
Bos_taurus,CO1,A>C,T>G,1.0,60.28104575163393,0.0110349360001575
Bos_taurus,CO1,A>G,T>C,55.741765,141.59477124182982,0.2618690039823549
Bos_taurus,CO1,A>T,T>A,,60.28104575163393,0.0
Bos_taurus,CO1,C>A,G>T,,12.784313725490168,0.0
Bos_taurus,CO1,C>G,G>C,,12.784313725490168,0.0
Bos_taurus,CO1,C>T,G>A,16.0,25.771241830065303,0.4129859081083585
Bos_taurus,CO1,G>A,C>T,52.984842,184.45751633986927,0.191075886611727
Bos_taurus,CO1,G>C,C>G,,66.81045751633982,0.0
Bos_taurus,CO1,G>T,C>A,3.0,66.81045751633982,0.0298694623545646
Bos_taurus,CO1,T>A,A>T,2.0,126.88888888888869,0.0104847238827087
Bos_taurus,CO1,T>C,A>G,23.996321,206.13071895424795,0.077437717118774
Bos_taurus,CO1,T>G,A>C,1.0,126.88888888888869,0.0052423619413543
Bos_taurus,Cytb,A>C,T>G,,18.620535714285683,0.0
Bos_taurus,Cytb,A>G,T>C,47.949545,58.12946428571423,0.2613413542393454
Bos_taurus,Cytb,A>T,T>A,1.99993,18.620535714285683,0.0340284831869408
Bos_taurus,Cytb,C>A,G>T,1.0,7.790178571428557,0.0406698484798631
Bos_taurus,Cytb,C>G,G>C,,7.790178571428557,0.0
Bos_taurus,Cytb,C>T,G>A,19.882442,13.825892857142849,0.4556134167562694
Bos_taurus,Cytb,G>A,C>T,69.911446,180.72767857142856,0.1225585409460781
Bos_taurus,Cytb,G>C,C>G,2.0,55.37946428571429,0.0114419807492722
Bos_taurus,Cytb,G>T,C>A,2.0,55.37946428571429,0.0114419807492722
Bos_taurus,Cytb,T>A,A>T,3.0,115.93303571428568,0.0081984926948316
Bos_taurus,Cytb,T>C,A>G,25.975554,167.13392857142858,0.0492402404015725
Bos_taurus,Cytb,T>G,A>C,2.0,115.93303571428568,0.0054656617965544
Cacajao_calvus,CO1,A>C,T>G,,71.71428571428571,0.0
Cacajao_calvus,CO1,A>G,T>C,12.815303,172.35714285714286,0.2120946024706116
Cacajao_calvus,CO1,A>T,T>A,0.99994,71.71428571428571,0.0397739101342807
Cacajao_calvus,CO1,C>A,G>T,0.99993,13.285714285714285,0.2146914323698862
Cacajao_calvus,CO1,C>G,G>C,1.0,13.285714285714285,0.2147064618222137
Cacajao_calvus,CO1,C>T,G>A,0.99878,25.92857142857143,0.1098806631091324
Cacajao_calvus,CO1,G>A,C>T,8.794391,168.07142857142858,0.1492594726057579
Cacajao_calvus,CO1,G>C,C>G,,68.85714285714286,0.0
Cacajao_calvus,CO1,G>T,C>A,,68.85714285714286,0.0
Cacajao_calvus,CO1,T>A,A>T,,115.07142857142856,0.0
Cacajao_calvus,CO1,T>C,A>G,3.979821,190.50000000000003,0.0595934574881171
Cacajao_calvus,CO1,T>G,A>C,,115.07142857142856,0.0
Cacajao_calvus,Cytb,A>C,T>G,1.0,30.25,0.0417468212042449
Cacajao_calvus,Cytb,A>G,T>C,11.854511,95.1875,0.1572723999812773
Cacajao_calvus,Cytb,A>T,T>A,,30.25,0.0
Cacajao_calvus,Cytb,C>A,G>T,,6.9375,0.0
Cacajao_calvus,Cytb,C>G,G>C,,6.9375,0.0
Cacajao_calvus,Cytb,C>T,G>A,6.867803,14.40625,0.6020265893751711
Cacajao_calvus,Cytb,G>A,C>T,10.923989,154.15625,0.0894888460410083
Cacajao_calvus,Cytb,G>C,C>G,,57.9375,0.0
Cacajao_calvus,Cytb,G>T,C>A,,57.9375,0.0
Cacajao_calvus,Cytb,T>A,A>T,1.0,87.96875,0.0143555676467883
Cacajao_calvus,Cytb,T>C,A>G,9.97912,132.5,0.0951097757515099
Cacajao_calvus,Cytb,T>G,A>C,,87.96875,0.0
Camelus_dromedarius,CO1,A>C,T>G,,60.77777777777778,0.0
Camelus_dromedarius,CO1,A>G,T>C,7.64683,153.40740740740736,0.1146620885313115
Camelus_dromedarius,CO1,A>T,T>A,,60.77777777777778,0.0
Camelus_dromedarius,CO1,C>A,G>T,,32.481481481481474,0.0
Camelus_dromedarius,CO1,C>G,G>C,,32.481481481481474,0.0
Camelus_dromedarius,CO1,C>T,G>A,12.769674,60.59259259259259,0.484780361444621
Camelus_dromedarius,CO1,G>A,C>T,17.573751,182.8148148148148,0.2211249893063644
Camelus_dromedarius,CO1,G>C,C>G,,73.66666666666669,0.0
Camelus_dromedarius,CO1,G>T,C>A,1.856232,73.66666666666669,0.057962349261215
Camelus_dromedarius,CO1,T>A,A>T,,105.70370370370368,0.0
Camelus_dromedarius,CO1,T>C,A>G,8.736495,165.44444444444449,0.1214702114564878
Camelus_dromedarius,CO1,T>G,A>C,,105.70370370370368,0.0
Camelus_dromedarius,Cytb,A>C,T>G,,28.75342465753422,0.0
Camelus_dromedarius,Cytb,A>G,T>C,21.659333,85.7397260273972,0.2731915100460404
Camelus_dromedarius,Cytb,A>T,T>A,,28.75342465753422,0.0
Camelus_dromedarius,Cytb,C>A,G>T,,16.76712328767125,0.0
Camelus_dromedarius,Cytb,C>G,G>C,,16.76712328767125,0.0
Camelus_dromedarius,Cytb,C>T,G>A,10.933031,26.356164383561666,0.4486034236174379
Camelus_dromedarius,Cytb,G>A,C>T,15.406889,156.73972602739715,0.1063016687151713
Camelus_dromedarius,Cytb,G>C,C>G,,45.26027397260268,0.0
Camelus_dromedarius,Cytb,G>T,C>A,,45.26027397260268,0.0
Camelus_dromedarius,Cytb,T>A,A>T,4.0,104.082191780822,0.0415611708575042
Camelus_dromedarius,Cytb,T>C,A>G,16.958871000000002,151.04109589041087,0.1214244151620733
Camelus_dromedarius,Cytb,T>G,A>C,0.8582829999999999,104.082191780822,0.0089178116017728
Canis_latrans,CO1,A>C,T>G,,86.03448275862071,0.0
Canis_latrans,CO1,A>G,T>C,12.99029,188.2758620689655,0.1696881731544939
Canis_latrans,CO1,A>T,T>A,,86.03448275862071,0.0
Canis_latrans,CO1,C>A,G>T,,25.58620689655173,0.0
Canis_latrans,CO1,C>G,G>C,,25.58620689655173,0.0
Canis_latrans,CO1,C>T,G>A,8.9971,48.37931034482759,0.457372708709211
Canis_latrans,CO1,G>A,C>T,8.894383,137.72413793103448,0.1588302196084871
Canis_latrans,CO1,G>C,C>G,,46.10344827586205,0.0
Canis_latrans,CO1,G>T,C>A,,46.10344827586205,0.0
Canis_latrans,CO1,T>A,A>T,,109.2413793103448,0.0
Canis_latrans,CO1,T>C,A>G,13.99079,179.58620689655174,0.1916004976145215
Canis_latrans,CO1,T>G,A>C,0.99978,109.2413793103448,0.0225084009132864
Canis_latrans,Cytb,A>C,T>G,,24.92592592592593,0.0
Canis_latrans,Cytb,A>G,T>C,20.232164,81.25925925925925,0.4717429234114103
Canis_latrans,Cytb,A>T,T>A,2.0,24.92592592592593,0.1520248599633129
Canis_latrans,Cytb,C>A,G>T,,9.185185185185183,0.0
Canis_latrans,Cytb,C>G,G>C,,9.185185185185183,0.0
Canis_latrans,Cytb,C>T,G>A,0.99634,15.296296296296292,0.1234119445045341
Canis_latrans,Cytb,G>A,C>T,8.690478,169.88888888888889,0.0969202676857359
Canis_latrans,Cytb,G>C,C>G,,56.25925925925928,0.0
Canis_latrans,Cytb,G>T,C>A,,56.25925925925928,0.0
Canis_latrans,Cytb,T>A,A>T,,102.4444444444444,0.0
Canis_latrans,Cytb,T>C,A>G,12.71425,154.51851851851845,0.1559000044350066
Canis_latrans,Cytb,T>G,A>C,,102.4444444444444,0.0
Canis_lupus,CO1,A>C,T>G,,80.87841945288766,0.0
Canis_lupus,CO1,A>G,T>C,90.122459,185.07902735562308,0.163316368500436
Canis_lupus,CO1,A>T,T>A,1.851411,80.87841945288766,0.0076775751135945
Canis_lupus,CO1,C>A,G>T,2.0,30.987841945288764,0.0216467426196685
Canis_lupus,CO1,C>G,G>C,1.0,30.987841945288764,0.0108233713098342
Canis_lupus,CO1,C>T,G>A,74.854748,50.975683890577486,0.4925044756903474
Canis_lupus,CO1,G>A,C>T,83.413979,140.86930091185388,0.1985986851631424
Canis_lupus,CO1,G>C,C>G,,50.12765957446789,0.0
Canis_lupus,CO1,G>T,C>A,,50.12765957446789,0.0
Canis_lupus,CO1,T>A,A>T,4.0,102.94528875379932,0.0130318899883386
Canis_lupus,CO1,T>C,A>G,48.756876,176.97568389057744,0.092400891614638
Canis_lupus,CO1,T>G,A>C,,102.94528875379932,0.0
Canis_lupus,Cytb,A>C,T>G,,37.90610328638488,0.0
Canis_lupus,Cytb,A>G,T>C,89.227106,94.74882629107996,0.2511634022527309
Canis_lupus,Cytb,A>T,T>A,3.0,37.90610328638488,0.0211079230370127
Canis_lupus,Cytb,C>A,G>T,,5.467136150234765,0.0
Canis_lupus,Cytb,C>G,G>C,,5.467136150234765,0.0
Canis_lupus,Cytb,C>T,G>A,32.735057,18.68309859154924,0.467301940852256
Canis_lupus,Cytb,G>A,C>T,81.634878,159.8896713615024,0.1361722856342099
Canis_lupus,Cytb,G>C,C>G,1.0,45.936619718310055,0.0058059642155395
Canis_lupus,Cytb,G>T,C>A,1.9653,45.936619718310055,0.0114104614727998
Canis_lupus,Cytb,T>A,A>T,2.99814,99.68779342722983,0.0080212733120337
Canis_lupus,Cytb,T>C,A>G,54.686409,147.30046948356795,0.0990167492234173
Canis_lupus,Cytb,T>G,A>C,,99.68779342722983,0.0
Capra_hircus,CO1,A>C,T>G,1.0,57.96825396825392,0.0280724580252383
Capra_hircus,CO1,A>G,T>C,16.755437,136.80952380952385,0.1993012802476963
Capra_hircus,CO1,A>T,T>A,,57.96825396825392,0.0
Capra_hircus,CO1,C>A,G>T,,14.126984126984109,0.0
Capra_hircus,CO1,C>G,G>C,,14.126984126984109,0.0
Capra_hircus,CO1,C>T,G>A,5.9399820000000005,24.253968253968235,0.3985409802849682
Capra_hircus,CO1,G>A,C>T,27.207333,184.4603174603174,0.2400234539320673
Capra_hircus,CO1,G>C,C>G,1.0,62.66666666666664,0.0259677347285132
Capra_hircus,CO1,G>T,C>A,,62.66666666666664,0.0
Capra_hircus,CO1,T>A,A>T,,137.6349206349207,0.0
Capra_hircus,CO1,T>C,A>G,12.44882,210.42857142857164,0.0962707025487669
Capra_hircus,CO1,T>G,A>C,1.0,137.6349206349207,0.0118233902327494
Capra_hircus,Cytb,A>C,T>G,,18.33333333333334,0.0
Capra_hircus,Cytb,A>G,T>C,55.93785,72.20895522388068,0.3038103081386835
Capra_hircus,Cytb,A>T,T>A,,18.33333333333334,0.0
Capra_hircus,Cytb,C>A,G>T,0.99856,7.960199004975101,0.0491969338323148
Capra_hircus,Cytb,C>G,G>C,1.0,7.960199004975101,0.0492678795789084
Capra_hircus,Cytb,C>T,G>A,13.982617,14.995024875621835,0.3657034588209681
Capra_hircus,Cytb,G>A,C>T,58.874089,160.5572139303482,0.1438077108165558
Capra_hircus,Cytb,G>C,C>G,1.0,49.6915422885572,0.0078923315304618
Capra_hircus,Cytb,G>T,C>A,,49.6915422885572,0.0
Capra_hircus,Cytb,T>A,A>T,2.0,114.07462686567196,0.0068758870710674
Capra_hircus,Cytb,T>C,A>G,27.993,164.91542288557213,0.0665696031399725
Capra_hircus,Cytb,T>G,A>C,2.0,114.07462686567196,0.0068758870710674
Capreolus_capreolus,CO1,A>C,T>G,,82.6,0.0
Capreolus_capreolus,CO1,A>G,T>C,6.304247,207.5,0.0967602135439506
Capreolus_capreolus,CO1,A>T,T>A,,82.6,0.0
Capreolus_capreolus,CO1,C>A,G>T,,15.3,0.0
Capreolus_capreolus,CO1,C>G,G>C,,15.3,0.0
Capreolus_capreolus,CO1,C>T,G>A,4.98091,24.9,0.6370757089667743
Capreolus_capreolus,CO1,G>A,C>T,4.831453,119.0,0.1293041597497139
Capreolus_capreolus,CO1,G>C,C>G,0.99994,42.0,0.0758239403861251
Capreolus_capreolus,CO1,G>T,C>A,,42.0,0.0
Capreolus_capreolus,CO1,T>A,A>T,,121.0,0.0
Capreolus_capreolus,CO1,T>C,A>G,3.99586,208.5,0.0610359773534358
Capreolus_capreolus,CO1,T>G,A>C,,121.0,0.0
Capreolus_capreolus,Cytb,A>C,T>G,,29.705128205128187,0.0
Capreolus_capreolus,Cytb,A>G,T>C,27.631754,97.73076923076916,0.1983172965103372
Capreolus_capreolus,Cytb,A>T,T>A,,29.705128205128187,0.0
Capreolus_capreolus,Cytb,C>A,G>T,1.0,6.5769230769230695,0.1066499593593404
Capreolus_capreolus,Cytb,C>G,G>C,,6.5769230769230695,0.0
Capreolus_capreolus,Cytb,C>T,G>A,6.97353,12.576923076923068,0.3889212971761014
Capreolus_capreolus,Cytb,G>A,C>T,36.904274,139.48717948717947,0.1855777180452847
Capreolus_capreolus,Cytb,G>C,C>G,,37.5384615384615,0.0
Capreolus_capreolus,Cytb,G>T,C>A,3.760494,37.5384615384615,0.0702670768630619
Capreolus_capreolus,Cytb,T>A,A>T,,113.923076923077,0.0
Capreolus_capreolus,Cytb,T>C,A>G,10.453032,166.2179487179488,0.0441110929182187
Capreolus_capreolus,Cytb,T>G,A>C,0.99976,113.923076923077,0.0061555591276553
Cervus_elaphus,CO1,A>C,T>G,,64.68000000000002,0.0
Cervus_elaphus,CO1,A>G,T>C,12.867165,171.51999999999998,0.1649667088555244
Cervus_elaphus,CO1,A>T,T>A,,64.68000000000002,0.0
Cervus_elaphus,CO1,C>A,G>T,,18.08,0.0
Cervus_elaphus,CO1,C>G,G>C,,18.08,0.0
Cervus_elaphus,CO1,C>T,G>A,6.913667,26.0,0.5847406926070227
Cervus_elaphus,CO1,G>A,C>T,12.94736,149.52,0.1904189400577426
Cervus_elaphus,CO1,G>C,C>G,,58.2,0.0
Cervus_elaphus,CO1,G>T,C>A,,58.2,0.0
Cervus_elaphus,CO1,T>A,A>T,1.0,124.08,0.0177225586912735
Cervus_elaphus,CO1,T>C,A>G,3.98928,208.11999999999995,0.0421510997884366
Cervus_elaphus,CO1,T>G,A>C,,124.08,0.0
Cervus_elaphus,Cytb,A>C,T>G,2.0,21.463601532567004,0.0124498394227354
Cervus_elaphus,Cytb,A>G,T>C,106.144973,87.67049808429124,0.1617641605687889
Cervus_elaphus,Cytb,A>T,T>A,3.99928,21.463601532567004,0.0248951969032787
Cervus_elaphus,Cytb,C>A,G>T,1.0,8.019157088122608,0.0166612518982713
Cervus_elaphus,Cytb,C>G,G>C,3.99881,8.019157088122608,0.0666251807033265
Cervus_elaphus,Cytb,C>T,G>A,56.768651,13.808429118773962,0.5492886821132243
Cervus_elaphus,Cytb,G>A,C>T,102.859961,149.51724137931026,0.0919160665984575
Cervus_elaphus,Cytb,G>C,C>G,2.0,47.85440613026817,0.0055839872254734
Cervus_elaphus,Cytb,G>T,C>A,1.0,47.85440613026817,0.0027919936127367
Cervus_elaphus,Cytb,T>A,A>T,3.98993,111.85057471264368,0.0047661028277354
Cervus_elaphus,Cytb,T>C,A>G,71.943498,164.3678160919541,0.0584805053218017
Cervus_elaphus,Cytb,T>G,A>C,3.99908,111.85057471264368,0.0047770328041695
Cricetulus_kamensis,CO1,A>C,T>G,0.99983,54.516129032258064,0.0220810752408445
Cricetulus_kamensis,CO1,A>G,T>C,20.574641,125.54838709677416,0.1973059549611302
Cricetulus_kamensis,CO1,A>T,T>A,,54.516129032258064,0.0
Cricetulus_kamensis,CO1,C>A,G>T,1.99904,19.193548387096776,0.1253964602177058
Cricetulus_kamensis,CO1,C>G,G>C,,19.193548387096776,0.0
Cricetulus_kamensis,CO1,C>T,G>A,9.349105,26.41935483870967,0.4260562045094067
Cricetulus_kamensis,CO1,G>A,C>T,20.090655,189.87096774193543,0.1273956493315582
Cricetulus_kamensis,CO1,G>C,C>G,,66.06451612903227,0.0
Cricetulus_kamensis,CO1,G>T,C>A,,66.06451612903227,0.0
Cricetulus_kamensis,CO1,T>A,A>T,3.99809,137.90322580645162,0.0349057686298692
Cricetulus_kamensis,CO1,T>C,A>G,11.713582,210.93548387096783,0.0668588871094852
Cricetulus_kamensis,CO1,T>G,A>C,,137.90322580645162,0.0
Cricetulus_kamensis,Cytb,A>C,T>G,,26.84375,0.0
Cricetulus_kamensis,Cytb,A>G,T>C,15.220327,77.25,0.1494373594961363
Cricetulus_kamensis,Cytb,A>T,T>A,1.0,26.84375,0.0282546872590122
Cricetulus_kamensis,Cytb,C>A,G>T,,3.75,0.0
Cricetulus_kamensis,Cytb,C>G,G>C,,3.75,0.0
Cricetulus_kamensis,Cytb,C>T,G>A,7.638268,8.59375,0.6741334340774818
Cricetulus_kamensis,Cytb,G>A,C>T,14.526835,164.9375,0.0668013572258671
Cricetulus_kamensis,Cytb,G>C,C>G,,51.03125,0.0
Cricetulus_kamensis,Cytb,G>T,C>A,1.0,51.03125,0.0148626921956469
Cricetulus_kamensis,Cytb,T>A,A>T,1.0,112.125,0.0067644304223777
Cricetulus_kamensis,Cytb,T>C,A>G,13.091029,166.1875,0.0597460393234775
Cricetulus_kamensis,Cytb,T>G,A>C,,112.125,0.0
Crocidura_leucodon,CO1,A>C,T>G,,92.15384615384616,0.0
Crocidura_leucodon,CO1,A>G,T>C,8.91118,245.53846153846155,0.1448272963622522
Crocidura_leucodon,CO1,A>T,T>A,,92.15384615384616,0.0
Crocidura_leucodon,CO1,C>A,G>T,,9.692307692307692,0.0
Crocidura_leucodon,CO1,C>G,G>C,,9.692307692307692,0.0
Crocidura_leucodon,CO1,C>T,G>A,1.99998,17.69230769230769,0.4511031985526432
Crocidura_leucodon,CO1,G>A,C>T,6.9991900000000005,110.46153846153848,0.2528549342401032
Crocidura_leucodon,CO1,G>C,C>G,,59.92307692307691,0.0
Crocidura_leucodon,CO1,G>T,C>A,,59.92307692307691,0.0
Crocidura_leucodon,CO1,T>A,A>T,,93.53846153846152,0.0
Crocidura_leucodon,CO1,T>C,A>G,6.98397,184.3076923076923,0.1512145708450014
Crocidura_leucodon,CO1,T>G,A>C,,93.53846153846152,0.0
Crocidura_leucodon,Cytb,A>C,T>G,1.99944,44.15625,0.0275248929108743
Crocidura_leucodon,Cytb,A>G,T>C,17.806597,127.8125,0.0846870579173969
Crocidura_leucodon,Cytb,A>T,T>A,,44.15625,0.0
Crocidura_leucodon,Cytb,C>A,G>T,,3.1875,0.0
Crocidura_leucodon,Cytb,C>G,G>C,1.0,3.1875,0.1907037582438057
Crocidura_leucodon,Cytb,C>T,G>A,5.630801,6.21875,0.5503975934047433
Crocidura_leucodon,Cytb,G>A,C>T,21.550901,124.46875,0.1052481689812953
Crocidura_leucodon,Cytb,G>C,C>G,,46.375,0.0
Crocidura_leucodon,Cytb,G>T,C>A,,46.375,0.0
Crocidura_leucodon,Cytb,T>A,A>T,2.9988200000000003,90.9375,0.0200454972227705
Crocidura_leucodon,Cytb,T>C,A>G,3.758092,155.3125,0.0147085696899496
Crocidura_leucodon,Cytb,T>G,A>C,1.0,90.9375,0.0066844616291643
Crocidura_suaveolens,CO1,A>C,T>G,0.99965,102.45714285714284,0.0093484775811893
Crocidura_suaveolens,CO1,A>G,T>C,33.197515,252.82857142857145,0.1258098331791095
Crocidura_suaveolens,CO1,A>T,T>A,1.660613,102.45714285714284,0.0155296387751028
Crocidura_suaveolens,CO1,C>A,G>T,,10.285714285714288,0.0
Crocidura_suaveolens,CO1,C>G,G>C,,10.285714285714288,0.0
Crocidura_suaveolens,CO1,C>T,G>A,10.807114,18.457142857142863,0.5610226825915983
Crocidura_suaveolens,CO1,G>A,C>T,21.816851,103.88571428571429,0.2012201168323699
Crocidura_suaveolens,CO1,G>C,C>G,,52.59999999999999,0.0
Crocidura_suaveolens,CO1,G>T,C>A,0.99891,52.59999999999999,0.0181959937134348
Crocidura_suaveolens,CO1,T>A,A>T,,90.79999999999998,0.0
Crocidura_suaveolens,CO1,T>C,A>G,12.973534,180.4857142857143,0.068873257327195
Crocidura_suaveolens,CO1,T>G,A>C,,90.79999999999998,0.0
Crocidura_suaveolens,Cytb,A>C,T>G,,40.58333333333337,0.0
Crocidura_suaveolens,Cytb,A>G,T>C,69.949718,126.31666666666672,0.1898465505244954
Crocidura_suaveolens,Cytb,A>T,T>A,1.0,40.58333333333337,0.0084475288573081
Crocidura_suaveolens,Cytb,C>A,G>T,,4.758333333333328,0.0
Crocidura_suaveolens,Cytb,C>G,G>C,,4.758333333333328,0.0
Crocidura_suaveolens,Cytb,C>T,G>A,17.69484,11.074999999999992,0.5477473742128984
Crocidura_suaveolens,Cytb,G>A,C>T,58.767099,123.65833333333327,0.1629252000746515
Crocidura_suaveolens,Cytb,G>C,C>G,,46.47499999999999,0.0
Crocidura_suaveolens,Cytb,G>T,C>A,2.0,46.47499999999999,0.0147532600089978
Crocidura_suaveolens,Cytb,T>A,A>T,2.99962,87.46666666666665,0.0117571230571997
Crocidura_suaveolens,Cytb,T>C,A>G,26.824067,151.74166666666673,0.0606034257706331
Crocidura_suaveolens,Cytb,T>G,A>C,1.0,87.46666666666665,0.0039195374938157
Crocuta_crocuta,CO1,A>C,T>G,,64.13333333333333,0.0
Crocuta_crocuta,CO1,A>G,T>C,12.757234,146.0,0.214424364833748
Crocuta_crocuta,CO1,A>T,T>A,,64.13333333333333,0.0
Crocuta_crocuta,CO1,C>A,G>T,,26.06666666666667,0.0
Crocuta_crocuta,CO1,C>G,G>C,,26.06666666666667,0.0
Crocuta_crocuta,CO1,C>T,G>A,9.121656,52.46666666666666,0.4266391279831949
Crocuta_crocuta,CO1,G>A,C>T,14.854196,185.8666666666667,0.1961182937312487
Crocuta_crocuta,CO1,G>C,C>G,,71.46666666666665,0.0
Crocuta_crocuta,CO1,G>T,C>A,,71.46666666666665,0.0
Crocuta_crocuta,CO1,T>A,A>T,,115.06666666666663,0.0
Crocuta_crocuta,CO1,T>C,A>G,11.500444,173.33333333333334,0.1628182134518083
Crocuta_crocuta,CO1,T>G,A>C,,115.06666666666663,0.0
Crocuta_crocuta,Cytb,A>C,T>G,,14.095238095238091,0.0
Crocuta_crocuta,Cytb,A>G,T>C,9.484365,54.61904761904761,0.3089586822704376
Crocuta_crocuta,Cytb,A>T,T>A,,14.095238095238091,0.0
Crocuta_crocuta,Cytb,C>A,G>T,,13.952380952380944,0.0
Crocuta_crocuta,Cytb,C>G,G>C,,13.952380952380944,0.0
Crocuta_crocuta,Cytb,C>T,G>A,6.553159,20.761904761904763,0.5615905342085795
Crocuta_crocuta,Cytb,G>A,C>T,7.031471,190.2380952380952,0.0657635076327411
Crocuta_crocuta,Cytb,G>C,C>G,,61.95238095238095,0.0
Crocuta_crocuta,Cytb,G>T,C>A,,61.95238095238095,0.0
Crocuta_crocuta,Cytb,T>A,A>T,0.997212,108.4761904761905,0.0163564608727361
Crocuta_crocuta,Cytb,T>C,A>G,4.224587,158.80952380952382,0.0473308150155055
Crocuta_crocuta,Cytb,T>G,A>C,,108.4761904761905,0.0
Delphinapterus_leucas,CO1,A>C,T>G,,52.84615384615386,0.0
Delphinapterus_leucas,CO1,A>G,T>C,10.99965,135.57692307692307,0.4234561189767848
Delphinapterus_leucas,CO1,A>T,T>A,,52.84615384615386,0.0
Delphinapterus_leucas,CO1,C>A,G>T,,16.730769230769226,0.0
Delphinapterus_leucas,CO1,C>G,G>C,,16.730769230769226,0.0
Delphinapterus_leucas,CO1,C>T,G>A,1.99995,28.57692307692308,0.3652741948121527
Delphinapterus_leucas,CO1,G>A,C>T,3.99992,189.42307692307696,0.110213231989031
Delphinapterus_leucas,CO1,G>C,C>G,,72.1153846153846,0.0
Delphinapterus_leucas,CO1,G>T,C>A,,72.1153846153846,0.0
Delphinapterus_leucas,CO1,T>A,A>T,,133.03846153846155,0.0
Delphinapterus_leucas,CO1,T>C,A>G,3.99675,206.4230769230769,0.1010564542220314
Delphinapterus_leucas,CO1,T>G,A>C,,133.03846153846155,0.0
Delphinapterus_leucas,Cytb,A>C,T>G,,23.3125,0.0
Delphinapterus_leucas,Cytb,A>G,T>C,11.838874,68.375,0.2118405657885946
Delphinapterus_leucas,Cytb,A>T,T>A,,23.3125,0.0
Delphinapterus_leucas,Cytb,C>A,G>T,,4.625,0.0
Delphinapterus_leucas,Cytb,C>G,G>C,,4.625,0.0
Delphinapterus_leucas,Cytb,C>T,G>A,4.697361,8.65625,0.663926824281064
Delphinapterus_leucas,Cytb,G>A,C>T,12.753556,184.625,0.0845155950857825
Delphinapterus_leucas,Cytb,G>C,C>G,,59.46875,0.0
Delphinapterus_leucas,Cytb,G>T,C>A,,59.46875,0.0
Delphinapterus_leucas,Cytb,T>A,A>T,,107.15625,0.0
Delphinapterus_leucas,Cytb,T>C,A>G,5.302529,163.34375,0.0397170148445588
Delphinapterus_leucas,Cytb,T>G,A>C,,107.15625,0.0
Dicrostonyx_torquatus,CO1,A>C,T>G,,48.56666666666667,0.0
Dicrostonyx_torquatus,CO1,A>G,T>C,15.98881,138.43333333333334,0.2092160977077487
Dicrostonyx_torquatus,CO1,A>T,T>A,,48.56666666666667,0.0
Dicrostonyx_torquatus,CO1,C>A,G>T,,13.56666666666667,0.0
Dicrostonyx_torquatus,CO1,C>G,G>C,,13.56666666666667,0.0
Dicrostonyx_torquatus,CO1,C>T,G>A,5.967711,21.23333333333333,0.5091071984720857
Dicrostonyx_torquatus,CO1,G>A,C>T,11.98477,182.89999999999995,0.1186958761440732
Dicrostonyx_torquatus,CO1,G>C,C>G,,78.8,0.0
Dicrostonyx_torquatus,CO1,G>T,C>A,,78.8,0.0
Dicrostonyx_torquatus,CO1,T>A,A>T,0.9999,129.06666666666663,0.0140333742233111
Dicrostonyx_torquatus,CO1,T>C,A>G,13.895623,208.2333333333333,0.1208780383983957
Dicrostonyx_torquatus,CO1,T>G,A>C,1.99999,129.06666666666663,0.0280694150543854
Dicrostonyx_torquatus,Cytb,A>C,T>G,,24.13043478260869,0.0
Dicrostonyx_torquatus,Cytb,A>G,T>C,10.948974,75.08695652173914,0.1239785062400342
Dicrostonyx_torquatus,Cytb,A>T,T>A,0.99884,24.13043478260869,0.0351939696668009
Dicrostonyx_torquatus,Cytb,C>A,G>T,0.99993,7.304347826086957,0.1163926695404344
Dicrostonyx_torquatus,Cytb,C>G,G>C,,7.304347826086957,0.0
Dicrostonyx_torquatus,Cytb,C>T,G>A,8.945996000000001,13.47826086956522,0.5643289347389546
Dicrostonyx_torquatus,Cytb,G>A,C>T,15.961052,175.30434782608688,0.0774116459382861
Dicrostonyx_torquatus,Cytb,G>C,C>G,,57.52173913043478,0.0
Dicrostonyx_torquatus,Cytb,G>T,C>A,0.99942,57.52173913043478,0.0147724831902805
Dicrostonyx_torquatus,Cytb,T>A,A>T,1.99954,99.21739130434784,0.0171348287719684
Dicrostonyx_torquatus,Cytb,T>C,A>G,8.90542,149.08695652173915,0.0507869619132406
Dicrostonyx_torquatus,Cytb,T>G,A>C,,99.21739130434784,0.0
Dipodomys_merriami,CO1,A>C,T>G,,57.77777777777778,0.0
Dipodomys_merriami,CO1,A>G,T>C,6.87585,137.33333333333334,0.3355718994454696
Dipodomys_merriami,CO1,A>T,T>A,,57.77777777777778,0.0
Dipodomys_merriami,CO1,C>A,G>T,,6.333333333333333,0.0
Dipodomys_merriami,CO1,C>G,G>C,,6.333333333333333,0.0
Dipodomys_merriami,CO1,C>T,G>A,,10.222222222222223,0.0
Dipodomys_merriami,CO1,G>A,C>T,13.627897,166.44444444444443,0.5487754724037568
Dipodomys_merriami,CO1,G>C,C>G,,58.0,0.0
Dipodomys_merriami,CO1,G>T,C>A,,58.0,0.0
Dipodomys_merriami,CO1,T>A,A>T,,152.11111111111111,0.0
Dipodomys_merriami,CO1,T>C,A>G,3.966782,229.8888888888889,0.1156526281507736
Dipodomys_merriami,CO1,T>G,A>C,,152.11111111111111,0.0
Dipodomys_merriami,Cytb,A>C,T>G,0.99968,35.84615384615385,0.0219108028442009
Dipodomys_merriami,Cytb,A>G,T>C,21.430507,97.42307692307692,0.1728265480779926
Dipodomys_merriami,Cytb,A>T,T>A,0.918034,35.84615384615385,0.0201213007945273
Dipodomys_merriami,Cytb,C>A,G>T,0.997841,7.307692307692308,0.107280538173488
Dipodomys_merriami,Cytb,C>G,G>C,,7.307692307692308,0.0
Dipodomys_merriami,Cytb,C>T,G>A,6.507932,10.26923076923077,0.497903231495256
Dipodomys_merriami,Cytb,G>A,C>T,20.089798,154.30769230769232,0.1022887438993164
Dipodomys_merriami,Cytb,G>C,C>G,1.0,49.92307692307692,0.015737600169801
Dipodomys_merriami,Cytb,G>T,C>A,1.0,49.92307692307692,0.015737600169801
Dipodomys_merriami,Cytb,T>A,A>T,0.99571,90.46153846153848,0.0086478620122722
Dipodomys_merriami,Cytb,T>C,A>G,7.06531,147.8461538461538,0.0375457723633441
Dipodomys_merriami,Cytb,T>G,A>C,,90.46153846153848,0.0
Eospalax_fontanierii,CO1,A>C,T>G,,86.35416666666669,0.0
Eospalax_fontanierii,CO1,A>G,T>C,32.442638,201.5208333333333,0.1581775358050489
Eospalax_fontanierii,CO1,A>T,T>A,2.795631,86.35416666666669,0.0318086432533071
Eospalax_fontanierii,CO1,C>A,G>T,,5.333333333333334,0.0
Eospalax_fontanierii,CO1,C>G,G>C,,5.333333333333334,0.0
Eospalax_fontanierii,CO1,C>T,G>A,4.609822,9.08333333333333,0.4986404428570852
Eospalax_fontanierii,CO1,G>A,C>T,28.877293,118.95833333333334,0.2385119833509114
Eospalax_fontanierii,CO1,G>C,C>G,,43.87499999999999,0.0
Eospalax_fontanierii,CO1,G>T,C>A,1.0,43.87499999999999,0.0223939892709868
Eospalax_fontanierii,CO1,T>A,A>T,,133.375,0.0
Eospalax_fontanierii,CO1,T>C,A>G,7.99305,219.7083333333333,0.0357449418864805
Eospalax_fontanierii,CO1,T>G,A>C,1.99851,133.375,0.0147224635761798
Eospalax_fontanierii,Cytb,A>C,T>G,,33.61780104712044,0.0
Eospalax_fontanierii,Cytb,A>G,T>C,137.221673,106.98952879581162,0.2441717680257928
Eospalax_fontanierii,Cytb,A>T,T>A,2.99938,33.61780104712044,0.0169854165263817
Eospalax_fontanierii,Cytb,C>A,G>T,,2.9424083769633462,0.0
Eospalax_fontanierii,Cytb,C>G,G>C,,2.9424083769633462,0.0
Eospalax_fontanierii,Cytb,C>T,G>A,13.550986,4.95811518324607,0.5203173379213931
Eospalax_fontanierii,Cytb,G>A,C>T,104.549719,143.06806282722522,0.1391214789745344
Eospalax_fontanierii,Cytb,G>C,C>G,0.9996,41.39267015706804,0.004597447911901
Eospalax_fontanierii,Cytb,G>T,C>A,4.996703,41.39267015706804,0.0229812742834532
Eospalax_fontanierii,Cytb,T>A,A>T,2.99742,101.88481675392686,0.0056008268272692
Eospalax_fontanierii,Cytb,T>C,A>G,40.365388,166.2460732984292,0.0462244495292743
Eospalax_fontanierii,Cytb,T>G,A>C,,101.88481675392686,0.0
Eothenomys_cachinus,CO1,A>C,T>G,,45.900000000000006,0.0
Eothenomys_cachinus,CO1,A>G,T>C,6.07377,109.1,0.1601082426107785
Eothenomys_cachinus,CO1,A>T,T>A,,45.900000000000006,0.0
Eothenomys_cachinus,CO1,C>A,G>T,,20.9,0.0
Eothenomys_cachinus,CO1,C>G,G>C,,20.9,0.0
Eothenomys_cachinus,CO1,C>T,G>A,7.40396,33.6,0.6337309031200015
Eothenomys_cachinus,CO1,G>A,C>T,3.914085,211.6,0.0531979244629714
Eothenomys_cachinus,CO1,G>C,C>G,0.994467,82.5,0.0346670212567821
Eothenomys_cachinus,CO1,G>T,C>A,1.985722,82.5,0.0692220725112647
Eothenomys_cachinus,CO1,T>A,A>T,,126.0,0.0
Eothenomys_cachinus,CO1,T>C,A>G,2.067219,195.9,0.0303481450449434
Eothenomys_cachinus,CO1,T>G,A>C,0.820405,126.0,0.0187256909932581
Eothenomys_cachinus,Cytb,A>C,T>G,,18.000000000000004,0.0
Eothenomys_cachinus,Cytb,A>G,T>C,7.905661999999999,57.22222222222223,0.3237671429784273
Eothenomys_cachinus,Cytb,A>T,T>A,,18.000000000000004,0.0
Eothenomys_cachinus,Cytb,C>A,G>T,,7.888888888888889,0.0
Eothenomys_cachinus,Cytb,C>G,G>C,,7.888888888888889,0.0
Eothenomys_cachinus,Cytb,C>T,G>A,1.471993,12.055555555555555,0.28613946843296
Eothenomys_cachinus,Cytb,G>A,C>T,13.75805,193.44444444444449,0.1666709350152973
Eothenomys_cachinus,Cytb,G>C,C>G,,63.22222222222221,0.0
Eothenomys_cachinus,Cytb,G>T,C>A,1.985443,63.22222222222221,0.0735947639232186
Eothenomys_cachinus,Cytb,T>A,A>T,1.725139,100.94444444444444,0.040049852517598
Eothenomys_cachinus,Cytb,T>C,A>G,6.966767,148.72222222222223,0.1097778371324986
Eothenomys_cachinus,Cytb,T>G,A>C,,100.94444444444444,0.0
Eothenomys_custos,CO1,A>C,T>G,0.916718,61.93103448275862,0.0238423227186501
Eothenomys_custos,CO1,A>G,T>C,11.063235,139.51724137931032,0.1277248480335085
Eothenomys_custos,CO1,A>T,T>A,,61.93103448275862,0.0
Eothenomys_custos,CO1,C>A,G>T,,20.27586206896552,0.0
Eothenomys_custos,CO1,C>G,G>C,0.99957,20.27586206896552,0.0794063114167025
Eothenomys_custos,CO1,C>T,G>A,9.293765,28.344827586206893,0.5281277707568833
Eothenomys_custos,CO1,G>A,C>T,13.042412,179.48275862068962,0.1170459300172272
Eothenomys_custos,CO1,G>C,C>G,,67.03448275862071,0.0
Eothenomys_custos,CO1,G>T,C>A,0.99984,67.03448275862071,0.0240244460299219
Eothenomys_custos,CO1,T>A,A>T,,126.17241379310344,0.0
Eothenomys_custos,CO1,T>C,A>G,9.272917,201.03448275862075,0.0742962601543744
Eothenomys_custos,CO1,T>G,A>C,2.0,126.17241379310344,0.0255321108727318
Eothenomys_custos,Cytb,A>C,T>G,,24.868421052631582,0.0
Eothenomys_custos,Cytb,A>G,T>C,28.485828,78.23684210526316,0.2024288590309053
Eothenomys_custos,Cytb,A>T,T>A,1.982039,24.868421052631582,0.0443117473574103
Eothenomys_custos,Cytb,C>A,G>T,,11.473684210526317,0.0
Eothenomys_custos,Cytb,C>G,G>C,0.995393,11.473684210526317,0.0482332561939254
Eothenomys_custos,Cytb,C>T,G>A,14.456028,16.684210526315795,0.4817239199268063
Eothenomys_custos,Cytb,G>A,C>T,36.563142,169.078947368421,0.1202288978582887
Eothenomys_custos,Cytb,G>C,C>G,,56.81578947368421,0.0
Eothenomys_custos,Cytb,G>T,C>A,2.99949,56.81578947368421,0.0293517003352309
Eothenomys_custos,Cytb,T>A,A>T,2.736461,95.13157894736842,0.0159926138147965
Eothenomys_custos,Cytb,T>C,A>G,14.875573,143.2631578947368,0.0577290054826361
Eothenomys_custos,Cytb,T>G,A>C,,95.13157894736842,0.0
Eothenomys_eleusis,CO1,A>C,T>G,,46.3,0.0
Eothenomys_eleusis,CO1,A>G,T>C,3.747899,113.8,0.0903443360203475
Eothenomys_eleusis,CO1,A>T,T>A,0.554903,46.3,0.0328769404800389
Eothenomys_eleusis,CO1,C>A,G>T,,20.7,0.0
Eothenomys_eleusis,CO1,C>G,G>C,,20.7,0.0
Eothenomys_eleusis,CO1,C>T,G>A,6.99656,32.1,0.5979086605322766
Eothenomys_eleusis,CO1,G>A,C>T,4.668113,206.1,0.062132479078143
Eothenomys_eleusis,CO1,G>C,C>G,,80.4,0.0
Eothenomys_eleusis,CO1,G>T,C>A,1.0,80.4,0.0341192334118446
Eothenomys_eleusis,CO1,T>A,A>T,0.990514,127.0,0.0213949960664683
Eothenomys_eleusis,CO1,T>C,A>G,8.861803,199.2,0.1220360299726182
Eothenomys_eleusis,CO1,T>G,A>C,1.814237,127.0,0.0391873244382626
Eothenomys_eleusis,Cytb,A>C,T>G,,19.5,0.0
Eothenomys_eleusis,Cytb,A>G,T>C,14.214031,57.64999999999999,0.1392928652443581
Eothenomys_eleusis,Cytb,A>T,T>A,,19.5,0.0
Eothenomys_eleusis,Cytb,C>A,G>T,0.841672,8.8,0.0540344994565779
Eothenomys_eleusis,Cytb,C>G,G>C,0.80659,8.8,0.0517822701915724
Eothenomys_eleusis,Cytb,C>T,G>A,13.710568,12.749999999999998,0.6075138558450416
Eothenomys_eleusis,Cytb,G>A,C>T,14.972154,192.1,0.0440319425812439
Eothenomys_eleusis,Cytb,G>C,C>G,,59.85,0.0
Eothenomys_eleusis,Cytb,G>T,C>A,3.976477,59.85,0.0375357627412246
Eothenomys_eleusis,Cytb,T>A,A>T,1.899015,100.70000000000002,0.0106539302663755
Eothenomys_eleusis,Cytb,T>C,A>G,13.04751,148.64999999999998,0.0495876640300628
Eothenomys_eleusis,Cytb,T>G,A>C,0.99233,100.70000000000002,0.0055672096435427
Eothenomys_melanogaster,CO1,A>C,T>G,,51.1904761904762,0.0
Eothenomys_melanogaster,CO1,A>G,T>C,6.877367,117.47619047619048,0.111303868544195
Eothenomys_melanogaster,CO1,A>T,T>A,0.503353,51.1904761904762,0.018694825054155
Eothenomys_melanogaster,CO1,C>A,G>T,,18.809523809523814,0.0
Eothenomys_melanogaster,CO1,C>G,G>C,,18.809523809523814,0.0
Eothenomys_melanogaster,CO1,C>T,G>A,10.369909,29.47619047619047,0.668869672018848
Eothenomys_melanogaster,CO1,G>A,C>T,9.948167,205.8095238095237,0.0919000003193336
Eothenomys_melanogaster,CO1,G>C,C>G,,77.90476190476188,0.0
Eothenomys_melanogaster,CO1,G>T,C>A,0.99958,77.90476190476188,0.0243944744923243
Eothenomys_melanogaster,CO1,T>A,A>T,,128.2857142857143,0.0
Eothenomys_melanogaster,CO1,T>C,A>G,7.341107,199.3333333333333,0.0700195859708586
Eothenomys_melanogaster,CO1,T>G,A>C,0.99981,128.2857142857143,0.0148175736002853
Eothenomys_melanogaster,Cytb,A>C,T>G,,22.9047619047619,0.0
Eothenomys_melanogaster,Cytb,A>G,T>C,7.947797,70.76190476190476,0.1206528370626308
Eothenomys_melanogaster,Cytb,A>T,T>A,0.99939,22.9047619047619,0.0468704912178012
Eothenomys_melanogaster,Cytb,C>A,G>T,,8.904761904761903,0.0
Eothenomys_melanogaster,Cytb,C>G,G>C,,8.904761904761903,0.0
Eothenomys_melanogaster,Cytb,C>T,G>A,7.801358,12.666666666666664,0.6616040471231408
Eothenomys_melanogaster,Cytb,G>A,C>T,10.388042,173.09523809523813,0.0644672082625927
Eothenomys_melanogaster,Cytb,G>C,C>G,,52.52380952380952,0.0
Eothenomys_melanogaster,Cytb,G>T,C>A,1.956023,52.52380952380952,0.0400044244610568
Eothenomys_melanogaster,Cytb,T>A,A>T,1.587579,106.0,0.016088656058888
Eothenomys_melanogaster,Cytb,T>C,A>G,6.042397,155.76190476190476,0.0416714194333407
Eothenomys_melanogaster,Cytb,T>G,A>C,0.852659,106.0,0.0086409163805488
Eothenomys_miletus,CO1,A>C,T>G,,45.99999999999999,0.0
Eothenomys_miletus,CO1,A>G,T>C,16.534876,115.53846153846152,0.1945069548434967
Eothenomys_miletus,CO1,A>T,T>A,0.99683,45.99999999999999,0.029452627233584
Eothenomys_miletus,CO1,C>A,G>T,,22.23076923076924,0.0
Eothenomys_miletus,CO1,C>G,G>C,0.72252,22.23076923076924,0.0441729247556548
Eothenomys_miletus,CO1,C>T,G>A,13.930965,36.15384615384615,0.5237059018603123
Eothenomys_miletus,CO1,G>A,C>T,17.584316,204.0769230769231,0.1171095614616301
Eothenomys_miletus,CO1,G>C,C>G,,81.03846153846155,0.0
Eothenomys_miletus,CO1,G>T,C>A,0.727194,81.03846153846155,0.0121960689781313
Eothenomys_miletus,CO1,T>A,A>T,,125.8076923076923,0.0
Eothenomys_miletus,CO1,T>C,A>G,9.469199,194.8461538461538,0.0660514230552543
Eothenomys_miletus,CO1,T>G,A>C,1.185251,125.8076923076923,0.0128045378119363
Eothenomys_miletus,Cytb,A>C,T>G,,17.55172413793104,0.0
Eothenomys_miletus,Cytb,A>G,T>C,14.632144,59.72413793103449,0.2552464333706317
Eothenomys_miletus,Cytb,A>T,T>A,,17.55172413793104,0.0
Eothenomys_miletus,Cytb,C>A,G>T,,10.655172413793103,0.0
Eothenomys_miletus,Cytb,C>G,G>C,,10.655172413793103,0.0
Eothenomys_miletus,Cytb,C>T,G>A,7.278107,14.551724137931036,0.5210814207583079
Eothenomys_miletus,Cytb,G>A,C>T,11.888191,189.55172413793105,0.0653415813084104
Eothenomys_miletus,Cytb,G>C,C>G,,61.48275862068968,0.0
Eothenomys_miletus,Cytb,G>T,C>A,2.99905,61.48275862068968,0.0508196847441925
Eothenomys_miletus,Cytb,T>A,A>T,,98.20689655172416,0.0
Eothenomys_miletus,Cytb,T>C,A>G,13.705914,147.3448275862069,0.0969113655328119
Eothenomys_miletus,Cytb,T>G,A>C,0.99914,98.20689655172416,0.0105995142856453
Equus_asinus,CO1,A>C,T>G,,65.3,0.0
Equus_asinus,CO1,A>G,T>C,10.352828,127.15,0.1486229980424939
Equus_asinus,CO1,A>T,T>A,0.93713,65.3,0.0261957021134467
Equus_asinus,CO1,C>A,G>T,0.99987,14.750000000000002,0.1237356662665027
Equus_asinus,CO1,C>G,G>C,0.99846,14.750000000000002,0.1235611762933704
Equus_asinus,CO1,C>T,G>A,5.611935,24.3,0.421550629358453
Equus_asinus,CO1,G>A,C>T,10.667529,203.00000000000003,0.0959204434085078
Equus_asinus,CO1,G>C,C>G,,72.55000000000001,0.0
Equus_asinus,CO1,G>T,C>A,,72.55000000000001,0.0
Equus_asinus,CO1,T>A,A>T,1.0,123.54999999999998,0.0147740863732836
Equus_asinus,CO1,T>C,A>G,4.92438,196.95000000000005,0.0456392981439415
Equus_asinus,CO1,T>G,A>C,,123.54999999999998,0.0
Equus_asinus,Cytb,A>C,T>G,3.99971,24.58441558441557,0.0885745687280963
Equus_asinus,Cytb,A>G,T>C,17.974288,59.62337662337662,0.1641253101694553
Equus_asinus,Cytb,A>T,T>A,,24.58441558441557,0.0
Equus_asinus,Cytb,C>A,G>T,,9.038961038961038,0.0
Equus_asinus,Cytb,C>G,G>C,0.9998,9.038961038961038,0.0602192093806707
Equus_asinus,Cytb,C>T,G>A,16.080096,14.987012987012983,0.5841360168464877
Equus_asinus,Cytb,G>A,C>T,19.877635,203.29870129870127,0.053231724854237
Equus_asinus,Cytb,G>C,C>G,,70.18181818181813,0.0
Equus_asinus,Cytb,G>T,C>A,,70.18181818181813,0.0
Equus_asinus,Cytb,T>A,A>T,,94.40259740259737,0.0
Equus_asinus,Cytb,T>C,A>G,12.52288,137.14285714285717,0.0497131700210528
Equus_asinus,Cytb,T>G,A>C,,94.40259740259737,0.0
Equus_caballus,CO1,A>C,T>G,,60.509615384615415,0.0
Equus_caballus,CO1,A>G,T>C,44.160227,123.27884615384612,0.2115949598360158
Equus_caballus,CO1,A>T,T>A,2.99832,60.509615384615415,0.0292695584998395
Equus_caballus,CO1,C>A,G>T,,20.259615384615383,0.0
Equus_caballus,CO1,C>G,G>C,,20.259615384615383,0.0
Equus_caballus,CO1,C>T,G>A,28.446829,30.20192307692311,0.5563676210613493
Equus_caballus,CO1,G>A,C>T,32.504322,203.5576923076921,0.0943226894175017
Equus_caballus,CO1,G>C,C>G,,73.37500000000009,0.0
Equus_caballus,CO1,G>T,C>A,2.0,73.37500000000009,0.0161006890927884
Equus_caballus,CO1,T>A,A>T,1.0,124.67307692307708,0.0047379437940408
Equus_caballus,CO1,T>C,A>G,28.895014,194.82692307692304,0.0876065382984642
Equus_caballus,CO1,T>G,A>C,,124.67307692307708,0.0
Equus_caballus,Cytb,A>C,T>G,,23.02447552447544,0.0
Equus_caballus,Cytb,A>G,T>C,59.403813,62.86713286713296,0.2461171990638476
Equus_caballus,Cytb,A>T,T>A,0.99917,23.02447552447544,0.0113031875998323
Equus_caballus,Cytb,C>A,G>T,,11.996503496503465,0.0
Equus_caballus,Cytb,C>G,G>C,,11.996503496503465,0.0
Equus_caballus,Cytb,C>T,G>A,36.511082,19.937062937062954,0.4769960904388042
Equus_caballus,Cytb,G>A,C>T,108.559552,199.02097902097856,0.1420759210210215
Equus_caballus,Cytb,G>C,C>G,3.0,70.90209790209784,0.0110208087287202
Equus_caballus,Cytb,G>T,C>A,6.99777,70.90209790209784,0.0257070282325256
Equus_caballus,Cytb,T>A,A>T,3.491346,90.87762237762226,0.0100066159097996
Equus_caballus,Cytb,T>C,A>G,31.660375,132.05244755244746,0.0624483395523437
Equus_caballus,Cytb,T>G,A>C,4.99798,90.87762237762226,0.014324809453105
Felis_catus,CO1,A>C,T>G,1.99997,70.94736842105264,0.0920552058971983
Felis_catus,CO1,A>G,T>C,6.984089,167.84210526315786,0.1358845281099309
Felis_catus,CO1,A>T,T>A,,70.94736842105264,0.0
Felis_catus,CO1,C>A,G>T,1.0,24.94736842105264,0.1308990284109782
Felis_catus,CO1,C>G,G>C,,24.94736842105264,0.0
Felis_catus,CO1,C>T,G>A,3.989357,51.05263157894736,0.2551795884586285
Felis_catus,CO1,G>A,C>T,12.933291,162.10526315789468,0.2605392133606354
Felis_catus,CO1,G>C,C>G,1.0,61.94736842105264,0.0527154965733251
Felis_catus,CO1,G>T,C>A,,61.94736842105264,0.0
Felis_catus,CO1,T>A,A>T,,110.21052631578944,0.0
Felis_catus,CO1,T>C,A>G,3.98763,179.05263157894743,0.0727269391893034
Felis_catus,CO1,T>G,A>C,,110.21052631578944,0.0
Felis_catus,Cytb,A>C,T>G,,22.1081081081081,0.0
Felis_catus,Cytb,A>G,T>C,11.91534,65.94594594594597,0.3677972969237475
Felis_catus,Cytb,A>T,T>A,,22.1081081081081,0.0
Felis_catus,Cytb,C>A,G>T,,8.027027027027025,0.0
Felis_catus,Cytb,C>G,G>C,,8.027027027027025,0.0
Felis_catus,Cytb,C>T,G>A,1.99657,14.45945945945946,0.2810752977286648
Felis_catus,Cytb,G>A,C>T,14.96452,186.10810810810813,0.1636770137452962
Felis_catus,Cytb,G>C,C>G,3.0,65.16216216216219,0.093716479227347
Felis_catus,Cytb,G>T,C>A,,65.16216216216219,0.0
Felis_catus,Cytb,T>A,A>T,,103.24324324324324,0.0
Felis_catus,Cytb,T>C,A>G,6.9805600000000005,151.59459459459458,0.0937339123749443
Felis_catus,Cytb,T>G,A>C,,103.24324324324324,0.0
Geomys_bursarius,CO1,A>C,T>G,,81.58333333333333,0.0
Geomys_bursarius,CO1,A>G,T>C,11.305396,192.66666666666663,0.2183164295205572
Geomys_bursarius,CO1,A>T,T>A,,81.58333333333333,0.0
Geomys_bursarius,CO1,C>A,G>T,,12.583333333333334,0.0
Geomys_bursarius,CO1,C>G,G>C,,12.583333333333334,0.0
Geomys_bursarius,CO1,C>T,G>A,3.570926,26.000000000000004,0.5109927365708173
Geomys_bursarius,CO1,G>A,C>T,3.684682,133.83333333333334,0.102433719405596
Geomys_bursarius,CO1,G>C,C>G,,49.91666666666666,0.0
Geomys_bursarius,CO1,G>T,C>A,,49.91666666666666,0.0
Geomys_bursarius,CO1,T>A,A>T,,117.75,0.0
Geomys_bursarius,CO1,T>C,A>G,7.291132,198.50000000000003,0.13666008114314
Geomys_bursarius,CO1,T>G,A>C,1.0,117.75,0.0315970333598894
Geomys_bursarius,Cytb,A>C,T>G,,43.375,0.0
Geomys_bursarius,Cytb,A>G,T>C,10.296171,113.1875,0.2234866282492828
Geomys_bursarius,Cytb,A>T,T>A,,43.375,0.0
Geomys_bursarius,Cytb,C>A,G>T,,12.875,0.0
Geomys_bursarius,Cytb,C>G,G>C,,12.875,0.0
Geomys_bursarius,Cytb,C>T,G>A,0.649026,20.5,0.0777826075543098
Geomys_bursarius,Cytb,G>A,C>T,14.955697,136.0625,0.2700489392310937
Geomys_bursarius,Cytb,G>C,C>G,0.99926,33.625,0.0730113660716785
Geomys_bursarius,Cytb,G>T,C>A,1.439162,33.625,0.1051529968361078
Geomys_bursarius,Cytb,T>A,A>T,4.536378,101.0,0.1103474053974817
Geomys_bursarius,Cytb,T>C,A>G,6.060556,161.125,0.0924110281950313
Geomys_bursarius,Cytb,T>G,A>C,1.963372,101.0,0.0477590284650142
Guerlinguetus_brasiliensis,CO1,A>C,T>G,0.451995,87.5,0.0080966662070032
Guerlinguetus_brasiliensis,CO1,A>G,T>C,25.762705,205.0,0.1969782420997889
Guerlinguetus_brasiliensis,CO1,A>T,T>A,1.519251,87.5,0.0272146112936115
Guerlinguetus_brasiliensis,CO1,C>A,G>T,,14.625,0.0
Guerlinguetus_brasiliensis,CO1,C>G,G>C,,14.625,0.0
Guerlinguetus_brasiliensis,CO1,C>T,G>A,8.36486,23.625,0.5549674573449768
Guerlinguetus_brasiliensis,CO1,G>A,C>T,7.840259,118.75,0.10348501076716
Guerlinguetus_brasiliensis,CO1,G>C,C>G,1.99987,45.1875,0.0693687883405225
Guerlinguetus_brasiliensis,CO1,G>T,C>A,,45.1875,0.0
Guerlinguetus_brasiliensis,CO1,T>A,A>T,0.996412,121.0,0.0129072652975317
Guerlinguetus_brasiliensis,CO1,T>C,A>G,3.52358,204.6875,0.0269819586494052
Guerlinguetus_brasiliensis,CO1,T>G,A>C,,121.0,0.0
Guerlinguetus_brasiliensis,Cytb,A>C,T>G,1.0,56.764705882352935,0.0243698262683906
Guerlinguetus_brasiliensis,Cytb,A>G,T>C,11.737207,136.0588235294118,0.1193352858300144
Guerlinguetus_brasiliensis,Cytb,A>T,T>A,0.99919,56.764705882352935,0.0243500867091132
Guerlinguetus_brasiliensis,Cytb,C>A,G>T,,3.0,0.0
Guerlinguetus_brasiliensis,Cytb,C>G,G>C,,3.0,0.0
Guerlinguetus_brasiliensis,Cytb,C>T,G>A,3.934556,9.705882352941176,0.5607787305911517
Guerlinguetus_brasiliensis,Cytb,G>A,C>T,17.751537,137.23529411764704,0.1789373369665093
Guerlinguetus_brasiliensis,Cytb,G>C,C>G,,54.0,0.0
Guerlinguetus_brasiliensis,Cytb,G>T,C>A,0.991677,54.0,0.0254043042888956
Guerlinguetus_brasiliensis,Cytb,T>A,A>T,0.99974,78.88235294117646,0.0175322654433901
Guerlinguetus_brasiliensis,Cytb,T>C,A>G,2.99569,130.47058823529414,0.0317625289828975
Guerlinguetus_brasiliensis,Cytb,T>G,A>C,0.99959,78.88235294117646,0.0175296349196374
Hadrosciurus_spadiceus,CO1,A>C,T>G,,76.28571428571429,0.0
Hadrosciurus_spadiceus,CO1,A>G,T>C,10.99355,183.28571428571428,0.3412233280771543
Hadrosciurus_spadiceus,CO1,A>T,T>A,,76.28571428571429,0.0
Hadrosciurus_spadiceus,CO1,C>A,G>T,,19.357142857142858,0.0
Hadrosciurus_spadiceus,CO1,C>G,G>C,,19.357142857142858,0.0
Hadrosciurus_spadiceus,CO1,C>T,G>A,2.0,34.35714285714286,0.3311633977651392
Hadrosciurus_spadiceus,CO1,G>A,C>T,3.873656,137.8571428571429,0.1598531328483746
Hadrosciurus_spadiceus,CO1,G>C,C>G,,52.21428571428572,0.0
Hadrosciurus_spadiceus,CO1,G>T,C>A,,52.21428571428572,0.0
Hadrosciurus_spadiceus,CO1,T>A,A>T,,119.42857142857144,0.0
Hadrosciurus_spadiceus,CO1,T>C,A>G,5.79458,196.5,0.1677601413093318
Hadrosciurus_spadiceus,CO1,T>G,A>C,,119.42857142857144,0.0
Hadrosciurus_spadiceus,Cytb,A>C,T>G,,50.99999999999999,0.0
Hadrosciurus_spadiceus,Cytb,A>G,T>C,10.087524,118.15384615384616,0.2309839504476648
Hadrosciurus_spadiceus,Cytb,A>T,T>A,2.823218,50.99999999999999,0.1497681017328446
Hadrosciurus_spadiceus,Cytb,C>A,G>T,,5.615384615384616,0.0
Hadrosciurus_spadiceus,Cytb,C>G,G>C,,5.615384615384616,0.0
Hadrosciurus_spadiceus,Cytb,C>T,G>A,2.96485,20.76923076923077,0.3862134563757465
Hadrosciurus_spadiceus,Cytb,G>A,C>T,5.596699,158.46153846153845,0.0955549455706619
Hadrosciurus_spadiceus,Cytb,G>C,C>G,,69.23076923076923,0.0
Hadrosciurus_spadiceus,Cytb,G>T,C>A,,69.23076923076923,0.0
Hadrosciurus_spadiceus,Cytb,T>A,A>T,,73.84615384615385,0.0
Hadrosciurus_spadiceus,Cytb,T>C,A>G,5.828104,114.69230769230772,0.137479545873082
Hadrosciurus_spadiceus,Cytb,T>G,A>C,,73.84615384615385,0.0
Helarctos_malayanus,CO1,A>C,T>G,,63.368421052631575,0.0
Helarctos_malayanus,CO1,A>G,T>C,9.96007,162.05263157894734,0.27596512932799
Helarctos_malayanus,CO1,A>T,T>A,1.0,63.368421052631575,0.070855737024457
Helarctos_malayanus,CO1,C>A,G>T,,41.63157894736842,0.0
Helarctos_malayanus,CO1,C>G,G>C,,41.63157894736842,0.0
Helarctos_malayanus,CO1,C>T,G>A,1.99999,63.68421052631578,0.1410080674808419
Helarctos_malayanus,CO1,G>A,C>T,12.820333,157.0526315789474,0.3665236423965206
Helarctos_malayanus,CO1,G>C,C>G,,58.10526315789475,0.0
Helarctos_malayanus,CO1,G>T,C>A,,58.10526315789475,0.0
Helarctos_malayanus,CO1,T>A,A>T,,105.84210526315792,0.0
Helarctos_malayanus,CO1,T>C,A>G,3.98097,173.15789473684214,0.1032272870396329
Helarctos_malayanus,CO1,T>G,A>C,0.99996,105.84210526315792,0.0424201367305575
Helarctos_malayanus,Cytb,A>C,T>G,,20.0,0.0
Helarctos_malayanus,Cytb,A>G,T>C,7.928398,67.95454545454545,0.2031409689950421
Helarctos_malayanus,Cytb,A>T,T>A,,20.0,0.0
Helarctos_malayanus,Cytb,C>A,G>T,,15.272727272727275,0.0
Helarctos_malayanus,Cytb,C>G,G>C,,15.272727272727275,0.0
Helarctos_malayanus,Cytb,C>T,G>A,9.965687,26.18181818181818,0.6627321335238479
Helarctos_malayanus,Cytb,G>A,C>T,5.9885980000000005,182.0,0.0572907306779171
Helarctos_malayanus,Cytb,G>C,C>G,,59.590909090909086,0.0
Helarctos_malayanus,Cytb,G>T,C>A,,59.590909090909086,0.0
Helarctos_malayanus,Cytb,T>A,A>T,0.99913,102.31818181818186,0.0170019906668249
Helarctos_malayanus,Cytb,T>C,A>G,4.945463,143.9090909090909,0.0598341761363679
Helarctos_malayanus,Cytb,T>G,A>C,,102.31818181818186,0.0
Hipposideros_pomona,CO1,A>C,T>G,1.0,51.95238095238096,0.0641451192173303
Hipposideros_pomona,CO1,A>G,T>C,7.298833,108.23809523809524,0.2247203271488042
Hipposideros_pomona,CO1,A>T,T>A,0.662946,51.95238095238096,0.0425247502046522
Hipposideros_pomona,CO1,C>A,G>T,,22.285714285714285,0.0
Hipposideros_pomona,CO1,C>G,G>C,,22.285714285714285,0.0
Hipposideros_pomona,CO1,C>T,G>A,3.22436,34.52380952380953,0.3112389098622814
Hipposideros_pomona,CO1,G>A,C>T,6.016379,227.0,0.0883239334799459
Hipposideros_pomona,CO1,G>C,C>G,,91.5238095238095,0.0
Hipposideros_pomona,CO1,G>T,C>A,,91.5238095238095,0.0
Hipposideros_pomona,CO1,T>A,A>T,,117.04761904761904,0.0
Hipposideros_pomona,CO1,T>C,A>G,11.786458,183.80952380952385,0.2136900868222855
Hipposideros_pomona,CO1,T>G,A>C,1.944308,117.04761904761904,0.0553568732647002
Hipposideros_pomona,Cytb,A>C,T>G,,18.84375,0.0
Hipposideros_pomona,Cytb,A>G,T>C,12.059298,55.0,0.2408615848406164
Hipposideros_pomona,Cytb,A>T,T>A,,18.84375,0.0
Hipposideros_pomona,Cytb,C>A,G>T,,8.5625,0.0
Hipposideros_pomona,Cytb,C>G,G>C,,8.5625,0.0
Hipposideros_pomona,Cytb,C>T,G>A,7.361092,15.65625,0.5164909307391634
Hipposideros_pomona,Cytb,G>A,C>T,20.162953,205.4375,0.1078158517614737
Hipposideros_pomona,Cytb,G>C,C>G,,79.5,0.0
Hipposideros_pomona,Cytb,G>T,C>A,0.372843,79.5,0.0051518957574501
Hipposideros_pomona,Cytb,T>A,A>T,,99.15625,0.0
Hipposideros_pomona,Cytb,T>C,A>G,14.943439,138.28125,0.1187122291860679
Hipposideros_pomona,Cytb,T>G,A>C,0.989965,99.15625,0.0109675077152282
Hippotragus_equinus,CO1,A>C,T>G,,54.20000000000002,0.0
Hippotragus_equinus,CO1,A>G,T>C,21.982929,128.6888888888888,0.2401071639971288
Hippotragus_equinus,CO1,A>T,T>A,,54.20000000000002,0.0
Hippotragus_equinus,CO1,C>A,G>T,,24.31111111111113,0.0
Hippotragus_equinus,CO1,C>G,G>C,,24.31111111111113,0.0
Hippotragus_equinus,CO1,C>T,G>A,13.97405,40.22222222222221,0.4883338661608506
Hippotragus_equinus,CO1,G>A,C>T,20.959641,190.46666666666667,0.1546769039197352
Hippotragus_equinus,CO1,G>C,C>G,,66.91111111111108,0.0
Hippotragus_equinus,CO1,G>T,C>A,,66.91111111111108,0.0
Hippotragus_equinus,CO1,T>A,A>T,1.0,131.5777777777778,0.010682627003838
Hippotragus_equinus,CO1,T>C,A>G,14.931292,197.62222222222223,0.1061994389184473
Hippotragus_equinus,CO1,T>G,A>C,,131.5777777777778,0.0
Hippotragus_equinus,Cytb,A>C,T>G,,15.613636363636363,0.0
Hippotragus_equinus,Cytb,A>G,T>C,14.703767,59.272727272727295,0.1790433009106065
Hippotragus_equinus,Cytb,A>T,T>A,,15.613636363636363,0.0
Hippotragus_equinus,Cytb,C>A,G>T,,6.977272727272729,0.0
Hippotragus_equinus,Cytb,C>G,G>C,,6.977272727272729,0.0
Hippotragus_equinus,Cytb,C>T,G>A,8.912982,10.568181818181817,0.6087053622076497
Hippotragus_equinus,Cytb,G>A,C>T,30.478958,180.50000000000003,0.1218729388156718
Hippotragus_equinus,Cytb,G>C,C>G,,57.36363636363639,0.0
Hippotragus_equinus,Cytb,G>T,C>A,0.9992,57.36363636363639,0.0125718770707673
Hippotragus_equinus,Cytb,T>A,A>T,,114.5,0.0
Hippotragus_equinus,Cytb,T>C,A>G,17.829178,165.38636363636363,0.0778065209953045
Hippotragus_equinus,Cytb,T>G,A>C,,114.5,0.0
Hippotragus_niger,CO1,A>C,T>G,,47.91304347826086,0.0
Hippotragus_niger,CO1,A>G,T>C,7.921539,129.69565217391303,0.2106034237254896
Hippotragus_niger,CO1,A>T,T>A,,47.91304347826086,0.0
Hippotragus_niger,CO1,C>A,G>T,,20.95652173913044,0.0
Hippotragus_niger,CO1,C>G,G>C,,20.95652173913044,0.0
Hippotragus_niger,CO1,C>T,G>A,3.778636,34.00000000000001,0.3832105179365329
Hippotragus_niger,CO1,G>A,C>T,13.598998,192.17391304347825,0.2440022080025929
Hippotragus_niger,CO1,G>C,C>G,,73.6086956521739,0.0
Hippotragus_niger,CO1,G>T,C>A,1.0,73.6086956521739,0.0468438042695359
Hippotragus_niger,CO1,T>A,A>T,,130.17391304347828,0.0
Hippotragus_niger,CO1,T>C,A>G,6.841295000000001,204.5217391304348,0.1153400460658485
Hippotragus_niger,CO1,T>G,A>C,,130.17391304347828,0.0
Hippotragus_niger,Cytb,A>C,T>G,,21.17142857142857,0.0
Hippotragus_niger,Cytb,A>G,T>C,13.689196,67.37142857142857,0.2340050093948504
Hippotragus_niger,Cytb,A>T,T>A,,21.17142857142857,0.0
Hippotragus_niger,Cytb,C>A,G>T,,12.457142857142864,0.0
Hippotragus_niger,Cytb,C>G,G>C,,12.457142857142864,0.0
Hippotragus_niger,Cytb,C>T,G>A,8.658384,16.82857142857143,0.5925330261235329
Hippotragus_niger,Cytb,G>A,C>T,16.302743,169.82857142857142,0.1105536014993094
Hippotragus_niger,Cytb,G>C,C>G,,51.45714285714284,0.0
Hippotragus_niger,Cytb,G>T,C>A,,51.45714285714284,0.0
Hippotragus_niger,Cytb,T>A,A>T,,104.97142857142856,0.0
Hippotragus_niger,Cytb,T>C,A>G,8.707104,159.4,0.0629083629823073
Hippotragus_niger,Cytb,T>G,A>C,,104.97142857142856,0.0
Homo_sapiens,CO1,A>C,T>G,1.0,47.60721442885757,0.003901584520467
Homo_sapiens,CO1,A>G,T>C,117.98073,92.97795591182414,0.2356920182865464
Homo_sapiens,CO1,A>T,T>A,0.99796,47.60721442885757,0.0038936252880453
Homo_sapiens,CO1,C>A,G>T,1.0,15.555110220440936,0.0119409999830218
Homo_sapiens,CO1,C>G,G>C,1.0,15.555110220440936,0.0119409999830218
Homo_sapiens,CO1,C>T,G>A,70.83459,27.66332665330663,0.4756141534669586
Homo_sapiens,CO1,G>A,C>T,131.667949,251.9599198396813,0.0970649420472449
Homo_sapiens,CO1,G>C,C>G,,97.27855711422842,0.0
Homo_sapiens,CO1,G>T,C>A,5.0,97.27855711422842,0.0095469945478364
Homo_sapiens,CO1,T>A,A>T,4.0,114.44689378757522,0.0064918693633729
Homo_sapiens,CO1,T>C,A>G,135.624374,183.31462925851724,0.1374214138106406
Homo_sapiens,CO1,T>G,A>C,3.99971,114.44689378757522,0.006491398702844
Homo_sapiens,Cytb,A>C,T>G,1.0,14.991983967935978,0.0072091504310751
Homo_sapiens,Cytb,A>G,T>C,104.97218,55.06613226452906,0.2060311278381613
Homo_sapiens,Cytb,A>T,T>A,,14.991983967935978,0.0
Homo_sapiens,Cytb,C>A,G>T,2.0,7.194388777555131,0.0300454899024363
Homo_sapiens,Cytb,C>G,G>C,,7.194388777555131,0.0
Homo_sapiens,Cytb,C>T,G>A,74.827402,14.06412825651308,0.5750307185000989
Homo_sapiens,Cytb,G>A,C>T,142.92673,207.88777555110065,0.0743066534596562
Homo_sapiens,Cytb,G>C,C>G,2.0,88.03006012024024,0.002455512754109
Homo_sapiens,Cytb,G>T,C>A,2.99923,88.03006012024024,0.0036823237587532
Homo_sapiens,Cytb,T>A,A>T,5.0,87.83366733466931,0.0061525079713059
Homo_sapiens,Cytb,T>C,A>G,111.87041,137.8597194388768,0.0877043302549049
Homo_sapiens,Cytb,T>G,A>C,5.9993300000000005,87.83366733466931,0.0073821851294989
Hylomyscus_aeta,CO1,A>C,T>G,,83.18181818181817,0.0
Hylomyscus_aeta,CO1,A>G,T>C,10.856083,182.63636363636363,0.1516341896956072
Hylomyscus_aeta,CO1,A>T,T>A,0.994813,83.18181818181817,0.030508740178373
Hylomyscus_aeta,CO1,C>A,G>T,1.034895,7.181818181818182,0.367597978056624
Hylomyscus_aeta,CO1,C>G,G>C,,7.181818181818182,0.0
Hylomyscus_aeta,CO1,C>T,G>A,1.32022,13.454545454545457,0.2503159414697337
Hylomyscus_aeta,CO1,G>A,C>T,4.49511,139.27272727272728,0.0823351867801694
Hylomyscus_aeta,CO1,G>C,C>G,,47.90909090909091,0.0
Hylomyscus_aeta,CO1,G>T,C>A,0.93477,47.90909090909091,0.0497734869873107
Hylomyscus_aeta,CO1,T>A,A>T,,135.72727272727272,0.0
Hylomyscus_aeta,CO1,T>C,A>G,5.77756,217.2727272727273,0.0678344768321818
Hylomyscus_aeta,CO1,T>G,A>C,,135.72727272727272,0.0
Hylomyscus_aeta,Cytb,A>C,T>G,,35.8125,0.0
Hylomyscus_aeta,Cytb,A>G,T>C,11.163986,92.8125,0.1634008908104278
Hylomyscus_aeta,Cytb,A>T,T>A,,35.8125,0.0
Hylomyscus_aeta,Cytb,C>A,G>T,,4.6875,0.0
Hylomyscus_aeta,Cytb,C>G,G>C,,4.6875,0.0
Hylomyscus_aeta,Cytb,C>T,G>A,3.486274,8.875,0.5336232738144616
Hylomyscus_aeta,Cytb,G>A,C>T,8.796547,140.25,0.0852022306811211
Hylomyscus_aeta,Cytb,G>C,C>G,,29.3125,0.0
Hylomyscus_aeta,Cytb,G>T,C>A,2.921393,29.3125,0.1353875508290375
Hylomyscus_aeta,Cytb,T>A,A>T,1.923041,114.0625,0.0229027306300219
Hylomyscus_aeta,Cytb,T>C,A>G,7.416567000000001,169.375,0.0594833232349297
Hylomyscus_aeta,Cytb,T>G,A>C,,114.0625,0.0
Hylomyscus_stella,CO1,A>C,T>G,1.0,81.07692307692308,0.0192239307560582
Hylomyscus_stella,CO1,A>G,T>C,11.96034,188.15384615384613,0.0990763223098018
Hylomyscus_stella,CO1,A>T,T>A,,81.07692307692308,0.0
Hylomyscus_stella,CO1,C>A,G>T,,2.923076923076923,0.0
Hylomyscus_stella,CO1,C>G,G>C,,2.923076923076923,0.0
Hylomyscus_stella,CO1,C>T,G>A,3.99696,9.384615384615389,0.663823733750576
Hylomyscus_stella,CO1,G>A,C>T,9.956595,128.92307692307693,0.1203703801072829
Hylomyscus_stella,CO1,G>C,C>G,,45.92307692307693,0.0
Hylomyscus_stella,CO1,G>T,C>A,1.0,45.92307692307693,0.0339397370467092
Hylomyscus_stella,CO1,T>A,A>T,1.99976,142.23076923076923,0.0219141066242546
Hylomyscus_stella,CO1,T>C,A>G,5.99841,224.46153846153845,0.0416517894053172
Hylomyscus_stella,CO1,T>G,A>C,,142.23076923076923,0.0
Hylomyscus_stella,Cytb,A>C,T>G,,29.33333333333333,0.0
Hylomyscus_stella,Cytb,A>G,T>C,21.914043,101.3333333333333,0.2226479199210576
Hylomyscus_stella,Cytb,A>T,T>A,,29.33333333333333,0.0
Hylomyscus_stella,Cytb,C>A,G>T,,3.74074074074074,0.0
Hylomyscus_stella,Cytb,C>G,G>C,,3.74074074074074,0.0
Hylomyscus_stella,Cytb,C>T,G>A,2.992711,5.111111111111111,0.6028342505983192
Hylomyscus_stella,Cytb,G>A,C>T,11.599176,128.3333333333333,0.0930542311068975
Hylomyscus_stella,Cytb,G>C,C>G,,27.814814814814813,0.0
Hylomyscus_stella,Cytb,G>T,C>A,0.9971,27.814814814814813,0.036907192065791
Hylomyscus_stella,Cytb,T>A,A>T,2.626927,125.25925925925932,0.021591689524159
Hylomyscus_stella,Cytb,T>C,A>G,3.98856,178.81481481481478,0.0229647167837753
Hylomyscus_stella,Cytb,T>G,A>C,,125.25925925925932,0.0
Hylomyscus_walterverheyeni,CO1,A>C,T>G,,74.75,0.0
Hylomyscus_walterverheyeni,CO1,A>G,T>C,8.833946000000001,177.08333333333331,0.2432564755265613
Hylomyscus_walterverheyeni,CO1,A>T,T>A,0.99941,74.75,0.0651958349888664
Hylomyscus_walterverheyeni,CO1,C>A,G>T,,4.416666666666666,0.0
Hylomyscus_walterverheyeni,CO1,C>G,G>C,,4.416666666666666,0.0
Hylomyscus_walterverheyeni,CO1,C>T,G>A,,10.083333333333332,0.0
Hylomyscus_walterverheyeni,CO1,G>A,C>T,9.330008,138.16666666666666,0.3292805619160208
Hylomyscus_walterverheyeni,CO1,G>C,C>G,,51.16666666666667,0.0
Hylomyscus_walterverheyeni,CO1,G>T,C>A,2.32797,51.16666666666667,0.2218592867791853
Hylomyscus_walterverheyeni,CO1,T>A,A>T,0.993012,140.33333333333331,0.0345049191285839
Hylomyscus_walterverheyeni,CO1,T>C,A>G,4.891988,225.25,0.105902921660782
Hylomyscus_walterverheyeni,CO1,T>G,A>C,,140.33333333333331,0.0
Hylomyscus_walterverheyeni,Cytb,A>C,T>G,,33.519480519480496,0.0
Hylomyscus_walterverheyeni,Cytb,A>G,T>C,51.792408,106.07792207792204,0.1713825965050262
Hylomyscus_walterverheyeni,Cytb,A>T,T>A,0.99922,33.519480519480496,0.0104638006620037
Hylomyscus_walterverheyeni,Cytb,C>A,G>T,0.99885,6.064935064935062,0.0578095697914113
Hylomyscus_walterverheyeni,Cytb,C>G,G>C,,6.064935064935062,0.0
Hylomyscus_walterverheyeni,Cytb,C>T,G>A,15.899563,9.779220779220775,0.5706982696142701
Hylomyscus_walterverheyeni,Cytb,G>A,C>T,33.759779,124.89610389610392,0.0948803598104272
Hylomyscus_walterverheyeni,Cytb,G>C,C>G,,23.935064935064933,0.0
Hylomyscus_walterverheyeni,Cytb,G>T,C>A,1.98827,23.935064935064933,0.0291585798789183
Hylomyscus_walterverheyeni,Cytb,T>A,A>T,6.993002,124.7272727272727,0.0196801246630015
Hylomyscus_walterverheyeni,Cytb,T>C,A>G,20.141284,175.29870129870133,0.0403305433906763
Hylomyscus_walterverheyeni,Cytb,T>G,A>C,1.9885,124.7272727272727,0.0055961556842652
Lasiopodomys_anglicus,CO1,A>C,T>G,1.0,60.89705882352945,0.0119798068190402
Lasiopodomys_anglicus,CO1,A>G,T>C,42.657811,133.0882352941176,0.2338325855980186
Lasiopodomys_anglicus,CO1,A>T,T>A,1.455167,60.89705882352945,0.0174326195494423
Lasiopodomys_anglicus,CO1,C>A,G>T,1.991797,26.441176470588225,0.0549554074159304
Lasiopodomys_anglicus,CO1,C>G,G>C,,26.441176470588225,0.0
Lasiopodomys_anglicus,CO1,C>T,G>A,21.92204,44.92647058823529,0.3559793425598929
Lasiopodomys_anglicus,CO1,G>A,C>T,21.410966,178.6764705882353,0.0874208508889805
Lasiopodomys_anglicus,CO1,G>C,C>G,,64.16176470588229,0.0
Lasiopodomys_anglicus,CO1,G>T,C>A,7.413477,64.16176470588229,0.0842930516654473
Lasiopodomys_anglicus,CO1,T>A,A>T,3.99792,123.30882352941182,0.0236529916183786
Lasiopodomys_anglicus,CO1,T>C,A>G,33.536098,187.54411764705884,0.1304533438848689
Lasiopodomys_anglicus,CO1,T>G,A>C,,123.30882352941182,0.0
Lasiopodomys_anglicus,Cytb,A>C,T>G,,28.71428571428572,0.0
Lasiopodomys_anglicus,Cytb,A>G,T>C,44.070527,70.11688311688312,0.1942976661488841
Lasiopodomys_anglicus,Cytb,A>T,T>A,1.992323,28.71428571428572,0.0214488332867327
Lasiopodomys_anglicus,Cytb,C>A,G>T,0.99897,6.064935064935059,0.0509176361315773
Lasiopodomys_anglicus,Cytb,C>G,G>C,,6.064935064935059,0.0
Lasiopodomys_anglicus,Cytb,C>T,G>A,22.515796,12.35064935064934,0.563559085635665
Lasiopodomys_anglicus,Cytb,G>A,C>T,38.830987,179.37662337662343,0.0669197835272673
Lasiopodomys_anglicus,Cytb,G>C,C>G,,55.896103896103895,0.0
Lasiopodomys_anglicus,Cytb,G>T,C>A,4.992752,55.896103896103895,0.02761216114349
Lasiopodomys_anglicus,Cytb,T>A,A>T,4.99729,98.49350649350652,0.0156844356298899
Lasiopodomys_anglicus,Cytb,T>C,A>G,24.317103,149.80519480519482,0.0501795662612001
Lasiopodomys_anglicus,Cytb,T>G,A>C,2.98887,98.49350649350652,0.0093808322352933
Lasiopodomys_gregalis,CO1,A>C,T>G,,58.50000000000001,0.0
Lasiopodomys_gregalis,CO1,A>G,T>C,17.140763,128.575,0.1495319402532527
Lasiopodomys_gregalis,CO1,A>T,T>A,0.99877,58.50000000000001,0.0191500527388771
Lasiopodomys_gregalis,CO1,C>A,G>T,2.0,27.425,0.0817981931978202
Lasiopodomys_gregalis,CO1,C>G,G>C,,27.425,0.0
Lasiopodomys_gregalis,CO1,C>T,G>A,16.882341,46.65,0.4059208614287731
Lasiopodomys_gregalis,CO1,G>A,C>T,20.458457,180.9,0.1268512234371324
Lasiopodomys_gregalis,CO1,G>C,C>G,,63.57500000000001,0.0
Lasiopodomys_gregalis,CO1,G>T,C>A,5.573321,63.57500000000001,0.0983304529962408
Lasiopodomys_gregalis,CO1,T>A,A>T,,126.85,0.0
Lasiopodomys_gregalis,CO1,T>C,A>G,18.538122,189.75,0.1095832818652302
Lasiopodomys_gregalis,CO1,T>G,A>C,0.99905,126.85,0.0088339940826732
Lasiopodomys_gregalis,Cytb,A>C,T>G,,26.375,0.0
Lasiopodomys_gregalis,Cytb,A>G,T>C,25.688634,63.22916666666667,0.1775265509201983
Lasiopodomys_gregalis,Cytb,A>T,T>A,5.6167750000000005,26.375,0.0930538445881174
Lasiopodomys_gregalis,Cytb,C>A,G>T,1.0,7.8125000000000036,0.0559306326725717
Lasiopodomys_gregalis,Cytb,C>G,G>C,0.99966,7.8125000000000036,0.0559116162574631
Lasiopodomys_gregalis,Cytb,C>T,G>A,15.915041,14.541666666666664,0.4782261705622779
Lasiopodomys_gregalis,Cytb,G>A,C>T,18.158384,179.14583333333337,0.0442904656979665
Lasiopodomys_gregalis,Cytb,G>C,C>G,,53.625000000000014,0.0
Lasiopodomys_gregalis,Cytb,G>T,C>A,3.817843,53.625000000000014,0.0311093202847537
Lasiopodomys_gregalis,Cytb,T>A,A>T,1.845789,104.47916666666669,0.0077195523342527
Lasiopodomys_gregalis,Cytb,T>C,A>G,16.941374,154.6041666666667,0.0478814394705561
Lasiopodomys_gregalis,Cytb,T>G,A>C,1.99663,104.47916666666669,0.0083504072118422
Lepus_europaeus,CO1,A>C,T>G,,92.42857142857146,0.0
Lepus_europaeus,CO1,A>G,T>C,13.095518,183.5357142857143,0.1462930062931203
Lepus_europaeus,CO1,A>T,T>A,0.999,92.42857142857146,0.0221605592790824
Lepus_europaeus,CO1,C>A,G>T,,16.571428571428577,0.0
Lepus_europaeus,CO1,C>G,G>C,,16.571428571428577,0.0
Lepus_europaeus,CO1,C>T,G>A,6.576261000000001,31.82142857142857,0.423721828478157
Lepus_europaeus,CO1,G>A,C>T,11.668702,147.78571428571428,0.1618868464022003
Lepus_europaeus,CO1,G>C,C>G,0.99911,52.75000000000002,0.0388340165181204
Lepus_europaeus,CO1,G>T,C>A,1.0,52.75000000000002,0.0388686095806471
Lepus_europaeus,CO1,T>A,A>T,2.97697,105.17857142857144,0.0580321498294373
Lepus_europaeus,CO1,T>C,A>G,9.93976,184.92857142857144,0.1102029836192348
Lepus_europaeus,CO1,T>G,A>C,,105.17857142857144,0.0
Lepus_europaeus,Cytb,A>C,T>G,,52.29166666666667,0.0
Lepus_europaeus,Cytb,A>G,T>C,24.882779,109.375,0.1500920727717588
Lepus_europaeus,Cytb,A>T,T>A,,52.29166666666667,0.0
Lepus_europaeus,Cytb,C>A,G>T,,6.395833333333333,0.0
Lepus_europaeus,Cytb,C>G,G>C,,6.395833333333333,0.0
Lepus_europaeus,Cytb,C>T,G>A,12.887041,13.062499999999998,0.6508843744651269
Lepus_europaeus,Cytb,G>A,C>T,32.521078,160.62499999999997,0.1335760913972131
Lepus_europaeus,Cytb,G>C,C>G,,58.87500000000001,0.0
Lepus_europaeus,Cytb,G>T,C>A,1.964732,58.87500000000001,0.0220165536286006
Lepus_europaeus,Cytb,T>A,A>T,1.99993,75.95833333333331,0.017370659491175
Lepus_europaeus,Cytb,T>C,A>G,4.963062,125.64583333333331,0.0260602482461253
Lepus_europaeus,Cytb,T>G,A>C,,75.95833333333331,0.0
Lutra_lutra,CO1,A>C,T>G,,43.49999999999999,0.0
Lutra_lutra,CO1,A>G,T>C,8.809748,129.05555555555557,0.2742788631356241
Lutra_lutra,CO1,A>T,T>A,0.51699,43.49999999999999,0.0477527564318693
Lutra_lutra,CO1,C>A,G>T,1.850013,41.38888888888889,0.1795959637937566
Lutra_lutra,CO1,C>G,G>C,,41.38888888888889,0.0
Lutra_lutra,CO1,C>T,G>A,3.97243,60.66666666666665,0.2630944455890054
Lutra_lutra,CO1,G>A,C>T,3.95484,182.66666666666669,0.0869911703869497
Lutra_lutra,CO1,G>C,C>G,,69.72222222222221,0.0
Lutra_lutra,CO1,G>T,C>A,,69.72222222222221,0.0
Lutra_lutra,CO1,T>A,A>T,,125.7222222222222,0.0
Lutra_lutra,CO1,T>C,A>G,6.923975,187.61111111111111,0.1482868006627947
Lutra_lutra,CO1,T>G,A>C,,125.7222222222222,0.0
Lutra_lutra,Cytb,A>C,T>G,,24.58620689655173,0.0
Lutra_lutra,Cytb,A>G,T>C,12.850976,64.34482758620688,0.3271163379440616
Lutra_lutra,Cytb,A>T,T>A,,24.58620689655173,0.0
Lutra_lutra,Cytb,C>A,G>T,,13.310344827586206,0.0
Lutra_lutra,Cytb,C>G,G>C,,13.310344827586206,0.0
Lutra_lutra,Cytb,C>T,G>A,4.9425170000000005,18.17241379310345,0.4454667762750089
Lutra_lutra,Cytb,G>A,C>T,7.85482,187.7931034482758,0.0685072229111563
Lutra_lutra,Cytb,G>C,C>G,,54.10344827586206,0.0
Lutra_lutra,Cytb,G>T,C>A,,54.10344827586206,0.0
Lutra_lutra,Cytb,T>A,A>T,,100.68965517241378,0.0
Lutra_lutra,Cytb,T>C,A>G,11.935708,154.6896551724138,0.1263766034222368
Lutra_lutra,Cytb,T>G,A>C,2.0,100.68965517241378,0.0325330594475362
Macaca_fascicularis,CO1,A>C,T>G,0.996401,58.57009345794398,0.0053784181812255
Macaca_fascicularis,CO1,A>G,T>C,75.377588,136.68224299065415,0.1743518130779439
Macaca_fascicularis,CO1,A>T,T>A,,58.57009345794398,0.0
Macaca_fascicularis,CO1,C>A,G>T,,21.084112149532707,0.0
Macaca_fascicularis,CO1,C>G,G>C,0.99999,21.084112149532707,0.0149946615654638
Macaca_fascicularis,CO1,C>T,G>A,66.999266,35.177570093457945,0.6021442401519996
Macaca_fascicularis,CO1,G>A,C>T,63.217456,222.6635514018692,0.0897602827479734
Macaca_fascicularis,CO1,G>C,C>G,0.990498,92.58878504672894,0.0033821397312693
Macaca_fascicularis,CO1,G>T,C>A,0.99986,92.58878504672894,0.0034141070771541
Macaca_fascicularis,CO1,T>A,A>T,0.31274,99.87850467289724,0.0009899373919546
Macaca_fascicularis,CO1,T>C,A>G,55.942569,169.10280373831768,0.1045894614005921
Macaca_fascicularis,CO1,T>G,A>C,0.31432,99.87850467289724,0.0009949386744234
Macaca_fascicularis,Cytb,A>C,T>G,0.96992,24.54807692307692,0.0075769735302071
Macaca_fascicularis,Cytb,A>G,T>C,81.812815,56.10576923076923,0.2796347538415216
Macaca_fascicularis,Cytb,A>T,T>A,2.0,24.54807692307692,0.0156239144057388
Macaca_fascicularis,Cytb,C>A,G>T,,9.836538461538456,0.0
Macaca_fascicularis,Cytb,C>G,G>C,,9.836538461538456,0.0
Macaca_fascicularis,Cytb,C>T,G>A,45.402611,15.23076923076924,0.5716580476893561
Macaca_fascicularis,Cytb,G>A,C>T,52.32792,203.66346153846163,0.0492717153524556
Macaca_fascicularis,Cytb,G>C,C>G,0.99991,75.04807692307693,0.0025550457124303
Macaca_fascicularis,Cytb,G>T,C>A,1.0,75.04807692307693,0.0025552756872422
Macaca_fascicularis,Cytb,T>A,A>T,,89.95192307692304,0.0
Macaca_fascicularis,Cytb,T>C,A>G,50.706675,140.94230769230762,0.0689923735417187
Macaca_fascicularis,Cytb,T>G,A>C,1.0,89.95192307692304,0.0021319002393293
Macaca_mulatta,CO1,A>C,T>G,,57.172413793103445,0.0
Macaca_mulatta,CO1,A>G,T>C,26.143746,133.4310344827586,0.2241421654035434
Macaca_mulatta,CO1,A>T,T>A,1.0,57.172413793103445,0.0200090317141306
Macaca_mulatta,CO1,C>A,G>T,,20.534482758620683,0.0
Macaca_mulatta,CO1,C>G,G>C,,20.534482758620683,0.0
Macaca_mulatta,CO1,C>T,G>A,14.644759,33.241379310344826,0.5039828916856164
Macaca_mulatta,CO1,G>A,C>T,26.155544,227.3793103448276,0.1315907654502774
Macaca_mulatta,CO1,G>C,C>G,,95.58620689655172,0.0
Macaca_mulatta,CO1,G>T,C>A,,95.58620689655172,0.0
Macaca_mulatta,CO1,T>A,A>T,,102.8793103448276,0.0
Macaca_mulatta,CO1,T>C,A>G,16.484796,172.75862068965515,0.1091582212155541
Macaca_mulatta,CO1,T>G,A>C,0.99977,102.8793103448276,0.011116924530878
Macaca_mulatta,Cytb,A>C,T>G,,23.43859649122808,0.0
Macaca_mulatta,Cytb,A>G,T>C,27.136296,53.57894736842101,0.3665821949883739
Macaca_mulatta,Cytb,A>T,T>A,,23.43859649122808,0.0
Macaca_mulatta,Cytb,C>A,G>T,,8.982456140350873,0.0
Macaca_mulatta,Cytb,C>G,G>C,,8.982456140350873,0.0
Macaca_mulatta,Cytb,C>T,G>A,9.9008,16.82456140350877,0.4259332192069322
Macaca_mulatta,Cytb,G>A,C>T,19.823042,205.78947368421035,0.0697207613911875
Macaca_mulatta,Cytb,G>C,C>G,,78.3333333333333,0.0
Macaca_mulatta,Cytb,G>T,C>A,1.0,78.3333333333333,0.0092399233593088
Macaca_mulatta,Cytb,T>A,A>T,0.99884,89.07017543859654,0.0081166831869739
Macaca_mulatta,Cytb,T>C,A>G,23.225583,139.6140350877193,0.1204072178672235
Macaca_mulatta,Cytb,T>G,A>C,,89.07017543859654,0.0
Mammuthus_primigenius,CO1,A>C,T>G,,88.66666666666663,0.0
Mammuthus_primigenius,CO1,A>G,T>C,19.867425,191.96969696969705,0.1777648851528904
Mammuthus_primigenius,CO1,A>T,T>A,,88.66666666666663,0.0
Mammuthus_primigenius,CO1,C>A,G>T,,14.151515151515152,0.0
Mammuthus_primigenius,CO1,C>G,G>C,,14.151515151515152,0.0
Mammuthus_primigenius,CO1,C>T,G>A,4.9945,28.287878787878785,0.3032694815181344
Mammuthus_primigenius,CO1,G>A,C>T,31.961892,143.92424242424252,0.3814482275832069
Mammuthus_primigenius,CO1,G>C,C>G,,51.90909090909094,0.0
Mammuthus_primigenius,CO1,G>T,C>A,0.94516,51.90909090909094,0.0312751199667086
Mammuthus_primigenius,CO1,T>A,A>T,0.99978,110.48484848484858,0.0155431412592117
Mammuthus_primigenius,CO1,T>C,A>G,9.739922,184.45454545454544,0.0906991445198478
Mammuthus_primigenius,CO1,T>G,A>C,,110.48484848484858,0.0
Mammuthus_primigenius,Cytb,A>C,T>G,,31.5918367346939,0.0
Mammuthus_primigenius,Cytb,A>G,T>C,23.728649,83.00000000000001,0.2212931196732242
Mammuthus_primigenius,Cytb,A>T,T>A,,31.5918367346939,0.0
Mammuthus_primigenius,Cytb,C>A,G>T,,6.938775510204085,0.0
Mammuthus_primigenius,Cytb,C>G,G>C,,6.938775510204085,0.0
Mammuthus_primigenius,Cytb,C>T,G>A,7.946853,11.285714285714286,0.545053483673839
Mammuthus_primigenius,Cytb,G>A,C>T,36.836979,165.09183673469394,0.1727155335922424
Mammuthus_primigenius,Cytb,G>C,C>G,,49.59183673469386,0.0
Mammuthus_primigenius,Cytb,G>T,C>A,1.0,49.59183673469386,0.0156085585525108
Mammuthus_primigenius,Cytb,T>A,A>T,,105.37755102040808,0.0
Mammuthus_primigenius,Cytb,T>C,A>G,8.969344,153.1632653061224,0.0453293045081835
Mammuthus_primigenius,Cytb,T>G,A>C,,105.37755102040808,0.0
Manis_javanica,CO1,A>C,T>G,,45.88235294117648,0.0
Manis_javanica,CO1,A>G,T>C,2.99549,99.0,0.1410999154910644
Manis_javanica,CO1,A>T,T>A,,45.88235294117648,0.0
Manis_javanica,CO1,C>A,G>T,,38.764705882352935,0.0
Manis_javanica,CO1,C>G,G>C,,38.764705882352935,0.0
Manis_javanica,CO1,C>T,G>A,6.030204,60.47058823529412,0.4650309790225421
Manis_javanica,CO1,G>A,C>T,4.899232,233.05882352941177,0.0980294418708223
Manis_javanica,CO1,G>C,C>G,,92.76470588235294,0.0
Manis_javanica,CO1,G>T,C>A,0.99946,92.76470588235294,0.0502431338151774
Manis_javanica,CO1,T>A,A>T,0.99971,104.05882352941175,0.0448011538068584
Manis_javanica,CO1,T>C,A>G,5.520192,164.6470588235294,0.1563487021124674
Manis_javanica,CO1,T>G,A>C,0.9918,104.05882352941175,0.0444466738810677
Manis_javanica,Cytb,A>C,T>G,,20.869565217391308,0.0
Manis_javanica,Cytb,A>G,T>C,3.99691,43.60869565217392,0.2116578593613766
Manis_javanica,Cytb,A>T,T>A,,20.869565217391308,0.0
Manis_javanica,Cytb,C>A,G>T,,10.260869565217392,0.0
Manis_javanica,Cytb,C>G,G>C,,10.260869565217392,0.0
Manis_javanica,Cytb,C>T,G>A,5.99935,21.65217391304348,0.6398612643605307
Manis_javanica,Cytb,G>A,C>T,3.97109,196.3913043478261,0.0466950239736288
Manis_javanica,Cytb,G>C,C>G,,53.4782608695652,0.0
Manis_javanica,Cytb,G>T,C>A,,53.4782608695652,0.0
Manis_javanica,Cytb,T>A,A>T,,118.4782608695652,0.0
Manis_javanica,Cytb,T>C,A>G,6.99662,158.73913043478265,0.1017858523044637
Manis_javanica,Cytb,T>G,A>C,,118.4782608695652,0.0
Martes_americana,CO1,A>C,T>G,,45.92857142857142,0.0
Martes_americana,CO1,A>G,T>C,4.94965,117.71428571428572,0.2013093013002913
Martes_americana,CO1,A>T,T>A,,45.92857142857142,0.0
Martes_americana,CO1,C>A,G>T,,31.57142857142856,0.0
Martes_americana,CO1,C>G,G>C,,31.57142857142856,0.0
Martes_americana,CO1,C>T,G>A,3.99942,56.71428571428569,0.3376160390265912
Martes_americana,CO1,G>A,C>T,8.940632,192.85714285714283,0.2219478866300526
Martes_americana,CO1,G>C,C>G,,66.42857142857146,0.0
Martes_americana,CO1,G>T,C>A,,66.42857142857146,0.0
Martes_americana,CO1,T>A,A>T,1.0,126.78571428571428,0.0377614099096641
Martes_americana,CO1,T>C,A>G,7.986838,189.8928571428572,0.2013653631334006
Martes_americana,CO1,T>G,A>C,,126.78571428571428,0.0
Martes_americana,Cytb,A>C,T>G,,26.73913043478262,0.0
Martes_americana,Cytb,A>G,T>C,13.93499,67.93478260869563,0.3920937328282114
Martes_americana,Cytb,A>T,T>A,,26.73913043478262,0.0
Martes_americana,Cytb,C>A,G>T,,15.086956521739127,0.0
Martes_americana,Cytb,C>G,G>C,,15.086956521739127,0.0
Martes_americana,Cytb,C>T,G>A,5.95229,25.52173913043477,0.4458094254446608
Martes_americana,Cytb,G>A,C>T,7.99999,190.97826086956508,0.0800720484884438
Martes_americana,Cytb,G>C,C>G,,59.76086956521738,0.0
Martes_americana,Cytb,G>T,C>A,,59.76086956521738,0.0
Martes_americana,Cytb,T>A,A>T,,91.91304347826087,0.0
Martes_americana,Cytb,T>C,A>G,5.789268,134.91304347826096,0.0820247932386839
Martes_americana,Cytb,T>G,A>C,,91.91304347826087,0.0
Martes_zibellina,CO1,A>C,T>G,,50.18604651162788,0.0
Martes_zibellina,CO1,A>G,T>C,6.99987,123.7441860465116,0.0938119363880363
Martes_zibellina,CO1,A>T,T>A,,50.18604651162788,0.0
Martes_zibellina,CO1,C>A,G>T,,31.46511627906977,0.0
Martes_zibellina,CO1,C>G,G>C,0.99924,31.46511627906977,0.0526663715859532
Martes_zibellina,CO1,C>T,G>A,14.93696,53.11627906976744,0.4663666681709959
Martes_zibellina,CO1,G>A,C>T,13.97434,189.0697674418605,0.1225750685583445
Martes_zibellina,CO1,G>C,C>G,,62.674418604651166,0.0
Martes_zibellina,CO1,G>T,C>A,,62.674418604651166,0.0
Martes_zibellina,CO1,T>A,A>T,1.9997,125.62790697674416,0.0263980381164032
Martes_zibellina,CO1,T>C,A>G,27.86902,194.0465116279069,0.2381819171802666
Martes_zibellina,CO1,T>G,A>C,,125.62790697674416,0.0
Martes_zibellina,Cytb,A>C,T>G,,23.655737704918028,0.0
Martes_zibellina,Cytb,A>G,T>C,18.99834,63.45901639344263,0.2559058628189375
Martes_zibellina,Cytb,A>T,T>A,,23.655737704918028,0.0
Martes_zibellina,Cytb,C>A,G>T,,18.90163934426229,0.0
Martes_zibellina,Cytb,C>G,G>C,,18.90163934426229,0.0
Martes_zibellina,Cytb,C>T,G>A,18.99902,29.34426229508196,0.5534341070041907
Martes_zibellina,Cytb,G>A,C>T,13.95917,193.8196721311476,0.0615629834104824
Martes_zibellina,Cytb,G>C,C>G,0.99981,61.62295081967213,0.013868608925339
Martes_zibellina,Cytb,G>T,C>A,1.0,61.62295081967213,0.0138712444617867
Martes_zibellina,Cytb,T>A,A>T,,87.8032786885246,0.0
Martes_zibellina,Cytb,T>C,A>G,15.860021,133.75409836065575,0.1013571933792635
Martes_zibellina,Cytb,T>G,A>C,,87.8032786885246,0.0
Mesoplodon_densirostris,CO1,A>C,T>G,,69.33333333333334,0.0
Mesoplodon_densirostris,CO1,A>G,T>C,8.438851,176.08333333333334,0.309737909737692
Mesoplodon_densirostris,CO1,A>T,T>A,,69.33333333333334,0.0
Mesoplodon_densirostris,CO1,C>A,G>T,,11.166666666666666,0.0
Mesoplodon_densirostris,CO1,C>G,G>C,,11.166666666666666,0.0
Mesoplodon_densirostris,CO1,C>T,G>A,,12.666666666666666,0.0
Mesoplodon_densirostris,CO1,G>A,C>T,11.529653,153.25,0.4862336924345518
Mesoplodon_densirostris,CO1,G>C,C>G,,58.16666666666668,0.0
Mesoplodon_densirostris,CO1,G>T,C>A,,58.16666666666668,0.0
Mesoplodon_densirostris,CO1,T>A,A>T,,135.25,0.0
Mesoplodon_densirostris,CO1,T>C,A>G,6.966234,220.66666666666663,0.2040283978277562
Mesoplodon_densirostris,CO1,T>G,A>C,,135.25,0.0
Mesoplodon_densirostris,Cytb,A>C,T>G,,35.53846153846154,0.0
Mesoplodon_densirostris,Cytb,A>G,T>C,5.588918,108.6153846153846,0.0747860984388086
Mesoplodon_densirostris,Cytb,A>T,T>A,,35.53846153846154,0.0
Mesoplodon_densirostris,Cytb,C>A,G>T,,4.461538461538461,0.0
Mesoplodon_densirostris,Cytb,C>G,G>C,0.57243,4.461538461538461,0.1864756924482307
Mesoplodon_densirostris,Cytb,C>T,G>A,3.91838,10.384615384615383,0.5484040057812962
Mesoplodon_densirostris,Cytb,G>A,C>T,10.148729,150.92307692307693,0.0977328331365645
Mesoplodon_densirostris,Cytb,G>C,C>G,,51.230769230769226,0.0
Mesoplodon_densirostris,Cytb,G>T,C>A,,51.230769230769226,0.0
Mesoplodon_densirostris,Cytb,T>A,A>T,,97.23076923076924,0.0
Mesoplodon_densirostris,Cytb,T>C,A>G,9.110863,152.0769230769231,0.0870724335837587
Mesoplodon_densirostris,Cytb,T>G,A>C,0.36988,97.23076923076924,0.0055289366113412
Mesoplodon_grayi,CO1,A>C,T>G,,73.63157894736841,0.0
Mesoplodon_grayi,CO1,A>G,T>C,17.940775,176.10526315789477,0.195655206539811
Mesoplodon_grayi,CO1,A>T,T>A,,73.63157894736841,0.0
Mesoplodon_grayi,CO1,C>A,G>T,,10.263157894736844,0.0
Mesoplodon_grayi,CO1,C>G,G>C,,10.263157894736844,0.0
Mesoplodon_grayi,CO1,C>T,G>A,3.99517,14.78947368421052,0.5188061197100825
Mesoplodon_grayi,CO1,G>A,C>T,12.975705,153.57894736842107,0.1622638671696684
Mesoplodon_grayi,CO1,G>C,C>G,,53.05263157894736,0.0
Mesoplodon_grayi,CO1,G>T,C>A,1.0,53.05263157894736,0.036200587119297
Mesoplodon_grayi,CO1,T>A,A>T,,132.21052631578948,0.0
Mesoplodon_grayi,CO1,T>C,A>G,9.99833,220.52631578947364,0.087074219461141
Mesoplodon_grayi,CO1,T>G,A>C,,132.21052631578948,0.0
Mesoplodon_grayi,Cytb,A>C,T>G,,32.45454545454545,0.0
Mesoplodon_grayi,Cytb,A>G,T>C,16.69106,97.13636363636364,0.2184746527637506
Mesoplodon_grayi,Cytb,A>T,T>A,,32.45454545454545,0.0
Mesoplodon_grayi,Cytb,C>A,G>T,,5.59090909090909,0.0
Mesoplodon_grayi,Cytb,C>G,G>C,,5.59090909090909,0.0
Mesoplodon_grayi,Cytb,C>T,G>A,4.983932,11.045454545454543,0.573703495857472
Mesoplodon_grayi,Cytb,G>A,C>T,24.721104,163.9090909090909,0.1917625520785821
Mesoplodon_grayi,Cytb,G>C,C>G,,55.90909090909091,0.0
Mesoplodon_grayi,Cytb,G>T,C>A,,55.90909090909091,0.0
Mesoplodon_grayi,Cytb,T>A,A>T,,95.40909090909088,0.0
Mesoplodon_grayi,Cytb,T>C,A>G,1.918719,151.90909090909088,0.0160592993001952
Mesoplodon_grayi,Cytb,T>G,A>C,,95.40909090909088,0.0
Microtus_richardsoni,CO1,A>C,T>G,,59.26315789473685,0.0
Microtus_richardsoni,CO1,A>G,T>C,13.854521,136.68421052631578,0.1669983490131392
Microtus_richardsoni,CO1,A>T,T>A,2.99931,59.26315789473685,0.0833826276439353
Microtus_richardsoni,CO1,C>A,G>T,,17.57894736842105,0.0
Microtus_richardsoni,CO1,C>G,G>C,0.99993,17.57894736842105,0.0937164315341034
Microtus_richardsoni,CO1,C>T,G>A,8.53137,30.78947368421052,0.4565154954590971
Microtus_richardsoni,CO1,G>A,C>T,15.511973,181.2105263157896,0.1410336122235679
Microtus_richardsoni,CO1,G>C,C>G,,67.26315789473684,0.0
Microtus_richardsoni,CO1,G>T,C>A,,67.26315789473684,0.0
Microtus_richardsoni,CO1,T>A,A>T,,129.1578947368421,0.0
Microtus_richardsoni,CO1,T>C,A>G,7.143313,201.68421052631567,0.0583534841261568
Microtus_richardsoni,CO1,T>G,A>C,,129.1578947368421,0.0
Microtus_richardsoni,Cytb,A>C,T>G,,19.250000000000004,0.0
Microtus_richardsoni,Cytb,A>G,T>C,14.487337,70.64999999999999,0.178525800139653
Microtus_richardsoni,Cytb,A>T,T>A,,19.250000000000004,0.0
Microtus_richardsoni,Cytb,C>A,G>T,,5.4,0.0
Microtus_richardsoni,Cytb,C>G,G>C,,5.4,0.0
Microtus_richardsoni,Cytb,C>T,G>A,8.841274,12.1,0.6361420021817736
Microtus_richardsoni,Cytb,G>A,C>T,19.788687,170.6,0.1009863194518445
Microtus_richardsoni,Cytb,G>C,C>G,,53.00000000000001,0.0
Microtus_richardsoni,Cytb,G>T,C>A,,53.00000000000001,0.0
Microtus_richardsoni,Cytb,T>A,A>T,1.99758,107.40000000000002,0.0161928946929198
Microtus_richardsoni,Cytb,T>C,A>G,12.482018,159.45,0.068152983533809
Microtus_richardsoni,Cytb,T>G,A>C,,107.40000000000002,0.0
Muntiacus_muntjak,CO1,A>C,T>G,,67.91666666666667,0.0
Muntiacus_muntjak,CO1,A>G,T>C,6.1850760000000005,169.66666666666669,0.1201289242938147
Muntiacus_muntjak,CO1,A>T,T>A,,67.91666666666667,0.0
Muntiacus_muntjak,CO1,C>A,G>T,,14.08333333333333,0.0
Muntiacus_muntjak,CO1,C>G,G>C,,14.08333333333333,0.0
Muntiacus_muntjak,CO1,C>T,G>A,4.883108,27.75,0.5798723723704599
Muntiacus_muntjak,CO1,G>A,C>T,9.886851,153.91666666666666,0.2116759000574863
Muntiacus_muntjak,CO1,G>C,C>G,,55.583333333333336,0.0
Muntiacus_muntjak,CO1,G>T,C>A,,55.583333333333336,0.0
Muntiacus_muntjak,CO1,T>A,A>T,0.99994,131.91666666666666,0.0249789022257041
Muntiacus_muntjak,CO1,T>C,A>G,3.974214,206.75,0.0633439010525349
Muntiacus_muntjak,CO1,T>G,A>C,,131.91666666666666,0.0
Muntiacus_muntjak,Cytb,A>C,T>G,,23.30769230769232,0.0
Muntiacus_muntjak,Cytb,A>G,T>C,6.22559,93.3846153846154,0.1727841989651058
Muntiacus_muntjak,Cytb,A>T,T>A,,23.30769230769232,0.0
Muntiacus_muntjak,Cytb,C>A,G>T,,5.384615384615384,0.0
Muntiacus_muntjak,Cytb,C>G,G>C,,5.384615384615384,0.0
Muntiacus_muntjak,Cytb,C>T,G>A,1.930417,10.769230769230768,0.4645851165300203
Muntiacus_muntjak,Cytb,G>A,C>T,9.583599,148.6153846153846,0.1671335763052406
Muntiacus_muntjak,Cytb,G>C,C>G,,48.538461538461526,0.0
Muntiacus_muntjak,Cytb,G>T,C>A,,48.538461538461526,0.0
Muntiacus_muntjak,Cytb,T>A,A>T,0.997061,116.23076923076924,0.0222330712436929
Muntiacus_muntjak,Cytb,T>C,A>G,10.768195,161.07692307692307,0.1732640369559402
Muntiacus_muntjak,Cytb,T>G,A>C,,116.23076923076924,0.0
Mus_musculus,CO1,A>C,T>G,,56.93805309734519,0.0
Mus_musculus,CO1,A>G,T>C,51.192827,152.8938053097344,0.1746417849168819
Mus_musculus,CO1,A>T,T>A,1.0,56.93805309734519,0.0091606507298627
Mus_musculus,CO1,C>A,G>T,,8.168141592920357,0.0
Mus_musculus,CO1,C>G,G>C,2.0,8.168141592920357,0.1277131674884875
Mus_musculus,CO1,C>T,G>A,13.148301,17.247787610619486,0.397617215977755
Mus_musculus,CO1,G>A,C>T,44.199548,152.9999999999999,0.1506799041974148
Mus_musculus,CO1,G>C,C>G,,56.11504424778757,0.0
Mus_musculus,CO1,G>T,C>A,3.0,56.11504424778757,0.0278850150430233
Mus_musculus,CO1,T>A,A>T,6.974179,153.81415929203527,0.02364970412911
Mus_musculus,CO1,T>C,A>G,34.534907,229.5221238938056,0.0784806650991822
Mus_musculus,CO1,T>G,A>C,2.99964,153.81415929203527,0.0101718924182822
Mus_musculus,Cytb,A>C,T>G,1.0,20.82121212121216,0.0075832841743575
Mus_musculus,Cytb,A>G,T>C,116.932913,88.5545454545454,0.2084919303182346
Mus_musculus,Cytb,A>T,T>A,1.0,20.82121212121216,0.0075832841743575
Mus_musculus,Cytb,C>A,G>T,,6.242424242424264,0.0
Mus_musculus,Cytb,C>G,G>C,1.0,6.242424242424264,0.0252935658068013
Mus_musculus,Cytb,C>T,G>A,38.122861,11.057575757575766,0.544363379693316
Mus_musculus,Cytb,G>A,C>T,76.591367,151.7303030303029,0.0797022965345531
Mus_musculus,Cytb,G>C,C>G,1.0,45.54848484848486,0.0034664856338241
Mus_musculus,Cytb,G>T,C>A,10.99675,45.54848484848486,0.0381200758937558
Mus_musculus,Cytb,T>A,A>T,15.99895,105.44848484848478,0.0239560095123092
Mus_musculus,Cytb,T>C,A>G,62.138977,167.87272727272685,0.0584449905424141
Mus_musculus,Cytb,T>G,A>C,2.0,105.44848484848478,0.0029946977160762
Mustela_sibirica,CO1,A>C,T>G,,67.5,0.0
Mustela_sibirica,CO1,A>G,T>C,8.540977,155.29999999999998,0.2828609897380379
Mustela_sibirica,CO1,A>T,T>A,,67.5,0.0
Mustela_sibirica,CO1,C>A,G>T,,35.300000000000004,0.0
Mustela_sibirica,CO1,C>G,G>C,,35.300000000000004,0.0
Mustela_sibirica,CO1,C>T,G>A,2.902112,54.2,0.275392331252906
Mustela_sibirica,CO1,G>A,C>T,5.633224,161.7,0.1791777014485818
Mustela_sibirica,CO1,G>C,C>G,1.0,49.29999999999999,0.1043253957248653
Mustela_sibirica,CO1,G>T,C>A,,49.29999999999999,0.0
Mustela_sibirica,CO1,T>A,A>T,1.0,122.4,0.0420199510558485
Mustela_sibirica,CO1,T>C,A>G,4.243782,187.8,0.1162236307797603
Mustela_sibirica,CO1,T>G,A>C,,122.4,0.0
Mustela_sibirica,Cytb,A>C,T>G,,30.833333333333336,0.0
Mustela_sibirica,Cytb,A>G,T>C,15.442189,81.30000000000003,0.1832507991505121
Mustela_sibirica,Cytb,A>T,T>A,1.881547,30.833333333333336,0.0588738114292921
Mustela_sibirica,Cytb,C>A,G>T,,6.100000000000001,0.0
Mustela_sibirica,Cytb,C>G,G>C,,6.100000000000001,0.0
Mustela_sibirica,Cytb,C>T,G>A,8.76566,14.633333333333333,0.5779215846359639
Mustela_sibirica,Cytb,G>A,C>T,14.000155,184.4999999999999,0.0732089255032896
Mustela_sibirica,Cytb,G>C,C>G,1.0,56.466666666666654,0.0170858035267868
Mustela_sibirica,Cytb,G>T,C>A,0.99967,56.466666666666654,0.0170801652116229
Mustela_sibirica,Cytb,T>A,A>T,1.0,87.43333333333331,0.0110344457393735
Mustela_sibirica,Cytb,T>C,A>G,8.94354,140.20000000000002,0.0615444648031588
Mustela_sibirica,Cytb,T>G,A>C,,87.43333333333331,0.0
Myodes_glareolus,CO1,A>C,T>G,,46.59139784946235,0.0
Myodes_glareolus,CO1,A>G,T>C,81.777813,112.09677419354836,0.2163351744845829
Myodes_glareolus,CO1,A>T,T>A,2.99647,46.59139784946235,0.0190716801622873
Myodes_glareolus,CO1,C>A,G>T,1.0,13.78494623655914,0.0215119452915053
Myodes_glareolus,CO1,C>G,G>C,1.787627,13.78494623655914,0.0384553342256179
Myodes_glareolus,CO1,C>T,G>A,34.881685,19.053763440860227,0.5428770073504862
Myodes_glareolus,CO1,G>A,C>T,42.624244,201.8172043010753,0.0626301230345438
Myodes_glareolus,CO1,G>C,C>G,1.0,77.06451612903223,0.0038479578434086
Myodes_glareolus,CO1,G>T,C>A,4.995542,77.06451612903223,0.0192226350209774
Myodes_glareolus,CO1,T>A,A>T,3.99972,140.48387096774195,0.0084428269060051
Myodes_glareolus,CO1,T>C,A>G,46.20583,216.1720430107528,0.0633843455070246
Myodes_glareolus,CO1,T>G,A>C,1.99965,140.48387096774195,0.0042209701735604
Myodes_glareolus,Cytb,A>C,T>G,,27.20883534136545,0.0
Myodes_glareolus,Cytb,A>G,T>C,168.750315,72.9277108433734,0.2543939791645923
Myodes_glareolus,Cytb,A>T,T>A,2.846322,27.20883534136545,0.0115008223475239
Myodes_glareolus,Cytb,C>A,G>T,2.0,6.630522088353436,0.0331617230017207
Myodes_glareolus,Cytb,C>G,G>C,,6.630522088353436,0.0
Myodes_glareolus,Cytb,C>T,G>A,50.608023,9.763052208835347,0.5698867741433713
Myodes_glareolus,Cytb,G>A,C>T,86.033141,175.07630522088408,0.0540248069921007
Myodes_glareolus,Cytb,G>C,C>G,,55.63855421686755,0.0
Myodes_glareolus,Cytb,G>T,C>A,13.81049,55.63855421686755,0.027289028153445
Myodes_glareolus,Cytb,T>A,A>T,10.9859,97.81927710843377,0.0123471297033362
Myodes_glareolus,Cytb,T>C,A>G,50.326566,152.53815261044127,0.0362721779240039
Myodes_glareolus,Cytb,T>G,A>C,0.99969,97.81927710843377,0.0011235585699058
Myodes_rufocanus,CO1,A>C,T>G,,48.88000000000001,0.0
Myodes_rufocanus,CO1,A>G,T>C,14.711696,128.20000000000002,0.1235990245619534
Myodes_rufocanus,CO1,A>T,T>A,,48.88000000000001,0.0
Myodes_rufocanus,CO1,C>A,G>T,,17.760000000000005,0.0
Myodes_rufocanus,CO1,C>G,G>C,,17.760000000000005,0.0
Myodes_rufocanus,CO1,C>T,G>A,16.560843,28.0,0.6370371137280662
Myodes_rufocanus,CO1,G>A,C>T,22.330385,187.32,0.1283962643093066
Myodes_rufocanus,CO1,G>C,C>G,0.9997,76.48,0.0140786865298861
Myodes_rufocanus,CO1,G>T,C>A,0.99997,76.48,0.014082488915965
Myodes_rufocanus,CO1,T>A,A>T,,127.31999999999996,0.0
Myodes_rufocanus,CO1,T>C,A>G,15.800753,205.52000000000004,0.0828064219548225
Myodes_rufocanus,CO1,T>G,A>C,,127.31999999999996,0.0
Myodes_rufocanus,Cytb,A>C,T>G,,27.25000000000002,0.0
Myodes_rufocanus,Cytb,A>G,T>C,31.93701,74.86538461538463,0.3039279471857308
Myodes_rufocanus,Cytb,A>T,T>A,,27.25000000000002,0.0
Myodes_rufocanus,Cytb,C>A,G>T,,3.903846153846154,0.0
Myodes_rufocanus,Cytb,C>G,G>C,,3.903846153846154,0.0
Myodes_rufocanus,Cytb,C>T,G>A,5.99643,8.923076923076927,0.4787795297947855
Myodes_rufocanus,Cytb,G>A,C>T,13.96477,174.1346153846154,0.0571355113780577
Myodes_rufocanus,Cytb,G>C,C>G,1.99987,58.49999999999998,0.0243558528801913
Myodes_rufocanus,Cytb,G>T,C>A,,58.49999999999998,0.0
Myodes_rufocanus,Cytb,T>A,A>T,2.0,98.36538461538464,0.0144858886915707
Myodes_rufocanus,Cytb,T>C,A>G,22.800358,152.05769230769238,0.1068293813780931
Myodes_rufocanus,Cytb,T>G,A>C,2.0,98.36538461538464,0.0144858886915707
Myodes_rutilus,CO1,A>C,T>G,,50.9,0.0
Myodes_rutilus,CO1,A>G,T>C,11.719574,114.9,0.2703300339302422
Myodes_rutilus,CO1,A>T,T>A,,50.9,0.0
Myodes_rutilus,CO1,C>A,G>T,,18.8,0.0
Myodes_rutilus,CO1,C>G,G>C,,18.8,0.0
Myodes_rutilus,CO1,C>T,G>A,4.818545,23.5,0.5434386952873793
Myodes_rutilus,CO1,G>A,C>T,3.94069,204.1,0.0511719266976161
Myodes_rutilus,CO1,G>C,C>G,,75.1,0.0
Myodes_rutilus,CO1,G>T,C>A,,75.1,0.0
Myodes_rutilus,CO1,T>A,A>T,,132.3,0.0
Myodes_rutilus,CO1,T>C,A>G,10.670845,209.4,0.1350593440847623
Myodes_rutilus,CO1,T>G,A>C,,132.3,0.0
Myodes_rutilus,Cytb,A>C,T>G,,24.30303030303029,0.0
Myodes_rutilus,Cytb,A>G,T>C,108.868946,70.54040404040417,0.2251873818881549
Myodes_rutilus,Cytb,A>T,T>A,2.0,24.30303030303029,0.0120073603252863
Myodes_rutilus,Cytb,C>A,G>T,,6.348484848484849,0.0
Myodes_rutilus,Cytb,C>G,G>C,0.99933,6.348484848484849,0.0229676633553279
Myodes_rutilus,Cytb,C>T,G>A,55.982311,14.343434343434364,0.569476292509256
Myodes_rutilus,Cytb,G>A,C>T,82.822564,179.5252525252526,0.06731333392908
Myodes_rutilus,Cytb,G>C,C>G,4.9974810000000005,58.45959595959613,0.0124730688152369
Myodes_rutilus,Cytb,G>T,C>A,8.957618,58.45959595959613,0.0223570606340684
Myodes_rutilus,Cytb,T>A,A>T,7.99908,98.57575757575756,0.0118398961476013
Myodes_rutilus,Cytb,T>C,A>G,52.696659,148.04040404040407,0.0519374706863908
Myodes_rutilus,Cytb,T>G,A>C,3.0,98.57575757575756,0.0044404717095971
Ochotona_cansus,CO1,A>C,T>G,,66.94117647058823,0.0
Ochotona_cansus,CO1,A>G,T>C,14.403484,128.58823529411765,0.1843543347028767
Ochotona_cansus,CO1,A>T,T>A,,66.94117647058823,0.0
Ochotona_cansus,CO1,C>A,G>T,,12.529411764705884,0.0
Ochotona_cansus,CO1,C>G,G>C,,12.529411764705884,0.0
Ochotona_cansus,CO1,C>T,G>A,7.761219,23.94117647058824,0.5335455298304612
Ochotona_cansus,CO1,G>A,C>T,16.117493,214.0,0.1239569130270049
Ochotona_cansus,CO1,G>C,C>G,,86.82352941176472,0.0
Ochotona_cansus,CO1,G>T,C>A,1.988063,86.82352941176472,0.0376859738018769
Ochotona_cansus,CO1,T>A,A>T,3.975212,114.23529411764704,0.057272616701979
Ochotona_cansus,CO1,T>C,A>G,6.948691,181.0,0.063184631935801
Ochotona_cansus,CO1,T>G,A>C,,114.23529411764704,0.0
Ochotona_cansus,Cytb,A>C,T>G,1.0,22.753623188405804,0.0114603875502831
Ochotona_cansus,Cytb,A>G,T>C,56.08378,60.34782608695655,0.2423402283653135
Ochotona_cansus,Cytb,A>T,T>A,2.996532,22.753623188405804,0.034341418026825
Ochotona_cansus,Cytb,C>A,G>T,,3.869565217391304,0.0
Ochotona_cansus,Cytb,C>G,G>C,,3.869565217391304,0.0
Ochotona_cansus,Cytb,C>T,G>A,20.229045,8.782608695652169,0.6006226598865098
Ochotona_cansus,Cytb,G>A,C>T,40.906287,214.01449275362305,0.0498421471221698
Ochotona_cansus,Cytb,G>C,C>G,,91.43478260869564,0.0
Ochotona_cansus,Cytb,G>T,C>A,1.0,91.43478260869564,0.0028519271602384
Ochotona_cansus,Cytb,T>A,A>T,3.9976,82.46376811594206,0.0126411337566763
Ochotona_cansus,Cytb,T>C,A>G,20.465393,124.86956521739118,0.042737917384366
Ochotona_cansus,Cytb,T>G,A>C,1.0,82.46376811594206,0.0031621807476176
Ochotona_curzoniae,CO1,A>C,T>G,,62.8421052631579,0.0
Ochotona_curzoniae,CO1,A>G,T>C,11.472118,128.73684210526315,0.2922184925381391
Ochotona_curzoniae,CO1,A>T,T>A,,62.8421052631579,0.0
Ochotona_curzoniae,CO1,C>A,G>T,,11.052631578947368,0.0
Ochotona_curzoniae,CO1,C>G,G>C,,11.052631578947368,0.0
Ochotona_curzoniae,CO1,C>T,G>A,2.799631,22.94736842105264,0.4000689513146718
Ochotona_curzoniae,CO1,G>A,C>T,11.535974,212.7368421052632,0.1778191388509865
Ochotona_curzoniae,CO1,G>C,C>G,,92.10526315789474,0.0
Ochotona_curzoniae,CO1,G>T,C>A,,92.10526315789474,0.0
Ochotona_curzoniae,CO1,T>A,A>T,1.95371,113.21052631578948,0.0565900701591484
Ochotona_curzoniae,CO1,T>C,A>G,4.043736,180.8947368421052,0.073303347137054
Ochotona_curzoniae,CO1,T>G,A>C,,113.21052631578948,0.0
Ochotona_curzoniae,Cytb,A>C,T>G,0.99941,29.085836909871293,0.0052737202816312
Ochotona_curzoniae,Cytb,A>G,T>C,100.716432,61.85407725321888,0.2499119162670775
Ochotona_curzoniae,Cytb,A>T,T>A,3.946464,29.085836909871293,0.0208248338895225
Ochotona_curzoniae,Cytb,C>A,G>T,1.0,6.167381974248943,0.0248859439098401
Ochotona_curzoniae,Cytb,C>G,G>C,4.0,6.167381974248943,0.0995437756393604
Ochotona_curzoniae,Cytb,C>T,G>A,30.825755,10.618025751072976,0.4455792038150679
Ochotona_curzoniae,Cytb,G>A,C>T,76.370808,213.38626609442068,0.0549307952446513
Ochotona_curzoniae,Cytb,G>C,C>G,1.99454,90.14163090128748,0.0033960361464193
Ochotona_curzoniae,Cytb,G>T,C>A,4.0,90.14163090128748,0.0068106654094063
Ochotona_curzoniae,Cytb,T>A,A>T,9.99629,77.40343347639474,0.0198213662488614
Ochotona_curzoniae,Cytb,T>C,A>G,52.643389,120.52360515021456,0.0670388708776632
Ochotona_curzoniae,Cytb,T>G,A>C,1.0,77.40343347639474,0.0019828722704984
Ochotona_hyperborea,CO1,A>C,T>G,0.99307,69.92857142857143,0.0369809084426572
Ochotona_hyperborea,CO1,A>G,T>C,7.022844,131.71428571428572,0.1388457240786417
Ochotona_hyperborea,CO1,A>T,T>A,0.99886,69.92857142857143,0.0371965221052217
Ochotona_hyperborea,CO1,C>A,G>T,,15.64285714285714,0.0
Ochotona_hyperborea,CO1,C>G,G>C,,15.64285714285714,0.0
Ochotona_hyperborea,CO1,C>T,G>A,3.346527,29.28571428571429,0.2975711898272956
Ochotona_hyperborea,CO1,G>A,C>T,14.158196,214.5,0.1718830268450414
Ochotona_hyperborea,CO1,G>C,C>G,,85.28571428571428,0.0
Ochotona_hyperborea,CO1,G>T,C>A,2.462988,85.28571428571428,0.075203555543748
Ochotona_hyperborea,CO1,T>A,A>T,0.9985,109.14285714285714,0.0238234755476613
Ochotona_hyperborea,CO1,T>C,A>G,13.038496,174.42857142857147,0.1946535118358049
Ochotona_hyperborea,CO1,T>G,A>C,0.99928,109.14285714285714,0.0238420857739279
Ochotona_hyperborea,Cytb,A>C,T>G,,23.19148936170213,0.0
Ochotona_hyperborea,Cytb,A>G,T>C,31.246484,68.80851063829788,0.280228056763504
Ochotona_hyperborea,Cytb,A>T,T>A,,23.19148936170213,0.0
Ochotona_hyperborea,Cytb,C>A,G>T,0.98374,3.872340425531915,0.1567687219747109
Ochotona_hyperborea,Cytb,C>G,G>C,,3.872340425531915,0.0
Ochotona_hyperborea,Cytb,C>T,G>A,5.215285,11.425531914893618,0.281678847939879
Ochotona_hyperborea,Cytb,G>A,C>T,42.093447,197.7021276595745,0.131388019205786
Ochotona_hyperborea,Cytb,G>C,C>G,1.0,76.42553191489363,0.0080744722663213
Ochotona_hyperborea,Cytb,G>T,C>A,2.952187,76.42553191489363,0.0238373520564945
Ochotona_hyperborea,Cytb,T>A,A>T,2.989951,89.80851063829792,0.0205446711505231
Ochotona_hyperborea,Cytb,T>C,A>G,18.585861,136.95744680851064,0.0837432190354533
Ochotona_hyperborea,Cytb,T>G,A>C,1.99915,89.80851063829792,0.0137366396073274
Ochotona_thibetana,CO1,A>C,T>G,,68.90243902439026,0.0
Ochotona_thibetana,CO1,A>G,T>C,24.046647,129.4878048780488,0.2432354790587509
Ochotona_thibetana,CO1,A>T,T>A,1.0,68.90243902439026,0.0190093237748025
Ochotona_thibetana,CO1,C>A,G>T,,12.024390243902438,0.0
Ochotona_thibetana,CO1,C>G,G>C,,12.024390243902438,0.0
Ochotona_thibetana,CO1,C>T,G>A,8.043631,24.804878048780488,0.4247332944556626
Ochotona_thibetana,CO1,G>A,C>T,25.34751,214.4146341463415,0.1548396364625185
Ochotona_thibetana,CO1,G>C,C>G,,84.51219512195122,0.0
Ochotona_thibetana,CO1,G>T,C>A,1.0,84.51219512195122,0.0154982221251997
Ochotona_thibetana,CO1,T>A,A>T,2.99973,112.60975609756098,0.0348905175719606
Ochotona_thibetana,CO1,T>C,A>G,14.966266,181.85365853658533,0.1077935265511048
Ochotona_thibetana,CO1,T>G,A>C,,112.60975609756098,0.0
Ochotona_thibetana,Cytb,A>C,T>G,0.99941,31.892857142857142,0.0106861734079127
Ochotona_thibetana,Cytb,A>G,T>C,49.855547,71.51785714285714,0.2377228599257545
Ochotona_thibetana,Cytb,A>T,T>A,,31.892857142857142,0.0
Ochotona_thibetana,Cytb,C>A,G>T,0.9997,5.303571428571429,0.0642796086553701
Ochotona_thibetana,Cytb,C>G,G>C,1.0,5.303571428571429,0.0642988983248676
Ochotona_thibetana,Cytb,C>T,G>A,16.983521,13.357142857142854,0.4335968474909686
Ochotona_thibetana,Cytb,G>A,C>T,57.248588,199.57142857142856,0.0978224121599059
Ochotona_thibetana,Cytb,G>C,C>G,0.99993,77.76785714285712,0.0043847155059447
Ochotona_thibetana,Cytb,G>T,C>A,3.99543,77.76785714285712,0.0175200502774363
Ochotona_thibetana,Cytb,T>A,A>T,1.99898,83.94642857142856,0.0081204141452271
Ochotona_thibetana,Cytb,T>C,A>G,21.181617,125.60714285714288,0.057506472481983
Ochotona_thibetana,Cytb,T>G,A>C,0.99982,83.94642857142856,0.004061547624629
Odocoileus_virginianus,CO1,A>C,T>G,,79.92307692307693,0.0
Odocoileus_virginianus,CO1,A>G,T>C,5.769993,198.3846153846154,0.088994192511764
Odocoileus_virginianus,CO1,A>T,T>A,0.99983,79.92307692307693,0.0382779207375666
Odocoileus_virginianus,CO1,C>A,G>T,,12.153846153846157,0.0
Odocoileus_virginianus,CO1,C>G,G>C,,12.153846153846157,0.0
Odocoileus_virginianus,CO1,C>T,G>A,2.708883,21.0,0.3946983613699094
Odocoileus_virginianus,CO1,G>A,C>T,11.657776,125.0,0.2853645780132005
Odocoileus_virginianus,CO1,G>C,C>G,,44.53846153846154,0.0
Odocoileus_virginianus,CO1,G>T,C>A,0.99905,44.53846153846154,0.0686351177535547
Odocoileus_virginianus,CO1,T>A,A>T,,128.3846153846154,0.0
Odocoileus_virginianus,CO1,T>C,A>G,8.605924,212.3076923076923,0.1240298296140046
Odocoileus_virginianus,CO1,T>G,A>C,,128.3846153846154,0.0
Odocoileus_virginianus,Cytb,A>C,T>G,1.0,22.701492537313413,0.0165561179458808
Odocoileus_virginianus,Cytb,A>G,T>C,45.851014,82.73134328358205,0.2083012095063177
Odocoileus_virginianus,Cytb,A>T,T>A,,22.701492537313413,0.0
Odocoileus_virginianus,Cytb,C>A,G>T,,5.880597014925369,0.0
Odocoileus_virginianus,Cytb,C>G,G>C,,5.880597014925369,0.0
Odocoileus_virginianus,Cytb,C>T,G>A,17.72588,10.970149253731334,0.6073068665595392
Odocoileus_virginianus,Cytb,G>A,C>T,37.257403,153.77611940298507,0.0910618785562217
Odocoileus_virginianus,Cytb,G>C,C>G,,46.1492537313433,0.0
Odocoileus_virginianus,Cytb,G>T,C>A,2.969633,46.1492537313433,0.0241852745097844
Odocoileus_virginianus,Cytb,T>A,A>T,2.992241,117.7313432835821,0.0095525076281743
Odocoileus_virginianus,Cytb,T>C,A>G,19.306732,168.6119402985074,0.0430361452940816
Odocoileus_virginianus,Cytb,T>G,A>C,,117.7313432835821,0.0
Oligoryzomys_nigripes,CO1,A>C,T>G,1.0,62.42857142857142,0.0253525763165856
Oligoryzomys_nigripes,CO1,A>G,T>C,16.948095,154.0357142857143,0.1741425736368211
Oligoryzomys_nigripes,CO1,A>T,T>A,,62.42857142857142,0.0
Oligoryzomys_nigripes,CO1,C>A,G>T,,14.678571428571434,0.0
Oligoryzomys_nigripes,CO1,C>G,G>C,0.99988,14.678571428571434,0.107812616654461
Oligoryzomys_nigripes,CO1,C>T,G>A,7.97612,29.42857142857144,0.4289710605411506
Oligoryzomys_nigripes,CO1,G>A,C>T,15.959317,149.21428571428572,0.1692814586527018
Oligoryzomys_nigripes,CO1,G>C,C>G,,45.21428571428572,0.0
Oligoryzomys_nigripes,CO1,G>T,C>A,,45.21428571428572,0.0
Oligoryzomys_nigripes,CO1,T>A,A>T,1.993942,139.99999999999997,0.0225418721012188
Oligoryzomys_nigripes,CO1,T>C,A>G,7.990501,208.7142857142857,0.06059368012408
Oligoryzomys_nigripes,CO1,T>G,A>C,0.99991,139.99999999999997,0.011304161972981
Oligoryzomys_nigripes,Cytb,A>C,T>G,,31.307692307692303,0.0
Oligoryzomys_nigripes,Cytb,A>G,T>C,7.911418,91.07692307692308,0.1618832394675117
Oligoryzomys_nigripes,Cytb,A>T,T>A,,31.307692307692303,0.0
Oligoryzomys_nigripes,Cytb,C>A,G>T,,6.384615384615385,0.0
Oligoryzomys_nigripes,Cytb,C>G,G>C,,6.384615384615385,0.0
Oligoryzomys_nigripes,Cytb,C>T,G>A,4.974664,13.153846153846152,0.7048016307965645
Oligoryzomys_nigripes,Cytb,G>A,C>T,8.272243,157.46153846153845,0.0979049609800244
Oligoryzomys_nigripes,Cytb,G>C,C>G,,44.53846153846153,0.0
Oligoryzomys_nigripes,Cytb,G>T,C>A,,44.53846153846153,0.0
Oligoryzomys_nigripes,Cytb,T>A,A>T,,103.6923076923077,0.0
Oligoryzomys_nigripes,Cytb,T>C,A>G,2.975819,156.6153846153846,0.0354101687558992
Oligoryzomys_nigripes,Cytb,T>G,A>C,,103.6923076923077,0.0
Ovis_ammon,CO1,A>C,T>G,,60.6111111111111,0.0
Ovis_ammon,CO1,A>G,T>C,11.7819,153.77777777777777,0.1551761222664938
Ovis_ammon,CO1,A>T,T>A,,60.6111111111111,0.0
Ovis_ammon,CO1,C>A,G>T,,16.666666666666668,0.0
Ovis_ammon,CO1,C>G,G>C,,16.666666666666668,0.0
Ovis_ammon,CO1,C>T,G>A,6.970278,24.72222222222222,0.5710389567256352
Ovis_ammon,CO1,G>A,C>T,15.549521,167.1111111111111,0.1884581101662271
Ovis_ammon,CO1,G>C,C>G,,60.27777777777778,0.0
Ovis_ammon,CO1,G>T,C>A,,60.27777777777778,0.0
Ovis_ammon,CO1,T>A,A>T,1.9989,134.77777777777777,0.030038339392316
Ovis_ammon,CO1,T>C,A>G,5.7705020000000005,211.38888888888889,0.0552884714493278
Ovis_ammon,CO1,T>G,A>C,,134.77777777777777,0.0
Ovis_ammon,Cytb,A>C,T>G,,18.6875,0.0
Ovis_ammon,Cytb,A>G,T>C,22.71638,69.34375,0.1538403078071226
Ovis_ammon,Cytb,A>T,T>A,,18.6875,0.0
Ovis_ammon,Cytb,C>A,G>T,,4.9375,0.0
Ovis_ammon,Cytb,C>G,G>C,0.91812,4.9375,0.0873234083587327
Ovis_ammon,Cytb,C>T,G>A,12.490472,9.09375,0.6450214817946076
Ovis_ammon,Cytb,G>A,C>T,26.331017,169.59375,0.0729115161710415
Ovis_ammon,Cytb,G>C,C>G,0.916632,54.65625,0.0078757790276083
Ovis_ammon,Cytb,G>T,C>A,,54.65625,0.0
Ovis_ammon,Cytb,T>A,A>T,0.99895,112.09375,0.0041850503950482
Ovis_ammon,Cytb,T>C,A>G,10.034125,163.375,0.0288424564458388
Ovis_ammon,Cytb,T>G,A>C,,112.09375,0.0
Ovis_aries,CO1,A>C,T>G,,62.86419753086404,0.0
Ovis_aries,CO1,A>G,T>C,58.98783,152.41975308641986,0.1921806535241136
Ovis_aries,CO1,A>T,T>A,2.0,62.86419753086404,0.015798473253217
Ovis_aries,CO1,C>A,G>T,,17.05555555555556,0.0
Ovis_aries,CO1,C>G,G>C,,17.05555555555556,0.0
Ovis_aries,CO1,C>T,G>A,27.99568,25.129629629629623,0.5532143445303818
Ovis_aries,CO1,G>A,C>T,50.98967,167.5,0.1511666154668823
Ovis_aries,CO1,G>C,C>G,,58.05555555555564,0.0
Ovis_aries,CO1,G>T,C>A,1.0,58.05555555555564,0.0085535168320447
Ovis_aries,CO1,T>A,A>T,,137.46296296296293,0.0
Ovis_aries,CO1,T>C,A>G,28.9947,210.95061728395075,0.0682537187768266
Ovis_aries,CO1,T>G,A>C,2.9987,137.46296296296293,0.0108326776165339
Ovis_aries,Cytb,A>C,T>G,1.0,21.900311526479783,0.0093773839411002
Ovis_aries,Cytb,A>G,T>C,112.9468,75.34890965732076,0.3078427636699982
Ovis_aries,Cytb,A>T,T>A,1.0,21.900311526479783,0.0093773839411002
Ovis_aries,Cytb,C>A,G>T,,5.971962616822436,0.0
Ovis_aries,Cytb,C>G,G>C,,5.971962616822436,0.0
Ovis_aries,Cytb,C>T,G>A,27.95251,12.57632398753898,0.4564561732137076
Ovis_aries,Cytb,G>A,C>T,106.950873,163.6417445482867,0.134221541903838
Ovis_aries,Cytb,G>C,C>G,1.0,50.22118380062337,0.0040892630175506
Ovis_aries,Cytb,G>T,C>A,2.0,50.22118380062337,0.0081785260351013
Ovis_aries,Cytb,T>A,A>T,4.99989,109.96573208722756,0.0093375957958773
Ovis_aries,Cytb,T>C,A>G,45.99715,159.42679127725867,0.0592518082362252
Ovis_aries,Cytb,T>G,A>C,1.0,109.96573208722756,0.0018675602455008
Ovis_orientalis,CO1,A>C,T>G,,61.54545454545453,0.0
Ovis_orientalis,CO1,A>G,T>C,7.752925,152.0909090909091,0.1486894466985985
Ovis_orientalis,CO1,A>T,T>A,0.99998,61.54545454545453,0.0473928852340413
Ovis_orientalis,CO1,C>A,G>T,,16.636363636363637,0.0
Ovis_orientalis,CO1,C>G,G>C,,16.636363636363637,0.0
Ovis_orientalis,CO1,C>T,G>A,4.21822,25.18181818181818,0.4886073110280323
Ovis_orientalis,CO1,G>A,C>T,8.49897,167.3636363636364,0.1481231746017257
Ovis_orientalis,CO1,G>C,C>G,,58.45454545454545,0.0
Ovis_orientalis,CO1,G>T,C>A,0.99646,58.45454545454545,0.0497232377968737
Ovis_orientalis,CO1,T>A,A>T,,138.63636363636363,0.0
Ovis_orientalis,CO1,T>C,A>G,8.530019,211.81818181818184,0.1174639446407283
Ovis_orientalis,CO1,T>G,A>C,,138.63636363636363,0.0
Ovis_orientalis,Cytb,A>C,T>G,,21.325000000000003,0.0
Ovis_orientalis,Cytb,A>G,T>C,27.984673,75.49999999999999,0.4254304674410383
Ovis_orientalis,Cytb,A>T,T>A,,21.325000000000003,0.0
Ovis_orientalis,Cytb,C>A,G>T,,5.2250000000000005,0.0
Ovis_orientalis,Cytb,C>G,G>C,,5.2250000000000005,0.0
Ovis_orientalis,Cytb,C>T,G>A,2.99997,11.674999999999995,0.2949275387361438
Ovis_orientalis,Cytb,G>A,C>T,20.924653,163.5,0.146891211145975
Ovis_orientalis,Cytb,G>C,C>G,,50.82499999999999,0.0
Ovis_orientalis,Cytb,G>T,C>A,,50.82499999999999,0.0
Ovis_orientalis,Cytb,T>A,A>T,1.99967,110.40000000000003,0.0207895247654592
Ovis_orientalis,Cytb,T>C,A>G,12.726789,160.225,0.0911683023082498
Ovis_orientalis,Cytb,T>G,A>C,2.0,110.40000000000003,0.0207929556031337
Ovis_vignei,CO1,A>C,T>G,1.0,61.1111111111111,0.0578889180486398
Ovis_vignei,CO1,A>G,T>C,10.680033,153.44444444444446,0.2462277735710158
Ovis_vignei,CO1,A>T,T>A,,61.1111111111111,0.0
Ovis_vignei,CO1,C>A,G>T,,14.22222222222222,0.0
Ovis_vignei,CO1,C>G,G>C,,14.22222222222222,0.0
Ovis_vignei,CO1,C>T,G>A,2.8383000000000003,23.666666666666664,0.4242646190309856
Ovis_vignei,CO1,G>A,C>T,6.843812,166.11111111111114,0.1457521602706112
Ovis_vignei,CO1,G>C,C>G,,58.99999999999999,0.0
Ovis_vignei,CO1,G>T,C>A,0.99954,58.99999999999999,0.0599326912061875
Ovis_vignei,CO1,T>A,A>T,,141.77777777777777,0.0
Ovis_vignei,CO1,T>C,A>G,3.98433,213.77777777777777,0.0659338378725599
Ovis_vignei,CO1,T>G,A>C,,141.77777777777777,0.0
Ovis_vignei,Cytb,A>C,T>G,,22.069767441860463,0.0
Ovis_vignei,Cytb,A>G,T>C,29.091237,79.30232558139537,0.404246731514954
Ovis_vignei,Cytb,A>T,T>A,,22.069767441860463,0.0
Ovis_vignei,Cytb,C>A,G>T,,4.581395348837213,0.0
Ovis_vignei,Cytb,C>G,G>C,,4.581395348837213,0.0
Ovis_vignei,Cytb,C>T,G>A,2.974432,8.906976744186052,0.3679967460254913
Ovis_vignei,Cytb,G>A,C>T,22.983937,159.67441860465118,0.1586205060861908
Ovis_vignei,Cytb,G>C,C>G,,50.093023255813925,0.0
Ovis_vignei,Cytb,G>T,C>A,,50.093023255813925,0.0
Ovis_vignei,Cytb,T>A,A>T,,110.04651162790698,0.0
Ovis_vignei,Cytb,T>C,A>G,5.781149,162.95348837209312,0.0390949581878295
Ovis_vignei,Cytb,T>G,A>C,3.0,110.04651162790698,0.0300410581855342
Pan_troglodytes,CO1,A>C,T>G,1.0,43.9113924050633,0.0178823954684585
Pan_troglodytes,CO1,A>G,T>C,26.749262,102.20253164556964,0.2055195093111415
Pan_troglodytes,CO1,A>T,T>A,1.0,43.9113924050633,0.0178823954684585
Pan_troglodytes,CO1,C>A,G>T,,15.493670886075924,0.0
Pan_troglodytes,CO1,C>G,G>C,,15.493670886075924,0.0
Pan_troglodytes,CO1,C>T,G>A,19.869595,30.17721518987341,0.5170264471204443
Pan_troglodytes,CO1,G>A,C>T,31.504348,242.93670886075952,0.101831058002528
Pan_troglodytes,CO1,G>C,C>G,1.0,103.1772151898735,0.0076106035922073
Pan_troglodytes,CO1,G>T,C>A,1.0,103.1772151898735,0.0076106035922073
Pan_troglodytes,CO1,T>A,A>T,2.0,113.3037974683544,0.0138608043526047
Pan_troglodytes,CO1,T>C,A>G,22.297512,180.6075949367089,0.0969445280108984
Pan_troglodytes,CO1,T>G,A>C,1.995794,113.3037974683544,0.0138316550810512
Pan_troglodytes,Cytb,A>C,T>G,0.99871,19.51685393258428,0.0242675552179035
Pan_troglodytes,Cytb,A>G,T>C,35.971266,56.2134831460674,0.3034671363990189
Pan_troglodytes,Cytb,A>T,T>A,,19.51685393258428,0.0
Pan_troglodytes,Cytb,C>A,G>T,,7.258426966292139,0.0
Pan_troglodytes,Cytb,C>G,G>C,,7.258426966292139,0.0
Pan_troglodytes,Cytb,C>T,G>A,16.691954,14.561797752808978,0.5436114856930248
Pan_troglodytes,Cytb,G>A,C>T,22.57476,209.89887640449464,0.0510046143187956
Pan_troglodytes,Cytb,G>C,C>G,,81.95505617977533,0.0
Pan_troglodytes,Cytb,G>T,C>A,1.0,81.95505617977533,0.0057865630229624
Pan_troglodytes,Cytb,T>A,A>T,1.0,90.33707865168536,0.0052496505832696
Pan_troglodytes,Cytb,T>C,A>G,17.75163,137.19101123595493,0.0613633441817554
Pan_troglodytes,Cytb,T>G,A>C,1.0,90.33707865168536,0.0052496505832696
Panthera_leo,CO1,A>C,T>G,0.99985,72.78125,0.0321666247799627
Panthera_leo,CO1,A>G,T>C,15.96694,178.34375,0.2096302496111533
Panthera_leo,CO1,A>T,T>A,1.99968,72.78125,0.0643326061309155
Panthera_leo,CO1,C>A,G>T,,31.78125,0.0
Panthera_leo,CO1,C>G,G>C,1.0,31.78125,0.0736748359968186
Panthera_leo,CO1,C>T,G>A,7.7219,56.0625,0.3225090196528759
Panthera_leo,CO1,G>A,C>T,8.990312,147.59375,0.1426254241196178
Panthera_leo,CO1,G>C,C>G,,58.71875,0.0
Panthera_leo,CO1,G>T,C>A,,58.71875,0.0
Panthera_leo,CO1,T>A,A>T,2.523437,111.65625,0.052917532002351
Panthera_leo,CO1,T>C,A>G,6.99827,177.71875,0.092203540217716
Panthera_leo,CO1,T>G,A>C,0.474009,111.65625,0.0099401674885889
Panthera_leo,Cytb,A>C,T>G,,26.416666666666657,0.0
Panthera_leo,Cytb,A>G,T>C,11.99868,86.55555555555557,0.2146536062702801
Panthera_leo,Cytb,A>T,T>A,,26.416666666666657,0.0
Panthera_leo,Cytb,C>A,G>T,,7.833333333333336,0.0
Panthera_leo,Cytb,C>G,G>C,,7.833333333333336,0.0
Panthera_leo,Cytb,C>T,G>A,6.99836,19.36111111111111,0.5597133533232946
Panthera_leo,Cytb,G>A,C>T,11.99927,172.72222222222217,0.1075737417825675
Panthera_leo,Cytb,G>C,C>G,2.0,67.75,0.0457109621362841
Panthera_leo,Cytb,G>T,C>A,,67.75,0.0
Panthera_leo,Cytb,T>A,A>T,1.0,92.80555555555556,0.0166849800434596
Panthera_leo,Cytb,T>C,A>G,4.99971,139.08333333333331,0.0556633564441139
Panthera_leo,Cytb,T>G,A>C,,92.80555555555556,0.0
Panthera_spelaea,CO1,A>C,T>G,,74.1578947368421,0.0
Panthera_spelaea,CO1,A>G,T>C,6.98556,178.00000000000006,0.1604304810565951
Panthera_spelaea,CO1,A>T,T>A,,74.1578947368421,0.0
Panthera_spelaea,CO1,C>A,G>T,,34.789473684210535,0.0
Panthera_spelaea,CO1,C>G,G>C,,34.789473684210535,0.0
Panthera_spelaea,CO1,C>T,G>A,7.251895,61.8421052631579,0.4793722639240029
Panthera_spelaea,CO1,G>A,C>T,6.759769,146.57894736842104,0.1885236838160591
Panthera_spelaea,CO1,G>C,C>G,,56.1578947368421,0.0
Panthera_spelaea,CO1,G>T,C>A,,56.1578947368421,0.0
Panthera_spelaea,CO1,T>A,A>T,,109.89473684210525,0.0
Panthera_spelaea,CO1,T>C,A>G,7.262928,172.94736842105266,0.1716735712033427
Panthera_spelaea,CO1,T>G,A>C,,109.89473684210525,0.0
Panthera_spelaea,Cytb,A>C,T>G,,27.535714285714285,0.0
Panthera_spelaea,Cytb,A>G,T>C,9.9999,89.46428571428571,0.2489985715865153
Panthera_spelaea,Cytb,A>T,T>A,,27.535714285714285,0.0
Panthera_spelaea,Cytb,C>A,G>T,,11.535714285714286,0.0
Panthera_spelaea,Cytb,C>G,G>C,,11.535714285714286,0.0
Panthera_spelaea,Cytb,C>T,G>A,5.99996,24.46428571428571,0.5463446723939434
Panthera_spelaea,Cytb,G>A,C>T,5.99988,170.2857142857143,0.0784901658155572
Panthera_spelaea,Cytb,G>C,C>G,,66.89285714285714,0.0
Panthera_spelaea,Cytb,G>T,C>A,,66.89285714285714,0.0
Panthera_spelaea,Cytb,T>A,A>T,,87.67857142857143,0.0
Panthera_spelaea,Cytb,T>C,A>G,5.99793,132.60714285714286,0.1007593535725863
Panthera_spelaea,Cytb,T>G,A>C,1.0,87.67857142857143,0.0254072366313977
Panthera_tigris,CO1,A>C,T>G,,66.61904761904763,0.0
Panthera_tigris,CO1,A>G,T>C,4.9987,163.7142857142857,0.2104323487159245
Panthera_tigris,CO1,A>T,T>A,,66.61904761904763,0.0
Panthera_tigris,CO1,C>A,G>T,,39.04761904761905,0.0
Panthera_tigris,CO1,C>G,G>C,,39.04761904761905,0.0
Panthera_tigris,CO1,C>T,G>A,1.99989,68.23809523809526,0.2019859774099618
Panthera_tigris,CO1,G>A,C>T,6.9844100000000005,159.14285714285717,0.3024715847298859
Panthera_tigris,CO1,G>C,C>G,,61.38095238095238,0.0
Panthera_tigris,CO1,G>T,C>A,,61.38095238095238,0.0
Panthera_tigris,CO1,T>A,A>T,,107.76190476190476,0.0
Panthera_tigris,CO1,T>C,A>G,6.97553,168.61904761904762,0.2851100891442278
Panthera_tigris,CO1,T>G,A>C,,107.76190476190476,0.0
Panthera_tigris,Cytb,A>C,T>G,,20.18518518518519,0.0
Panthera_tigris,Cytb,A>G,T>C,3.99906,74.29629629629628,0.0836387614461813
Panthera_tigris,Cytb,A>T,T>A,2.0,20.18518518518519,0.1539621953003356
Panthera_tigris,Cytb,C>A,G>T,,14.037037037037038,0.0
Panthera_tigris,Cytb,C>G,G>C,,14.037037037037038,0.0
Panthera_tigris,Cytb,C>T,G>A,9.99651,25.000000000000004,0.6213341634024135
Panthera_tigris,Cytb,G>A,C>T,9.99522,183.3333333333333,0.0847164522698841
Panthera_tigris,Cytb,G>C,C>G,,71.59259259259258,0.0
Panthera_tigris,Cytb,G>T,C>A,1.0,71.59259259259258,0.0217044481217493
Panthera_tigris,Cytb,T>A,A>T,,87.22222222222223,0.0
Panthera_tigris,Cytb,T>C,A>G,2.99994,134.55555555555557,0.034643979459436
Panthera_tigris,Cytb,T>G,A>C,,87.22222222222223,0.0
Papio_anubis,CO1,A>C,T>G,,54.333333333333336,0.0
Papio_anubis,CO1,A>G,T>C,24.306656,137.33333333333334,0.2649137087379228
Papio_anubis,CO1,A>T,T>A,,54.333333333333336,0.0
Papio_anubis,CO1,C>A,G>T,,26.0,0.0
Papio_anubis,CO1,C>G,G>C,,26.0,0.0
Papio_anubis,CO1,C>T,G>A,15.273684,43.52380952380952,0.5252572789515403
Papio_anubis,CO1,G>A,C>T,9.170487,224.4761904761905,0.0611473014393188
Papio_anubis,CO1,G>C,C>G,,95.90476190476188,0.0
Papio_anubis,CO1,G>T,C>A,,95.90476190476188,0.0
Papio_anubis,CO1,T>A,A>T,0.99932,95.8095238095238,0.0156117316290735
Papio_anubis,CO1,T>C,A>G,12.77727,162.76190476190476,0.1175007091734997
Papio_anubis,CO1,T>G,A>C,0.996602,95.8095238095238,0.0155692700686446
Papio_anubis,Cytb,A>C,T>G,,26.879999999999992,0.0
Papio_anubis,Cytb,A>G,T>C,59.140621,55.98,0.4841243269732431
Papio_anubis,Cytb,A>T,T>A,,26.879999999999992,0.0
Papio_anubis,Cytb,C>A,G>T,,8.999999999999998,0.0
Papio_anubis,Cytb,C>G,G>C,0.99799,8.999999999999998,0.0508144933853989
Papio_anubis,Cytb,C>T,G>A,12.016121,16.360000000000007,0.3365773707385268
Papio_anubis,Cytb,G>A,C>T,24.253433,200.78,0.0553549790011954
Papio_anubis,Cytb,G>C,C>G,,79.32000000000001,0.0
Papio_anubis,Cytb,G>T,C>A,,79.32000000000001,0.0
Papio_anubis,Cytb,T>A,A>T,1.942932,90.15999999999995,0.0098752390637092
Papio_anubis,Cytb,T>C,A>G,19.813181,143.54000000000005,0.0632535908379263
Papio_anubis,Cytb,T>G,A>C,,90.15999999999995,0.0
Papio_hamadryas,CO1,A>C,T>G,0.99984,55.3157894736842,0.0414226500820801
Papio_hamadryas,CO1,A>G,T>C,10.309404,133.8947368421053,0.1764519819254352
Papio_hamadryas,CO1,A>T,T>A,,55.3157894736842,0.0
Papio_hamadryas,CO1,C>A,G>T,0.99975,25.368421052631582,0.0903138722837919
Papio_hamadryas,CO1,C>G,G>C,,25.368421052631582,0.0
Papio_hamadryas,CO1,C>T,G>A,9.850354,40.47368421052632,0.5577448738220434
Papio_hamadryas,CO1,G>A,C>T,3.589912,224.21052631578945,0.0366930905424058
Papio_hamadryas,CO1,G>C,C>G,,92.73684210526314,0.0
Papio_hamadryas,CO1,G>T,C>A,,92.73684210526314,0.0
Papio_hamadryas,CO1,T>A,A>T,,95.63157894736842,0.0
Papio_hamadryas,CO1,T>C,A>G,6.901234,162.42105263157896,0.0973735313442434
Papio_hamadryas,CO1,T>G,A>C,,95.63157894736842,0.0
Papio_hamadryas,Cytb,A>C,T>G,,25.861111111111104,0.0
Papio_hamadryas,Cytb,A>G,T>C,11.99172,58.05555555555556,0.232573001205698
Papio_hamadryas,Cytb,A>T,T>A,,25.861111111111104,0.0
Papio_hamadryas,Cytb,C>A,G>T,,8.27777777777778,0.0
Papio_hamadryas,Cytb,C>G,G>C,,8.27777777777778,0.0
Papio_hamadryas,Cytb,C>T,G>A,8.99845,15.999999999999998,0.6332414407089292
Papio_hamadryas,Cytb,G>A,C>T,15.988264,197.66666666666663,0.0910729648764872
Papio_hamadryas,Cytb,G>C,C>G,,79.24999999999999,0.0
Papio_hamadryas,Cytb,G>T,C>A,,79.24999999999999,0.0
Papio_hamadryas,Cytb,T>A,A>T,1.0,92.97222222222224,0.0121106761683664
Papio_hamadryas,Cytb,T>C,A>G,3.98476,144.72222222222217,0.0310019170405191
Papio_hamadryas,Cytb,T>G,A>C,,92.97222222222224,0.0
Phoca_groenlandica,CO1,A>C,T>G,,58.91666666666666,0.0
Phoca_groenlandica,CO1,A>G,T>C,13.308245,145.0833333333333,0.2220847476013258
Phoca_groenlandica,CO1,A>T,T>A,,58.91666666666666,0.0
Phoca_groenlandica,CO1,C>A,G>T,,23.5,0.0
Phoca_groenlandica,CO1,C>G,G>C,,23.5,0.0
Phoca_groenlandica,CO1,C>T,G>A,4.98717,37.61111111111113,0.321035810657865
Phoca_groenlandica,CO1,G>A,C>T,21.615015,174.94444444444446,0.299137497596093
Phoca_groenlandica,CO1,G>C,C>G,,64.13888888888891,0.0
Phoca_groenlandica,CO1,G>T,C>A,,64.13888888888891,0.0
Phoca_groenlandica,CO1,T>A,A>T,1.0,127.4722222222222,0.0189932775053958
Phoca_groenlandica,CO1,T>C,A>G,9.958531,201.3333333333333,0.1197553891339242
Phoca_groenlandica,CO1,T>G,A>C,1.0,127.4722222222222,0.0189932775053958
Phoca_groenlandica,Cytb,A>C,T>G,,12.326086956521737,0.0
Phoca_groenlandica,Cytb,A>G,T>C,15.904442,57.65217391304349,0.2190344155150184
Phoca_groenlandica,Cytb,A>T,T>A,1.0,12.326086956521737,0.0644146100969501
Phoca_groenlandica,Cytb,C>A,G>T,,12.326086956521738,0.0
Phoca_groenlandica,Cytb,C>G,G>C,,12.326086956521738,0.0
Phoca_groenlandica,Cytb,C>T,G>A,9.982388,17.978260869565226,0.4408556163187671
Phoca_groenlandica,Cytb,G>A,C>T,21.892504,187.7173913043477,0.0925977719652296
Phoca_groenlandica,Cytb,G>C,C>G,,56.08695652173916,0.0
Phoca_groenlandica,Cytb,G>T,C>A,7.992783,56.08695652173916,0.1131477070942166
Phoca_groenlandica,Cytb,T>A,A>T,2.99915,117.1739130434782,0.0203224874125372
Phoca_groenlandica,Cytb,T>C,A>G,5.99754,162.47826086956516,0.0293080889434531
Phoca_groenlandica,Cytb,T>G,A>C,2.99868,117.1739130434782,0.0203193026538276
Phocoena_phocoena,CO1,A>C,T>G,0.9999,68.70588235294119,0.0410081545874893
Phocoena_phocoena,CO1,A>G,T>C,7.976593,145.00000000000006,0.1550090340101624
Phocoena_phocoena,CO1,A>T,T>A,,68.70588235294119,0.0
Phocoena_phocoena,CO1,C>A,G>T,,20.441176470588232,0.0
Phocoena_phocoena,CO1,C>G,G>C,,20.441176470588232,0.0
Phocoena_phocoena,CO1,C>T,G>A,5.99655,37.91176470588236,0.4456922044250966
Phocoena_phocoena,CO1,G>A,C>T,9.992884,181.5,0.1551392886159851
Phocoena_phocoena,CO1,G>C,C>G,,59.882352941176485,0.0
Phocoena_phocoena,CO1,G>T,C>A,0.99942,59.882352941176485,0.0470280269617765
Phocoena_phocoena,CO1,T>A,A>T,,126.47058823529407,0.0
Phocoena_phocoena,CO1,T>C,A>G,10.712995,193.3529411764707,0.1561232913994899
Phocoena_phocoena,CO1,T>G,A>C,,126.47058823529407,0.0
Phocoena_phocoena,Cytb,A>C,T>G,,22.935483870967744,0.0
Phocoena_phocoena,Cytb,A>G,T>C,14.9326,74.5483870967742,0.3602674864678369
Phocoena_phocoena,Cytb,A>T,T>A,,22.935483870967744,0.0
Phocoena_phocoena,Cytb,C>A,G>T,,11.870967741935484,0.0
Phocoena_phocoena,Cytb,C>G,G>C,,11.870967741935484,0.0
Phocoena_phocoena,Cytb,C>T,G>A,3.99878,17.806451612903224,0.4039038722631357
Phocoena_phocoena,Cytb,G>A,C>T,15.731167,178.9677419354839,0.1580935211157736
Phocoena_phocoena,Cytb,G>C,C>G,,61.06451612903227,0.0
Phocoena_phocoena,Cytb,G>T,C>A,,61.06451612903227,0.0
Phocoena_phocoena,Cytb,T>A,A>T,1.0,99.09677419354836,0.018149654906567
Phocoena_phocoena,Cytb,T>C,A>G,4.980084,150.32258064516137,0.0595854652466866
Phocoena_phocoena,Cytb,T>G,A>C,,99.09677419354836,0.0
Plecotus_macrobullaris,CO1,A>C,T>G,,86.75,0.0
Plecotus_macrobullaris,CO1,A>G,T>C,9.788729,197.3125,0.1573192899254828
Plecotus_macrobullaris,CO1,A>T,T>A,,86.75,0.0
Plecotus_macrobullaris,CO1,C>A,G>T,,27.1875,0.0
Plecotus_macrobullaris,CO1,C>G,G>C,,27.1875,0.0
Plecotus_macrobullaris,CO1,C>T,G>A,3.835339,46.875,0.2594613941786567
Plecotus_macrobullaris,CO1,G>A,C>T,16.394094,143.6875,0.3618084485185404
Plecotus_macrobullaris,CO1,G>C,C>G,,55.625,0.0
Plecotus_macrobullaris,CO1,G>T,C>A,0.993201,55.625,0.0566209817919841
Plecotus_macrobullaris,CO1,T>A,A>T,,104.625,0.0
Plecotus_macrobullaris,CO1,T>C,A>G,8.977147,172.75,0.1647898855853359
Plecotus_macrobullaris,CO1,T>G,A>C,,104.625,0.0
Plecotus_macrobullaris,Cytb,A>C,T>G,,46.07692307692307,0.0
Plecotus_macrobullaris,Cytb,A>G,T>C,15.623527,126.34615384615384,0.1290681022314939
Plecotus_macrobullaris,Cytb,A>T,T>A,,46.07692307692307,0.0
Plecotus_macrobullaris,Cytb,C>A,G>T,,7.346153846153845,0.0
Plecotus_macrobullaris,Cytb,C>G,G>C,,7.346153846153845,0.0
Plecotus_macrobullaris,Cytb,C>T,G>A,8.812294,15.34615384615384,0.5993648889437245
Plecotus_macrobullaris,Cytb,G>A,C>T,21.827771,129.5769230769231,0.1758262015270895
Plecotus_macrobullaris,Cytb,G>C,C>G,,47.49999999999999,0.0
Plecotus_macrobullaris,Cytb,G>T,C>A,1.0,47.49999999999999,0.0219739563977643
Plecotus_macrobullaris,Cytb,T>A,A>T,0.97794,88.46153846153848,0.0115387719503228
Plecotus_macrobullaris,Cytb,T>C,A>G,8.596598,144.19230769230768,0.0622280789496047
Plecotus_macrobullaris,Cytb,T>G,A>C,,88.46153846153848,0.0
Prionailurus_bengalensis,CO1,A>C,T>G,,75.24999999999997,0.0
Prionailurus_bengalensis,CO1,A>G,T>C,20.840537,179.7222222222222,0.1815715843605596
Prionailurus_bengalensis,CO1,A>T,T>A,,75.24999999999997,0.0
Prionailurus_bengalensis,CO1,C>A,G>T,,18.61111111111111,0.0
Prionailurus_bengalensis,CO1,C>G,G>C,,18.61111111111111,0.0
Prionailurus_bengalensis,CO1,C>T,G>A,14.411326,42.69444444444444,0.5285344908693846
Prionailurus_bengalensis,CO1,G>A,C>T,21.427811,148.80555555555551,0.2254755314762604
Prionailurus_bengalensis,CO1,G>C,C>G,,57.88888888888887,0.0
Prionailurus_bengalensis,CO1,G>T,C>A,,57.88888888888887,0.0
Prionailurus_bengalensis,CO1,T>A,A>T,0.99991,112.63888888888889,0.0138999523590752
Prionailurus_bengalensis,CO1,T>C,A>G,5.98664,185.55555555555551,0.0505184409347199
Prionailurus_bengalensis,CO1,T>G,A>C,,112.63888888888889,0.0
Prionailurus_bengalensis,Cytb,A>C,T>G,,23.75,0.0
Prionailurus_bengalensis,Cytb,A>G,T>C,39.014155,68.22000000000004,0.2710648859637716
Prionailurus_bengalensis,Cytb,A>T,T>A,,23.75,0.0
Prionailurus_bengalensis,Cytb,C>A,G>T,,4.039999999999997,0.0
Prionailurus_bengalensis,Cytb,C>G,G>C,,4.039999999999997,0.0
Prionailurus_bengalensis,Cytb,C>T,G>A,14.99684,12.399999999999997,0.5732457520654035
Prionailurus_bengalensis,Cytb,G>A,C>T,36.59359,188.39,0.0920682618079183
Prionailurus_bengalensis,Cytb,G>C,C>G,,66.85999999999997,0.0
Prionailurus_bengalensis,Cytb,G>T,C>A,2.9997,66.85999999999997,0.0212654326575034
Prionailurus_bengalensis,Cytb,T>A,A>T,0.99983,101.05999999999996,0.0046893175375984
Prionailurus_bengalensis,Cytb,T>C,A>G,11.69447,147.15999999999994,0.0376663499678045
Prionailurus_bengalensis,Cytb,T>G,A>C,,101.05999999999996,0.0
Procyon_lotor,CO1,A>C,T>G,,67.92307692307693,0.0
Procyon_lotor,CO1,A>G,T>C,7.972614,156.8461538461538,0.1340985064221046
Procyon_lotor,CO1,A>T,T>A,,67.92307692307693,0.0
Procyon_lotor,CO1,C>A,G>T,,27.769230769230766,0.0
Procyon_lotor,CO1,C>G,G>C,,27.769230769230766,0.0
Procyon_lotor,CO1,C>T,G>A,8.956944,51.384615384615394,0.459858083567171
Procyon_lotor,CO1,G>A,C>T,17.861358,150.3076923076923,0.3134948021413952
Procyon_lotor,CO1,G>C,C>G,,42.23076923076923,0.0
Procyon_lotor,CO1,G>T,C>A,,42.23076923076923,0.0
Procyon_lotor,CO1,T>A,A>T,,132.3846153846154,0.0
Procyon_lotor,CO1,T>C,A>G,3.984502,199.46153846153848,0.0527001633054089
Procyon_lotor,CO1,T>G,A>C,1.99964,132.3846153846154,0.0398484445639202
Procyon_lotor,Cytb,A>C,T>G,,29.971428571428586,0.0
Procyon_lotor,Cytb,A>G,T>C,12.774178,94.4571428571428,0.1556558661534473
Procyon_lotor,Cytb,A>T,T>A,,29.971428571428586,0.0
Procyon_lotor,Cytb,C>A,G>T,0.99958,9.8,0.1173974912218277
Procyon_lotor,Cytb,C>G,G>C,,9.8,0.0
Procyon_lotor,Cytb,C>T,G>A,5.983343,13.800000000000008,0.4990363113183553
Procyon_lotor,Cytb,G>A,C>T,15.680314,153.40000000000003,0.1176512997693119
Procyon_lotor,Cytb,G>C,C>G,0.99945,44.88571428571427,0.0256283275209629
Procyon_lotor,Cytb,G>T,C>A,1.0,44.88571428571427,0.0256424308579348
Procyon_lotor,Cytb,T>A,A>T,1.99902,100.97142857142856,0.0227869380820404
Procyon_lotor,Cytb,T>C,A>G,4.930877,156.7714285714286,0.0362013350761193
Procyon_lotor,Cytb,T>G,A>C,,100.97142857142856,0.0
Proechimys_guyannensis,CO1,A>C,T>G,,83.92857142857142,0.0
Proechimys_guyannensis,CO1,A>G,T>C,5.990485,210.1428571428572,0.063175730563655
Proechimys_guyannensis,CO1,A>T,T>A,,83.92857142857142,0.0
Proechimys_guyannensis,CO1,C>A,G>T,,13.428571428571429,0.0
Proechimys_guyannensis,CO1,C>G,G>C,0.99992,13.428571428571429,0.1650206760319389
Proechimys_guyannensis,CO1,C>T,G>A,5.111754,18.071428571428573,0.6268741773979307
Proechimys_guyannensis,CO1,G>A,C>T,4.789631,116.71428571428572,0.0909454466063184
Proechimys_guyannensis,CO1,G>C,C>G,,41.42857142857142,0.0
Proechimys_guyannensis,CO1,G>T,C>A,,41.42857142857142,0.0
Proechimys_guyannensis,CO1,T>A,A>T,,115.57142857142856,0.0
Proechimys_guyannensis,CO1,T>C,A>G,5.164137,212.00000000000009,0.0539839694001568
Proechimys_guyannensis,CO1,T>G,A>C,,115.57142857142856,0.0
Proechimys_guyannensis,Cytb,A>C,T>G,,38.8695652173913,0.0
Proechimys_guyannensis,Cytb,A>G,T>C,18.956507,118.56521739130432,0.1383003149528192
Proechimys_guyannensis,Cytb,A>T,T>A,1.157372,38.8695652173913,0.0257564167816549
Proechimys_guyannensis,Cytb,C>A,G>T,,6.391304347826087,0.0
Proechimys_guyannensis,Cytb,C>G,G>C,,6.391304347826087,0.0
Proechimys_guyannensis,Cytb,C>T,G>A,6.302770000000001,9.82608695652174,0.5548467053212721
Proechimys_guyannensis,Cytb,G>A,C>T,29.018206,127.82608695652168,0.1963691320364215
Proechimys_guyannensis,Cytb,G>C,C>G,,34.78260869565217,0.0
Proechimys_guyannensis,Cytb,G>T,C>A,1.25467,34.78260869565217,0.0312025090878672
Proechimys_guyannensis,Cytb,T>A,A>T,0.99343,98.9565217391304,0.0086839038184723
Proechimys_guyannensis,Cytb,T>C,A>G,8.490262,163.78260869565213,0.0448410180014927
Proechimys_guyannensis,Cytb,T>G,A>C,,98.9565217391304,0.0
Propithecus_diadema,CO1,A>C,T>G,,60.8421052631579,0.0
Propithecus_diadema,CO1,A>G,T>C,10.741785,147.78947368421055,0.1384200104325954
Propithecus_diadema,CO1,A>T,T>A,,60.8421052631579,0.0
Propithecus_diadema,CO1,C>A,G>T,,15.26315789473684,0.0
Propithecus_diadema,CO1,C>G,G>C,,15.26315789473684,0.0
Propithecus_diadema,CO1,C>T,G>A,8.403384,23.05263157894737,0.6942240014102671
Propithecus_diadema,CO1,G>A,C>T,8.741327,174.21052631578948,0.0955584064086317
Propithecus_diadema,CO1,G>C,C>G,,65.26315789473685,0.0
Propithecus_diadema,CO1,G>T,C>A,,65.26315789473685,0.0
Propithecus_diadema,CO1,T>A,A>T,1.0,124.05263157894736,0.0153518225917603
Propithecus_diadema,CO1,T>C,A>G,6.274135,211.68421052631584,0.0564457591567453
Propithecus_diadema,CO1,T>G,A>C,,124.05263157894736,0.0
Propithecus_diadema,Cytb,A>C,T>G,,34.368421052631575,0.0
Propithecus_diadema,Cytb,A>G,T>C,22.223384,77.47368421052633,0.8477809548543336
Propithecus_diadema,Cytb,A>T,T>A,,34.368421052631575,0.0
Propithecus_diadema,Cytb,C>A,G>T,,1.5263157894736838,0.0
Propithecus_diadema,Cytb,C>G,G>C,,1.5263157894736838,0.0
Propithecus_diadema,Cytb,C>T,G>A,,6.157894736842105,0.0
Propithecus_diadema,Cytb,G>A,C>T,8.187898,183.0,0.1322357883367586
Propithecus_diadema,Cytb,G>C,C>G,,62.368421052631575,0.0
Propithecus_diadema,Cytb,G>T,C>A,,62.368421052631575,0.0
Propithecus_diadema,Cytb,T>A,A>T,,95.8421052631579,0.0
Propithecus_diadema,Cytb,T>C,A>G,0.99998,147.8947368421052,0.0199832568089077
Propithecus_diadema,Cytb,T>G,A>C,,95.8421052631579,0.0
Rattus_norvegicus,CO1,A>C,T>G,,58.833333333333336,0.0
Rattus_norvegicus,CO1,A>G,T>C,6.433445,141.91666666666669,0.1724449855629471
Rattus_norvegicus,CO1,A>T,T>A,,58.833333333333336,0.0
Rattus_norvegicus,CO1,C>A,G>T,,14.75,0.0
Rattus_norvegicus,CO1,C>G,G>C,,14.75,0.0
Rattus_norvegicus,CO1,C>T,G>A,2.99556,21.0,0.5426241364912778
Rattus_norvegicus,CO1,G>A,C>T,6.948952,176.33333333333331,0.1499081601997915
Rattus_norvegicus,CO1,G>C,C>G,,69.50000000000001,0.0
Rattus_norvegicus,CO1,G>T,C>A,,69.50000000000001,0.0
Rattus_norvegicus,CO1,T>A,A>T,0.99985,134.08333333333331,0.0283661524470433
Rattus_norvegicus,CO1,T>C,A>G,5.941722,211.91666666666669,0.1066565652989401
Rattus_norvegicus,CO1,T>G,A>C,,134.08333333333331,0.0
Rattus_norvegicus,Cytb,A>C,T>G,,21.081081081081106,0.0
Rattus_norvegicus,Cytb,A>G,T>C,44.57521,67.30810810810827,0.1484576793000467
Rattus_norvegicus,Cytb,A>T,T>A,3.0,21.081081081081106,0.0319010537755123
Rattus_norvegicus,Cytb,C>A,G>T,,4.881081081081086,0.0
Rattus_norvegicus,Cytb,C>G,G>C,1.0,4.881081081081086,0.045926212522886
Rattus_norvegicus,Cytb,C>T,G>A,19.99036,7.059459459459459,0.6347837780684595
Rattus_norvegicus,Cytb,G>A,C>T,56.577913,184.71891891891897,0.0686613279096082
Rattus_norvegicus,Cytb,G>C,C>G,2.0,58.99459459459448,0.0075996646340784
Rattus_norvegicus,Cytb,G>T,C>A,1.0,58.99459459459448,0.0037998323170392
Rattus_norvegicus,Cytb,T>A,A>T,5.967325,104.6162162162162,0.0127866664481372
Rattus_norvegicus,Cytb,T>C,A>G,27.876871,157.58378378378387,0.0396560226777082
Rattus_norvegicus,Cytb,T>G,A>C,2.99973,104.6162162162162,0.0064277623465238
Rusa_unicolor,CO1,A>C,T>G,,66.40740740740739,0.0
Rusa_unicolor,CO1,A>G,T>C,28.03162,179.11111111111106,0.1861601879563096
Rusa_unicolor,CO1,A>T,T>A,,66.40740740740739,0.0
Rusa_unicolor,CO1,C>A,G>T,,15.148148148148143,0.0
Rusa_unicolor,CO1,C>G,G>C,,15.148148148148143,0.0
Rusa_unicolor,CO1,C>T,G>A,10.960296,24.740740740740748,0.5269515962337297
Rusa_unicolor,CO1,G>A,C>T,18.768731,143.7777777777778,0.1552759813263682
Rusa_unicolor,CO1,G>C,C>G,,57.66666666666666,0.0
Rusa_unicolor,CO1,G>T,C>A,1.88499,57.66666666666666,0.0388817086607979
Rusa_unicolor,CO1,T>A,A>T,1.99869,123.74074074074078,0.0192129418231023
Rusa_unicolor,CO1,T>C,A>G,12.967798,209.81481481481472,0.073517583999692
Rusa_unicolor,CO1,T>G,A>C,,123.74074074074078,0.0
Rusa_unicolor,Cytb,A>C,T>G,,21.21052631578948,0.0
Rusa_unicolor,Cytb,A>G,T>C,23.795893,82.73684210526316,0.204799125655671
Rusa_unicolor,Cytb,A>T,T>A,0.99504,21.21052631578948,0.0334052038103319
Rusa_unicolor,Cytb,C>A,G>T,,7.315789473684207,0.0
Rusa_unicolor,Cytb,C>G,G>C,,7.315789473684207,0.0
Rusa_unicolor,Cytb,C>T,G>A,10.930403,13.394736842105267,0.5810680819594376
Rusa_unicolor,Cytb,G>A,C>T,24.589678,154.13157894736838,0.1136020702307265
Rusa_unicolor,Cytb,G>C,C>G,,47.05263157894736,0.0
Rusa_unicolor,Cytb,G>T,C>A,0.99979,47.05263157894736,0.0151303823262771
Rusa_unicolor,Cytb,T>A,A>T,,110.55263157894731,0.0
Rusa_unicolor,Cytb,T>C,A>G,8.9643,163.15789473684208,0.0391231055105369
Rusa_unicolor,Cytb,T>G,A>C,1.99844,110.55263157894731,0.0128720305070187
Sciurus_anomalus,CO1,A>C,T>G,,72.1764705882353,0.0
Sciurus_anomalus,CO1,A>G,T>C,8.98691,173.47058823529414,0.1850003103080071
Sciurus_anomalus,CO1,A>T,T>A,,72.1764705882353,0.0
Sciurus_anomalus,CO1,C>A,G>T,,23.0,0.0
Sciurus_anomalus,CO1,C>G,G>C,,23.0,0.0
Sciurus_anomalus,CO1,C>T,G>A,3.994863,33.64705882352941,0.423977391321944
Sciurus_anomalus,CO1,G>A,C>T,6.98175,151.58823529411762,0.1644700074585585
Sciurus_anomalus,CO1,G>C,C>G,,52.764705882352935,0.0
Sciurus_anomalus,CO1,G>T,C>A,,52.764705882352935,0.0
Sciurus_anomalus,CO1,T>A,A>T,1.0,120.82352941176472,0.0295553698035523
Sciurus_anomalus,CO1,T>C,A>G,10.99426,199.29411764705884,0.1969969211079379
Sciurus_anomalus,CO1,T>G,A>C,,120.82352941176472,0.0
Sciurus_anomalus,Cytb,A>C,T>G,,52.08571428571429,0.0
Sciurus_anomalus,Cytb,A>G,T>C,23.957331,124.05714285714288,0.3183545658782004
Sciurus_anomalus,Cytb,A>T,T>A,,52.08571428571429,0.0
Sciurus_anomalus,Cytb,C>A,G>T,,3.6571428571428575,0.0
Sciurus_anomalus,Cytb,C>G,G>C,,3.6571428571428575,0.0
Sciurus_anomalus,Cytb,C>T,G>A,0.99999,9.485714285714288,0.1737881028013673
Sciurus_anomalus,Cytb,G>A,C>T,23.942274,155.94285714285715,0.2531012757122601
Sciurus_anomalus,Cytb,G>C,C>G,1.0,64.99999999999997,0.0253618580713516
Sciurus_anomalus,Cytb,G>T,C>A,,64.99999999999997,0.0
Sciurus_anomalus,Cytb,T>A,A>T,2.99981,63.65714285714284,0.0776856906076409
Sciurus_anomalus,Cytb,T>C,A>G,10.98803,119.40000000000003,0.1517085069291795
Sciurus_anomalus,Cytb,T>G,A>C,,63.65714285714284,0.0
Sicista_betulina,CO1,A>C,T>G,,89.7272727272727,0.0
Sicista_betulina,CO1,A>G,T>C,12.408432,175.15151515151518,0.206515510385493
Sicista_betulina,CO1,A>T,T>A,4.841117,89.7272727272727,0.1572790146882373
Sicista_betulina,CO1,C>A,G>T,,17.818181818181813,0.0
Sicista_betulina,CO1,C>G,G>C,,17.818181818181813,0.0
Sicista_betulina,CO1,C>T,G>A,2.1239280000000003,29.909090909090896,0.2070075788968281
Sicista_betulina,CO1,G>A,C>T,16.406877,170.45454545454552,0.2805866499364647
Sicista_betulina,CO1,G>C,C>G,,70.0,0.0
Sicista_betulina,CO1,G>T,C>A,,70.0,0.0
Sicista_betulina,CO1,T>A,A>T,2.765341,95.81818181818176,0.0841299121599377
Sicista_betulina,CO1,T>C,A>G,1.99813,170.81818181818184,0.0340988171379077
Sicista_betulina,CO1,T>G,A>C,0.99867,95.81818181818176,0.0303825167951312
Sicista_betulina,Cytb,A>C,T>G,,46.83333333333333,0.0
Sicista_betulina,Cytb,A>G,T>C,16.910604,120.23333333333338,0.2049607746083558
Sicista_betulina,Cytb,A>T,T>A,0.99974,46.83333333333333,0.031107744329713
Sicista_betulina,Cytb,C>A,G>T,,4.566666666666667,0.0
Sicista_betulina,Cytb,C>G,G>C,,4.566666666666667,0.0
Sicista_betulina,Cytb,C>T,G>A,2.99316,10.8,0.4038710271620714
Sicista_betulina,Cytb,G>A,C>T,24.181116,158.13333333333327,0.2228380946625933
Sicista_betulina,Cytb,G>C,C>G,,57.63333333333332,0.0
Sicista_betulina,Cytb,G>T,C>A,1.99984,57.63333333333332,0.0505659340402294
Sicista_betulina,Cytb,T>A,A>T,,72.23333333333332,0.0
Sicista_betulina,Cytb,T>C,A>G,5.83499,127.89999999999998,0.066482308805668
Sicista_betulina,Cytb,T>G,A>C,0.99999,72.23333333333332,0.0201741163913688
Spilogale_gracilis,CO1,A>C,T>G,,61.08695652173913,0.0
Spilogale_gracilis,CO1,A>G,T>C,11.761913,176.3043478260869,0.1555363979775691
Spilogale_gracilis,CO1,A>T,T>A,,61.08695652173913,0.0
Spilogale_gracilis,CO1,C>A,G>T,1.0,16.782608695652176,0.1389177140518637
Spilogale_gracilis,CO1,C>G,G>C,,16.782608695652176,0.0
Spilogale_gracilis,CO1,C>T,G>A,4.6807360000000005,29.39130434782609,0.3712892574664231
Spilogale_gracilis,CO1,G>A,C>T,12.354759,121.7391304347826,0.2366035081733901
Spilogale_gracilis,CO1,G>C,C>G,,37.95652173913043,0.0
Spilogale_gracilis,CO1,G>T,C>A,,37.95652173913043,0.0
Spilogale_gracilis,CO1,T>A,A>T,,144.52173913043478,0.0
Spilogale_gracilis,CO1,T>C,A>G,9.657458,230.5652173913043,0.0976531223307537
Spilogale_gracilis,CO1,T>G,A>C,,144.52173913043478,0.0
Spilogale_gracilis,Cytb,A>C,T>G,1.0,28.815384615384588,0.0448409897463428
Spilogale_gracilis,Cytb,A>G,T>C,19.590094,93.70769230769233,0.2701225791227102
Spilogale_gracilis,Cytb,A>T,T>A,0.99944,28.815384615384588,0.0448158787920848
Spilogale_gracilis,Cytb,C>A,G>T,,8.461538461538456,0.0
Spilogale_gracilis,Cytb,C>G,G>C,,8.461538461538456,0.0
Spilogale_gracilis,Cytb,C>T,G>A,4.99521,17.15384615384615,0.3762632918493478
Spilogale_gracilis,Cytb,G>A,C>T,19.638582,159.30769230769232,0.1592843070516075
Spilogale_gracilis,Cytb,G>C,C>G,,46.36923076923076,0.0
Spilogale_gracilis,Cytb,G>T,C>A,,46.36923076923076,0.0
Spilogale_gracilis,Cytb,T>A,A>T,1.0,99.52307692307689,0.0129830226920544
Spilogale_gracilis,Cytb,T>C,A>G,10.99683,154.96923076923085,0.0916899307458522
Spilogale_gracilis,Cytb,T>G,A>C,,99.52307692307689,0.0
Stenella_attenuata,CO1,A>C,T>G,,79.015625,0.0
Stenella_attenuata,CO1,A>G,T>C,10.967468,172.296875,0.1108669092486514
Stenella_attenuata,CO1,A>T,T>A,,79.015625,0.0
Stenella_attenuata,CO1,C>A,G>T,,10.75,0.0
Stenella_attenuata,CO1,C>G,G>C,,10.75,0.0
Stenella_attenuata,CO1,C>T,G>A,6.0,20.8125,0.5021112645606503
Stenella_attenuata,CO1,G>A,C>T,17.510955,154.71875,0.1971241569818875
Stenella_attenuata,CO1,G>C,C>G,,46.078125,0.0
Stenella_attenuata,CO1,G>T,C>A,1.99796,46.078125,0.0755205172314121
Stenella_attenuata,CO1,T>A,A>T,,131.921875,0.0
Stenella_attenuata,CO1,T>C,A>G,13.99487,213.109375,0.1143771519773988
Stenella_attenuata,CO1,T>G,A>C,,131.921875,0.0
Stenella_attenuata,Cytb,A>C,T>G,,32.27868852459016,0.0
Stenella_attenuata,Cytb,A>G,T>C,22.425636,82.59016393442622,0.2166362775433674
Stenella_attenuata,Cytb,A>T,T>A,1.0,32.27868852459016,0.0247171767375033
Stenella_attenuata,Cytb,C>A,G>T,,3.622950819672132,0.0
Stenella_attenuata,Cytb,C>G,G>C,,3.622950819672132,0.0
Stenella_attenuata,Cytb,C>T,G>A,4.971437,6.688524590163938,0.5930159250997732
Stenella_attenuata,Cytb,G>A,C>T,24.392052,173.5573770491803,0.1121295303750107
Stenella_attenuata,Cytb,G>C,C>G,,56.06557377049185,0.0
Stenella_attenuata,Cytb,G>T,C>A,,56.06557377049185,0.0
Stenella_attenuata,Cytb,T>A,A>T,0.99639,100.67213114754108,0.0078965036768194
Stenella_attenuata,Cytb,T>C,A>G,5.99886,160.81967213114754,0.0297607792374035
Stenella_attenuata,Cytb,T>G,A>C,1.99919,100.67213114754108,0.0158438073301223
Stenella_longirostris,CO1,A>C,T>G,,81.94594594594598,0.0
Stenella_longirostris,CO1,A>G,T>C,29.349191,179.1756756756755,0.1062447230042223
Stenella_longirostris,CO1,A>T,T>A,,81.94594594594598,0.0
Stenella_longirostris,CO1,C>A,G>T,,11.878378378378372,0.0
Stenella_longirostris,CO1,C>G,G>C,,11.878378378378372,0.0
Stenella_longirostris,CO1,C>T,G>A,23.247269,24.56756756756757,0.6137620994367369
Stenella_longirostris,CO1,G>A,C>T,39.059816,149.7027027027028,0.1692352537517772
Stenella_longirostris,CO1,G>C,C>G,,43.93243243243242,0.0
Stenella_longirostris,CO1,G>T,C>A,2.0,43.93243243243242,0.0295280678956252
Stenella_longirostris,CO1,T>A,A>T,4.99992,130.05405405405415,0.0249361525344705
Stenella_longirostris,CO1,T>C,A>G,16.639199,210.35135135135144,0.0513070912967513
Stenella_longirostris,CO1,T>G,A>C,0.99986,130.05405405405415,0.0049866120804164
Stenella_longirostris,Cytb,A>C,T>G,,27.29113924050631,0.0
Stenella_longirostris,Cytb,A>G,T>C,43.875791,81.50632911392401,0.2402134229763923
Stenella_longirostris,Cytb,A>T,T>A,,27.29113924050631,0.0
Stenella_longirostris,Cytb,C>A,G>T,,4.759493670886078,0.0
Stenella_longirostris,Cytb,C>G,G>C,0.99928,4.759493670886078,0.0936893203125481
Stenella_longirostris,Cytb,C>T,G>A,7.98203,6.848101265822779,0.5201239217482483
Stenella_longirostris,Cytb,G>A,C>T,38.848215,176.03797468354432,0.0984755356547702
Stenella_longirostris,Cytb,G>C,C>G,0.99968,60.46835443037976,0.0073772839573021
Stenella_longirostris,Cytb,G>T,C>A,,60.46835443037976,0.0
Stenella_longirostris,Cytb,T>A,A>T,,101.54430379746849,0.0
Stenella_longirostris,Cytb,T>C,A>G,12.98914,162.24050632911374,0.035726029401444
Stenella_longirostris,Cytb,T>G,A>C,1.0,101.54430379746849,0.0043944859492948
Stenocephalemys_albipes,CO1,A>C,T>G,,77.89999999999999,0.0
Stenocephalemys_albipes,CO1,A>G,T>C,10.464766,177.10000000000002,0.1112707783363659
Stenocephalemys_albipes,CO1,A>T,T>A,1.0,77.89999999999999,0.0241731199916409
Stenocephalemys_albipes,CO1,C>A,G>T,,7.800000000000001,0.0
Stenocephalemys_albipes,CO1,C>G,G>C,,7.800000000000001,0.0
Stenocephalemys_albipes,CO1,C>T,G>A,3.982329,11.7,0.6409459979361211
Stenocephalemys_albipes,CO1,G>A,C>T,5.96849,124.4,0.090347108060619
Stenocephalemys_albipes,CO1,G>C,C>G,0.985902,32.2,0.057656468951966
Stenocephalemys_albipes,CO1,G>T,C>A,,32.2,0.0
Stenocephalemys_albipes,CO1,T>A,A>T,,153.70000000000002,0.0
Stenocephalemys_albipes,CO1,T>C,A>G,9.603959,239.2,0.0756065267232868
Stenocephalemys_albipes,CO1,T>G,A>C,,153.70000000000002,0.0
Stenocephalemys_albipes,Cytb,A>C,T>G,0.99896,27.888888888888907,0.0146096285241642
Stenocephalemys_albipes,Cytb,A>G,T>C,33.166751,94.02222222222224,0.143878103775465
Stenocephalemys_albipes,Cytb,A>T,T>A,,27.888888888888907,0.0
Stenocephalemys_albipes,Cytb,C>A,G>T,,4.555555555555556,0.0
Stenocephalemys_albipes,Cytb,C>G,G>C,0.99703,4.555555555555556,0.0892666353444003
Stenocephalemys_albipes,Cytb,C>T,G>A,8.650584,6.488888888888892,0.5437476295214642
Stenocephalemys_albipes,Cytb,G>A,C>T,34.855751,136.82222222222222,0.1039058719852411
Stenocephalemys_albipes,Cytb,G>C,C>G,,31.288888888888906,0.0
Stenocephalemys_albipes,Cytb,G>T,C>A,1.99999,31.288888888888906,0.0260711368835054
Stenocephalemys_albipes,Cytb,T>A,A>T,6.976161,120.53333333333327,0.0236065007095076
Stenocephalemys_albipes,Cytb,T>C,A>G,19.659039,179.04444444444442,0.0447840866142507
Stenocephalemys_albipes,Cytb,T>G,A>C,2.9937240000000003,120.53333333333327,0.0101304066420012
Suncus_murinus,CO1,A>C,T>G,,96.58536585365856,0.0
Suncus_murinus,CO1,A>G,T>C,18.46947,249.0731707317073,0.0990631881604033
Suncus_murinus,CO1,A>T,T>A,1.710828,96.58536585365856,0.0236635467003601
Suncus_murinus,CO1,C>A,G>T,0.704347,11.414634146341465,0.0824345914579843
Suncus_murinus,CO1,C>G,G>C,,11.414634146341465,0.0
Suncus_murinus,CO1,C>T,G>A,5.241653,19.63414634146342,0.3566490409621635
Suncus_murinus,CO1,G>A,C>T,19.776285,95.31707317073167,0.2771780473559021
Suncus_murinus,CO1,G>C,C>G,0.99929,46.73170731707318,0.028567004980407
Suncus_murinus,CO1,G>T,C>A,1.99859,46.73170731707318,0.0571342958338337
Suncus_murinus,CO1,T>A,A>T,1.925749,96.58536585365852,0.0266362553071798
Suncus_murinus,CO1,T>C,A>G,6.99453,191.9756097560976,0.0486740292417656
Suncus_murinus,CO1,T>G,A>C,,96.58536585365852,0.0
Suncus_murinus,Cytb,A>C,T>G,2.99942,44.18309859154931,0.0463269572239932
Suncus_murinus,Cytb,A>G,T>C,38.877243,128.87323943661968,0.2058663560020773
Suncus_murinus,Cytb,A>T,T>A,,44.18309859154931,0.0
Suncus_murinus,Cytb,C>A,G>T,,6.281690140845071,0.0
Suncus_murinus,Cytb,C>G,G>C,,6.281690140845071,0.0
Suncus_murinus,Cytb,C>T,G>A,5.92077,8.901408450704226,0.4539124810896837
Suncus_murinus,Cytb,G>A,C>T,31.733929,126.30985915492953,0.1714506983121269
Suncus_murinus,Cytb,G>C,C>G,2.0,52.74647887323943,0.0258755259326401
Suncus_murinus,Cytb,G>T,C>A,,52.74647887323943,0.0
Suncus_murinus,Cytb,T>A,A>T,0.990013,84.42253521126761,0.0080026748349632
Suncus_murinus,Cytb,T>C,A>G,18.735983,144.36619718309868,0.0885653066045154
Suncus_murinus,Cytb,T>G,A>C,,84.42253521126761,0.0
Sus_scrofa,CO1,A>C,T>G,2.0,50.41732283464572,0.0304517190991526
Sus_scrofa,CO1,A>G,T>C,43.258862,135.00000000000009,0.2459817699285438
Sus_scrofa,CO1,A>T,T>A,1.0,50.41732283464572,0.0152258595495763
Sus_scrofa,CO1,C>A,G>T,,21.559055118110223,0.0
Sus_scrofa,CO1,C>G,G>C,,21.559055118110223,0.0
Sus_scrofa,CO1,C>T,G>A,18.75562,30.740157480314977,0.4683677000443373
Sus_scrofa,CO1,G>A,C>T,24.760161,181.551181102362,0.1046926001037072
Sus_scrofa,CO1,G>C,C>G,,59.53543307086606,0.0
Sus_scrofa,CO1,G>T,C>A,1.99904,59.53543307086606,0.0257755278217598
Sus_scrofa,CO1,T>A,A>T,3.0,142.22834645669303,0.0161918582786808
Sus_scrofa,CO1,T>C,A>G,24.859393,217.0629921259845,0.0879156790813482
Sus_scrofa,CO1,T>G,A>C,1.0,142.22834645669303,0.0053972860928936
Sus_scrofa,Cytb,A>C,T>G,0.99521,16.873900293255232,0.0106005810729588
Sus_scrofa,Cytb,A>G,T>C,76.322811,62.73020527859236,0.2186794977234673
Sus_scrofa,Cytb,A>T,T>A,0.99989,16.873900293255232,0.0106504305714781
Sus_scrofa,Cytb,C>A,G>T,,7.736070381231666,0.0
Sus_scrofa,Cytb,C>G,G>C,,7.736070381231666,0.0
Sus_scrofa,Cytb,C>T,G>A,45.620832,13.175953079178932,0.622316879747152
Sus_scrofa,Cytb,G>A,C>T,70.652888,182.3636363636361,0.0696341204525107
Sus_scrofa,Cytb,G>C,C>G,1.0,49.10850439882699,0.003659937855811
Sus_scrofa,Cytb,G>T,C>A,2.99958,49.10850439882699,0.0109782763935338
Sus_scrofa,Cytb,T>A,A>T,6.77979,113.14662756598196,0.0107697357469216
Sus_scrofa,Cytb,T>C,A>G,36.58568,166.26979472140792,0.0395483337075388
Sus_scrofa,Cytb,T>G,A>C,1.99068,113.14662756598196,0.0031622067286275
Symphalangus_syndactylus,CO1,A>C,T>G,,46.00000000000001,0.0
Symphalangus_syndactylus,CO1,A>G,T>C,9.159062,116.7,0.222203798048243
Symphalangus_syndactylus,CO1,A>T,T>A,,46.00000000000001,0.0
Symphalangus_syndactylus,CO1,C>A,G>T,,12.2,0.0
Symphalangus_syndactylus,CO1,C>G,G>C,,12.2,0.0
Symphalangus_syndactylus,CO1,C>T,G>A,6.508408,29.7,0.6204255237403402
Symphalangus_syndactylus,CO1,G>A,C>T,9.57303,232.3,0.1166733170619942
Symphalangus_syndactylus,CO1,G>C,C>G,,103.0,0.0
Symphalangus_syndactylus,CO1,G>T,C>A,,103.0,0.0
Symphalangus_syndactylus,CO1,T>A,A>T,,112.3,0.0
Symphalangus_syndactylus,CO1,T>C,A>G,2.534237,176.29999999999998,0.0406973611494225
Symphalangus_syndactylus,CO1,T>G,A>C,,112.3,0.0
Symphalangus_syndactylus,Cytb,A>C,T>G,,14.000000000000004,0.0
Symphalangus_syndactylus,Cytb,A>G,T>C,7.863519,49.13636363636363,0.2313846313916157
Symphalangus_syndactylus,Cytb,A>T,T>A,,14.000000000000004,0.0
Symphalangus_syndactylus,Cytb,C>A,G>T,,5.454545454545452,0.0
Symphalangus_syndactylus,Cytb,C>G,G>C,,5.454545454545452,0.0
Symphalangus_syndactylus,Cytb,C>T,G>A,4.9726300000000005,10.954545454545457,0.6563150546962753
Symphalangus_syndactylus,Cytb,G>A,C>T,10.802387,209.04545454545453,0.07471358668563
Symphalangus_syndactylus,Cytb,G>C,C>G,,82.72727272727273,0.0
Symphalangus_syndactylus,Cytb,G>T,C>A,,82.72727272727273,0.0
Symphalangus_syndactylus,Cytb,T>A,A>T,,99.45454545454544,0.0
Symphalangus_syndactylus,Cytb,T>C,A>G,3.952641,152.0454545454545,0.0375867272264788
Symphalangus_syndactylus,Cytb,T>G,A>C,,99.45454545454544,0.0
Syncerus_caffer,CO1,A>C,T>G,,58.84210526315792,0.0
Syncerus_caffer,CO1,A>G,T>C,10.986295,140.15789473684208,0.1940202833009675
Syncerus_caffer,CO1,A>T,T>A,,58.84210526315792,0.0
Syncerus_caffer,CO1,C>A,G>T,,19.789473684210527,0.0
Syncerus_caffer,CO1,C>G,G>C,,19.789473684210527,0.0
Syncerus_caffer,CO1,C>T,G>A,6.99878,34.36842105263158,0.5040530016102581
Syncerus_caffer,CO1,G>A,C>T,12.989575,179.84210526315792,0.1787792073787643
Syncerus_caffer,CO1,G>C,C>G,,65.1578947368421,0.0
Syncerus_caffer,CO1,G>T,C>A,,65.1578947368421,0.0
Syncerus_caffer,CO1,T>A,A>T,,127.94736842105256,0.0
Syncerus_caffer,CO1,T>C,A>G,9.98186,200.63157894736844,0.12314750771001
Syncerus_caffer,CO1,T>G,A>C,,127.94736842105256,0.0
Syncerus_caffer,Cytb,A>C,T>G,,15.826086956521737,0.0
Syncerus_caffer,Cytb,A>G,T>C,9.96755,62.0,0.2633952303421548
Syncerus_caffer,Cytb,A>T,T>A,,15.826086956521737,0.0
Syncerus_caffer,Cytb,C>A,G>T,,10.608695652173914,0.0
Syncerus_caffer,Cytb,C>G,G>C,,10.608695652173914,0.0
Syncerus_caffer,Cytb,C>T,G>A,4.996971,16.086956521739133,0.5089136667669844
Syncerus_caffer,Cytb,G>A,C>T,12.665013,172.0,0.1206391770470326
Syncerus_caffer,Cytb,G>C,C>G,,49.47826086956522,0.0
Syncerus_caffer,Cytb,G>T,C>A,,49.47826086956522,0.0
Syncerus_caffer,Cytb,T>A,A>T,,115.39130434782606,0.0
Syncerus_caffer,Cytb,T>C,A>G,10.968703,167.86956521739137,0.107051925843828
Syncerus_caffer,Cytb,T>G,A>C,,115.39130434782606,0.0
Taphozous_melanopogon,CO1,A>C,T>G,,92.1875,0.0
Taphozous_melanopogon,CO1,A>G,T>C,8.927964,212.4375,0.1645964826760969
Taphozous_melanopogon,CO1,A>T,T>A,,92.1875,0.0
Taphozous_melanopogon,CO1,C>A,G>T,,26.0625,0.0
Taphozous_melanopogon,CO1,C>G,G>C,,26.0625,0.0
Taphozous_melanopogon,CO1,C>T,G>A,2.989723,49.8125,0.2350671358002036
Taphozous_melanopogon,CO1,G>A,C>T,15.7455,129.0625,0.4778104951332086
Taphozous_melanopogon,CO1,G>C,C>G,1.0,51.8125,0.0755900711287588
Taphozous_melanopogon,CO1,G>T,C>A,,51.8125,0.0
Taphozous_melanopogon,CO1,T>A,A>T,,100.4375,0.0
Taphozous_melanopogon,CO1,T>C,A>G,1.9961,166.5625,0.0469358152617319
Taphozous_melanopogon,CO1,T>G,A>C,,100.4375,0.0
Taphozous_melanopogon,Cytb,A>C,T>G,,54.375,0.0
Taphozous_melanopogon,Cytb,A>G,T>C,6.43041,139.9375,0.220255347165054
Taphozous_melanopogon,Cytb,A>T,T>A,,54.375,0.0
Taphozous_melanopogon,Cytb,C>A,G>T,,14.4375,0.0
Taphozous_melanopogon,Cytb,C>G,G>C,,14.4375,0.0
Taphozous_melanopogon,Cytb,C>T,G>A,0.99875,26.3125,0.1819351388146297
Taphozous_melanopogon,Cytb,G>A,C>T,6.405607,125.625,0.2444027693663156
Taphozous_melanopogon,Cytb,G>C,C>G,,52.5,0.0
Taphozous_melanopogon,Cytb,G>T,C>A,,52.5,0.0
Taphozous_melanopogon,Cytb,T>A,A>T,,72.1875,0.0
Taphozous_melanopogon,Cytb,T>C,A>G,8.824736,119.6875,0.3534067446540005
Taphozous_melanopogon,Cytb,T>G,A>C,,72.1875,0.0
Theropithecus_gelada,CO1,A>C,T>G,,47.15384615384615,0.0
Theropithecus_gelada,CO1,A>G,T>C,7.247862,129.9230769230769,0.2420348561503493
Theropithecus_gelada,CO1,A>T,T>A,,47.15384615384615,0.0
Theropithecus_gelada,CO1,C>A,G>T,,21.538461538461537,0.0
Theropithecus_gelada,CO1,C>G,G>C,,21.538461538461537,0.0
Theropithecus_gelada,CO1,C>T,G>A,2.99555,29.692307692307683,0.4377104514783356
Theropithecus_gelada,CO1,G>A,C>T,7.380068,228.30769230769232,0.1402471727875723
Theropithecus_gelada,CO1,G>C,C>G,,103.92307692307692,0.0
Theropithecus_gelada,CO1,G>T,C>A,0.871273,103.92307692307692,0.0363744600386653
Theropithecus_gelada,CO1,T>A,A>T,0.922652,95.0,0.0421374857083276
Theropithecus_gelada,CO1,T>C,A>G,3.98767,170.46153846153845,0.1014955738367497
Theropithecus_gelada,CO1,T>G,A>C,,95.0,0.0
Theropithecus_gelada,Cytb,A>C,T>G,,19.512195121951223,0.0
Theropithecus_gelada,Cytb,A>G,T>C,18.456502,58.0731707317073,0.2651463997738174
Theropithecus_gelada,Cytb,A>T,T>A,1.0,19.512195121951223,0.0427568545939433
Theropithecus_gelada,Cytb,C>A,G>T,,6.658536585365857,0.0
Theropithecus_gelada,Cytb,C>G,G>C,,6.658536585365857,0.0
Theropithecus_gelada,Cytb,C>T,G>A,9.941358,14.219512195121952,0.5832743718316776
Theropithecus_gelada,Cytb,G>A,C>T,15.633758,199.80487804878044,0.0652783513245017
Theropithecus_gelada,Cytb,G>C,C>G,,83.390243902439,0.0
Theropithecus_gelada,Cytb,G>T,C>A,,83.390243902439,0.0
Theropithecus_gelada,Cytb,T>A,A>T,0.998011,87.92682926829269,0.0094694726679957
Theropithecus_gelada,Cytb,T>C,A>G,5.856496,143.390243902439,0.034074549808064
Theropithecus_gelada,Cytb,T>G,A>C,,87.92682926829269,0.0
Thomomys_umbrinus,CO1,A>C,T>G,,81.77777777777777,0.0
Thomomys_umbrinus,CO1,A>G,T>C,14.652579,193.8888888888889,0.1003426071082093
Thomomys_umbrinus,CO1,A>T,T>A,,81.77777777777777,0.0
Thomomys_umbrinus,CO1,C>A,G>T,,15.407407407407408,0.0
Thomomys_umbrinus,CO1,C>G,G>C,,15.407407407407408,0.0
Thomomys_umbrinus,CO1,C>T,G>A,12.740172,29.74074074074074,0.5687844846221098
Thomomys_umbrinus,CO1,G>A,C>T,10.059695,121.4074074074074,0.1100180288122149
Thomomys_umbrinus,CO1,G>C,C>G,,39.96296296296297,0.0
Thomomys_umbrinus,CO1,G>T,C>A,2.98421,39.96296296296297,0.0991507335952334
Thomomys_umbrinus,CO1,T>A,A>T,0.997032,128.62962962962962,0.0102918230144087
Thomomys_umbrinus,CO1,T>C,A>G,15.680054,205.7777777777778,0.1011750230675359
Thomomys_umbrinus,CO1,T>G,A>C,0.99175,128.62962962962962,0.0102372997802877
Thomomys_umbrinus,Cytb,A>C,T>G,1.99593,37.00000000000001,0.0366142980337518
Thomomys_umbrinus,Cytb,A>G,T>C,28.075085,118.4666666666667,0.1608540653385712
Thomomys_umbrinus,Cytb,A>T,T>A,0.514473,37.00000000000001,0.0094377396764006
Thomomys_umbrinus,Cytb,C>A,G>T,,8.08888888888889,0.0
Thomomys_umbrinus,Cytb,C>G,G>C,,8.08888888888889,0.0
Thomomys_umbrinus,Cytb,C>T,G>A,11.226404,16.333333333333336,0.4665229058610468
Thomomys_umbrinus,Cytb,G>A,C>T,36.336941,137.13333333333333,0.1798508362699706
Thomomys_umbrinus,Cytb,G>C,C>G,0.99998,42.64444444444445,0.0159160752397079
Thomomys_umbrinus,Cytb,G>T,C>A,3.45006,42.64444444444445,0.0549125127917627
Thomomys_umbrinus,Cytb,T>A,A>T,0.99651,93.75555555555556,0.0072142598327519
Thomomys_umbrinus,Cytb,T>C,A>G,15.064975,148.88888888888894,0.068677306956036
Thomomys_umbrinus,Cytb,T>G,A>C,,93.75555555555556,0.0
Trachypithecus_phayrei,CO1,A>C,T>G,,70.60000000000001,0.0
Trachypithecus_phayrei,CO1,A>G,T>C,14.217207,177.64,0.1194485842988552
Trachypithecus_phayrei,CO1,A>T,T>A,,70.60000000000001,0.0
Trachypithecus_phayrei,CO1,C>A,G>T,,16.640000000000004,0.0
Trachypithecus_phayrei,CO1,C>G,G>C,,16.640000000000004,0.0
Trachypithecus_phayrei,CO1,C>T,G>A,9.884424,26.12,0.5647882833145004
Trachypithecus_phayrei,CO1,G>A,C>T,22.038457,168.27999999999997,0.1954592220395282
Trachypithecus_phayrei,CO1,G>C,C>G,,71.32,0.0
Trachypithecus_phayrei,CO1,G>T,C>A,,71.32,0.0
Trachypithecus_phayrei,CO1,T>A,A>T,,108.0,0.0
Trachypithecus_phayrei,CO1,T>C,A>G,11.611204,187.00000000000003,0.0926708472205533
Trachypithecus_phayrei,CO1,T>G,A>C,1.99961,108.0,0.0276330631265628
Trachypithecus_phayrei,Cytb,A>C,T>G,,37.21212121212122,0.0
Trachypithecus_phayrei,Cytb,A>G,T>C,28.489664,104.90909090909092,0.2443240918931784
Trachypithecus_phayrei,Cytb,A>T,T>A,,37.21212121212122,0.0
Trachypithecus_phayrei,Cytb,C>A,G>T,,4.818181818181817,0.0
Trachypithecus_phayrei,Cytb,C>G,G>C,,4.818181818181817,0.0
Trachypithecus_phayrei,Cytb,C>T,G>A,7.270149,12.363636363636363,0.5290408142342319
Trachypithecus_phayrei,Cytb,G>A,C>T,21.882541,161.03030303030295,0.1222593915957429
Trachypithecus_phayrei,Cytb,G>C,C>G,1.0,67.9090909090909,0.0132484226031451
Trachypithecus_phayrei,Cytb,G>T,C>A,2.99811,67.9090909090909,0.0397202282907156
Trachypithecus_phayrei,Cytb,T>A,A>T,,86.57575757575759,0.0
Trachypithecus_phayrei,Cytb,T>C,A>G,7.931895,138.81818181818187,0.0514070513829858
Trachypithecus_phayrei,Cytb,T>G,A>C,,86.57575757575759,0.0
Tursiops_truncatus,CO1,A>C,T>G,,76.61538461538461,0.0
Tursiops_truncatus,CO1,A>G,T>C,21.168325,170.87179487179492,0.2858547864520701
Tursiops_truncatus,CO1,A>T,T>A,,76.61538461538461,0.0
Tursiops_truncatus,CO1,C>A,G>T,,13.076923076923084,0.0
Tursiops_truncatus,CO1,C>G,G>C,,13.076923076923084,0.0
Tursiops_truncatus,CO1,C>T,G>A,2.0,23.10256410256412,0.1997556937015991
Tursiops_truncatus,CO1,G>A,C>T,20.630316,159.38461538461542,0.2986680983398282
Tursiops_truncatus,CO1,G>C,C>G,,49.53846153846153,0.0
Tursiops_truncatus,CO1,G>T,C>A,,49.53846153846153,0.0
Tursiops_truncatus,CO1,T>A,A>T,1.99906,129.15384615384613,0.0357147686086021
Tursiops_truncatus,CO1,T>C,A>G,14.700614,209.2051282051283,0.1621408716764251
Tursiops_truncatus,CO1,T>G,A>C,1.0,129.15384615384613,0.0178657812214751
Tursiops_truncatus,Cytb,A>C,T>G,,28.66666666666666,0.0
Tursiops_truncatus,Cytb,A>G,T>C,19.859015,81.48484848484848,0.2528934097102164
Tursiops_truncatus,Cytb,A>T,T>A,,28.66666666666666,0.0
Tursiops_truncatus,Cytb,C>A,G>T,,4.636363636363634,0.0
Tursiops_truncatus,Cytb,C>G,G>C,,4.636363636363634,0.0
Tursiops_truncatus,Cytb,C>T,G>A,3.99841,7.787878787878784,0.5327516604480436
Tursiops_truncatus,Cytb,G>A,C>T,24.539483,176.939393939394,0.1439121772989083
Tursiops_truncatus,Cytb,G>C,C>G,,60.06060606060609,0.0
Tursiops_truncatus,Cytb,G>T,C>A,,60.06060606060609,0.0
Tursiops_truncatus,Cytb,T>A,A>T,,97.87878787878786,0.0
Tursiops_truncatus,Cytb,T>C,A>G,10.824717,159.45454545454538,0.0704427525428317
Tursiops_truncatus,Cytb,T>G,A>C,,97.87878787878786,0.0
Urocyon_cinereoargenteus,CO1,A>C,T>G,,64.43137254901964,0.0
Urocyon_cinereoargenteus,CO1,A>G,T>C,23.96105,157.01960784313724,0.1998686727273142
Urocyon_cinereoargenteus,CO1,A>T,T>A,,64.43137254901964,0.0
Urocyon_cinereoargenteus,CO1,C>A,G>T,,44.13725490196076,0.0
Urocyon_cinereoargenteus,CO1,C>G,G>C,,44.13725490196076,0.0
Urocyon_cinereoargenteus,CO1,C>T,G>A,26.97663,75.68627450980394,0.4668349239877545
Urocyon_cinereoargenteus,CO1,G>A,C>T,16.98858,164.9803921568628,0.1348706713993983
Urocyon_cinereoargenteus,CO1,G>C,C>G,,61.05882352941178,0.0
Urocyon_cinereoargenteus,CO1,G>T,C>A,,61.05882352941178,0.0
Urocyon_cinereoargenteus,CO1,T>A,A>T,,96.31372549019602,0.0
Urocyon_cinereoargenteus,CO1,T>C,A>G,23.98412,158.31372549019613,0.1984257318855329
Urocyon_cinereoargenteus,CO1,T>G,A>C,,96.31372549019602,0.0
Urocyon_cinereoargenteus,Cytb,A>C,T>G,,24.44642857142857,0.0
Urocyon_cinereoargenteus,Cytb,A>G,T>C,13.99534,79.28571428571428,0.2283888702387102
Urocyon_cinereoargenteus,Cytb,A>T,T>A,,24.44642857142857,0.0
Urocyon_cinereoargenteus,Cytb,C>A,G>T,,20.5,0.0
Urocyon_cinereoargenteus,Cytb,C>G,G>C,,20.5,0.0
Urocyon_cinereoargenteus,Cytb,C>T,G>A,8.9961,31.17857142857144,0.3733227770238859
Urocyon_cinereoargenteus,Cytb,G>A,C>T,25.99897,172.99999999999997,0.1944448591449059
Urocyon_cinereoargenteus,Cytb,G>C,C>G,,54.7142857142857,0.0
Urocyon_cinereoargenteus,Cytb,G>T,C>A,,54.7142857142857,0.0
Urocyon_cinereoargenteus,Cytb,T>A,A>T,1.0,90.67857142857147,0.01426861290857
Urocyon_cinereoargenteus,Cytb,T>C,A>G,19.99463,136.4642857142858,0.1895748806839278
Urocyon_cinereoargenteus,Cytb,T>G,A>C,,90.67857142857147,0.0
Ursus_arctos,CO1,A>C,T>G,0.99994,78.13934426229513,0.0126538250744529
Ursus_arctos,CO1,A>G,T>C,43.693393,160.33606557377055,0.2694648957482186
Ursus_arctos,CO1,A>T,T>A,1.0,78.13934426229513,0.0126545843495139
Ursus_arctos,CO1,C>A,G>T,,42.09836065573771,0.0
Ursus_arctos,CO1,C>G,G>C,,42.09836065573771,0.0
Ursus_arctos,CO1,C>T,G>A,16.951273,68.29508196721304,0.2454316318361324
Ursus_arctos,CO1,G>A,C>T,40.833417,162.40983606557376,0.2486114022686669
Ursus_arctos,CO1,G>C,C>G,,48.754098360655725,0.0
Ursus_arctos,CO1,G>T,C>A,,48.754098360655725,0.0
Ursus_arctos,CO1,T>A,A>T,0.99987,101.05737704918047,0.0097834755376817
Ursus_arctos,CO1,T>C,A>G,31.90251,164.6311475409835,0.1916154376304695
Ursus_arctos,CO1,T>G,A>C,1.0,101.05737704918047,0.0097847475548638
Ursus_arctos,Cytb,A>C,T>G,,21.869863013698595,0.0
Ursus_arctos,Cytb,A>G,T>C,75.932911,78.6849315068492,0.3631769589861155
Ursus_arctos,Cytb,A>T,T>A,0.99989,21.869863013698595,0.017206239813573
Ursus_arctos,Cytb,C>A,G>T,,14.342465753424689,0.0
Ursus_arctos,Cytb,C>G,G>C,,14.342465753424689,0.0
Ursus_arctos,Cytb,C>T,G>A,28.740341,25.33561643835611,0.4269138559625387
Ursus_arctos,Cytb,G>A,C>T,47.219213,174.05479452054774,0.1020969017152639
Ursus_arctos,Cytb,G>C,C>G,1.0,55.87671232876729,0.0067351762364782
Ursus_arctos,Cytb,G>T,C>A,1.0,55.87671232876729,0.0067351762364782
Ursus_arctos,Cytb,T>A,A>T,0.99942,108.81506849315043,0.0034565178641595
Ursus_arctos,Cytb,T>C,A>G,25.832258,145.6095890410958,0.0667655149227883
Ursus_arctos,Cytb,T>G,A>C,1.99902,108.81506849315043,0.0069136582626044
Ziphius_cavirostris,CO1,A>C,T>G,,69.23529411764706,0.0
Ziphius_cavirostris,CO1,A>G,T>C,9.984658,148.82352941176472,0.1765592527956586
Ziphius_cavirostris,CO1,A>T,T>A,,69.23529411764706,0.0
Ziphius_cavirostris,CO1,C>A,G>T,,18.23529411764705,0.0
Ziphius_cavirostris,CO1,C>G,G>C,,18.23529411764705,0.0
Ziphius_cavirostris,CO1,C>T,G>A,4.99027,24.941176470588232,0.5265456108032022
Ziphius_cavirostris,CO1,G>A,C>T,10.283499,176.3529411764706,0.1534571369381297
Ziphius_cavirostris,CO1,G>C,C>G,,55.05882352941177,0.0
Ziphius_cavirostris,CO1,G>T,C>A,,55.05882352941177,0.0
Ziphius_cavirostris,CO1,T>A,A>T,,130.88235294117646,0.0
Ziphius_cavirostris,CO1,T>C,A>G,9.974226,212.82352941176472,0.1233356001712827
Ziphius_cavirostris,CO1,T>G,A>C,0.99977,130.88235294117646,0.0201023992917266
Ziphius_cavirostris,Cytb,A>C,T>G,,25.26315789473684,0.0
Ziphius_cavirostris,Cytb,A>G,T>C,10.69664,78.42105263157896,0.1643158850589859
Ziphius_cavirostris,Cytb,A>T,T>A,,25.26315789473684,0.0
Ziphius_cavirostris,Cytb,C>A,G>T,,6.2631578947368425,0.0
Ziphius_cavirostris,Cytb,C>G,G>C,,6.2631578947368425,0.0
Ziphius_cavirostris,Cytb,C>T,G>A,5.996061,9.894736842105264,0.7300063406385119
Ziphius_cavirostris,Cytb,G>A,C>T,9.92812,179.63157894736844,0.0665808244589555
Ziphius_cavirostris,Cytb,G>C,C>G,,61.78947368421053,0.0
Ziphius_cavirostris,Cytb,G>T,C>A,,61.78947368421053,0.0
Ziphius_cavirostris,Cytb,T>A,A>T,,99.57894736842108,0.0
Ziphius_cavirostris,Cytb,T>C,A>G,4.98778,153.6842105263158,0.0390969498435467
Ziphius_cavirostris,Cytb,T>G,A>C,,99.57894736842108,0.0
