Species,Gene,mutation_H,mutation,amino_acid,outgoing_opportunities,incoming_opportunities,net_opportunity,total_valid_opportunities,normalized_net_opportunity
Balaenoptera_physalus,CO1,A_H>G_H,A>G,A,0,39,39,448,0.08705357142857142
Balaenoptera_physalus,CO1,A_H>G_H,A>G,C,0,18,18,448,0.04017857142857143
Balaenoptera_physalus,CO1,A_H>G_H,A>G,D,15,19,4,448,0.008928571428571428
Balaenoptera_physalus,CO1,A_H>G_H,A>G,E,9,9,0,448,0.0
Balaenoptera_physalus,CO1,A_H>G_H,A>G,F,0,0,0,448,0.0
Balaenoptera_physalus,CO1,A_H>G_H,A>G,G,0,28,28,448,0.0625
Balaenoptera_physalus,CO1,A_H>G_H,A>G,H,17,0,-17,448,-0.03794642857142857
Balaenoptera_physalus,CO1,A_H>G_H,A>G,I,37,0,-37,448,-0.08258928571428571
Balaenoptera_physalus,CO1,A_H>G_H,A>G,K,18,0,-18,448,-0.04017857142857143
Balaenoptera_physalus,CO1,A_H>G_H,A>G,L,0,0,0,448,0.0
Balaenoptera_physalus,CO1,A_H>G_H,A>G,M,32,0,-32,448,-0.07142857142857142
Balaenoptera_physalus,CO1,A_H>G_H,A>G,N,38,0,-38,448,-0.08482142857142858
Balaenoptera_physalus,CO1,A_H>G_H,A>G,P,0,0,0,448,0.0
Balaenoptera_physalus,CO1,A_H>G_H,A>G,Q,6,0,-6,448,-0.013392857142857142
Balaenoptera_physalus,CO1,A_H>G_H,A>G,R,0,23,23,448,0.05133928571428571
Balaenoptera_physalus,CO1,A_H>G_H,A>G,S,3,19,16,448,0.03571428571428571
Balaenoptera_physalus,CO1,A_H>G_H,A>G,T,39,0,-39,448,-0.08705357142857142
Balaenoptera_physalus,CO1,A_H>G_H,A>G,V,0,69,69,448,0.15401785714285715
Balaenoptera_physalus,CO1,A_H>G_H,A>G,W,0,0,0,448,0.0
Balaenoptera_physalus,CO1,A_H>G_H,A>G,Y,18,0,-18,448,-0.04017857142857143
Balaenoptera_physalus,CO1,C_H>T_H,C>T,A,39,0,-39,409,-0.09535452322738386
Balaenoptera_physalus,CO1,C_H>T_H,C>T,C,0,3,3,409,0.007334963325183374
Balaenoptera_physalus,CO1,C_H>T_H,C>T,D,0,0,0,409,0.0
Balaenoptera_physalus,CO1,C_H>T_H,C>T,E,0,0,0,409,0.0
Balaenoptera_physalus,CO1,C_H>T_H,C>T,F,0,23,23,409,0.05623471882640587
Balaenoptera_physalus,CO1,C_H>T_H,C>T,G,0,0,0,409,0.0
Balaenoptera_physalus,CO1,C_H>T_H,C>T,H,17,0,-17,409,-0.04156479217603912
Balaenoptera_physalus,CO1,C_H>T_H,C>T,I,0,17,17,409,0.04156479217603912
Balaenoptera_physalus,CO1,C_H>T_H,C>T,K,0,0,0,409,0.0
Balaenoptera_physalus,CO1,C_H>T_H,C>T,L,11,45,34,409,0.08312958435207823
Balaenoptera_physalus,CO1,C_H>T_H,C>T,M,0,22,22,409,0.05378973105134474
Balaenoptera_physalus,CO1,C_H>T_H,C>T,N,0,0,0,409,0.0
Balaenoptera_physalus,CO1,C_H>T_H,C>T,P,58,0,-58,409,-0.14180929095354522
Balaenoptera_physalus,CO1,C_H>T_H,C>T,Q,6,0,-6,409,-0.014669926650366748
Balaenoptera_physalus,CO1,C_H>T_H,C>T,R,8,0,-8,409,-0.019559902200488997
Balaenoptera_physalus,CO1,C_H>T_H,C>T,S,28,29,1,409,0.0024449877750611247
Balaenoptera_physalus,CO1,C_H>T_H,C>T,T,39,0,-39,409,-0.09535452322738386
Balaenoptera_physalus,CO1,C_H>T_H,C>T,V,0,39,39,409,0.09535452322738386
Balaenoptera_physalus,CO1,C_H>T_H,C>T,W,0,5,5,409,0.012224938875305624
Balaenoptera_physalus,CO1,C_H>T_H,C>T,Y,0,17,17,409,0.04156479217603912
Balaenoptera_physalus,CO3,A_H>G_H,A>G,A,0,22,22,216,0.10185185185185185
Balaenoptera_physalus,CO3,A_H>G_H,A>G,C,0,11,11,216,0.05092592592592592
Balaenoptera_physalus,CO3,A_H>G_H,A>G,D,3,7,4,216,0.018518518518518517
Balaenoptera_physalus,CO3,A_H>G_H,A>G,E,8,3,-5,216,-0.023148148148148147
Balaenoptera_physalus,CO3,A_H>G_H,A>G,F,0,0,0,216,0.0
Balaenoptera_physalus,CO3,A_H>G_H,A>G,G,0,15,15,216,0.06944444444444445
Balaenoptera_physalus,CO3,A_H>G_H,A>G,H,16,0,-16,216,-0.07407407407407407
Balaenoptera_physalus,CO3,A_H>G_H,A>G,I,16,0,-16,216,-0.07407407407407407
Balaenoptera_physalus,CO3,A_H>G_H,A>G,K,6,0,-6,216,-0.027777777777777776
Balaenoptera_physalus,CO3,A_H>G_H,A>G,L,0,0,0,216,0.0
Balaenoptera_physalus,CO3,A_H>G_H,A>G,M,9,0,-9,216,-0.041666666666666664
Balaenoptera_physalus,CO3,A_H>G_H,A>G,N,14,0,-14,216,-0.06481481481481481
Balaenoptera_physalus,CO3,A_H>G_H,A>G,P,0,0,0,216,0.0
Balaenoptera_physalus,CO3,A_H>G_H,A>G,Q,7,0,-7,216,-0.032407407407407406
Balaenoptera_physalus,CO3,A_H>G_H,A>G,R,0,23,23,216,0.10648148148148148
Balaenoptera_physalus,CO3,A_H>G_H,A>G,S,4,7,3,216,0.013888888888888888
Balaenoptera_physalus,CO3,A_H>G_H,A>G,T,22,0,-22,216,-0.10185185185185185
Balaenoptera_physalus,CO3,A_H>G_H,A>G,V,0,25,25,216,0.11574074074074074
Balaenoptera_physalus,CO3,A_H>G_H,A>G,W,0,0,0,216,0.0
Balaenoptera_physalus,CO3,A_H>G_H,A>G,Y,11,0,-11,216,-0.05092592592592592
Balaenoptera_physalus,CO3,C_H>T_H,C>T,A,14,0,-14,233,-0.060085836909871244
Balaenoptera_physalus,CO3,C_H>T_H,C>T,C,0,3,3,233,0.012875536480686695
Balaenoptera_physalus,CO3,C_H>T_H,C>T,D,0,0,0,233,0.0
Balaenoptera_physalus,CO3,C_H>T_H,C>T,E,0,0,0,233,0.0
Balaenoptera_physalus,CO3,C_H>T_H,C>T,F,0,19,19,233,0.0815450643776824
Balaenoptera_physalus,CO3,C_H>T_H,C>T,G,0,0,0,233,0.0
Balaenoptera_physalus,CO3,C_H>T_H,C>T,H,16,0,-16,233,-0.06866952789699571
Balaenoptera_physalus,CO3,C_H>T_H,C>T,I,0,12,12,233,0.05150214592274678
Balaenoptera_physalus,CO3,C_H>T_H,C>T,K,0,0,0,233,0.0
Balaenoptera_physalus,CO3,C_H>T_H,C>T,L,12,22,10,233,0.04291845493562232
Balaenoptera_physalus,CO3,C_H>T_H,C>T,M,0,10,10,233,0.04291845493562232
Balaenoptera_physalus,CO3,C_H>T_H,C>T,N,0,0,0,233,0.0
Balaenoptera_physalus,CO3,C_H>T_H,C>T,P,24,0,-24,233,-0.10300429184549356
Balaenoptera_physalus,CO3,C_H>T_H,C>T,Q,7,0,-7,233,-0.030042918454935622
Balaenoptera_physalus,CO3,C_H>T_H,C>T,R,6,0,-6,233,-0.02575107296137339
Balaenoptera_physalus,CO3,C_H>T_H,C>T,S,17,12,-5,233,-0.02145922746781116
Balaenoptera_physalus,CO3,C_H>T_H,C>T,T,22,0,-22,233,-0.0944206008583691
Balaenoptera_physalus,CO3,C_H>T_H,C>T,V,0,14,14,233,0.060085836909871244
Balaenoptera_physalus,CO3,C_H>T_H,C>T,W,0,3,3,233,0.012875536480686695
Balaenoptera_physalus,CO3,C_H>T_H,C>T,Y,0,16,16,233,0.06866952789699571
Balaenoptera_physalus,Cytb,A_H>G_H,A>G,A,0,28,28,344,0.08139534883720931
Balaenoptera_physalus,Cytb,A_H>G_H,A>G,C,0,15,15,344,0.0436046511627907
Balaenoptera_physalus,Cytb,A_H>G_H,A>G,D,12,15,3,344,0.00872093023255814
Balaenoptera_physalus,Cytb,A_H>G_H,A>G,E,6,9,3,344,0.00872093023255814
Balaenoptera_physalus,Cytb,A_H>G_H,A>G,F,0,0,0,344,0.0
Balaenoptera_physalus,Cytb,A_H>G_H,A>G,G,0,23,23,344,0.06686046511627906
Balaenoptera_physalus,Cytb,A_H>G_H,A>G,H,13,0,-13,344,-0.0377906976744186
Balaenoptera_physalus,Cytb,A_H>G_H,A>G,I,37,0,-37,344,-0.10755813953488372
Balaenoptera_physalus,Cytb,A_H>G_H,A>G,K,18,0,-18,344,-0.05232558139534884
Balaenoptera_physalus,Cytb,A_H>G_H,A>G,L,0,0,0,344,0.0
Balaenoptera_physalus,Cytb,A_H>G_H,A>G,M,16,0,-16,344,-0.046511627906976744
Balaenoptera_physalus,Cytb,A_H>G_H,A>G,N,30,0,-30,344,-0.0872093023255814
Balaenoptera_physalus,Cytb,A_H>G_H,A>G,P,0,0,0,344,0.0
Balaenoptera_physalus,Cytb,A_H>G_H,A>G,Q,6,0,-6,344,-0.01744186046511628
Balaenoptera_physalus,Cytb,A_H>G_H,A>G,R,0,19,19,344,0.055232558139534885
Balaenoptera_physalus,Cytb,A_H>G_H,A>G,S,4,15,11,344,0.03197674418604651
Balaenoptera_physalus,Cytb,A_H>G_H,A>G,T,28,0,-28,344,-0.08139534883720931
Balaenoptera_physalus,Cytb,A_H>G_H,A>G,V,0,53,53,344,0.15406976744186046
Balaenoptera_physalus,Cytb,A_H>G_H,A>G,W,0,0,0,344,0.0
Balaenoptera_physalus,Cytb,A_H>G_H,A>G,Y,15,0,-15,344,-0.0436046511627907
Balaenoptera_physalus,Cytb,C_H>T_H,C>T,A,25,0,-25,356,-0.0702247191011236
Balaenoptera_physalus,Cytb,C_H>T_H,C>T,C,0,1,1,356,0.0028089887640449437
Balaenoptera_physalus,Cytb,C_H>T_H,C>T,D,0,0,0,356,0.0
Balaenoptera_physalus,Cytb,C_H>T_H,C>T,E,0,0,0,356,0.0
Balaenoptera_physalus,Cytb,C_H>T_H,C>T,F,0,26,26,356,0.07303370786516854
Balaenoptera_physalus,Cytb,C_H>T_H,C>T,G,0,0,0,356,0.0
Balaenoptera_physalus,Cytb,C_H>T_H,C>T,H,13,0,-13,356,-0.03651685393258427
Balaenoptera_physalus,Cytb,C_H>T_H,C>T,I,0,13,13,356,0.03651685393258427
Balaenoptera_physalus,Cytb,C_H>T_H,C>T,K,0,0,0,356,0.0
Balaenoptera_physalus,Cytb,C_H>T_H,C>T,L,17,31,14,356,0.03932584269662921
Balaenoptera_physalus,Cytb,C_H>T_H,C>T,M,0,15,15,356,0.042134831460674156
Balaenoptera_physalus,Cytb,C_H>T_H,C>T,N,0,0,0,356,0.0
Balaenoptera_physalus,Cytb,C_H>T_H,C>T,P,46,0,-46,356,-0.12921348314606743
Balaenoptera_physalus,Cytb,C_H>T_H,C>T,Q,6,0,-6,356,-0.016853932584269662
Balaenoptera_physalus,Cytb,C_H>T_H,C>T,R,9,0,-9,356,-0.025280898876404494
Balaenoptera_physalus,Cytb,C_H>T_H,C>T,S,17,23,6,356,0.016853932584269662
Balaenoptera_physalus,Cytb,C_H>T_H,C>T,T,28,0,-28,356,-0.07865168539325842
Balaenoptera_physalus,Cytb,C_H>T_H,C>T,V,0,25,25,356,0.0702247191011236
Balaenoptera_physalus,Cytb,C_H>T_H,C>T,W,0,8,8,356,0.02247191011235955
Balaenoptera_physalus,Cytb,C_H>T_H,C>T,Y,0,13,13,356,0.03651685393258427
Bison_priscus,CO1,A_H>G_H,A>G,A,0,38,38,440,0.08636363636363636
Bison_priscus,CO1,A_H>G_H,A>G,C,0,19,19,440,0.04318181818181818
Bison_priscus,CO1,A_H>G_H,A>G,D,16,19,3,440,0.006818181818181818
Bison_priscus,CO1,A_H>G_H,A>G,E,9,9,0,440,0.0
Bison_priscus,CO1,A_H>G_H,A>G,F,0,0,0,440,0.0
Bison_priscus,CO1,A_H>G_H,A>G,G,0,28,28,440,0.06363636363636363
Bison_priscus,CO1,A_H>G_H,A>G,H,17,0,-17,440,-0.038636363636363635
Bison_priscus,CO1,A_H>G_H,A>G,I,36,0,-36,440,-0.08181818181818182
Bison_priscus,CO1,A_H>G_H,A>G,K,18,0,-18,440,-0.04090909090909091
Bison_priscus,CO1,A_H>G_H,A>G,L,0,0,0,440,0.0
Bison_priscus,CO1,A_H>G_H,A>G,M,34,0,-34,440,-0.07727272727272727
Bison_priscus,CO1,A_H>G_H,A>G,N,38,0,-38,440,-0.08636363636363636
Bison_priscus,CO1,A_H>G_H,A>G,P,0,0,0,440,0.0
Bison_priscus,CO1,A_H>G_H,A>G,Q,6,0,-6,440,-0.013636363636363636
Bison_priscus,CO1,A_H>G_H,A>G,R,0,23,23,440,0.05227272727272727
Bison_priscus,CO1,A_H>G_H,A>G,S,3,19,16,440,0.03636363636363636
Bison_priscus,CO1,A_H>G_H,A>G,T,38,0,-38,440,-0.08636363636363636
Bison_priscus,CO1,A_H>G_H,A>G,V,0,70,70,440,0.1590909090909091
Bison_priscus,CO1,A_H>G_H,A>G,W,0,1,1,440,0.0022727272727272726
Bison_priscus,CO1,A_H>G_H,A>G,Y,19,0,-19,440,-0.04318181818181818
Bison_priscus,CO1,C_H>T_H,C>T,A,40,0,-40,399,-0.10025062656641603
Bison_priscus,CO1,C_H>T_H,C>T,C,0,2,2,399,0.005012531328320802
Bison_priscus,CO1,C_H>T_H,C>T,D,0,0,0,399,0.0
Bison_priscus,CO1,C_H>T_H,C>T,E,0,0,0,399,0.0
Bison_priscus,CO1,C_H>T_H,C>T,F,0,31,31,399,0.07769423558897243
Bison_priscus,CO1,C_H>T_H,C>T,G,0,0,0,399,0.0
Bison_priscus,CO1,C_H>T_H,C>T,H,17,0,-17,399,-0.042606516290726815
Bison_priscus,CO1,C_H>T_H,C>T,I,0,19,19,399,0.047619047619047616
Bison_priscus,CO1,C_H>T_H,C>T,K,0,0,0,399,0.0
Bison_priscus,CO1,C_H>T_H,C>T,L,16,40,24,399,0.06015037593984962
Bison_priscus,CO1,C_H>T_H,C>T,M,0,19,19,399,0.047619047619047616
Bison_priscus,CO1,C_H>T_H,C>T,N,0,0,0,399,0.0
Bison_priscus,CO1,C_H>T_H,C>T,P,56,0,-56,399,-0.14035087719298245
Bison_priscus,CO1,C_H>T_H,C>T,Q,6,0,-6,399,-0.015037593984962405
Bison_priscus,CO1,C_H>T_H,C>T,R,8,0,-8,399,-0.020050125313283207
Bison_priscus,CO1,C_H>T_H,C>T,S,27,28,1,399,0.002506265664160401
Bison_priscus,CO1,C_H>T_H,C>T,T,38,0,-38,399,-0.09523809523809523
Bison_priscus,CO1,C_H>T_H,C>T,V,0,40,40,399,0.10025062656641603
Bison_priscus,CO1,C_H>T_H,C>T,W,0,6,6,399,0.015037593984962405
Bison_priscus,CO1,C_H>T_H,C>T,Y,0,17,17,399,0.042606516290726815
Bison_priscus,CO3,A_H>G_H,A>G,A,0,23,23,209,0.11004784688995216
Bison_priscus,CO3,A_H>G_H,A>G,C,0,11,11,209,0.05263157894736842
Bison_priscus,CO3,A_H>G_H,A>G,D,4,7,3,209,0.014354066985645933
Bison_priscus,CO3,A_H>G_H,A>G,E,8,2,-6,209,-0.028708133971291867
Bison_priscus,CO3,A_H>G_H,A>G,F,0,0,0,209,0.0
Bison_priscus,CO3,A_H>G_H,A>G,G,0,16,16,209,0.07655502392344497
Bison_priscus,CO3,A_H>G_H,A>G,H,17,0,-17,209,-0.08133971291866028
Bison_priscus,CO3,A_H>G_H,A>G,I,16,0,-16,209,-0.07655502392344497
Bison_priscus,CO3,A_H>G_H,A>G,K,4,0,-4,209,-0.019138755980861243
Bison_priscus,CO3,A_H>G_H,A>G,L,0,0,0,209,0.0
Bison_priscus,CO3,A_H>G_H,A>G,M,10,0,-10,209,-0.04784688995215311
Bison_priscus,CO3,A_H>G_H,A>G,N,14,0,-14,209,-0.06698564593301436
Bison_priscus,CO3,A_H>G_H,A>G,P,0,0,0,209,0.0
Bison_priscus,CO3,A_H>G_H,A>G,Q,7,0,-7,209,-0.03349282296650718
Bison_priscus,CO3,A_H>G_H,A>G,R,0,24,24,209,0.11483253588516747
Bison_priscus,CO3,A_H>G_H,A>G,S,4,7,3,209,0.014354066985645933
Bison_priscus,CO3,A_H>G_H,A>G,T,23,0,-23,209,-0.11004784688995216
Bison_priscus,CO3,A_H>G_H,A>G,V,0,26,26,209,0.12440191387559808
Bison_priscus,CO3,A_H>G_H,A>G,W,0,0,0,209,0.0
Bison_priscus,CO3,A_H>G_H,A>G,Y,11,0,-11,209,-0.05263157894736842
Bison_priscus,CO3,C_H>T_H,C>T,A,17,0,-17,232,-0.07327586206896551
Bison_priscus,CO3,C_H>T_H,C>T,C,0,2,2,232,0.008620689655172414
Bison_priscus,CO3,C_H>T_H,C>T,D,0,0,0,232,0.0
Bison_priscus,CO3,C_H>T_H,C>T,E,0,0,0,232,0.0
Bison_priscus,CO3,C_H>T_H,C>T,F,0,19,19,232,0.08189655172413793
Bison_priscus,CO3,C_H>T_H,C>T,G,0,0,0,232,0.0
Bison_priscus,CO3,C_H>T_H,C>T,H,17,0,-17,232,-0.07327586206896551
Bison_priscus,CO3,C_H>T_H,C>T,I,0,12,12,232,0.05172413793103448
Bison_priscus,CO3,C_H>T_H,C>T,K,0,0,0,232,0.0
Bison_priscus,CO3,C_H>T_H,C>T,L,9,16,7,232,0.03017241379310345
Bison_priscus,CO3,C_H>T_H,C>T,M,0,11,11,232,0.04741379310344827
Bison_priscus,CO3,C_H>T_H,C>T,N,0,0,0,232,0.0
Bison_priscus,CO3,C_H>T_H,C>T,P,24,0,-24,232,-0.10344827586206896
Bison_priscus,CO3,C_H>T_H,C>T,Q,7,0,-7,232,-0.03017241379310345
Bison_priscus,CO3,C_H>T_H,C>T,R,5,0,-5,232,-0.021551724137931036
Bison_priscus,CO3,C_H>T_H,C>T,S,14,12,-2,232,-0.008620689655172414
Bison_priscus,CO3,C_H>T_H,C>T,T,23,0,-23,232,-0.09913793103448276
Bison_priscus,CO3,C_H>T_H,C>T,V,0,17,17,232,0.07327586206896551
Bison_priscus,CO3,C_H>T_H,C>T,W,0,3,3,232,0.01293103448275862
Bison_priscus,CO3,C_H>T_H,C>T,Y,0,17,17,232,0.07327586206896551
Bison_priscus,Cytb,A_H>G_H,A>G,A,0,27,27,371,0.07277628032345014
Bison_priscus,Cytb,A_H>G_H,A>G,C,0,16,16,371,0.0431266846361186
Bison_priscus,Cytb,A_H>G_H,A>G,D,11,17,6,371,0.016172506738544475
Bison_priscus,Cytb,A_H>G_H,A>G,E,6,10,4,371,0.01078167115902965
Bison_priscus,Cytb,A_H>G_H,A>G,F,0,0,0,371,0.0
Bison_priscus,Cytb,A_H>G_H,A>G,G,0,20,20,371,0.05390835579514825
Bison_priscus,Cytb,A_H>G_H,A>G,H,12,0,-12,371,-0.03234501347708895
Bison_priscus,Cytb,A_H>G_H,A>G,I,38,0,-38,371,-0.10242587601078167
Bison_priscus,Cytb,A_H>G_H,A>G,K,20,0,-20,371,-0.05390835579514825
Bison_priscus,Cytb,A_H>G_H,A>G,L,0,0,0,371,0.0
Bison_priscus,Cytb,A_H>G_H,A>G,M,18,0,-18,371,-0.04851752021563342
Bison_priscus,Cytb,A_H>G_H,A>G,N,34,0,-34,371,-0.09164420485175202
Bison_priscus,Cytb,A_H>G_H,A>G,P,0,0,0,371,0.0
Bison_priscus,Cytb,A_H>G_H,A>G,Q,6,0,-6,371,-0.016172506738544475
Bison_priscus,Cytb,A_H>G_H,A>G,R,0,18,18,371,0.04851752021563342
Bison_priscus,Cytb,A_H>G_H,A>G,S,2,17,15,371,0.04043126684636118
Bison_priscus,Cytb,A_H>G_H,A>G,T,27,0,-27,371,-0.07277628032345014
Bison_priscus,Cytb,A_H>G_H,A>G,V,0,56,56,371,0.1509433962264151
Bison_priscus,Cytb,A_H>G_H,A>G,W,0,0,0,371,0.0
Bison_priscus,Cytb,A_H>G_H,A>G,Y,16,0,-16,371,-0.0431266846361186
Bison_priscus,Cytb,C_H>T_H,C>T,A,26,0,-26,327,-0.07951070336391437
Bison_priscus,Cytb,C_H>T_H,C>T,C,0,0,0,327,0.0
Bison_priscus,Cytb,C_H>T_H,C>T,D,0,0,0,327,0.0
Bison_priscus,Cytb,C_H>T_H,C>T,E,0,0,0,327,0.0
Bison_priscus,Cytb,C_H>T_H,C>T,F,0,30,30,327,0.09174311926605505
Bison_priscus,Cytb,C_H>T_H,C>T,G,0,0,0,327,0.0
Bison_priscus,Cytb,C_H>T_H,C>T,H,12,0,-12,327,-0.03669724770642202
Bison_priscus,Cytb,C_H>T_H,C>T,I,0,9,9,327,0.027522935779816515
Bison_priscus,Cytb,C_H>T_H,C>T,K,0,0,0,327,0.0
Bison_priscus,Cytb,C_H>T_H,C>T,L,19,31,12,327,0.03669724770642202
Bison_priscus,Cytb,C_H>T_H,C>T,M,0,18,18,327,0.05504587155963303
Bison_priscus,Cytb,C_H>T_H,C>T,N,0,0,0,327,0.0
Bison_priscus,Cytb,C_H>T_H,C>T,P,44,0,-44,327,-0.1345565749235474
Bison_priscus,Cytb,C_H>T_H,C>T,Q,6,0,-6,327,-0.01834862385321101
Bison_priscus,Cytb,C_H>T_H,C>T,R,8,0,-8,327,-0.024464831804281346
Bison_priscus,Cytb,C_H>T_H,C>T,S,20,22,2,327,0.0061162079510703364
Bison_priscus,Cytb,C_H>T_H,C>T,T,27,0,-27,327,-0.08256880733944955
Bison_priscus,Cytb,C_H>T_H,C>T,V,0,26,26,327,0.07951070336391437
Bison_priscus,Cytb,C_H>T_H,C>T,W,0,8,8,327,0.024464831804281346
Bison_priscus,Cytb,C_H>T_H,C>T,Y,0,12,12,327,0.03669724770642202
Bos_taurus,CO1,A_H>G_H,A>G,A,0,38,38,444,0.08558558558558559
Bos_taurus,CO1,A_H>G_H,A>G,C,0,19,19,444,0.04279279279279279
Bos_taurus,CO1,A_H>G_H,A>G,D,16,19,3,444,0.006756756756756757
Bos_taurus,CO1,A_H>G_H,A>G,E,9,9,0,444,0.0
Bos_taurus,CO1,A_H>G_H,A>G,F,0,0,0,444,0.0
Bos_taurus,CO1,A_H>G_H,A>G,G,0,28,28,444,0.06306306306306306
Bos_taurus,CO1,A_H>G_H,A>G,H,17,0,-17,444,-0.038288288288288286
Bos_taurus,CO1,A_H>G_H,A>G,I,37,0,-37,444,-0.08333333333333333
Bos_taurus,CO1,A_H>G_H,A>G,K,18,0,-18,444,-0.04054054054054054
Bos_taurus,CO1,A_H>G_H,A>G,L,0,0,0,444,0.0
Bos_taurus,CO1,A_H>G_H,A>G,M,34,0,-34,444,-0.07657657657657657
Bos_taurus,CO1,A_H>G_H,A>G,N,38,0,-38,444,-0.08558558558558559
Bos_taurus,CO1,A_H>G_H,A>G,P,0,0,0,444,0.0
Bos_taurus,CO1,A_H>G_H,A>G,Q,6,0,-6,444,-0.013513513513513514
Bos_taurus,CO1,A_H>G_H,A>G,R,0,23,23,444,0.0518018018018018
Bos_taurus,CO1,A_H>G_H,A>G,S,3,19,16,444,0.036036036036036036
Bos_taurus,CO1,A_H>G_H,A>G,T,38,0,-38,444,-0.08558558558558559
Bos_taurus,CO1,A_H>G_H,A>G,V,0,71,71,444,0.15990990990990991
Bos_taurus,CO1,A_H>G_H,A>G,W,0,1,1,444,0.0022522522522522522
Bos_taurus,CO1,A_H>G_H,A>G,Y,19,0,-19,444,-0.04279279279279279
Bos_taurus,CO1,C_H>T_H,C>T,A,40,0,-40,391,-0.10230179028132992
Bos_taurus,CO1,C_H>T_H,C>T,C,0,2,2,391,0.005115089514066497
Bos_taurus,CO1,C_H>T_H,C>T,D,0,0,0,391,0.0
Bos_taurus,CO1,C_H>T_H,C>T,E,0,0,0,391,0.0
Bos_taurus,CO1,C_H>T_H,C>T,F,0,27,27,391,0.06905370843989769
Bos_taurus,CO1,C_H>T_H,C>T,G,0,0,0,391,0.0
Bos_taurus,CO1,C_H>T_H,C>T,H,17,0,-17,391,-0.043478260869565216
Bos_taurus,CO1,C_H>T_H,C>T,I,0,20,20,391,0.05115089514066496
Bos_taurus,CO1,C_H>T_H,C>T,K,0,0,0,391,0.0
Bos_taurus,CO1,C_H>T_H,C>T,L,14,42,28,391,0.07161125319693094
Bos_taurus,CO1,C_H>T_H,C>T,M,0,18,18,391,0.04603580562659847
Bos_taurus,CO1,C_H>T_H,C>T,N,0,0,0,391,0.0
Bos_taurus,CO1,C_H>T_H,C>T,P,56,0,-56,391,-0.1432225063938619
Bos_taurus,CO1,C_H>T_H,C>T,Q,6,0,-6,391,-0.015345268542199489
Bos_taurus,CO1,C_H>T_H,C>T,R,8,0,-8,391,-0.020460358056265986
Bos_taurus,CO1,C_H>T_H,C>T,S,27,28,1,391,0.0025575447570332483
Bos_taurus,CO1,C_H>T_H,C>T,T,38,0,-38,391,-0.09718670076726342
Bos_taurus,CO1,C_H>T_H,C>T,V,0,40,40,391,0.10230179028132992
Bos_taurus,CO1,C_H>T_H,C>T,W,0,6,6,391,0.015345268542199489
Bos_taurus,CO1,C_H>T_H,C>T,Y,0,17,17,391,0.043478260869565216
Bos_taurus,CO3,A_H>G_H,A>G,A,0,24,24,207,0.11594202898550725
Bos_taurus,CO3,A_H>G_H,A>G,C,0,11,11,207,0.05314009661835749
Bos_taurus,CO3,A_H>G_H,A>G,D,4,6,2,207,0.00966183574879227
Bos_taurus,CO3,A_H>G_H,A>G,E,8,3,-5,207,-0.024154589371980676
Bos_taurus,CO3,A_H>G_H,A>G,F,0,0,0,207,0.0
Bos_taurus,CO3,A_H>G_H,A>G,G,0,16,16,207,0.07729468599033816
Bos_taurus,CO3,A_H>G_H,A>G,H,17,0,-17,207,-0.0821256038647343
Bos_taurus,CO3,A_H>G_H,A>G,I,14,0,-14,207,-0.06763285024154589
Bos_taurus,CO3,A_H>G_H,A>G,K,6,0,-6,207,-0.028985507246376812
Bos_taurus,CO3,A_H>G_H,A>G,L,0,0,0,207,0.0
Bos_taurus,CO3,A_H>G_H,A>G,M,11,0,-11,207,-0.05314009661835749
Bos_taurus,CO3,A_H>G_H,A>G,N,12,0,-12,207,-0.057971014492753624
Bos_taurus,CO3,A_H>G_H,A>G,P,0,0,0,207,0.0
Bos_taurus,CO3,A_H>G_H,A>G,Q,7,0,-7,207,-0.033816425120772944
Bos_taurus,CO3,A_H>G_H,A>G,R,0,24,24,207,0.11594202898550725
Bos_taurus,CO3,A_H>G_H,A>G,S,4,6,2,207,0.00966183574879227
Bos_taurus,CO3,A_H>G_H,A>G,T,24,0,-24,207,-0.11594202898550725
Bos_taurus,CO3,A_H>G_H,A>G,V,0,25,25,207,0.12077294685990338
Bos_taurus,CO3,A_H>G_H,A>G,W,0,0,0,207,0.0
Bos_taurus,CO3,A_H>G_H,A>G,Y,11,0,-11,207,-0.05314009661835749
Bos_taurus,CO3,C_H>T_H,C>T,A,14,0,-14,226,-0.061946902654867256
Bos_taurus,CO3,C_H>T_H,C>T,C,0,2,2,226,0.008849557522123894
Bos_taurus,CO3,C_H>T_H,C>T,D,0,0,0,226,0.0
Bos_taurus,CO3,C_H>T_H,C>T,E,0,0,0,226,0.0
Bos_taurus,CO3,C_H>T_H,C>T,F,0,19,19,226,0.084070796460177
Bos_taurus,CO3,C_H>T_H,C>T,G,0,0,0,226,0.0
Bos_taurus,CO3,C_H>T_H,C>T,H,17,0,-17,226,-0.0752212389380531
Bos_taurus,CO3,C_H>T_H,C>T,I,0,14,14,226,0.061946902654867256
Bos_taurus,CO3,C_H>T_H,C>T,K,0,0,0,226,0.0
Bos_taurus,CO3,C_H>T_H,C>T,L,9,16,7,226,0.030973451327433628
Bos_taurus,CO3,C_H>T_H,C>T,M,0,10,10,226,0.04424778761061947
Bos_taurus,CO3,C_H>T_H,C>T,N,0,0,0,226,0.0
Bos_taurus,CO3,C_H>T_H,C>T,P,24,0,-24,226,-0.10619469026548672
Bos_taurus,CO3,C_H>T_H,C>T,Q,7,0,-7,226,-0.030973451327433628
Bos_taurus,CO3,C_H>T_H,C>T,R,5,0,-5,226,-0.022123893805309734
Bos_taurus,CO3,C_H>T_H,C>T,S,14,12,-2,226,-0.008849557522123894
Bos_taurus,CO3,C_H>T_H,C>T,T,24,0,-24,226,-0.10619469026548672
Bos_taurus,CO3,C_H>T_H,C>T,V,0,14,14,226,0.061946902654867256
Bos_taurus,CO3,C_H>T_H,C>T,W,0,3,3,226,0.01327433628318584
Bos_taurus,CO3,C_H>T_H,C>T,Y,0,17,17,226,0.0752212389380531
Bos_taurus,Cytb,A_H>G_H,A>G,A,0,27,27,356,0.07584269662921349
Bos_taurus,Cytb,A_H>G_H,A>G,C,0,16,16,356,0.0449438202247191
Bos_taurus,Cytb,A_H>G_H,A>G,D,11,17,6,356,0.016853932584269662
Bos_taurus,Cytb,A_H>G_H,A>G,E,6,10,4,356,0.011235955056179775
Bos_taurus,Cytb,A_H>G_H,A>G,F,0,0,0,356,0.0
Bos_taurus,Cytb,A_H>G_H,A>G,G,0,20,20,356,0.056179775280898875
Bos_taurus,Cytb,A_H>G_H,A>G,H,12,0,-12,356,-0.033707865168539325
Bos_taurus,Cytb,A_H>G_H,A>G,I,37,0,-37,356,-0.10393258426966293
Bos_taurus,Cytb,A_H>G_H,A>G,K,20,0,-20,356,-0.056179775280898875
Bos_taurus,Cytb,A_H>G_H,A>G,L,0,0,0,356,0.0
Bos_taurus,Cytb,A_H>G_H,A>G,M,15,0,-15,356,-0.042134831460674156
Bos_taurus,Cytb,A_H>G_H,A>G,N,34,0,-34,356,-0.09550561797752809
Bos_taurus,Cytb,A_H>G_H,A>G,P,0,0,0,356,0.0
Bos_taurus,Cytb,A_H>G_H,A>G,Q,6,0,-6,356,-0.016853932584269662
Bos_taurus,Cytb,A_H>G_H,A>G,R,0,18,18,356,0.05056179775280899
Bos_taurus,Cytb,A_H>G_H,A>G,S,2,17,15,356,0.042134831460674156
Bos_taurus,Cytb,A_H>G_H,A>G,T,27,0,-27,356,-0.07584269662921349
Bos_taurus,Cytb,A_H>G_H,A>G,V,0,52,52,356,0.14606741573033707
Bos_taurus,Cytb,A_H>G_H,A>G,W,0,0,0,356,0.0
Bos_taurus,Cytb,A_H>G_H,A>G,Y,16,0,-16,356,-0.0449438202247191
Bos_taurus,Cytb,C_H>T_H,C>T,A,27,0,-27,343,-0.07871720116618076
Bos_taurus,Cytb,C_H>T_H,C>T,C,0,0,0,343,0.0
Bos_taurus,Cytb,C_H>T_H,C>T,D,0,0,0,343,0.0
Bos_taurus,Cytb,C_H>T_H,C>T,E,0,0,0,343,0.0
Bos_taurus,Cytb,C_H>T_H,C>T,F,0,29,29,343,0.08454810495626822
Bos_taurus,Cytb,C_H>T_H,C>T,G,0,0,0,343,0.0
Bos_taurus,Cytb,C_H>T_H,C>T,H,12,0,-12,343,-0.03498542274052478
Bos_taurus,Cytb,C_H>T_H,C>T,I,0,10,10,343,0.029154518950437316
Bos_taurus,Cytb,C_H>T_H,C>T,K,0,0,0,343,0.0
Bos_taurus,Cytb,C_H>T_H,C>T,L,18,31,13,343,0.037900874635568516
Bos_taurus,Cytb,C_H>T_H,C>T,M,0,17,17,343,0.04956268221574344
Bos_taurus,Cytb,C_H>T_H,C>T,N,0,0,0,343,0.0
Bos_taurus,Cytb,C_H>T_H,C>T,P,44,0,-44,343,-0.1282798833819242
Bos_taurus,Cytb,C_H>T_H,C>T,Q,6,0,-6,343,-0.01749271137026239
Bos_taurus,Cytb,C_H>T_H,C>T,R,8,0,-8,343,-0.023323615160349854
Bos_taurus,Cytb,C_H>T_H,C>T,S,20,22,2,343,0.0058309037900874635
Bos_taurus,Cytb,C_H>T_H,C>T,T,27,0,-27,343,-0.07871720116618076
Bos_taurus,Cytb,C_H>T_H,C>T,V,0,27,27,343,0.07871720116618076
Bos_taurus,Cytb,C_H>T_H,C>T,W,0,8,8,343,0.023323615160349854
Bos_taurus,Cytb,C_H>T_H,C>T,Y,0,12,12,343,0.03498542274052478
Camelus_dromedarius,CO1,A_H>G_H,A>G,A,0,39,39,399,0.09774436090225563
Camelus_dromedarius,CO1,A_H>G_H,A>G,C,0,19,19,399,0.047619047619047616
Camelus_dromedarius,CO1,A_H>G_H,A>G,D,16,16,0,399,0.0
Camelus_dromedarius,CO1,A_H>G_H,A>G,E,10,9,-1,399,-0.002506265664160401
Camelus_dromedarius,CO1,A_H>G_H,A>G,F,0,0,0,399,0.0
Camelus_dromedarius,CO1,A_H>G_H,A>G,G,0,29,29,399,0.07268170426065163
Camelus_dromedarius,CO1,A_H>G_H,A>G,H,17,0,-17,399,-0.042606516290726815
Camelus_dromedarius,CO1,A_H>G_H,A>G,I,38,0,-38,399,-0.09523809523809523
Camelus_dromedarius,CO1,A_H>G_H,A>G,K,18,0,-18,399,-0.045112781954887216
Camelus_dromedarius,CO1,A_H>G_H,A>G,L,0,0,0,399,0.0
Camelus_dromedarius,CO1,A_H>G_H,A>G,M,30,0,-30,399,-0.07518796992481203
Camelus_dromedarius,CO1,A_H>G_H,A>G,N,32,0,-32,399,-0.08020050125313283
Camelus_dromedarius,CO1,A_H>G_H,A>G,P,0,0,0,399,0.0
Camelus_dromedarius,CO1,A_H>G_H,A>G,Q,7,0,-7,399,-0.017543859649122806
Camelus_dromedarius,CO1,A_H>G_H,A>G,R,0,24,24,399,0.06015037593984962
Camelus_dromedarius,CO1,A_H>G_H,A>G,S,3,16,13,399,0.03258145363408521
Camelus_dromedarius,CO1,A_H>G_H,A>G,T,39,0,-39,399,-0.09774436090225563
Camelus_dromedarius,CO1,A_H>G_H,A>G,V,0,68,68,399,0.17042606516290726
Camelus_dromedarius,CO1,A_H>G_H,A>G,W,0,1,1,399,0.002506265664160401
Camelus_dromedarius,CO1,A_H>G_H,A>G,Y,19,0,-19,399,-0.047619047619047616
Camelus_dromedarius,CO1,C_H>T_H,C>T,A,40,0,-40,385,-0.1038961038961039
Camelus_dromedarius,CO1,C_H>T_H,C>T,C,0,6,6,385,0.015584415584415584
Camelus_dromedarius,CO1,C_H>T_H,C>T,D,0,0,0,385,0.0
Camelus_dromedarius,CO1,C_H>T_H,C>T,E,0,0,0,385,0.0
Camelus_dromedarius,CO1,C_H>T_H,C>T,F,0,29,29,385,0.07532467532467532
Camelus_dromedarius,CO1,C_H>T_H,C>T,G,0,0,0,385,0.0
Camelus_dromedarius,CO1,C_H>T_H,C>T,H,17,0,-17,385,-0.04415584415584416
Camelus_dromedarius,CO1,C_H>T_H,C>T,I,0,19,19,385,0.04935064935064935
Camelus_dromedarius,CO1,C_H>T_H,C>T,K,0,0,0,385,0.0
Camelus_dromedarius,CO1,C_H>T_H,C>T,L,10,36,26,385,0.06753246753246753
Camelus_dromedarius,CO1,C_H>T_H,C>T,M,0,20,20,385,0.05194805194805195
Camelus_dromedarius,CO1,C_H>T_H,C>T,N,0,0,0,385,0.0
Camelus_dromedarius,CO1,C_H>T_H,C>T,P,56,0,-56,385,-0.14545454545454545
Camelus_dromedarius,CO1,C_H>T_H,C>T,Q,7,0,-7,385,-0.01818181818181818
Camelus_dromedarius,CO1,C_H>T_H,C>T,R,8,0,-8,385,-0.02077922077922078
Camelus_dromedarius,CO1,C_H>T_H,C>T,S,27,28,1,385,0.0025974025974025974
Camelus_dromedarius,CO1,C_H>T_H,C>T,T,39,0,-39,385,-0.1012987012987013
Camelus_dromedarius,CO1,C_H>T_H,C>T,V,0,40,40,385,0.1038961038961039
Camelus_dromedarius,CO1,C_H>T_H,C>T,W,0,2,2,385,0.005194805194805195
Camelus_dromedarius,CO1,C_H>T_H,C>T,Y,0,17,17,385,0.04415584415584416
Camelus_dromedarius,CO3,A_H>G_H,A>G,A,0,22,22,187,0.11764705882352941
Camelus_dromedarius,CO3,A_H>G_H,A>G,C,0,11,11,187,0.058823529411764705
Camelus_dromedarius,CO3,A_H>G_H,A>G,D,3,6,3,187,0.016042780748663103
Camelus_dromedarius,CO3,A_H>G_H,A>G,E,8,2,-6,187,-0.03208556149732621
Camelus_dromedarius,CO3,A_H>G_H,A>G,F,0,0,0,187,0.0
Camelus_dromedarius,CO3,A_H>G_H,A>G,G,0,17,17,187,0.09090909090909091
Camelus_dromedarius,CO3,A_H>G_H,A>G,H,17,0,-17,187,-0.09090909090909091
Camelus_dromedarius,CO3,A_H>G_H,A>G,I,11,0,-11,187,-0.058823529411764705
Camelus_dromedarius,CO3,A_H>G_H,A>G,K,4,0,-4,187,-0.0213903743315508
Camelus_dromedarius,CO3,A_H>G_H,A>G,L,0,0,0,187,0.0
Camelus_dromedarius,CO3,A_H>G_H,A>G,M,9,0,-9,187,-0.0481283422459893
Camelus_dromedarius,CO3,A_H>G_H,A>G,N,12,0,-12,187,-0.06417112299465241
Camelus_dromedarius,CO3,A_H>G_H,A>G,P,0,0,0,187,0.0
Camelus_dromedarius,CO3,A_H>G_H,A>G,Q,7,0,-7,187,-0.0374331550802139
Camelus_dromedarius,CO3,A_H>G_H,A>G,R,0,24,24,187,0.12834224598930483
Camelus_dromedarius,CO3,A_H>G_H,A>G,S,6,6,0,187,0.0
Camelus_dromedarius,CO3,A_H>G_H,A>G,T,22,0,-22,187,-0.11764705882352941
Camelus_dromedarius,CO3,A_H>G_H,A>G,V,0,20,20,187,0.10695187165775401
Camelus_dromedarius,CO3,A_H>G_H,A>G,W,0,0,0,187,0.0
Camelus_dromedarius,CO3,A_H>G_H,A>G,Y,11,0,-11,187,-0.058823529411764705
Camelus_dromedarius,CO3,C_H>T_H,C>T,A,17,0,-17,233,-0.07296137339055794
Camelus_dromedarius,CO3,C_H>T_H,C>T,C,0,1,1,233,0.004291845493562232
Camelus_dromedarius,CO3,C_H>T_H,C>T,D,0,0,0,233,0.0
Camelus_dromedarius,CO3,C_H>T_H,C>T,E,0,0,0,233,0.0
Camelus_dromedarius,CO3,C_H>T_H,C>T,F,0,15,15,233,0.06437768240343347
Camelus_dromedarius,CO3,C_H>T_H,C>T,G,0,0,0,233,0.0
Camelus_dromedarius,CO3,C_H>T_H,C>T,H,17,0,-17,233,-0.07296137339055794
Camelus_dromedarius,CO3,C_H>T_H,C>T,I,0,14,14,233,0.060085836909871244
Camelus_dromedarius,CO3,C_H>T_H,C>T,K,0,0,0,233,0.0
Camelus_dromedarius,CO3,C_H>T_H,C>T,L,8,20,12,233,0.05150214592274678
Camelus_dromedarius,CO3,C_H>T_H,C>T,M,0,8,8,233,0.034334763948497854
Camelus_dromedarius,CO3,C_H>T_H,C>T,N,0,0,0,233,0.0
Camelus_dromedarius,CO3,C_H>T_H,C>T,P,24,0,-24,233,-0.10300429184549356
Camelus_dromedarius,CO3,C_H>T_H,C>T,Q,7,0,-7,233,-0.030042918454935622
Camelus_dromedarius,CO3,C_H>T_H,C>T,R,5,0,-5,233,-0.02145922746781116
Camelus_dromedarius,CO3,C_H>T_H,C>T,S,15,12,-3,233,-0.012875536480686695
Camelus_dromedarius,CO3,C_H>T_H,C>T,T,22,0,-22,233,-0.0944206008583691
Camelus_dromedarius,CO3,C_H>T_H,C>T,V,0,17,17,233,0.07296137339055794
Camelus_dromedarius,CO3,C_H>T_H,C>T,W,0,4,4,233,0.017167381974248927
Camelus_dromedarius,CO3,C_H>T_H,C>T,Y,0,17,17,233,0.07296137339055794
Camelus_dromedarius,Cytb,A_H>G_H,A>G,A,0,26,26,335,0.07761194029850746
Camelus_dromedarius,Cytb,A_H>G_H,A>G,C,0,15,15,335,0.04477611940298507
Camelus_dromedarius,Cytb,A_H>G_H,A>G,D,12,15,3,335,0.008955223880597015
Camelus_dromedarius,Cytb,A_H>G_H,A>G,E,6,9,3,335,0.008955223880597015
Camelus_dromedarius,Cytb,A_H>G_H,A>G,F,0,0,0,335,0.0
Camelus_dromedarius,Cytb,A_H>G_H,A>G,G,0,21,21,335,0.0626865671641791
Camelus_dromedarius,Cytb,A_H>G_H,A>G,H,11,0,-11,335,-0.03283582089552239
Camelus_dromedarius,Cytb,A_H>G_H,A>G,I,40,0,-40,335,-0.11940298507462686
Camelus_dromedarius,Cytb,A_H>G_H,A>G,K,18,0,-18,335,-0.05373134328358209
Camelus_dromedarius,Cytb,A_H>G_H,A>G,L,0,0,0,335,0.0
Camelus_dromedarius,Cytb,A_H>G_H,A>G,M,13,0,-13,335,-0.03880597014925373
Camelus_dromedarius,Cytb,A_H>G_H,A>G,N,30,0,-30,335,-0.08955223880597014
Camelus_dromedarius,Cytb,A_H>G_H,A>G,P,0,0,0,335,0.0
Camelus_dromedarius,Cytb,A_H>G_H,A>G,Q,6,0,-6,335,-0.01791044776119403
Camelus_dromedarius,Cytb,A_H>G_H,A>G,R,0,17,17,335,0.050746268656716415
Camelus_dromedarius,Cytb,A_H>G_H,A>G,S,2,15,13,335,0.03880597014925373
Camelus_dromedarius,Cytb,A_H>G_H,A>G,T,26,0,-26,335,-0.07761194029850746
Camelus_dromedarius,Cytb,A_H>G_H,A>G,V,0,53,53,335,0.1582089552238806
Camelus_dromedarius,Cytb,A_H>G_H,A>G,W,0,0,0,335,0.0
Camelus_dromedarius,Cytb,A_H>G_H,A>G,Y,15,0,-15,335,-0.04477611940298507
Camelus_dromedarius,Cytb,C_H>T_H,C>T,A,26,0,-26,315,-0.08253968253968254
Camelus_dromedarius,Cytb,C_H>T_H,C>T,C,0,3,3,315,0.009523809523809525
Camelus_dromedarius,Cytb,C_H>T_H,C>T,D,0,0,0,315,0.0
Camelus_dromedarius,Cytb,C_H>T_H,C>T,E,0,0,0,315,0.0
Camelus_dromedarius,Cytb,C_H>T_H,C>T,F,0,22,22,315,0.06984126984126984
Camelus_dromedarius,Cytb,C_H>T_H,C>T,G,0,0,0,315,0.0
Camelus_dromedarius,Cytb,C_H>T_H,C>T,H,11,0,-11,315,-0.03492063492063492
Camelus_dromedarius,Cytb,C_H>T_H,C>T,I,0,6,6,315,0.01904761904761905
Camelus_dromedarius,Cytb,C_H>T_H,C>T,K,0,0,0,315,0.0
Camelus_dromedarius,Cytb,C_H>T_H,C>T,L,11,35,24,315,0.0761904761904762
Camelus_dromedarius,Cytb,C_H>T_H,C>T,M,0,20,20,315,0.06349206349206349
Camelus_dromedarius,Cytb,C_H>T_H,C>T,N,0,0,0,315,0.0
Camelus_dromedarius,Cytb,C_H>T_H,C>T,P,46,0,-46,315,-0.14603174603174604
Camelus_dromedarius,Cytb,C_H>T_H,C>T,Q,6,0,-6,315,-0.01904761904761905
Camelus_dromedarius,Cytb,C_H>T_H,C>T,R,9,0,-9,315,-0.02857142857142857
Camelus_dromedarius,Cytb,C_H>T_H,C>T,S,23,23,0,315,0.0
Camelus_dromedarius,Cytb,C_H>T_H,C>T,T,26,0,-26,315,-0.08253968253968254
Camelus_dromedarius,Cytb,C_H>T_H,C>T,V,0,26,26,315,0.08253968253968254
Camelus_dromedarius,Cytb,C_H>T_H,C>T,W,0,6,6,315,0.01904761904761905
Camelus_dromedarius,Cytb,C_H>T_H,C>T,Y,0,11,11,315,0.03492063492063492
Canis_latrans,CO1,A_H>G_H,A>G,A,0,39,39,416,0.09375
Canis_latrans,CO1,A_H>G_H,A>G,C,0,19,19,416,0.04567307692307692
Canis_latrans,CO1,A_H>G_H,A>G,D,15,17,2,416,0.004807692307692308
Canis_latrans,CO1,A_H>G_H,A>G,E,10,9,-1,416,-0.002403846153846154
Canis_latrans,CO1,A_H>G_H,A>G,F,0,0,0,416,0.0
Canis_latrans,CO1,A_H>G_H,A>G,G,0,28,28,416,0.0673076923076923
Canis_latrans,CO1,A_H>G_H,A>G,H,18,0,-18,416,-0.04326923076923077
Canis_latrans,CO1,A_H>G_H,A>G,I,38,0,-38,416,-0.09134615384615384
Canis_latrans,CO1,A_H>G_H,A>G,K,18,0,-18,416,-0.04326923076923077
Canis_latrans,CO1,A_H>G_H,A>G,L,0,0,0,416,0.0
Canis_latrans,CO1,A_H>G_H,A>G,M,33,0,-33,416,-0.07932692307692307
Canis_latrans,CO1,A_H>G_H,A>G,N,34,0,-34,416,-0.08173076923076923
Canis_latrans,CO1,A_H>G_H,A>G,P,0,0,0,416,0.0
Canis_latrans,CO1,A_H>G_H,A>G,Q,7,0,-7,416,-0.016826923076923076
Canis_latrans,CO1,A_H>G_H,A>G,R,0,25,25,416,0.06009615384615385
Canis_latrans,CO1,A_H>G_H,A>G,S,3,17,14,416,0.03365384615384615
Canis_latrans,CO1,A_H>G_H,A>G,T,39,0,-39,416,-0.09375
Canis_latrans,CO1,A_H>G_H,A>G,V,0,71,71,416,0.17067307692307693
Canis_latrans,CO1,A_H>G_H,A>G,W,0,1,1,416,0.002403846153846154
Canis_latrans,CO1,A_H>G_H,A>G,Y,19,0,-19,416,-0.04567307692307692
Canis_latrans,CO1,C_H>T_H,C>T,A,41,0,-41,351,-0.1168091168091168
Canis_latrans,CO1,C_H>T_H,C>T,C,0,1,1,351,0.002849002849002849
Canis_latrans,CO1,C_H>T_H,C>T,D,0,0,0,351,0.0
Canis_latrans,CO1,C_H>T_H,C>T,E,0,0,0,351,0.0
Canis_latrans,CO1,C_H>T_H,C>T,F,0,36,36,351,0.10256410256410256
Canis_latrans,CO1,C_H>T_H,C>T,G,0,0,0,351,0.0
Canis_latrans,CO1,C_H>T_H,C>T,H,18,0,-18,351,-0.05128205128205128
Canis_latrans,CO1,C_H>T_H,C>T,I,0,20,20,351,0.05698005698005698
Canis_latrans,CO1,C_H>T_H,C>T,K,0,0,0,351,0.0
Canis_latrans,CO1,C_H>T_H,C>T,L,17,36,19,351,0.05413105413105413
Canis_latrans,CO1,C_H>T_H,C>T,M,0,19,19,351,0.05413105413105413
Canis_latrans,CO1,C_H>T_H,C>T,N,0,0,0,351,0.0
Canis_latrans,CO1,C_H>T_H,C>T,P,56,0,-56,351,-0.15954415954415954
Canis_latrans,CO1,C_H>T_H,C>T,Q,7,0,-7,351,-0.019943019943019943
Canis_latrans,CO1,C_H>T_H,C>T,R,8,0,-8,351,-0.022792022792022793
Canis_latrans,CO1,C_H>T_H,C>T,S,27,28,1,351,0.002849002849002849
Canis_latrans,CO1,C_H>T_H,C>T,T,39,0,-39,351,-0.1111111111111111
Canis_latrans,CO1,C_H>T_H,C>T,V,0,41,41,351,0.1168091168091168
Canis_latrans,CO1,C_H>T_H,C>T,W,0,7,7,351,0.019943019943019943
Canis_latrans,CO1,C_H>T_H,C>T,Y,0,18,18,351,0.05128205128205128
Canis_latrans,CO3,A_H>G_H,A>G,A,0,22,22,211,0.10426540284360189
Canis_latrans,CO3,A_H>G_H,A>G,C,0,14,14,211,0.06635071090047394
Canis_latrans,CO3,A_H>G_H,A>G,D,3,7,4,211,0.018957345971563982
Canis_latrans,CO3,A_H>G_H,A>G,E,8,2,-6,211,-0.02843601895734597
Canis_latrans,CO3,A_H>G_H,A>G,F,0,0,0,211,0.0
Canis_latrans,CO3,A_H>G_H,A>G,G,0,14,14,211,0.06635071090047394
Canis_latrans,CO3,A_H>G_H,A>G,H,16,0,-16,211,-0.07582938388625593
Canis_latrans,CO3,A_H>G_H,A>G,I,14,0,-14,211,-0.06635071090047394
Canis_latrans,CO3,A_H>G_H,A>G,K,4,0,-4,211,-0.018957345971563982
Canis_latrans,CO3,A_H>G_H,A>G,L,0,0,0,211,0.0
Canis_latrans,CO3,A_H>G_H,A>G,M,10,0,-10,211,-0.04739336492890995
Canis_latrans,CO3,A_H>G_H,A>G,N,14,0,-14,211,-0.06635071090047394
Canis_latrans,CO3,A_H>G_H,A>G,P,0,0,0,211,0.0
Canis_latrans,CO3,A_H>G_H,A>G,Q,7,0,-7,211,-0.03317535545023697
Canis_latrans,CO3,A_H>G_H,A>G,R,0,23,23,211,0.10900473933649289
Canis_latrans,CO3,A_H>G_H,A>G,S,3,7,4,211,0.018957345971563982
Canis_latrans,CO3,A_H>G_H,A>G,T,22,0,-22,211,-0.10426540284360189
Canis_latrans,CO3,A_H>G_H,A>G,V,0,24,24,211,0.11374407582938388
Canis_latrans,CO3,A_H>G_H,A>G,W,0,0,0,211,0.0
Canis_latrans,CO3,A_H>G_H,A>G,Y,14,0,-14,211,-0.06635071090047394
Canis_latrans,CO3,C_H>T_H,C>T,A,14,0,-14,199,-0.07035175879396985
Canis_latrans,CO3,C_H>T_H,C>T,C,0,2,2,199,0.010050251256281407
Canis_latrans,CO3,C_H>T_H,C>T,D,0,0,0,199,0.0
Canis_latrans,CO3,C_H>T_H,C>T,E,0,0,0,199,0.0
Canis_latrans,CO3,C_H>T_H,C>T,F,0,27,27,199,0.135678391959799
Canis_latrans,CO3,C_H>T_H,C>T,G,0,0,0,199,0.0
Canis_latrans,CO3,C_H>T_H,C>T,H,16,0,-16,199,-0.08040201005025126
Canis_latrans,CO3,C_H>T_H,C>T,I,0,11,11,199,0.05527638190954774
Canis_latrans,CO3,C_H>T_H,C>T,K,0,0,0,199,0.0
Canis_latrans,CO3,C_H>T_H,C>T,L,14,16,2,199,0.010050251256281407
Canis_latrans,CO3,C_H>T_H,C>T,M,0,11,11,199,0.05527638190954774
Canis_latrans,CO3,C_H>T_H,C>T,N,0,0,0,199,0.0
Canis_latrans,CO3,C_H>T_H,C>T,P,22,0,-22,199,-0.11055276381909548
Canis_latrans,CO3,C_H>T_H,C>T,Q,7,0,-7,199,-0.035175879396984924
Canis_latrans,CO3,C_H>T_H,C>T,R,5,0,-5,199,-0.02512562814070352
Canis_latrans,CO3,C_H>T_H,C>T,S,18,11,-7,199,-0.035175879396984924
Canis_latrans,CO3,C_H>T_H,C>T,T,22,0,-22,199,-0.11055276381909548
Canis_latrans,CO3,C_H>T_H,C>T,V,0,14,14,199,0.07035175879396985
Canis_latrans,CO3,C_H>T_H,C>T,W,0,3,3,199,0.01507537688442211
Canis_latrans,CO3,C_H>T_H,C>T,Y,0,16,16,199,0.08040201005025126
Canis_latrans,Cytb,A_H>G_H,A>G,A,0,24,24,339,0.07079646017699115
Canis_latrans,Cytb,A_H>G_H,A>G,C,0,14,14,339,0.04129793510324484
Canis_latrans,Cytb,A_H>G_H,A>G,D,11,18,7,339,0.02064896755162242
Canis_latrans,Cytb,A_H>G_H,A>G,E,6,9,3,339,0.008849557522123894
Canis_latrans,Cytb,A_H>G_H,A>G,F,0,0,0,339,0.0
Canis_latrans,Cytb,A_H>G_H,A>G,G,0,21,21,339,0.061946902654867256
Canis_latrans,Cytb,A_H>G_H,A>G,H,12,0,-12,339,-0.035398230088495575
Canis_latrans,Cytb,A_H>G_H,A>G,I,36,0,-36,339,-0.10619469026548672
Canis_latrans,Cytb,A_H>G_H,A>G,K,18,0,-18,339,-0.05309734513274336
Canis_latrans,Cytb,A_H>G_H,A>G,L,0,0,0,339,0.0
Canis_latrans,Cytb,A_H>G_H,A>G,M,15,0,-15,339,-0.04424778761061947
Canis_latrans,Cytb,A_H>G_H,A>G,N,36,0,-36,339,-0.10619469026548672
Canis_latrans,Cytb,A_H>G_H,A>G,P,0,0,0,339,0.0
Canis_latrans,Cytb,A_H>G_H,A>G,Q,6,0,-6,339,-0.017699115044247787
Canis_latrans,Cytb,A_H>G_H,A>G,R,0,18,18,339,0.05309734513274336
Canis_latrans,Cytb,A_H>G_H,A>G,S,3,18,15,339,0.04424778761061947
Canis_latrans,Cytb,A_H>G_H,A>G,T,24,0,-24,339,-0.07079646017699115
Canis_latrans,Cytb,A_H>G_H,A>G,V,0,51,51,339,0.1504424778761062
Canis_latrans,Cytb,A_H>G_H,A>G,W,0,0,0,339,0.0
Canis_latrans,Cytb,A_H>G_H,A>G,Y,14,0,-14,339,-0.04129793510324484
Canis_latrans,Cytb,C_H>T_H,C>T,A,28,0,-28,327,-0.0856269113149847
Canis_latrans,Cytb,C_H>T_H,C>T,C,0,2,2,327,0.0061162079510703364
Canis_latrans,Cytb,C_H>T_H,C>T,D,0,0,0,327,0.0
Canis_latrans,Cytb,C_H>T_H,C>T,E,0,0,0,327,0.0
Canis_latrans,Cytb,C_H>T_H,C>T,F,0,23,23,327,0.07033639143730887
Canis_latrans,Cytb,C_H>T_H,C>T,G,0,0,0,327,0.0
Canis_latrans,Cytb,C_H>T_H,C>T,H,12,0,-12,327,-0.03669724770642202
Canis_latrans,Cytb,C_H>T_H,C>T,I,0,13,13,327,0.039755351681957186
Canis_latrans,Cytb,C_H>T_H,C>T,K,0,0,0,327,0.0
Canis_latrans,Cytb,C_H>T_H,C>T,L,13,34,21,327,0.06422018348623854
Canis_latrans,Cytb,C_H>T_H,C>T,M,0,11,11,327,0.03363914373088685
Canis_latrans,Cytb,C_H>T_H,C>T,N,0,0,0,327,0.0
Canis_latrans,Cytb,C_H>T_H,C>T,P,44,0,-44,327,-0.1345565749235474
Canis_latrans,Cytb,C_H>T_H,C>T,Q,6,0,-6,327,-0.01834862385321101
Canis_latrans,Cytb,C_H>T_H,C>T,R,8,0,-8,327,-0.024464831804281346
Canis_latrans,Cytb,C_H>T_H,C>T,S,22,22,0,327,0.0
Canis_latrans,Cytb,C_H>T_H,C>T,T,24,0,-24,327,-0.07339449541284404
Canis_latrans,Cytb,C_H>T_H,C>T,V,0,28,28,327,0.0856269113149847
Canis_latrans,Cytb,C_H>T_H,C>T,W,0,6,6,327,0.01834862385321101
Canis_latrans,Cytb,C_H>T_H,C>T,Y,0,12,12,327,0.03669724770642202
Canis_lupus,CO1,A_H>G_H,A>G,A,0,39,39,417,0.09352517985611511
Canis_lupus,CO1,A_H>G_H,A>G,C,0,19,19,417,0.045563549160671464
Canis_lupus,CO1,A_H>G_H,A>G,D,15,17,2,417,0.004796163069544364
Canis_lupus,CO1,A_H>G_H,A>G,E,10,9,-1,417,-0.002398081534772182
Canis_lupus,CO1,A_H>G_H,A>G,F,0,0,0,417,0.0
Canis_lupus,CO1,A_H>G_H,A>G,G,0,28,28,417,0.0671462829736211
Canis_lupus,CO1,A_H>G_H,A>G,H,18,0,-18,417,-0.04316546762589928
Canis_lupus,CO1,A_H>G_H,A>G,I,39,0,-39,417,-0.09352517985611511
Canis_lupus,CO1,A_H>G_H,A>G,K,18,0,-18,417,-0.04316546762589928
Canis_lupus,CO1,A_H>G_H,A>G,L,0,0,0,417,0.0
Canis_lupus,CO1,A_H>G_H,A>G,M,33,0,-33,417,-0.07913669064748201
Canis_lupus,CO1,A_H>G_H,A>G,N,34,0,-34,417,-0.0815347721822542
Canis_lupus,CO1,A_H>G_H,A>G,P,0,0,0,417,0.0
Canis_lupus,CO1,A_H>G_H,A>G,Q,7,0,-7,417,-0.016786570743405275
Canis_lupus,CO1,A_H>G_H,A>G,R,0,25,25,417,0.05995203836930456
Canis_lupus,CO1,A_H>G_H,A>G,S,3,17,14,417,0.03357314148681055
Canis_lupus,CO1,A_H>G_H,A>G,T,39,0,-39,417,-0.09352517985611511
Canis_lupus,CO1,A_H>G_H,A>G,V,0,72,72,417,0.17266187050359713
Canis_lupus,CO1,A_H>G_H,A>G,W,0,1,1,417,0.002398081534772182
Canis_lupus,CO1,A_H>G_H,A>G,Y,19,0,-19,417,-0.045563549160671464
Canis_lupus,CO1,C_H>T_H,C>T,A,41,0,-41,354,-0.11581920903954802
Canis_lupus,CO1,C_H>T_H,C>T,C,0,1,1,354,0.002824858757062147
Canis_lupus,CO1,C_H>T_H,C>T,D,0,0,0,354,0.0
Canis_lupus,CO1,C_H>T_H,C>T,E,0,0,0,354,0.0
Canis_lupus,CO1,C_H>T_H,C>T,F,0,37,37,354,0.10451977401129943
Canis_lupus,CO1,C_H>T_H,C>T,G,0,0,0,354,0.0
Canis_lupus,CO1,C_H>T_H,C>T,H,18,0,-18,354,-0.05084745762711865
Canis_lupus,CO1,C_H>T_H,C>T,I,0,20,20,354,0.05649717514124294
Canis_lupus,CO1,C_H>T_H,C>T,K,0,0,0,354,0.0
Canis_lupus,CO1,C_H>T_H,C>T,L,17,35,18,354,0.05084745762711865
Canis_lupus,CO1,C_H>T_H,C>T,M,0,19,19,354,0.05367231638418079
Canis_lupus,CO1,C_H>T_H,C>T,N,0,0,0,354,0.0
Canis_lupus,CO1,C_H>T_H,C>T,P,56,0,-56,354,-0.15819209039548024
Canis_lupus,CO1,C_H>T_H,C>T,Q,7,0,-7,354,-0.01977401129943503
Canis_lupus,CO1,C_H>T_H,C>T,R,8,0,-8,354,-0.022598870056497175
Canis_lupus,CO1,C_H>T_H,C>T,S,27,28,1,354,0.002824858757062147
Canis_lupus,CO1,C_H>T_H,C>T,T,39,0,-39,354,-0.11016949152542373
Canis_lupus,CO1,C_H>T_H,C>T,V,0,41,41,354,0.11581920903954802
Canis_lupus,CO1,C_H>T_H,C>T,W,0,7,7,354,0.01977401129943503
Canis_lupus,CO1,C_H>T_H,C>T,Y,0,18,18,354,0.05084745762711865
Canis_lupus,CO3,A_H>G_H,A>G,A,0,22,22,206,0.10679611650485436
Canis_lupus,CO3,A_H>G_H,A>G,C,0,14,14,206,0.06796116504854369
Canis_lupus,CO3,A_H>G_H,A>G,D,3,7,4,206,0.019417475728155338
Canis_lupus,CO3,A_H>G_H,A>G,E,8,2,-6,206,-0.02912621359223301
Canis_lupus,CO3,A_H>G_H,A>G,F,0,0,0,206,0.0
Canis_lupus,CO3,A_H>G_H,A>G,G,0,14,14,206,0.06796116504854369
Canis_lupus,CO3,A_H>G_H,A>G,H,16,0,-16,206,-0.07766990291262135
Canis_lupus,CO3,A_H>G_H,A>G,I,14,0,-14,206,-0.06796116504854369
Canis_lupus,CO3,A_H>G_H,A>G,K,4,0,-4,206,-0.019417475728155338
Canis_lupus,CO3,A_H>G_H,A>G,L,0,0,0,206,0.0
Canis_lupus,CO3,A_H>G_H,A>G,M,10,0,-10,206,-0.04854368932038835
Canis_lupus,CO3,A_H>G_H,A>G,N,14,0,-14,206,-0.06796116504854369
Canis_lupus,CO3,A_H>G_H,A>G,P,0,0,0,206,0.0
Canis_lupus,CO3,A_H>G_H,A>G,Q,7,0,-7,206,-0.03398058252427184
Canis_lupus,CO3,A_H>G_H,A>G,R,0,23,23,206,0.11165048543689321
Canis_lupus,CO3,A_H>G_H,A>G,S,3,7,4,206,0.019417475728155338
Canis_lupus,CO3,A_H>G_H,A>G,T,22,0,-22,206,-0.10679611650485436
Canis_lupus,CO3,A_H>G_H,A>G,V,0,24,24,206,0.11650485436893204
Canis_lupus,CO3,A_H>G_H,A>G,W,0,0,0,206,0.0
Canis_lupus,CO3,A_H>G_H,A>G,Y,14,0,-14,206,-0.06796116504854369
Canis_lupus,CO3,C_H>T_H,C>T,A,14,0,-14,209,-0.06698564593301436
Canis_lupus,CO3,C_H>T_H,C>T,C,0,1,1,209,0.004784688995215311
Canis_lupus,CO3,C_H>T_H,C>T,D,0,0,0,209,0.0
Canis_lupus,CO3,C_H>T_H,C>T,E,0,0,0,209,0.0
Canis_lupus,CO3,C_H>T_H,C>T,F,0,25,25,209,0.11961722488038277
Canis_lupus,CO3,C_H>T_H,C>T,G,0,0,0,209,0.0
Canis_lupus,CO3,C_H>T_H,C>T,H,16,0,-16,209,-0.07655502392344497
Canis_lupus,CO3,C_H>T_H,C>T,I,0,11,11,209,0.05263157894736842
Canis_lupus,CO3,C_H>T_H,C>T,K,0,0,0,209,0.0
Canis_lupus,CO3,C_H>T_H,C>T,L,13,16,3,209,0.014354066985645933
Canis_lupus,CO3,C_H>T_H,C>T,M,0,11,11,209,0.05263157894736842
Canis_lupus,CO3,C_H>T_H,C>T,N,0,0,0,209,0.0
Canis_lupus,CO3,C_H>T_H,C>T,P,22,0,-22,209,-0.10526315789473684
Canis_lupus,CO3,C_H>T_H,C>T,Q,7,0,-7,209,-0.03349282296650718
Canis_lupus,CO3,C_H>T_H,C>T,R,5,0,-5,209,-0.023923444976076555
Canis_lupus,CO3,C_H>T_H,C>T,S,17,11,-6,209,-0.028708133971291867
Canis_lupus,CO3,C_H>T_H,C>T,T,22,0,-22,209,-0.10526315789473684
Canis_lupus,CO3,C_H>T_H,C>T,V,0,14,14,209,0.06698564593301436
Canis_lupus,CO3,C_H>T_H,C>T,W,0,4,4,209,0.019138755980861243
Canis_lupus,CO3,C_H>T_H,C>T,Y,0,16,16,209,0.07655502392344497
Canis_lupus,Cytb,A_H>G_H,A>G,A,0,26,26,334,0.07784431137724551
Canis_lupus,Cytb,A_H>G_H,A>G,C,0,14,14,334,0.041916167664670656
Canis_lupus,Cytb,A_H>G_H,A>G,D,12,17,5,334,0.014970059880239521
Canis_lupus,Cytb,A_H>G_H,A>G,E,6,9,3,334,0.008982035928143712
Canis_lupus,Cytb,A_H>G_H,A>G,F,0,0,0,334,0.0
Canis_lupus,Cytb,A_H>G_H,A>G,G,0,22,22,334,0.0658682634730539
Canis_lupus,Cytb,A_H>G_H,A>G,H,12,0,-12,334,-0.03592814371257485
Canis_lupus,Cytb,A_H>G_H,A>G,I,39,0,-39,334,-0.11676646706586827
Canis_lupus,Cytb,A_H>G_H,A>G,K,18,0,-18,334,-0.05389221556886228
Canis_lupus,Cytb,A_H>G_H,A>G,L,0,0,0,334,0.0
Canis_lupus,Cytb,A_H>G_H,A>G,M,13,0,-13,334,-0.038922155688622756
Canis_lupus,Cytb,A_H>G_H,A>G,N,34,0,-34,334,-0.10179640718562874
Canis_lupus,Cytb,A_H>G_H,A>G,P,0,0,0,334,0.0
Canis_lupus,Cytb,A_H>G_H,A>G,Q,6,0,-6,334,-0.017964071856287425
Canis_lupus,Cytb,A_H>G_H,A>G,R,0,18,18,334,0.05389221556886228
Canis_lupus,Cytb,A_H>G_H,A>G,S,3,17,14,334,0.041916167664670656
Canis_lupus,Cytb,A_H>G_H,A>G,T,26,0,-26,334,-0.07784431137724551
Canis_lupus,Cytb,A_H>G_H,A>G,V,0,52,52,334,0.15568862275449102
Canis_lupus,Cytb,A_H>G_H,A>G,W,0,0,0,334,0.0
Canis_lupus,Cytb,A_H>G_H,A>G,Y,14,0,-14,334,-0.041916167664670656
Canis_lupus,Cytb,C_H>T_H,C>T,A,26,0,-26,322,-0.08074534161490683
Canis_lupus,Cytb,C_H>T_H,C>T,C,0,2,2,322,0.006211180124223602
Canis_lupus,Cytb,C_H>T_H,C>T,D,0,0,0,322,0.0
Canis_lupus,Cytb,C_H>T_H,C>T,E,0,0,0,322,0.0
Canis_lupus,Cytb,C_H>T_H,C>T,F,0,25,25,322,0.07763975155279502
Canis_lupus,Cytb,C_H>T_H,C>T,G,0,0,0,322,0.0
Canis_lupus,Cytb,C_H>T_H,C>T,H,12,0,-12,322,-0.037267080745341616
Canis_lupus,Cytb,C_H>T_H,C>T,I,0,14,14,322,0.043478260869565216
Canis_lupus,Cytb,C_H>T_H,C>T,K,0,0,0,322,0.0
Canis_lupus,Cytb,C_H>T_H,C>T,L,15,34,19,322,0.059006211180124224
Canis_lupus,Cytb,C_H>T_H,C>T,M,0,12,12,322,0.037267080745341616
Canis_lupus,Cytb,C_H>T_H,C>T,N,0,0,0,322,0.0
Canis_lupus,Cytb,C_H>T_H,C>T,P,44,0,-44,322,-0.13664596273291926
Canis_lupus,Cytb,C_H>T_H,C>T,Q,6,0,-6,322,-0.018633540372670808
Canis_lupus,Cytb,C_H>T_H,C>T,R,8,0,-8,322,-0.024844720496894408
Canis_lupus,Cytb,C_H>T_H,C>T,S,22,22,0,322,0.0
Canis_lupus,Cytb,C_H>T_H,C>T,T,26,0,-26,322,-0.08074534161490683
Canis_lupus,Cytb,C_H>T_H,C>T,V,0,26,26,322,0.08074534161490683
Canis_lupus,Cytb,C_H>T_H,C>T,W,0,6,6,322,0.018633540372670808
Canis_lupus,Cytb,C_H>T_H,C>T,Y,0,12,12,322,0.037267080745341616
Capra_hircus,CO1,A_H>G_H,A>G,A,0,38,38,450,0.08444444444444445
Capra_hircus,CO1,A_H>G_H,A>G,C,0,19,19,450,0.042222222222222223
Capra_hircus,CO1,A_H>G_H,A>G,D,16,18,2,450,0.0044444444444444444
Capra_hircus,CO1,A_H>G_H,A>G,E,9,9,0,450,0.0
Capra_hircus,CO1,A_H>G_H,A>G,F,0,0,0,450,0.0
Capra_hircus,CO1,A_H>G_H,A>G,G,0,29,29,450,0.06444444444444444
Capra_hircus,CO1,A_H>G_H,A>G,H,17,0,-17,450,-0.03777777777777778
Capra_hircus,CO1,A_H>G_H,A>G,I,40,0,-40,450,-0.08888888888888889
Capra_hircus,CO1,A_H>G_H,A>G,K,18,0,-18,450,-0.04
Capra_hircus,CO1,A_H>G_H,A>G,L,0,0,0,450,0.0
Capra_hircus,CO1,A_H>G_H,A>G,M,33,0,-33,450,-0.07333333333333333
Capra_hircus,CO1,A_H>G_H,A>G,N,36,0,-36,450,-0.08
Capra_hircus,CO1,A_H>G_H,A>G,P,0,0,0,450,0.0
Capra_hircus,CO1,A_H>G_H,A>G,Q,6,0,-6,450,-0.013333333333333334
Capra_hircus,CO1,A_H>G_H,A>G,R,0,23,23,450,0.051111111111111114
Capra_hircus,CO1,A_H>G_H,A>G,S,4,18,14,450,0.03111111111111111
Capra_hircus,CO1,A_H>G_H,A>G,T,38,0,-38,450,-0.08444444444444445
Capra_hircus,CO1,A_H>G_H,A>G,V,0,73,73,450,0.1622222222222222
Capra_hircus,CO1,A_H>G_H,A>G,W,0,1,1,450,0.0022222222222222222
Capra_hircus,CO1,A_H>G_H,A>G,Y,19,0,-19,450,-0.042222222222222223
Capra_hircus,CO1,C_H>T_H,C>T,A,40,0,-40,393,-0.10178117048346055
Capra_hircus,CO1,C_H>T_H,C>T,C,0,2,2,393,0.005089058524173028
Capra_hircus,CO1,C_H>T_H,C>T,D,0,0,0,393,0.0
Capra_hircus,CO1,C_H>T_H,C>T,E,0,0,0,393,0.0
Capra_hircus,CO1,C_H>T_H,C>T,F,0,29,29,393,0.0737913486005089
Capra_hircus,CO1,C_H>T_H,C>T,G,0,0,0,393,0.0
Capra_hircus,CO1,C_H>T_H,C>T,H,17,0,-17,393,-0.043256997455470736
Capra_hircus,CO1,C_H>T_H,C>T,I,0,20,20,393,0.05089058524173028
Capra_hircus,CO1,C_H>T_H,C>T,K,0,0,0,393,0.0
Capra_hircus,CO1,C_H>T_H,C>T,L,16,42,26,393,0.06615776081424936
Capra_hircus,CO1,C_H>T_H,C>T,M,0,18,18,393,0.04580152671755725
Capra_hircus,CO1,C_H>T_H,C>T,N,0,0,0,393,0.0
Capra_hircus,CO1,C_H>T_H,C>T,P,56,0,-56,393,-0.14249363867684478
Capra_hircus,CO1,C_H>T_H,C>T,Q,6,0,-6,393,-0.015267175572519083
Capra_hircus,CO1,C_H>T_H,C>T,R,8,0,-8,393,-0.020356234096692113
Capra_hircus,CO1,C_H>T_H,C>T,S,27,28,1,393,0.002544529262086514
Capra_hircus,CO1,C_H>T_H,C>T,T,38,0,-38,393,-0.09669211195928754
Capra_hircus,CO1,C_H>T_H,C>T,V,0,40,40,393,0.10178117048346055
Capra_hircus,CO1,C_H>T_H,C>T,W,0,6,6,393,0.015267175572519083
Capra_hircus,CO1,C_H>T_H,C>T,Y,0,17,17,393,0.043256997455470736
Capra_hircus,CO3,A_H>G_H,A>G,A,0,24,24,209,0.11483253588516747
Capra_hircus,CO3,A_H>G_H,A>G,C,0,11,11,209,0.05263157894736842
Capra_hircus,CO3,A_H>G_H,A>G,D,4,7,3,209,0.014354066985645933
Capra_hircus,CO3,A_H>G_H,A>G,E,8,2,-6,209,-0.028708133971291867
Capra_hircus,CO3,A_H>G_H,A>G,F,0,0,0,209,0.0
Capra_hircus,CO3,A_H>G_H,A>G,G,0,16,16,209,0.07655502392344497
Capra_hircus,CO3,A_H>G_H,A>G,H,17,0,-17,209,-0.08133971291866028
Capra_hircus,CO3,A_H>G_H,A>G,I,13,0,-13,209,-0.06220095693779904
Capra_hircus,CO3,A_H>G_H,A>G,K,4,0,-4,209,-0.019138755980861243
Capra_hircus,CO3,A_H>G_H,A>G,L,0,0,0,209,0.0
Capra_hircus,CO3,A_H>G_H,A>G,M,9,0,-9,209,-0.0430622009569378
Capra_hircus,CO3,A_H>G_H,A>G,N,14,0,-14,209,-0.06698564593301436
Capra_hircus,CO3,A_H>G_H,A>G,P,0,0,0,209,0.0
Capra_hircus,CO3,A_H>G_H,A>G,Q,7,0,-7,209,-0.03349282296650718
Capra_hircus,CO3,A_H>G_H,A>G,R,0,24,24,209,0.11483253588516747
Capra_hircus,CO3,A_H>G_H,A>G,S,4,7,3,209,0.014354066985645933
Capra_hircus,CO3,A_H>G_H,A>G,T,24,0,-24,209,-0.11483253588516747
Capra_hircus,CO3,A_H>G_H,A>G,V,0,22,22,209,0.10526315789473684
Capra_hircus,CO3,A_H>G_H,A>G,W,0,0,0,209,0.0
Capra_hircus,CO3,A_H>G_H,A>G,Y,11,0,-11,209,-0.05263157894736842
Capra_hircus,CO3,C_H>T_H,C>T,A,15,0,-15,226,-0.06637168141592921
Capra_hircus,CO3,C_H>T_H,C>T,C,0,3,3,226,0.01327433628318584
Capra_hircus,CO3,C_H>T_H,C>T,D,0,0,0,226,0.0
Capra_hircus,CO3,C_H>T_H,C>T,E,0,0,0,226,0.0
Capra_hircus,CO3,C_H>T_H,C>T,F,0,22,22,226,0.09734513274336283
Capra_hircus,CO3,C_H>T_H,C>T,G,0,0,0,226,0.0
Capra_hircus,CO3,C_H>T_H,C>T,H,17,0,-17,226,-0.0752212389380531
Capra_hircus,CO3,C_H>T_H,C>T,I,0,13,13,226,0.05752212389380531
Capra_hircus,CO3,C_H>T_H,C>T,K,0,0,0,226,0.0
Capra_hircus,CO3,C_H>T_H,C>T,L,14,19,5,226,0.022123893805309734
Capra_hircus,CO3,C_H>T_H,C>T,M,0,11,11,226,0.048672566371681415
Capra_hircus,CO3,C_H>T_H,C>T,N,0,0,0,226,0.0
Capra_hircus,CO3,C_H>T_H,C>T,P,24,0,-24,226,-0.10619469026548672
Capra_hircus,CO3,C_H>T_H,C>T,Q,7,0,-7,226,-0.030973451327433628
Capra_hircus,CO3,C_H>T_H,C>T,R,5,0,-5,226,-0.022123893805309734
Capra_hircus,CO3,C_H>T_H,C>T,S,15,12,-3,226,-0.01327433628318584
Capra_hircus,CO3,C_H>T_H,C>T,T,24,0,-24,226,-0.10619469026548672
Capra_hircus,CO3,C_H>T_H,C>T,V,0,15,15,226,0.06637168141592921
Capra_hircus,CO3,C_H>T_H,C>T,W,0,2,2,226,0.008849557522123894
Capra_hircus,CO3,C_H>T_H,C>T,Y,0,17,17,226,0.0752212389380531
Capra_hircus,Cytb,A_H>G_H,A>G,A,0,28,28,364,0.07692307692307693
Capra_hircus,Cytb,A_H>G_H,A>G,C,0,15,15,364,0.04120879120879121
Capra_hircus,Cytb,A_H>G_H,A>G,D,11,18,7,364,0.019230769230769232
Capra_hircus,Cytb,A_H>G_H,A>G,E,6,9,3,364,0.008241758241758242
Capra_hircus,Cytb,A_H>G_H,A>G,F,0,0,0,364,0.0
Capra_hircus,Cytb,A_H>G_H,A>G,G,0,21,21,364,0.057692307692307696
Capra_hircus,Cytb,A_H>G_H,A>G,H,12,0,-12,364,-0.03296703296703297
Capra_hircus,Cytb,A_H>G_H,A>G,I,42,0,-42,364,-0.11538461538461539
Capra_hircus,Cytb,A_H>G_H,A>G,K,18,0,-18,364,-0.04945054945054945
Capra_hircus,Cytb,A_H>G_H,A>G,L,0,0,0,364,0.0
Capra_hircus,Cytb,A_H>G_H,A>G,M,19,0,-19,364,-0.0521978021978022
Capra_hircus,Cytb,A_H>G_H,A>G,N,36,0,-36,364,-0.0989010989010989
Capra_hircus,Cytb,A_H>G_H,A>G,P,0,0,0,364,0.0
Capra_hircus,Cytb,A_H>G_H,A>G,Q,6,0,-6,364,-0.016483516483516484
Capra_hircus,Cytb,A_H>G_H,A>G,R,0,18,18,364,0.04945054945054945
Capra_hircus,Cytb,A_H>G_H,A>G,S,3,18,15,364,0.04120879120879121
Capra_hircus,Cytb,A_H>G_H,A>G,T,28,0,-28,364,-0.07692307692307693
Capra_hircus,Cytb,A_H>G_H,A>G,V,0,61,61,364,0.16758241758241757
Capra_hircus,Cytb,A_H>G_H,A>G,W,0,0,0,364,0.0
Capra_hircus,Cytb,A_H>G_H,A>G,Y,15,0,-15,364,-0.04120879120879121
Capra_hircus,Cytb,C_H>T_H,C>T,A,23,0,-23,322,-0.07142857142857142
Capra_hircus,Cytb,C_H>T_H,C>T,C,0,1,1,322,0.003105590062111801
Capra_hircus,Cytb,C_H>T_H,C>T,D,0,0,0,322,0.0
Capra_hircus,Cytb,C_H>T_H,C>T,E,0,0,0,322,0.0
Capra_hircus,Cytb,C_H>T_H,C>T,F,0,26,26,322,0.08074534161490683
Capra_hircus,Cytb,C_H>T_H,C>T,G,0,0,0,322,0.0
Capra_hircus,Cytb,C_H>T_H,C>T,H,12,0,-12,322,-0.037267080745341616
Capra_hircus,Cytb,C_H>T_H,C>T,I,0,10,10,322,0.031055900621118012
Capra_hircus,Cytb,C_H>T_H,C>T,K,0,0,0,322,0.0
Capra_hircus,Cytb,C_H>T_H,C>T,L,20,35,15,322,0.046583850931677016
Capra_hircus,Cytb,C_H>T_H,C>T,M,0,18,18,322,0.055900621118012424
Capra_hircus,Cytb,C_H>T_H,C>T,N,0,0,0,322,0.0
Capra_hircus,Cytb,C_H>T_H,C>T,P,46,0,-46,322,-0.14285714285714285
Capra_hircus,Cytb,C_H>T_H,C>T,Q,6,0,-6,322,-0.018633540372670808
Capra_hircus,Cytb,C_H>T_H,C>T,R,8,0,-8,322,-0.024844720496894408
Capra_hircus,Cytb,C_H>T_H,C>T,S,18,23,5,322,0.015527950310559006
Capra_hircus,Cytb,C_H>T_H,C>T,T,28,0,-28,322,-0.08695652173913043
Capra_hircus,Cytb,C_H>T_H,C>T,V,0,23,23,322,0.07142857142857142
Capra_hircus,Cytb,C_H>T_H,C>T,W,0,7,7,322,0.021739130434782608
Capra_hircus,Cytb,C_H>T_H,C>T,Y,0,12,12,322,0.037267080745341616
Cervus_elaphus,CO1,A_H>G_H,A>G,A,0,38,38,446,0.08520179372197309
Cervus_elaphus,CO1,A_H>G_H,A>G,C,0,19,19,446,0.042600896860986545
Cervus_elaphus,CO1,A_H>G_H,A>G,D,15,19,4,446,0.008968609865470852
Cervus_elaphus,CO1,A_H>G_H,A>G,E,10,9,-1,446,-0.002242152466367713
Cervus_elaphus,CO1,A_H>G_H,A>G,F,0,0,0,446,0.0
Cervus_elaphus,CO1,A_H>G_H,A>G,G,0,28,28,446,0.06278026905829596
Cervus_elaphus,CO1,A_H>G_H,A>G,H,17,0,-17,446,-0.03811659192825112
Cervus_elaphus,CO1,A_H>G_H,A>G,I,38,0,-38,446,-0.08520179372197309
Cervus_elaphus,CO1,A_H>G_H,A>G,K,18,0,-18,446,-0.04035874439461883
Cervus_elaphus,CO1,A_H>G_H,A>G,L,0,0,0,446,0.0
Cervus_elaphus,CO1,A_H>G_H,A>G,M,33,0,-33,446,-0.07399103139013453
Cervus_elaphus,CO1,A_H>G_H,A>G,N,38,0,-38,446,-0.08520179372197309
Cervus_elaphus,CO1,A_H>G_H,A>G,P,0,0,0,446,0.0
Cervus_elaphus,CO1,A_H>G_H,A>G,Q,6,0,-6,446,-0.013452914798206279
Cervus_elaphus,CO1,A_H>G_H,A>G,R,0,23,23,446,0.0515695067264574
Cervus_elaphus,CO1,A_H>G_H,A>G,S,3,19,16,446,0.03587443946188341
Cervus_elaphus,CO1,A_H>G_H,A>G,T,38,0,-38,446,-0.08520179372197309
Cervus_elaphus,CO1,A_H>G_H,A>G,V,0,71,71,446,0.1591928251121076
Cervus_elaphus,CO1,A_H>G_H,A>G,W,0,1,1,446,0.002242152466367713
Cervus_elaphus,CO1,A_H>G_H,A>G,Y,19,0,-19,446,-0.042600896860986545
Cervus_elaphus,CO1,C_H>T_H,C>T,A,39,0,-39,360,-0.10833333333333334
Cervus_elaphus,CO1,C_H>T_H,C>T,C,0,3,3,360,0.008333333333333333
Cervus_elaphus,CO1,C_H>T_H,C>T,D,0,0,0,360,0.0
Cervus_elaphus,CO1,C_H>T_H,C>T,E,0,0,0,360,0.0
Cervus_elaphus,CO1,C_H>T_H,C>T,F,0,27,27,360,0.075
Cervus_elaphus,CO1,C_H>T_H,C>T,G,0,0,0,360,0.0
Cervus_elaphus,CO1,C_H>T_H,C>T,H,17,0,-17,360,-0.04722222222222222
Cervus_elaphus,CO1,C_H>T_H,C>T,I,0,16,16,360,0.044444444444444446
Cervus_elaphus,CO1,C_H>T_H,C>T,K,0,0,0,360,0.0
Cervus_elaphus,CO1,C_H>T_H,C>T,L,14,43,29,360,0.08055555555555556
Cervus_elaphus,CO1,C_H>T_H,C>T,M,0,22,22,360,0.06111111111111111
Cervus_elaphus,CO1,C_H>T_H,C>T,N,0,0,0,360,0.0
Cervus_elaphus,CO1,C_H>T_H,C>T,P,56,0,-56,360,-0.15555555555555556
Cervus_elaphus,CO1,C_H>T_H,C>T,Q,6,0,-6,360,-0.016666666666666666
Cervus_elaphus,CO1,C_H>T_H,C>T,R,8,0,-8,360,-0.022222222222222223
Cervus_elaphus,CO1,C_H>T_H,C>T,S,28,28,0,360,0.0
Cervus_elaphus,CO1,C_H>T_H,C>T,T,38,0,-38,360,-0.10555555555555556
Cervus_elaphus,CO1,C_H>T_H,C>T,V,0,39,39,360,0.10833333333333334
Cervus_elaphus,CO1,C_H>T_H,C>T,W,0,5,5,360,0.013888888888888888
Cervus_elaphus,CO1,C_H>T_H,C>T,Y,0,17,17,360,0.04722222222222222
Cervus_elaphus,CO3,A_H>G_H,A>G,A,0,24,24,214,0.11214953271028037
Cervus_elaphus,CO3,A_H>G_H,A>G,C,0,11,11,214,0.0514018691588785
Cervus_elaphus,CO3,A_H>G_H,A>G,D,3,7,4,214,0.018691588785046728
Cervus_elaphus,CO3,A_H>G_H,A>G,E,8,2,-6,214,-0.028037383177570093
Cervus_elaphus,CO3,A_H>G_H,A>G,F,0,0,0,214,0.0
Cervus_elaphus,CO3,A_H>G_H,A>G,G,0,16,16,214,0.07476635514018691
Cervus_elaphus,CO3,A_H>G_H,A>G,H,17,0,-17,214,-0.0794392523364486
Cervus_elaphus,CO3,A_H>G_H,A>G,I,15,0,-15,214,-0.07009345794392523
Cervus_elaphus,CO3,A_H>G_H,A>G,K,4,0,-4,214,-0.018691588785046728
Cervus_elaphus,CO3,A_H>G_H,A>G,L,0,0,0,214,0.0
Cervus_elaphus,CO3,A_H>G_H,A>G,M,10,0,-10,214,-0.04672897196261682
Cervus_elaphus,CO3,A_H>G_H,A>G,N,14,0,-14,214,-0.06542056074766354
Cervus_elaphus,CO3,A_H>G_H,A>G,P,0,0,0,214,0.0
Cervus_elaphus,CO3,A_H>G_H,A>G,Q,7,0,-7,214,-0.03271028037383177
Cervus_elaphus,CO3,A_H>G_H,A>G,R,0,24,24,214,0.11214953271028037
Cervus_elaphus,CO3,A_H>G_H,A>G,S,5,7,2,214,0.009345794392523364
Cervus_elaphus,CO3,A_H>G_H,A>G,T,24,0,-24,214,-0.11214953271028037
Cervus_elaphus,CO3,A_H>G_H,A>G,V,0,25,25,214,0.11682242990654206
Cervus_elaphus,CO3,A_H>G_H,A>G,W,0,0,0,214,0.0
Cervus_elaphus,CO3,A_H>G_H,A>G,Y,11,0,-11,214,-0.0514018691588785
Cervus_elaphus,CO3,C_H>T_H,C>T,A,15,0,-15,222,-0.06756756756756757
Cervus_elaphus,CO3,C_H>T_H,C>T,C,0,3,3,222,0.013513513513513514
Cervus_elaphus,CO3,C_H>T_H,C>T,D,0,0,0,222,0.0
Cervus_elaphus,CO3,C_H>T_H,C>T,E,0,0,0,222,0.0
Cervus_elaphus,CO3,C_H>T_H,C>T,F,0,16,16,222,0.07207207207207207
Cervus_elaphus,CO3,C_H>T_H,C>T,G,0,0,0,222,0.0
Cervus_elaphus,CO3,C_H>T_H,C>T,H,17,0,-17,222,-0.07657657657657657
Cervus_elaphus,CO3,C_H>T_H,C>T,I,0,14,14,222,0.06306306306306306
Cervus_elaphus,CO3,C_H>T_H,C>T,K,0,0,0,222,0.0
Cervus_elaphus,CO3,C_H>T_H,C>T,L,9,20,11,222,0.04954954954954955
Cervus_elaphus,CO3,C_H>T_H,C>T,M,0,10,10,222,0.04504504504504504
Cervus_elaphus,CO3,C_H>T_H,C>T,N,0,0,0,222,0.0
Cervus_elaphus,CO3,C_H>T_H,C>T,P,24,0,-24,222,-0.10810810810810811
Cervus_elaphus,CO3,C_H>T_H,C>T,Q,7,0,-7,222,-0.03153153153153153
Cervus_elaphus,CO3,C_H>T_H,C>T,R,5,0,-5,222,-0.02252252252252252
Cervus_elaphus,CO3,C_H>T_H,C>T,S,15,12,-3,222,-0.013513513513513514
Cervus_elaphus,CO3,C_H>T_H,C>T,T,24,0,-24,222,-0.10810810810810811
Cervus_elaphus,CO3,C_H>T_H,C>T,V,0,15,15,222,0.06756756756756757
Cervus_elaphus,CO3,C_H>T_H,C>T,W,0,2,2,222,0.009009009009009009
Cervus_elaphus,CO3,C_H>T_H,C>T,Y,0,17,17,222,0.07657657657657657
Cervus_elaphus,Cytb,A_H>G_H,A>G,A,0,26,26,352,0.07386363636363637
Cervus_elaphus,Cytb,A_H>G_H,A>G,C,0,15,15,352,0.04261363636363636
Cervus_elaphus,Cytb,A_H>G_H,A>G,D,11,18,7,352,0.019886363636363636
Cervus_elaphus,Cytb,A_H>G_H,A>G,E,6,9,3,352,0.008522727272727272
Cervus_elaphus,Cytb,A_H>G_H,A>G,F,0,0,0,352,0.0
Cervus_elaphus,Cytb,A_H>G_H,A>G,G,0,21,21,352,0.05965909090909091
Cervus_elaphus,Cytb,A_H>G_H,A>G,H,11,0,-11,352,-0.03125
Cervus_elaphus,Cytb,A_H>G_H,A>G,I,40,0,-40,352,-0.11363636363636363
Cervus_elaphus,Cytb,A_H>G_H,A>G,K,18,0,-18,352,-0.05113636363636364
Cervus_elaphus,Cytb,A_H>G_H,A>G,L,0,0,0,352,0.0
Cervus_elaphus,Cytb,A_H>G_H,A>G,M,15,0,-15,352,-0.04261363636363636
Cervus_elaphus,Cytb,A_H>G_H,A>G,N,36,0,-36,352,-0.10227272727272728
Cervus_elaphus,Cytb,A_H>G_H,A>G,P,0,0,0,352,0.0
Cervus_elaphus,Cytb,A_H>G_H,A>G,Q,6,0,-6,352,-0.017045454545454544
Cervus_elaphus,Cytb,A_H>G_H,A>G,R,0,17,17,352,0.048295454545454544
Cervus_elaphus,Cytb,A_H>G_H,A>G,S,3,18,15,352,0.04261363636363636
Cervus_elaphus,Cytb,A_H>G_H,A>G,T,26,0,-26,352,-0.07386363636363637
Cervus_elaphus,Cytb,A_H>G_H,A>G,V,0,55,55,352,0.15625
Cervus_elaphus,Cytb,A_H>G_H,A>G,W,0,0,0,352,0.0
Cervus_elaphus,Cytb,A_H>G_H,A>G,Y,15,0,-15,352,-0.04261363636363636
Cervus_elaphus,Cytb,C_H>T_H,C>T,A,23,0,-23,306,-0.07516339869281045
Cervus_elaphus,Cytb,C_H>T_H,C>T,C,0,1,1,306,0.0032679738562091504
Cervus_elaphus,Cytb,C_H>T_H,C>T,D,0,0,0,306,0.0
Cervus_elaphus,Cytb,C_H>T_H,C>T,E,0,0,0,306,0.0
Cervus_elaphus,Cytb,C_H>T_H,C>T,F,0,28,28,306,0.0915032679738562
Cervus_elaphus,Cytb,C_H>T_H,C>T,G,0,0,0,306,0.0
Cervus_elaphus,Cytb,C_H>T_H,C>T,H,11,0,-11,306,-0.03594771241830065
Cervus_elaphus,Cytb,C_H>T_H,C>T,I,0,10,10,306,0.032679738562091505
Cervus_elaphus,Cytb,C_H>T_H,C>T,K,0,0,0,306,0.0
Cervus_elaphus,Cytb,C_H>T_H,C>T,L,19,33,14,306,0.0457516339869281
Cervus_elaphus,Cytb,C_H>T_H,C>T,M,0,16,16,306,0.05228758169934641
Cervus_elaphus,Cytb,C_H>T_H,C>T,N,0,0,0,306,0.0
Cervus_elaphus,Cytb,C_H>T_H,C>T,P,46,0,-46,306,-0.1503267973856209
Cervus_elaphus,Cytb,C_H>T_H,C>T,Q,6,0,-6,306,-0.0196078431372549
Cervus_elaphus,Cytb,C_H>T_H,C>T,R,8,0,-8,306,-0.026143790849673203
Cervus_elaphus,Cytb,C_H>T_H,C>T,S,19,23,4,306,0.013071895424836602
Cervus_elaphus,Cytb,C_H>T_H,C>T,T,26,0,-26,306,-0.08496732026143791
Cervus_elaphus,Cytb,C_H>T_H,C>T,V,0,23,23,306,0.07516339869281045
Cervus_elaphus,Cytb,C_H>T_H,C>T,W,0,7,7,306,0.02287581699346405
Cervus_elaphus,Cytb,C_H>T_H,C>T,Y,0,11,11,306,0.03594771241830065
Crocidura_suaveolens,CO1,A_H>G_H,A>G,A,0,36,36,409,0.08801955990220049
Crocidura_suaveolens,CO1,A_H>G_H,A>G,C,0,20,20,409,0.0488997555012225
Crocidura_suaveolens,CO1,A_H>G_H,A>G,D,14,16,2,409,0.004889975550122249
Crocidura_suaveolens,CO1,A_H>G_H,A>G,E,10,9,-1,409,-0.0024449877750611247
Crocidura_suaveolens,CO1,A_H>G_H,A>G,F,0,0,0,409,0.0
Crocidura_suaveolens,CO1,A_H>G_H,A>G,G,0,28,28,409,0.06845965770171149
Crocidura_suaveolens,CO1,A_H>G_H,A>G,H,17,0,-17,409,-0.04156479217603912
Crocidura_suaveolens,CO1,A_H>G_H,A>G,I,44,0,-44,409,-0.10757946210268948
Crocidura_suaveolens,CO1,A_H>G_H,A>G,K,18,0,-18,409,-0.044009779951100246
Crocidura_suaveolens,CO1,A_H>G_H,A>G,L,0,0,0,409,0.0
Crocidura_suaveolens,CO1,A_H>G_H,A>G,M,29,0,-29,409,-0.07090464547677261
Crocidura_suaveolens,CO1,A_H>G_H,A>G,N,32,0,-32,409,-0.07823960880195599
Crocidura_suaveolens,CO1,A_H>G_H,A>G,P,0,0,0,409,0.0
Crocidura_suaveolens,CO1,A_H>G_H,A>G,Q,6,0,-6,409,-0.014669926650366748
Crocidura_suaveolens,CO1,A_H>G_H,A>G,R,0,23,23,409,0.05623471882640587
Crocidura_suaveolens,CO1,A_H>G_H,A>G,S,4,16,12,409,0.029339853300733496
Crocidura_suaveolens,CO1,A_H>G_H,A>G,T,36,0,-36,409,-0.08801955990220049
Crocidura_suaveolens,CO1,A_H>G_H,A>G,V,0,73,73,409,0.1784841075794621
Crocidura_suaveolens,CO1,A_H>G_H,A>G,W,0,1,1,409,0.0024449877750611247
Crocidura_suaveolens,CO1,A_H>G_H,A>G,Y,20,0,-20,409,-0.0488997555012225
Crocidura_suaveolens,CO1,C_H>T_H,C>T,A,44,0,-44,315,-0.13968253968253969
Crocidura_suaveolens,CO1,C_H>T_H,C>T,C,0,2,2,315,0.006349206349206349
Crocidura_suaveolens,CO1,C_H>T_H,C>T,D,0,0,0,315,0.0
Crocidura_suaveolens,CO1,C_H>T_H,C>T,E,0,0,0,315,0.0
Crocidura_suaveolens,CO1,C_H>T_H,C>T,F,0,29,29,315,0.09206349206349207
Crocidura_suaveolens,CO1,C_H>T_H,C>T,G,0,0,0,315,0.0
Crocidura_suaveolens,CO1,C_H>T_H,C>T,H,17,0,-17,315,-0.05396825396825397
Crocidura_suaveolens,CO1,C_H>T_H,C>T,I,0,22,22,315,0.06984126984126984
Crocidura_suaveolens,CO1,C_H>T_H,C>T,K,0,0,0,315,0.0
Crocidura_suaveolens,CO1,C_H>T_H,C>T,L,13,43,30,315,0.09523809523809523
Crocidura_suaveolens,CO1,C_H>T_H,C>T,M,0,14,14,315,0.044444444444444446
Crocidura_suaveolens,CO1,C_H>T_H,C>T,N,0,0,0,315,0.0
Crocidura_suaveolens,CO1,C_H>T_H,C>T,P,56,0,-56,315,-0.17777777777777778
Crocidura_suaveolens,CO1,C_H>T_H,C>T,Q,6,0,-6,315,-0.01904761904761905
Crocidura_suaveolens,CO1,C_H>T_H,C>T,R,8,0,-8,315,-0.025396825396825397
Crocidura_suaveolens,CO1,C_H>T_H,C>T,S,31,28,-3,315,-0.009523809523809525
Crocidura_suaveolens,CO1,C_H>T_H,C>T,T,36,0,-36,315,-0.11428571428571428
Crocidura_suaveolens,CO1,C_H>T_H,C>T,V,0,44,44,315,0.13968253968253969
Crocidura_suaveolens,CO1,C_H>T_H,C>T,W,0,6,6,315,0.01904761904761905
Crocidura_suaveolens,CO1,C_H>T_H,C>T,Y,0,17,17,315,0.05396825396825397
Crocidura_suaveolens,CO3,A_H>G_H,A>G,A,0,17,17,227,0.07488986784140969
Crocidura_suaveolens,CO3,A_H>G_H,A>G,C,0,13,13,227,0.05726872246696035
Crocidura_suaveolens,CO3,A_H>G_H,A>G,D,3,8,5,227,0.022026431718061675
Crocidura_suaveolens,CO3,A_H>G_H,A>G,E,8,4,-4,227,-0.01762114537444934
Crocidura_suaveolens,CO3,A_H>G_H,A>G,F,0,0,0,227,0.0
Crocidura_suaveolens,CO3,A_H>G_H,A>G,G,0,15,15,227,0.06607929515418502
Crocidura_suaveolens,CO3,A_H>G_H,A>G,H,17,0,-17,227,-0.07488986784140969
Crocidura_suaveolens,CO3,A_H>G_H,A>G,I,14,0,-14,227,-0.06167400881057269
Crocidura_suaveolens,CO3,A_H>G_H,A>G,K,8,0,-8,227,-0.03524229074889868
Crocidura_suaveolens,CO3,A_H>G_H,A>G,L,0,0,0,227,0.0
Crocidura_suaveolens,CO3,A_H>G_H,A>G,M,12,0,-12,227,-0.05286343612334802
Crocidura_suaveolens,CO3,A_H>G_H,A>G,N,16,0,-16,227,-0.07048458149779736
Crocidura_suaveolens,CO3,A_H>G_H,A>G,P,0,0,0,227,0.0
Crocidura_suaveolens,CO3,A_H>G_H,A>G,Q,7,0,-7,227,-0.030837004405286344
Crocidura_suaveolens,CO3,A_H>G_H,A>G,R,0,24,24,227,0.10572687224669604
Crocidura_suaveolens,CO3,A_H>G_H,A>G,S,4,8,4,227,0.01762114537444934
Crocidura_suaveolens,CO3,A_H>G_H,A>G,T,17,0,-17,227,-0.07488986784140969
Crocidura_suaveolens,CO3,A_H>G_H,A>G,V,0,26,26,227,0.1145374449339207
Crocidura_suaveolens,CO3,A_H>G_H,A>G,W,0,0,0,227,0.0
Crocidura_suaveolens,CO3,A_H>G_H,A>G,Y,13,0,-13,227,-0.05726872246696035
Crocidura_suaveolens,CO3,C_H>T_H,C>T,A,16,0,-16,161,-0.09937888198757763
Crocidura_suaveolens,CO3,C_H>T_H,C>T,C,0,2,2,161,0.012422360248447204
Crocidura_suaveolens,CO3,C_H>T_H,C>T,D,0,0,0,161,0.0
Crocidura_suaveolens,CO3,C_H>T_H,C>T,E,0,0,0,161,0.0
Crocidura_suaveolens,CO3,C_H>T_H,C>T,F,0,15,15,161,0.09316770186335403
Crocidura_suaveolens,CO3,C_H>T_H,C>T,G,0,0,0,161,0.0
Crocidura_suaveolens,CO3,C_H>T_H,C>T,H,17,0,-17,161,-0.10559006211180125
Crocidura_suaveolens,CO3,C_H>T_H,C>T,I,0,7,7,161,0.043478260869565216
Crocidura_suaveolens,CO3,C_H>T_H,C>T,K,0,0,0,161,0.0
Crocidura_suaveolens,CO3,C_H>T_H,C>T,L,9,20,11,161,0.06832298136645963
Crocidura_suaveolens,CO3,C_H>T_H,C>T,M,0,10,10,161,0.062111801242236024
Crocidura_suaveolens,CO3,C_H>T_H,C>T,N,0,0,0,161,0.0
Crocidura_suaveolens,CO3,C_H>T_H,C>T,P,22,0,-22,161,-0.13664596273291926
Crocidura_suaveolens,CO3,C_H>T_H,C>T,Q,7,0,-7,161,-0.043478260869565216
Crocidura_suaveolens,CO3,C_H>T_H,C>T,R,5,0,-5,161,-0.031055900621118012
Crocidura_suaveolens,CO3,C_H>T_H,C>T,S,15,11,-4,161,-0.024844720496894408
Crocidura_suaveolens,CO3,C_H>T_H,C>T,T,17,0,-17,161,-0.10559006211180125
Crocidura_suaveolens,CO3,C_H>T_H,C>T,V,0,16,16,161,0.09937888198757763
Crocidura_suaveolens,CO3,C_H>T_H,C>T,W,0,3,3,161,0.018633540372670808
Crocidura_suaveolens,CO3,C_H>T_H,C>T,Y,0,17,17,161,0.10559006211180125
Crocidura_suaveolens,Cytb,A_H>G_H,A>G,A,0,22,22,344,0.06395348837209303
Crocidura_suaveolens,Cytb,A_H>G_H,A>G,C,0,16,16,344,0.046511627906976744
Crocidura_suaveolens,Cytb,A_H>G_H,A>G,D,11,17,6,344,0.01744186046511628
Crocidura_suaveolens,Cytb,A_H>G_H,A>G,E,6,9,3,344,0.00872093023255814
Crocidura_suaveolens,Cytb,A_H>G_H,A>G,F,0,0,0,344,0.0
Crocidura_suaveolens,Cytb,A_H>G_H,A>G,G,0,22,22,344,0.06395348837209303
Crocidura_suaveolens,Cytb,A_H>G_H,A>G,H,11,0,-11,344,-0.03197674418604651
Crocidura_suaveolens,Cytb,A_H>G_H,A>G,I,39,0,-39,344,-0.11337209302325581
Crocidura_suaveolens,Cytb,A_H>G_H,A>G,K,18,0,-18,344,-0.05232558139534884
Crocidura_suaveolens,Cytb,A_H>G_H,A>G,L,0,0,0,344,0.0
Crocidura_suaveolens,Cytb,A_H>G_H,A>G,M,20,0,-20,344,-0.05813953488372093
Crocidura_suaveolens,Cytb,A_H>G_H,A>G,N,34,0,-34,344,-0.09883720930232558
Crocidura_suaveolens,Cytb,A_H>G_H,A>G,P,0,0,0,344,0.0
Crocidura_suaveolens,Cytb,A_H>G_H,A>G,Q,7,0,-7,344,-0.020348837209302327
Crocidura_suaveolens,Cytb,A_H>G_H,A>G,R,0,18,18,344,0.05232558139534884
Crocidura_suaveolens,Cytb,A_H>G_H,A>G,S,4,17,13,344,0.0377906976744186
Crocidura_suaveolens,Cytb,A_H>G_H,A>G,T,22,0,-22,344,-0.06395348837209303
Crocidura_suaveolens,Cytb,A_H>G_H,A>G,V,0,59,59,344,0.17151162790697674
Crocidura_suaveolens,Cytb,A_H>G_H,A>G,W,0,0,0,344,0.0
Crocidura_suaveolens,Cytb,A_H>G_H,A>G,Y,16,0,-16,344,-0.046511627906976744
Crocidura_suaveolens,Cytb,C_H>T_H,C>T,A,23,0,-23,285,-0.08070175438596491
Crocidura_suaveolens,Cytb,C_H>T_H,C>T,C,0,1,1,285,0.0035087719298245615
Crocidura_suaveolens,Cytb,C_H>T_H,C>T,D,0,0,0,285,0.0
Crocidura_suaveolens,Cytb,C_H>T_H,C>T,E,0,0,0,285,0.0
Crocidura_suaveolens,Cytb,C_H>T_H,C>T,F,0,30,30,285,0.10526315789473684
Crocidura_suaveolens,Cytb,C_H>T_H,C>T,G,0,0,0,285,0.0
Crocidura_suaveolens,Cytb,C_H>T_H,C>T,H,11,0,-11,285,-0.03859649122807018
Crocidura_suaveolens,Cytb,C_H>T_H,C>T,I,0,10,10,285,0.03508771929824561
Crocidura_suaveolens,Cytb,C_H>T_H,C>T,K,0,0,0,285,0.0
Crocidura_suaveolens,Cytb,C_H>T_H,C>T,L,17,32,15,285,0.05263157894736842
Crocidura_suaveolens,Cytb,C_H>T_H,C>T,M,0,12,12,285,0.042105263157894736
Crocidura_suaveolens,Cytb,C_H>T_H,C>T,N,0,0,0,285,0.0
Crocidura_suaveolens,Cytb,C_H>T_H,C>T,P,44,0,-44,285,-0.1543859649122807
Crocidura_suaveolens,Cytb,C_H>T_H,C>T,Q,7,0,-7,285,-0.02456140350877193
Crocidura_suaveolens,Cytb,C_H>T_H,C>T,R,8,0,-8,285,-0.028070175438596492
Crocidura_suaveolens,Cytb,C_H>T_H,C>T,S,23,22,-1,285,-0.0035087719298245615
Crocidura_suaveolens,Cytb,C_H>T_H,C>T,T,22,0,-22,285,-0.07719298245614035
Crocidura_suaveolens,Cytb,C_H>T_H,C>T,V,0,23,23,285,0.08070175438596491
Crocidura_suaveolens,Cytb,C_H>T_H,C>T,W,0,7,7,285,0.02456140350877193
Crocidura_suaveolens,Cytb,C_H>T_H,C>T,Y,0,11,11,285,0.03859649122807018
Crocuta_crocuta,CO1,A_H>G_H,A>G,A,0,38,38,409,0.09290953545232274
Crocuta_crocuta,CO1,A_H>G_H,A>G,C,0,19,19,409,0.04645476772616137
Crocuta_crocuta,CO1,A_H>G_H,A>G,D,17,15,-2,409,-0.004889975550122249
Crocuta_crocuta,CO1,A_H>G_H,A>G,E,10,9,-1,409,-0.0024449877750611247
Crocuta_crocuta,CO1,A_H>G_H,A>G,F,0,0,0,409,0.0
Crocuta_crocuta,CO1,A_H>G_H,A>G,G,0,30,30,409,0.07334963325183375
Crocuta_crocuta,CO1,A_H>G_H,A>G,H,18,0,-18,409,-0.044009779951100246
Crocuta_crocuta,CO1,A_H>G_H,A>G,I,36,0,-36,409,-0.08801955990220049
Crocuta_crocuta,CO1,A_H>G_H,A>G,K,18,0,-18,409,-0.044009779951100246
Crocuta_crocuta,CO1,A_H>G_H,A>G,L,0,0,0,409,0.0
Crocuta_crocuta,CO1,A_H>G_H,A>G,M,32,0,-32,409,-0.07823960880195599
Crocuta_crocuta,CO1,A_H>G_H,A>G,N,30,0,-30,409,-0.07334963325183375
Crocuta_crocuta,CO1,A_H>G_H,A>G,P,0,0,0,409,0.0
Crocuta_crocuta,CO1,A_H>G_H,A>G,Q,6,0,-6,409,-0.014669926650366748
Crocuta_crocuta,CO1,A_H>G_H,A>G,R,0,24,24,409,0.05867970660146699
Crocuta_crocuta,CO1,A_H>G_H,A>G,S,3,15,12,409,0.029339853300733496
Crocuta_crocuta,CO1,A_H>G_H,A>G,T,38,0,-38,409,-0.09290953545232274
Crocuta_crocuta,CO1,A_H>G_H,A>G,V,0,68,68,409,0.16625916870415647
Crocuta_crocuta,CO1,A_H>G_H,A>G,W,0,1,1,409,0.0024449877750611247
Crocuta_crocuta,CO1,A_H>G_H,A>G,Y,19,0,-19,409,-0.04645476772616137
Crocuta_crocuta,CO1,C_H>T_H,C>T,A,40,0,-40,392,-0.10204081632653061
Crocuta_crocuta,CO1,C_H>T_H,C>T,C,0,2,2,392,0.00510204081632653
Crocuta_crocuta,CO1,C_H>T_H,C>T,D,0,0,0,392,0.0
Crocuta_crocuta,CO1,C_H>T_H,C>T,E,0,0,0,392,0.0
Crocuta_crocuta,CO1,C_H>T_H,C>T,F,0,34,34,392,0.08673469387755102
Crocuta_crocuta,CO1,C_H>T_H,C>T,G,0,0,0,392,0.0
Crocuta_crocuta,CO1,C_H>T_H,C>T,H,18,0,-18,392,-0.04591836734693878
Crocuta_crocuta,CO1,C_H>T_H,C>T,I,0,21,21,392,0.05357142857142857
Crocuta_crocuta,CO1,C_H>T_H,C>T,K,0,0,0,392,0.0
Crocuta_crocuta,CO1,C_H>T_H,C>T,L,16,39,23,392,0.058673469387755105
Crocuta_crocuta,CO1,C_H>T_H,C>T,M,0,17,17,392,0.04336734693877551
Crocuta_crocuta,CO1,C_H>T_H,C>T,N,0,0,0,392,0.0
Crocuta_crocuta,CO1,C_H>T_H,C>T,P,56,0,-56,392,-0.14285714285714285
Crocuta_crocuta,CO1,C_H>T_H,C>T,Q,6,0,-6,392,-0.015306122448979591
Crocuta_crocuta,CO1,C_H>T_H,C>T,R,8,0,-8,392,-0.02040816326530612
Crocuta_crocuta,CO1,C_H>T_H,C>T,S,29,28,-1,392,-0.002551020408163265
Crocuta_crocuta,CO1,C_H>T_H,C>T,T,38,0,-38,392,-0.09693877551020408
Crocuta_crocuta,CO1,C_H>T_H,C>T,V,0,40,40,392,0.10204081632653061
Crocuta_crocuta,CO1,C_H>T_H,C>T,W,0,6,6,392,0.015306122448979591
Crocuta_crocuta,CO1,C_H>T_H,C>T,Y,0,18,18,392,0.04591836734693878
Crocuta_crocuta,CO3,A_H>G_H,A>G,A,0,24,24,209,0.11483253588516747
Crocuta_crocuta,CO3,A_H>G_H,A>G,C,0,11,11,209,0.05263157894736842
Crocuta_crocuta,CO3,A_H>G_H,A>G,D,3,7,4,209,0.019138755980861243
Crocuta_crocuta,CO3,A_H>G_H,A>G,E,8,3,-5,209,-0.023923444976076555
Crocuta_crocuta,CO3,A_H>G_H,A>G,F,0,0,0,209,0.0
Crocuta_crocuta,CO3,A_H>G_H,A>G,G,0,15,15,209,0.07177033492822966
Crocuta_crocuta,CO3,A_H>G_H,A>G,H,16,0,-16,209,-0.07655502392344497
Crocuta_crocuta,CO3,A_H>G_H,A>G,I,15,0,-15,209,-0.07177033492822966
Crocuta_crocuta,CO3,A_H>G_H,A>G,K,6,0,-6,209,-0.028708133971291867
Crocuta_crocuta,CO3,A_H>G_H,A>G,L,0,0,0,209,0.0
Crocuta_crocuta,CO3,A_H>G_H,A>G,M,12,0,-12,209,-0.05741626794258373
Crocuta_crocuta,CO3,A_H>G_H,A>G,N,14,0,-14,209,-0.06698564593301436
Crocuta_crocuta,CO3,A_H>G_H,A>G,P,0,0,0,209,0.0
Crocuta_crocuta,CO3,A_H>G_H,A>G,Q,7,0,-7,209,-0.03349282296650718
Crocuta_crocuta,CO3,A_H>G_H,A>G,R,0,23,23,209,0.11004784688995216
Crocuta_crocuta,CO3,A_H>G_H,A>G,S,4,7,3,209,0.014354066985645933
Crocuta_crocuta,CO3,A_H>G_H,A>G,T,24,0,-24,209,-0.11483253588516747
Crocuta_crocuta,CO3,A_H>G_H,A>G,V,0,27,27,209,0.1291866028708134
Crocuta_crocuta,CO3,A_H>G_H,A>G,W,0,0,0,209,0.0
Crocuta_crocuta,CO3,A_H>G_H,A>G,Y,11,0,-11,209,-0.05263157894736842
Crocuta_crocuta,CO3,C_H>T_H,C>T,A,13,0,-13,230,-0.05652173913043478
Crocuta_crocuta,CO3,C_H>T_H,C>T,C,0,2,2,230,0.008695652173913044
Crocuta_crocuta,CO3,C_H>T_H,C>T,D,0,0,0,230,0.0
Crocuta_crocuta,CO3,C_H>T_H,C>T,E,0,0,0,230,0.0
Crocuta_crocuta,CO3,C_H>T_H,C>T,F,0,21,21,230,0.09130434782608696
Crocuta_crocuta,CO3,C_H>T_H,C>T,G,0,0,0,230,0.0
Crocuta_crocuta,CO3,C_H>T_H,C>T,H,16,0,-16,230,-0.06956521739130435
Crocuta_crocuta,CO3,C_H>T_H,C>T,I,0,14,14,230,0.06086956521739131
Crocuta_crocuta,CO3,C_H>T_H,C>T,K,0,0,0,230,0.0
Crocuta_crocuta,CO3,C_H>T_H,C>T,L,10,18,8,230,0.034782608695652174
Crocuta_crocuta,CO3,C_H>T_H,C>T,M,0,10,10,230,0.043478260869565216
Crocuta_crocuta,CO3,C_H>T_H,C>T,N,0,0,0,230,0.0
Crocuta_crocuta,CO3,C_H>T_H,C>T,P,22,0,-22,230,-0.09565217391304348
Crocuta_crocuta,CO3,C_H>T_H,C>T,Q,7,0,-7,230,-0.030434782608695653
Crocuta_crocuta,CO3,C_H>T_H,C>T,R,5,0,-5,230,-0.021739130434782608
Crocuta_crocuta,CO3,C_H>T_H,C>T,S,18,11,-7,230,-0.030434782608695653
Crocuta_crocuta,CO3,C_H>T_H,C>T,T,24,0,-24,230,-0.10434782608695652
Crocuta_crocuta,CO3,C_H>T_H,C>T,V,0,13,13,230,0.05652173913043478
Crocuta_crocuta,CO3,C_H>T_H,C>T,W,0,3,3,230,0.013043478260869565
Crocuta_crocuta,CO3,C_H>T_H,C>T,Y,0,16,16,230,0.06956521739130435
Crocuta_crocuta,Cytb,A_H>G_H,A>G,A,0,33,33,355,0.09295774647887324
Crocuta_crocuta,Cytb,A_H>G_H,A>G,C,0,16,16,355,0.04507042253521127
Crocuta_crocuta,Cytb,A_H>G_H,A>G,D,11,15,4,355,0.011267605633802818
Crocuta_crocuta,Cytb,A_H>G_H,A>G,E,6,10,4,355,0.011267605633802818
Crocuta_crocuta,Cytb,A_H>G_H,A>G,F,0,0,0,355,0.0
Crocuta_crocuta,Cytb,A_H>G_H,A>G,G,0,20,20,355,0.056338028169014086
Crocuta_crocuta,Cytb,A_H>G_H,A>G,H,13,0,-13,355,-0.036619718309859155
Crocuta_crocuta,Cytb,A_H>G_H,A>G,I,42,0,-42,355,-0.11830985915492957
Crocuta_crocuta,Cytb,A_H>G_H,A>G,K,20,0,-20,355,-0.056338028169014086
Crocuta_crocuta,Cytb,A_H>G_H,A>G,L,0,0,0,355,0.0
Crocuta_crocuta,Cytb,A_H>G_H,A>G,M,14,0,-14,355,-0.03943661971830986
Crocuta_crocuta,Cytb,A_H>G_H,A>G,N,30,0,-30,355,-0.08450704225352113
Crocuta_crocuta,Cytb,A_H>G_H,A>G,P,0,0,0,355,0.0
Crocuta_crocuta,Cytb,A_H>G_H,A>G,Q,6,0,-6,355,-0.016901408450704224
Crocuta_crocuta,Cytb,A_H>G_H,A>G,R,0,19,19,355,0.05352112676056338
Crocuta_crocuta,Cytb,A_H>G_H,A>G,S,2,15,13,355,0.036619718309859155
Crocuta_crocuta,Cytb,A_H>G_H,A>G,T,33,0,-33,355,-0.09295774647887324
Crocuta_crocuta,Cytb,A_H>G_H,A>G,V,0,56,56,355,0.15774647887323945
Crocuta_crocuta,Cytb,A_H>G_H,A>G,W,0,0,0,355,0.0
Crocuta_crocuta,Cytb,A_H>G_H,A>G,Y,16,0,-16,355,-0.04507042253521127
Crocuta_crocuta,Cytb,C_H>T_H,C>T,A,18,0,-18,350,-0.05142857142857143
Crocuta_crocuta,Cytb,C_H>T_H,C>T,C,0,0,0,350,0.0
Crocuta_crocuta,Cytb,C_H>T_H,C>T,D,0,0,0,350,0.0
Crocuta_crocuta,Cytb,C_H>T_H,C>T,E,0,0,0,350,0.0
Crocuta_crocuta,Cytb,C_H>T_H,C>T,F,0,23,23,350,0.06571428571428571
Crocuta_crocuta,Cytb,C_H>T_H,C>T,G,0,0,0,350,0.0
Crocuta_crocuta,Cytb,C_H>T_H,C>T,H,13,0,-13,350,-0.037142857142857144
Crocuta_crocuta,Cytb,C_H>T_H,C>T,I,0,14,14,350,0.04
Crocuta_crocuta,Cytb,C_H>T_H,C>T,K,0,0,0,350,0.0
Crocuta_crocuta,Cytb,C_H>T_H,C>T,L,14,38,24,350,0.06857142857142857
Crocuta_crocuta,Cytb,C_H>T_H,C>T,M,0,19,19,350,0.054285714285714284
Crocuta_crocuta,Cytb,C_H>T_H,C>T,N,0,0,0,350,0.0
Crocuta_crocuta,Cytb,C_H>T_H,C>T,P,46,0,-46,350,-0.13142857142857142
Crocuta_crocuta,Cytb,C_H>T_H,C>T,Q,6,0,-6,350,-0.017142857142857144
Crocuta_crocuta,Cytb,C_H>T_H,C>T,R,8,0,-8,350,-0.022857142857142857
Crocuta_crocuta,Cytb,C_H>T_H,C>T,S,24,23,-1,350,-0.002857142857142857
Crocuta_crocuta,Cytb,C_H>T_H,C>T,T,33,0,-33,350,-0.09428571428571429
Crocuta_crocuta,Cytb,C_H>T_H,C>T,V,0,18,18,350,0.05142857142857143
Crocuta_crocuta,Cytb,C_H>T_H,C>T,W,0,8,8,350,0.022857142857142857
Crocuta_crocuta,Cytb,C_H>T_H,C>T,Y,0,13,13,350,0.037142857142857144
Dicrostonyx_torquatus,CO1,A_H>G_H,A>G,A,0,37,37,440,0.08409090909090909
Dicrostonyx_torquatus,CO1,A_H>G_H,A>G,C,0,18,18,440,0.04090909090909091
Dicrostonyx_torquatus,CO1,A_H>G_H,A>G,D,17,16,-1,440,-0.0022727272727272726
Dicrostonyx_torquatus,CO1,A_H>G_H,A>G,E,9,10,1,440,0.0022727272727272726
Dicrostonyx_torquatus,CO1,A_H>G_H,A>G,F,0,0,0,440,0.0
Dicrostonyx_torquatus,CO1,A_H>G_H,A>G,G,0,29,29,440,0.0659090909090909
Dicrostonyx_torquatus,CO1,A_H>G_H,A>G,H,20,0,-20,440,-0.045454545454545456
Dicrostonyx_torquatus,CO1,A_H>G_H,A>G,I,38,0,-38,440,-0.08636363636363636
Dicrostonyx_torquatus,CO1,A_H>G_H,A>G,K,20,0,-20,440,-0.045454545454545456
Dicrostonyx_torquatus,CO1,A_H>G_H,A>G,L,0,0,0,440,0.0
Dicrostonyx_torquatus,CO1,A_H>G_H,A>G,M,30,0,-30,440,-0.06818181818181818
Dicrostonyx_torquatus,CO1,A_H>G_H,A>G,N,32,0,-32,440,-0.07272727272727272
Dicrostonyx_torquatus,CO1,A_H>G_H,A>G,P,0,0,0,440,0.0
Dicrostonyx_torquatus,CO1,A_H>G_H,A>G,Q,6,0,-6,440,-0.013636363636363636
Dicrostonyx_torquatus,CO1,A_H>G_H,A>G,R,0,26,26,440,0.05909090909090909
Dicrostonyx_torquatus,CO1,A_H>G_H,A>G,S,3,16,13,440,0.029545454545454545
Dicrostonyx_torquatus,CO1,A_H>G_H,A>G,T,37,0,-37,440,-0.08409090909090909
Dicrostonyx_torquatus,CO1,A_H>G_H,A>G,V,0,68,68,440,0.15454545454545454
Dicrostonyx_torquatus,CO1,A_H>G_H,A>G,W,0,1,1,440,0.0022727272727272726
Dicrostonyx_torquatus,CO1,A_H>G_H,A>G,Y,18,0,-18,440,-0.04090909090909091
Dicrostonyx_torquatus,CO1,C_H>T_H,C>T,A,42,0,-42,400,-0.105
Dicrostonyx_torquatus,CO1,C_H>T_H,C>T,C,0,2,2,400,0.005
Dicrostonyx_torquatus,CO1,C_H>T_H,C>T,D,0,0,0,400,0.0
Dicrostonyx_torquatus,CO1,C_H>T_H,C>T,E,0,0,0,400,0.0
Dicrostonyx_torquatus,CO1,C_H>T_H,C>T,F,0,37,37,400,0.0925
Dicrostonyx_torquatus,CO1,C_H>T_H,C>T,G,0,0,0,400,0.0
Dicrostonyx_torquatus,CO1,C_H>T_H,C>T,H,20,0,-20,400,-0.05
Dicrostonyx_torquatus,CO1,C_H>T_H,C>T,I,0,16,16,400,0.04
Dicrostonyx_torquatus,CO1,C_H>T_H,C>T,K,0,0,0,400,0.0
Dicrostonyx_torquatus,CO1,C_H>T_H,C>T,L,22,39,17,400,0.0425
Dicrostonyx_torquatus,CO1,C_H>T_H,C>T,M,0,21,21,400,0.0525
Dicrostonyx_torquatus,CO1,C_H>T_H,C>T,N,0,0,0,400,0.0
Dicrostonyx_torquatus,CO1,C_H>T_H,C>T,P,56,0,-56,400,-0.14
Dicrostonyx_torquatus,CO1,C_H>T_H,C>T,Q,6,0,-6,400,-0.015
Dicrostonyx_torquatus,CO1,C_H>T_H,C>T,R,8,0,-8,400,-0.02
Dicrostonyx_torquatus,CO1,C_H>T_H,C>T,S,26,28,2,400,0.005
Dicrostonyx_torquatus,CO1,C_H>T_H,C>T,T,37,0,-37,400,-0.0925
Dicrostonyx_torquatus,CO1,C_H>T_H,C>T,V,0,42,42,400,0.105
Dicrostonyx_torquatus,CO1,C_H>T_H,C>T,W,0,6,6,400,0.015
Dicrostonyx_torquatus,CO1,C_H>T_H,C>T,Y,0,20,20,400,0.05
Dicrostonyx_torquatus,CO3,A_H>G_H,A>G,A,0,21,21,225,0.09333333333333334
Dicrostonyx_torquatus,CO3,A_H>G_H,A>G,C,0,10,10,225,0.044444444444444446
Dicrostonyx_torquatus,CO3,A_H>G_H,A>G,D,4,8,4,225,0.017777777777777778
Dicrostonyx_torquatus,CO3,A_H>G_H,A>G,E,7,4,-3,225,-0.013333333333333334
Dicrostonyx_torquatus,CO3,A_H>G_H,A>G,F,0,0,0,225,0.0
Dicrostonyx_torquatus,CO3,A_H>G_H,A>G,G,0,14,14,225,0.06222222222222222
Dicrostonyx_torquatus,CO3,A_H>G_H,A>G,H,16,0,-16,225,-0.07111111111111111
Dicrostonyx_torquatus,CO3,A_H>G_H,A>G,I,19,0,-19,225,-0.08444444444444445
Dicrostonyx_torquatus,CO3,A_H>G_H,A>G,K,8,0,-8,225,-0.035555555555555556
Dicrostonyx_torquatus,CO3,A_H>G_H,A>G,L,0,0,0,225,0.0
Dicrostonyx_torquatus,CO3,A_H>G_H,A>G,M,9,0,-9,225,-0.04
Dicrostonyx_torquatus,CO3,A_H>G_H,A>G,N,16,0,-16,225,-0.07111111111111111
Dicrostonyx_torquatus,CO3,A_H>G_H,A>G,P,0,0,0,225,0.0
Dicrostonyx_torquatus,CO3,A_H>G_H,A>G,Q,7,0,-7,225,-0.03111111111111111
Dicrostonyx_torquatus,CO3,A_H>G_H,A>G,R,0,23,23,225,0.10222222222222223
Dicrostonyx_torquatus,CO3,A_H>G_H,A>G,S,3,8,5,225,0.022222222222222223
Dicrostonyx_torquatus,CO3,A_H>G_H,A>G,T,21,0,-21,225,-0.09333333333333334
Dicrostonyx_torquatus,CO3,A_H>G_H,A>G,V,0,28,28,225,0.12444444444444444
Dicrostonyx_torquatus,CO3,A_H>G_H,A>G,W,0,0,0,225,0.0
Dicrostonyx_torquatus,CO3,A_H>G_H,A>G,Y,10,0,-10,225,-0.044444444444444446
Dicrostonyx_torquatus,CO3,C_H>T_H,C>T,A,13,0,-13,230,-0.05652173913043478
Dicrostonyx_torquatus,CO3,C_H>T_H,C>T,C,0,2,2,230,0.008695652173913044
Dicrostonyx_torquatus,CO3,C_H>T_H,C>T,D,0,0,0,230,0.0
Dicrostonyx_torquatus,CO3,C_H>T_H,C>T,E,0,0,0,230,0.0
Dicrostonyx_torquatus,CO3,C_H>T_H,C>T,F,0,22,22,230,0.09565217391304348
Dicrostonyx_torquatus,CO3,C_H>T_H,C>T,G,0,0,0,230,0.0
Dicrostonyx_torquatus,CO3,C_H>T_H,C>T,H,16,0,-16,230,-0.06956521739130435
Dicrostonyx_torquatus,CO3,C_H>T_H,C>T,I,0,14,14,230,0.06086956521739131
Dicrostonyx_torquatus,CO3,C_H>T_H,C>T,K,0,0,0,230,0.0
Dicrostonyx_torquatus,CO3,C_H>T_H,C>T,L,13,20,7,230,0.030434782608695653
Dicrostonyx_torquatus,CO3,C_H>T_H,C>T,M,0,7,7,230,0.030434782608695653
Dicrostonyx_torquatus,CO3,C_H>T_H,C>T,N,0,0,0,230,0.0
Dicrostonyx_torquatus,CO3,C_H>T_H,C>T,P,20,0,-20,230,-0.08695652173913043
Dicrostonyx_torquatus,CO3,C_H>T_H,C>T,Q,7,0,-7,230,-0.030434782608695653
Dicrostonyx_torquatus,CO3,C_H>T_H,C>T,R,5,0,-5,230,-0.021739130434782608
Dicrostonyx_torquatus,CO3,C_H>T_H,C>T,S,19,10,-9,230,-0.0391304347826087
Dicrostonyx_torquatus,CO3,C_H>T_H,C>T,T,21,0,-21,230,-0.09130434782608696
Dicrostonyx_torquatus,CO3,C_H>T_H,C>T,V,0,13,13,230,0.05652173913043478
Dicrostonyx_torquatus,CO3,C_H>T_H,C>T,W,0,3,3,230,0.013043478260869565
Dicrostonyx_torquatus,CO3,C_H>T_H,C>T,Y,0,16,16,230,0.06956521739130435
Dicrostonyx_torquatus,Cytb,A_H>G_H,A>G,A,0,25,25,342,0.07309941520467836
Dicrostonyx_torquatus,Cytb,A_H>G_H,A>G,C,0,16,16,342,0.04678362573099415
Dicrostonyx_torquatus,Cytb,A_H>G_H,A>G,D,13,16,3,342,0.008771929824561403
Dicrostonyx_torquatus,Cytb,A_H>G_H,A>G,E,6,9,3,342,0.008771929824561403
Dicrostonyx_torquatus,Cytb,A_H>G_H,A>G,F,0,0,0,342,0.0
Dicrostonyx_torquatus,Cytb,A_H>G_H,A>G,G,0,20,20,342,0.05847953216374269
Dicrostonyx_torquatus,Cytb,A_H>G_H,A>G,H,12,0,-12,342,-0.03508771929824561
Dicrostonyx_torquatus,Cytb,A_H>G_H,A>G,I,48,0,-48,342,-0.14035087719298245
Dicrostonyx_torquatus,Cytb,A_H>G_H,A>G,K,18,0,-18,342,-0.05263157894736842
Dicrostonyx_torquatus,Cytb,A_H>G_H,A>G,L,0,0,0,342,0.0
Dicrostonyx_torquatus,Cytb,A_H>G_H,A>G,M,15,0,-15,342,-0.043859649122807015
Dicrostonyx_torquatus,Cytb,A_H>G_H,A>G,N,32,0,-32,342,-0.0935672514619883
Dicrostonyx_torquatus,Cytb,A_H>G_H,A>G,P,0,0,0,342,0.0
Dicrostonyx_torquatus,Cytb,A_H>G_H,A>G,Q,6,0,-6,342,-0.017543859649122806
Dicrostonyx_torquatus,Cytb,A_H>G_H,A>G,R,0,18,18,342,0.05263157894736842
Dicrostonyx_torquatus,Cytb,A_H>G_H,A>G,S,1,16,15,342,0.043859649122807015
Dicrostonyx_torquatus,Cytb,A_H>G_H,A>G,T,25,0,-25,342,-0.07309941520467836
Dicrostonyx_torquatus,Cytb,A_H>G_H,A>G,V,0,63,63,342,0.18421052631578946
Dicrostonyx_torquatus,Cytb,A_H>G_H,A>G,W,0,1,1,342,0.0029239766081871343
Dicrostonyx_torquatus,Cytb,A_H>G_H,A>G,Y,16,0,-16,342,-0.04678362573099415
Dicrostonyx_torquatus,Cytb,C_H>T_H,C>T,A,25,0,-25,335,-0.07462686567164178
Dicrostonyx_torquatus,Cytb,C_H>T_H,C>T,C,0,2,2,335,0.005970149253731343
Dicrostonyx_torquatus,Cytb,C_H>T_H,C>T,D,0,0,0,335,0.0
Dicrostonyx_torquatus,Cytb,C_H>T_H,C>T,E,0,0,0,335,0.0
Dicrostonyx_torquatus,Cytb,C_H>T_H,C>T,F,0,31,31,335,0.09253731343283582
Dicrostonyx_torquatus,Cytb,C_H>T_H,C>T,G,0,0,0,335,0.0
Dicrostonyx_torquatus,Cytb,C_H>T_H,C>T,H,12,0,-12,335,-0.03582089552238806
Dicrostonyx_torquatus,Cytb,C_H>T_H,C>T,I,0,8,8,335,0.023880597014925373
Dicrostonyx_torquatus,Cytb,C_H>T_H,C>T,K,0,0,0,335,0.0
Dicrostonyx_torquatus,Cytb,C_H>T_H,C>T,L,19,31,12,335,0.03582089552238806
Dicrostonyx_torquatus,Cytb,C_H>T_H,C>T,M,0,17,17,335,0.050746268656716415
Dicrostonyx_torquatus,Cytb,C_H>T_H,C>T,N,0,0,0,335,0.0
Dicrostonyx_torquatus,Cytb,C_H>T_H,C>T,P,44,0,-44,335,-0.13134328358208955
Dicrostonyx_torquatus,Cytb,C_H>T_H,C>T,Q,6,0,-6,335,-0.01791044776119403
Dicrostonyx_torquatus,Cytb,C_H>T_H,C>T,R,8,0,-8,335,-0.023880597014925373
Dicrostonyx_torquatus,Cytb,C_H>T_H,C>T,S,21,22,1,335,0.0029850746268656717
Dicrostonyx_torquatus,Cytb,C_H>T_H,C>T,T,25,0,-25,335,-0.07462686567164178
Dicrostonyx_torquatus,Cytb,C_H>T_H,C>T,V,0,25,25,335,0.07462686567164178
Dicrostonyx_torquatus,Cytb,C_H>T_H,C>T,W,0,6,6,335,0.01791044776119403
Dicrostonyx_torquatus,Cytb,C_H>T_H,C>T,Y,0,12,12,335,0.03582089552238806
Equus_caballus,CO1,A_H>G_H,A>G,A,0,39,39,432,0.09027777777777778
Equus_caballus,CO1,A_H>G_H,A>G,C,0,19,19,432,0.04398148148148148
Equus_caballus,CO1,A_H>G_H,A>G,D,14,18,4,432,0.009259259259259259
Equus_caballus,CO1,A_H>G_H,A>G,E,10,9,-1,432,-0.0023148148148148147
Equus_caballus,CO1,A_H>G_H,A>G,F,0,0,0,432,0.0
Equus_caballus,CO1,A_H>G_H,A>G,G,0,27,27,432,0.0625
Equus_caballus,CO1,A_H>G_H,A>G,H,18,0,-18,432,-0.041666666666666664
Equus_caballus,CO1,A_H>G_H,A>G,I,39,0,-39,432,-0.09027777777777778
Equus_caballus,CO1,A_H>G_H,A>G,K,18,0,-18,432,-0.041666666666666664
Equus_caballus,CO1,A_H>G_H,A>G,L,0,0,0,432,0.0
Equus_caballus,CO1,A_H>G_H,A>G,M,31,0,-31,432,-0.07175925925925926
Equus_caballus,CO1,A_H>G_H,A>G,N,36,0,-36,432,-0.08333333333333333
Equus_caballus,CO1,A_H>G_H,A>G,P,0,0,0,432,0.0
Equus_caballus,CO1,A_H>G_H,A>G,Q,7,0,-7,432,-0.016203703703703703
Equus_caballus,CO1,A_H>G_H,A>G,R,0,25,25,432,0.05787037037037037
Equus_caballus,CO1,A_H>G_H,A>G,S,3,18,15,432,0.034722222222222224
Equus_caballus,CO1,A_H>G_H,A>G,T,39,0,-39,432,-0.09027777777777778
Equus_caballus,CO1,A_H>G_H,A>G,V,0,70,70,432,0.16203703703703703
Equus_caballus,CO1,A_H>G_H,A>G,W,0,1,1,432,0.0023148148148148147
Equus_caballus,CO1,A_H>G_H,A>G,Y,19,0,-19,432,-0.04398148148148148
Equus_caballus,CO1,C_H>T_H,C>T,A,40,0,-40,419,-0.0954653937947494
Equus_caballus,CO1,C_H>T_H,C>T,C,0,4,4,419,0.00954653937947494
Equus_caballus,CO1,C_H>T_H,C>T,D,0,0,0,419,0.0
Equus_caballus,CO1,C_H>T_H,C>T,E,0,0,0,419,0.0
Equus_caballus,CO1,C_H>T_H,C>T,F,0,37,37,419,0.0883054892601432
Equus_caballus,CO1,C_H>T_H,C>T,G,0,0,0,419,0.0
Equus_caballus,CO1,C_H>T_H,C>T,H,18,0,-18,419,-0.04295942720763723
Equus_caballus,CO1,C_H>T_H,C>T,I,0,22,22,419,0.05250596658711217
Equus_caballus,CO1,C_H>T_H,C>T,K,0,0,0,419,0.0
Equus_caballus,CO1,C_H>T_H,C>T,L,22,41,19,419,0.045346062052505964
Equus_caballus,CO1,C_H>T_H,C>T,M,0,17,17,419,0.0405727923627685
Equus_caballus,CO1,C_H>T_H,C>T,N,0,0,0,419,0.0
Equus_caballus,CO1,C_H>T_H,C>T,P,56,0,-56,419,-0.13365155131264916
Equus_caballus,CO1,C_H>T_H,C>T,Q,7,0,-7,419,-0.016706443914081145
Equus_caballus,CO1,C_H>T_H,C>T,R,8,0,-8,419,-0.01909307875894988
Equus_caballus,CO1,C_H>T_H,C>T,S,28,28,0,419,0.0
Equus_caballus,CO1,C_H>T_H,C>T,T,39,0,-39,419,-0.09307875894988067
Equus_caballus,CO1,C_H>T_H,C>T,V,0,40,40,419,0.0954653937947494
Equus_caballus,CO1,C_H>T_H,C>T,W,0,4,4,419,0.00954653937947494
Equus_caballus,CO1,C_H>T_H,C>T,Y,0,18,18,419,0.04295942720763723
Equus_caballus,CO3,A_H>G_H,A>G,A,0,20,20,214,0.09345794392523364
Equus_caballus,CO3,A_H>G_H,A>G,C,0,11,11,214,0.0514018691588785
Equus_caballus,CO3,A_H>G_H,A>G,D,3,7,4,214,0.018691588785046728
Equus_caballus,CO3,A_H>G_H,A>G,E,8,3,-5,214,-0.02336448598130841
Equus_caballus,CO3,A_H>G_H,A>G,F,0,0,0,214,0.0
Equus_caballus,CO3,A_H>G_H,A>G,G,0,16,16,214,0.07476635514018691
Equus_caballus,CO3,A_H>G_H,A>G,H,16,0,-16,214,-0.07476635514018691
Equus_caballus,CO3,A_H>G_H,A>G,I,16,0,-16,214,-0.07476635514018691
Equus_caballus,CO3,A_H>G_H,A>G,K,6,0,-6,214,-0.028037383177570093
Equus_caballus,CO3,A_H>G_H,A>G,L,0,0,0,214,0.0
Equus_caballus,CO3,A_H>G_H,A>G,M,9,0,-9,214,-0.04205607476635514
Equus_caballus,CO3,A_H>G_H,A>G,N,14,0,-14,214,-0.06542056074766354
Equus_caballus,CO3,A_H>G_H,A>G,P,0,0,0,214,0.0
Equus_caballus,CO3,A_H>G_H,A>G,Q,7,0,-7,214,-0.03271028037383177
Equus_caballus,CO3,A_H>G_H,A>G,R,0,23,23,214,0.10747663551401869
Equus_caballus,CO3,A_H>G_H,A>G,S,5,7,2,214,0.009345794392523364
Equus_caballus,CO3,A_H>G_H,A>G,T,20,0,-20,214,-0.09345794392523364
Equus_caballus,CO3,A_H>G_H,A>G,V,0,25,25,214,0.11682242990654206
Equus_caballus,CO3,A_H>G_H,A>G,W,0,0,0,214,0.0
Equus_caballus,CO3,A_H>G_H,A>G,Y,11,0,-11,214,-0.0514018691588785
Equus_caballus,CO3,C_H>T_H,C>T,A,15,0,-15,236,-0.0635593220338983
Equus_caballus,CO3,C_H>T_H,C>T,C,0,2,2,236,0.00847457627118644
Equus_caballus,CO3,C_H>T_H,C>T,D,0,0,0,236,0.0
Equus_caballus,CO3,C_H>T_H,C>T,E,0,0,0,236,0.0
Equus_caballus,CO3,C_H>T_H,C>T,F,0,20,20,236,0.0847457627118644
Equus_caballus,CO3,C_H>T_H,C>T,G,0,0,0,236,0.0
Equus_caballus,CO3,C_H>T_H,C>T,H,16,0,-16,236,-0.06779661016949153
Equus_caballus,CO3,C_H>T_H,C>T,I,0,10,10,236,0.0423728813559322
Equus_caballus,CO3,C_H>T_H,C>T,K,0,0,0,236,0.0
Equus_caballus,CO3,C_H>T_H,C>T,L,13,22,9,236,0.038135593220338986
Equus_caballus,CO3,C_H>T_H,C>T,M,0,10,10,236,0.0423728813559322
Equus_caballus,CO3,C_H>T_H,C>T,N,0,0,0,236,0.0
Equus_caballus,CO3,C_H>T_H,C>T,P,20,0,-20,236,-0.0847457627118644
Equus_caballus,CO3,C_H>T_H,C>T,Q,7,0,-7,236,-0.029661016949152543
Equus_caballus,CO3,C_H>T_H,C>T,R,5,0,-5,236,-0.0211864406779661
Equus_caballus,CO3,C_H>T_H,C>T,S,19,10,-9,236,-0.038135593220338986
Equus_caballus,CO3,C_H>T_H,C>T,T,20,0,-20,236,-0.0847457627118644
Equus_caballus,CO3,C_H>T_H,C>T,V,0,15,15,236,0.0635593220338983
Equus_caballus,CO3,C_H>T_H,C>T,W,0,3,3,236,0.012711864406779662
Equus_caballus,CO3,C_H>T_H,C>T,Y,0,16,16,236,0.06779661016949153
Equus_caballus,Cytb,A_H>G_H,A>G,A,0,27,27,321,0.08411214953271028
Equus_caballus,Cytb,A_H>G_H,A>G,C,0,15,15,321,0.04672897196261682
Equus_caballus,Cytb,A_H>G_H,A>G,D,10,16,6,321,0.018691588785046728
Equus_caballus,Cytb,A_H>G_H,A>G,E,6,9,3,321,0.009345794392523364
Equus_caballus,Cytb,A_H>G_H,A>G,F,0,0,0,321,0.0
Equus_caballus,Cytb,A_H>G_H,A>G,G,0,21,21,321,0.06542056074766354
Equus_caballus,Cytb,A_H>G_H,A>G,H,13,0,-13,321,-0.040498442367601244
Equus_caballus,Cytb,A_H>G_H,A>G,I,43,0,-43,321,-0.13395638629283488
Equus_caballus,Cytb,A_H>G_H,A>G,K,18,0,-18,321,-0.056074766355140186
Equus_caballus,Cytb,A_H>G_H,A>G,L,0,0,0,321,0.0
Equus_caballus,Cytb,A_H>G_H,A>G,M,11,0,-11,321,-0.03426791277258567
Equus_caballus,Cytb,A_H>G_H,A>G,N,32,0,-32,321,-0.09968847352024922
Equus_caballus,Cytb,A_H>G_H,A>G,P,0,0,0,321,0.0
Equus_caballus,Cytb,A_H>G_H,A>G,Q,6,0,-6,321,-0.018691588785046728
Equus_caballus,Cytb,A_H>G_H,A>G,R,0,19,19,321,0.059190031152647975
Equus_caballus,Cytb,A_H>G_H,A>G,S,4,16,12,321,0.037383177570093455
Equus_caballus,Cytb,A_H>G_H,A>G,T,27,0,-27,321,-0.08411214953271028
Equus_caballus,Cytb,A_H>G_H,A>G,V,0,54,54,321,0.16822429906542055
Equus_caballus,Cytb,A_H>G_H,A>G,W,0,0,0,321,0.0
Equus_caballus,Cytb,A_H>G_H,A>G,Y,15,0,-15,321,-0.04672897196261682
Equus_caballus,Cytb,C_H>T_H,C>T,A,20,0,-20,365,-0.0547945205479452
Equus_caballus,Cytb,C_H>T_H,C>T,C,0,3,3,365,0.00821917808219178
Equus_caballus,Cytb,C_H>T_H,C>T,D,0,0,0,365,0.0
Equus_caballus,Cytb,C_H>T_H,C>T,E,0,0,0,365,0.0
Equus_caballus,Cytb,C_H>T_H,C>T,F,0,38,38,365,0.10410958904109589
Equus_caballus,Cytb,C_H>T_H,C>T,G,0,0,0,365,0.0
Equus_caballus,Cytb,C_H>T_H,C>T,H,13,0,-13,365,-0.03561643835616438
Equus_caballus,Cytb,C_H>T_H,C>T,I,0,11,11,365,0.030136986301369864
Equus_caballus,Cytb,C_H>T_H,C>T,K,0,0,0,365,0.0
Equus_caballus,Cytb,C_H>T_H,C>T,L,25,33,8,365,0.021917808219178082
Equus_caballus,Cytb,C_H>T_H,C>T,M,0,16,16,365,0.043835616438356165
Equus_caballus,Cytb,C_H>T_H,C>T,N,0,0,0,365,0.0
Equus_caballus,Cytb,C_H>T_H,C>T,P,46,0,-46,365,-0.12602739726027398
Equus_caballus,Cytb,C_H>T_H,C>T,Q,6,0,-6,365,-0.01643835616438356
Equus_caballus,Cytb,C_H>T_H,C>T,R,8,0,-8,365,-0.021917808219178082
Equus_caballus,Cytb,C_H>T_H,C>T,S,23,23,0,365,0.0
Equus_caballus,Cytb,C_H>T_H,C>T,T,27,0,-27,365,-0.07397260273972603
Equus_caballus,Cytb,C_H>T_H,C>T,V,0,20,20,365,0.0547945205479452
Equus_caballus,Cytb,C_H>T_H,C>T,W,0,5,5,365,0.0136986301369863
Equus_caballus,Cytb,C_H>T_H,C>T,Y,0,13,13,365,0.03561643835616438
Guerlinguetus_brasiliensis,CO1,A_H>G_H,A>G,A,0,39,39,437,0.08924485125858124
Guerlinguetus_brasiliensis,CO1,A_H>G_H,A>G,C,0,19,19,437,0.043478260869565216
Guerlinguetus_brasiliensis,CO1,A_H>G_H,A>G,D,15,17,2,437,0.004576659038901602
Guerlinguetus_brasiliensis,CO1,A_H>G_H,A>G,E,10,9,-1,437,-0.002288329519450801
Guerlinguetus_brasiliensis,CO1,A_H>G_H,A>G,F,0,0,0,437,0.0
Guerlinguetus_brasiliensis,CO1,A_H>G_H,A>G,G,0,28,28,437,0.06407322654462243
Guerlinguetus_brasiliensis,CO1,A_H>G_H,A>G,H,18,0,-18,437,-0.041189931350114416
Guerlinguetus_brasiliensis,CO1,A_H>G_H,A>G,I,37,0,-37,437,-0.08466819221967964
Guerlinguetus_brasiliensis,CO1,A_H>G_H,A>G,K,18,0,-18,437,-0.041189931350114416
Guerlinguetus_brasiliensis,CO1,A_H>G_H,A>G,L,0,0,0,437,0.0
Guerlinguetus_brasiliensis,CO1,A_H>G_H,A>G,M,30,0,-30,437,-0.06864988558352403
Guerlinguetus_brasiliensis,CO1,A_H>G_H,A>G,N,34,0,-34,437,-0.07780320366132723
Guerlinguetus_brasiliensis,CO1,A_H>G_H,A>G,P,0,0,0,437,0.0
Guerlinguetus_brasiliensis,CO1,A_H>G_H,A>G,Q,6,0,-6,437,-0.013729977116704805
Guerlinguetus_brasiliensis,CO1,A_H>G_H,A>G,R,0,24,24,437,0.05491990846681922
Guerlinguetus_brasiliensis,CO1,A_H>G_H,A>G,S,3,17,14,437,0.032036613272311214
Guerlinguetus_brasiliensis,CO1,A_H>G_H,A>G,T,39,0,-39,437,-0.08924485125858124
Guerlinguetus_brasiliensis,CO1,A_H>G_H,A>G,V,0,67,67,437,0.15331807780320367
Guerlinguetus_brasiliensis,CO1,A_H>G_H,A>G,W,0,1,1,437,0.002288329519450801
Guerlinguetus_brasiliensis,CO1,A_H>G_H,A>G,Y,19,0,-19,437,-0.043478260869565216
Guerlinguetus_brasiliensis,CO1,C_H>T_H,C>T,A,41,0,-41,336,-0.12202380952380952
Guerlinguetus_brasiliensis,CO1,C_H>T_H,C>T,C,0,1,1,336,0.002976190476190476
Guerlinguetus_brasiliensis,CO1,C_H>T_H,C>T,D,0,0,0,336,0.0
Guerlinguetus_brasiliensis,CO1,C_H>T_H,C>T,E,0,0,0,336,0.0
Guerlinguetus_brasiliensis,CO1,C_H>T_H,C>T,F,0,33,33,336,0.09821428571428571
Guerlinguetus_brasiliensis,CO1,C_H>T_H,C>T,G,0,0,0,336,0.0
Guerlinguetus_brasiliensis,CO1,C_H>T_H,C>T,H,18,0,-18,336,-0.05357142857142857
Guerlinguetus_brasiliensis,CO1,C_H>T_H,C>T,I,0,21,21,336,0.0625
Guerlinguetus_brasiliensis,CO1,C_H>T_H,C>T,K,0,0,0,336,0.0
Guerlinguetus_brasiliensis,CO1,C_H>T_H,C>T,L,21,43,22,336,0.06547619047619048
Guerlinguetus_brasiliensis,CO1,C_H>T_H,C>T,M,0,18,18,336,0.05357142857142857
Guerlinguetus_brasiliensis,CO1,C_H>T_H,C>T,N,0,0,0,336,0.0
Guerlinguetus_brasiliensis,CO1,C_H>T_H,C>T,P,56,0,-56,336,-0.16666666666666666
Guerlinguetus_brasiliensis,CO1,C_H>T_H,C>T,Q,6,0,-6,336,-0.017857142857142856
Guerlinguetus_brasiliensis,CO1,C_H>T_H,C>T,R,8,0,-8,336,-0.023809523809523808
Guerlinguetus_brasiliensis,CO1,C_H>T_H,C>T,S,27,28,1,336,0.002976190476190476
Guerlinguetus_brasiliensis,CO1,C_H>T_H,C>T,T,39,0,-39,336,-0.11607142857142858
Guerlinguetus_brasiliensis,CO1,C_H>T_H,C>T,V,0,41,41,336,0.12202380952380952
Guerlinguetus_brasiliensis,CO1,C_H>T_H,C>T,W,0,7,7,336,0.020833333333333332
Guerlinguetus_brasiliensis,CO1,C_H>T_H,C>T,Y,0,18,18,336,0.05357142857142857
Guerlinguetus_brasiliensis,CO3,A_H>G_H,A>G,A,0,21,21,206,0.10194174757281553
Guerlinguetus_brasiliensis,CO3,A_H>G_H,A>G,C,0,10,10,206,0.04854368932038835
Guerlinguetus_brasiliensis,CO3,A_H>G_H,A>G,D,3,9,6,206,0.02912621359223301
Guerlinguetus_brasiliensis,CO3,A_H>G_H,A>G,E,8,3,-5,206,-0.024271844660194174
Guerlinguetus_brasiliensis,CO3,A_H>G_H,A>G,F,0,0,0,206,0.0
Guerlinguetus_brasiliensis,CO3,A_H>G_H,A>G,G,0,15,15,206,0.07281553398058252
Guerlinguetus_brasiliensis,CO3,A_H>G_H,A>G,H,16,0,-16,206,-0.07766990291262135
Guerlinguetus_brasiliensis,CO3,A_H>G_H,A>G,I,16,0,-16,206,-0.07766990291262135
Guerlinguetus_brasiliensis,CO3,A_H>G_H,A>G,K,6,0,-6,206,-0.02912621359223301
Guerlinguetus_brasiliensis,CO3,A_H>G_H,A>G,L,0,0,0,206,0.0
Guerlinguetus_brasiliensis,CO3,A_H>G_H,A>G,M,11,0,-11,206,-0.05339805825242718
Guerlinguetus_brasiliensis,CO3,A_H>G_H,A>G,N,18,0,-18,206,-0.08737864077669903
Guerlinguetus_brasiliensis,CO3,A_H>G_H,A>G,P,0,0,0,206,0.0
Guerlinguetus_brasiliensis,CO3,A_H>G_H,A>G,Q,7,0,-7,206,-0.03398058252427184
Guerlinguetus_brasiliensis,CO3,A_H>G_H,A>G,R,0,23,23,206,0.11165048543689321
Guerlinguetus_brasiliensis,CO3,A_H>G_H,A>G,S,4,9,5,206,0.024271844660194174
Guerlinguetus_brasiliensis,CO3,A_H>G_H,A>G,T,21,0,-21,206,-0.10194174757281553
Guerlinguetus_brasiliensis,CO3,A_H>G_H,A>G,V,0,27,27,206,0.13106796116504854
Guerlinguetus_brasiliensis,CO3,A_H>G_H,A>G,W,0,0,0,206,0.0
Guerlinguetus_brasiliensis,CO3,A_H>G_H,A>G,Y,10,0,-10,206,-0.04854368932038835
Guerlinguetus_brasiliensis,CO3,C_H>T_H,C>T,A,14,0,-14,194,-0.07216494845360824
Guerlinguetus_brasiliensis,CO3,C_H>T_H,C>T,C,0,3,3,194,0.015463917525773196
Guerlinguetus_brasiliensis,CO3,C_H>T_H,C>T,D,0,0,0,194,0.0
Guerlinguetus_brasiliensis,CO3,C_H>T_H,C>T,E,0,0,0,194,0.0
Guerlinguetus_brasiliensis,CO3,C_H>T_H,C>T,F,0,20,20,194,0.10309278350515463
Guerlinguetus_brasiliensis,CO3,C_H>T_H,C>T,G,0,0,0,194,0.0
Guerlinguetus_brasiliensis,CO3,C_H>T_H,C>T,H,16,0,-16,194,-0.08247422680412371
Guerlinguetus_brasiliensis,CO3,C_H>T_H,C>T,I,0,13,13,194,0.06701030927835051
Guerlinguetus_brasiliensis,CO3,C_H>T_H,C>T,K,0,0,0,194,0.0
Guerlinguetus_brasiliensis,CO3,C_H>T_H,C>T,L,11,18,7,194,0.03608247422680412
Guerlinguetus_brasiliensis,CO3,C_H>T_H,C>T,M,0,8,8,194,0.041237113402061855
Guerlinguetus_brasiliensis,CO3,C_H>T_H,C>T,N,0,0,0,194,0.0
Guerlinguetus_brasiliensis,CO3,C_H>T_H,C>T,P,20,0,-20,194,-0.10309278350515463
Guerlinguetus_brasiliensis,CO3,C_H>T_H,C>T,Q,7,0,-7,194,-0.03608247422680412
Guerlinguetus_brasiliensis,CO3,C_H>T_H,C>T,R,5,0,-5,194,-0.02577319587628866
Guerlinguetus_brasiliensis,CO3,C_H>T_H,C>T,S,17,10,-7,194,-0.03608247422680412
Guerlinguetus_brasiliensis,CO3,C_H>T_H,C>T,T,21,0,-21,194,-0.10824742268041238
Guerlinguetus_brasiliensis,CO3,C_H>T_H,C>T,V,0,14,14,194,0.07216494845360824
Guerlinguetus_brasiliensis,CO3,C_H>T_H,C>T,W,0,2,2,194,0.010309278350515464
Guerlinguetus_brasiliensis,CO3,C_H>T_H,C>T,Y,0,16,16,194,0.08247422680412371
Guerlinguetus_brasiliensis,Cytb,A_H>G_H,A>G,A,0,27,27,313,0.08626198083067092
Guerlinguetus_brasiliensis,Cytb,A_H>G_H,A>G,C,0,15,15,313,0.04792332268370607
Guerlinguetus_brasiliensis,Cytb,A_H>G_H,A>G,D,11,15,4,313,0.012779552715654952
Guerlinguetus_brasiliensis,Cytb,A_H>G_H,A>G,E,6,10,4,313,0.012779552715654952
Guerlinguetus_brasiliensis,Cytb,A_H>G_H,A>G,F,0,0,0,313,0.0
Guerlinguetus_brasiliensis,Cytb,A_H>G_H,A>G,G,0,22,22,313,0.07028753993610223
Guerlinguetus_brasiliensis,Cytb,A_H>G_H,A>G,H,13,0,-13,313,-0.04153354632587859
Guerlinguetus_brasiliensis,Cytb,A_H>G_H,A>G,I,35,0,-35,313,-0.11182108626198083
Guerlinguetus_brasiliensis,Cytb,A_H>G_H,A>G,K,20,0,-20,313,-0.06389776357827476
Guerlinguetus_brasiliensis,Cytb,A_H>G_H,A>G,L,0,0,0,313,0.0
Guerlinguetus_brasiliensis,Cytb,A_H>G_H,A>G,M,13,0,-13,313,-0.04153354632587859
Guerlinguetus_brasiliensis,Cytb,A_H>G_H,A>G,N,30,0,-30,313,-0.09584664536741214
Guerlinguetus_brasiliensis,Cytb,A_H>G_H,A>G,P,0,0,0,313,0.0
Guerlinguetus_brasiliensis,Cytb,A_H>G_H,A>G,Q,6,0,-6,313,-0.019169329073482427
Guerlinguetus_brasiliensis,Cytb,A_H>G_H,A>G,R,0,19,19,313,0.06070287539936102
Guerlinguetus_brasiliensis,Cytb,A_H>G_H,A>G,S,4,15,11,313,0.03514376996805112
Guerlinguetus_brasiliensis,Cytb,A_H>G_H,A>G,T,27,0,-27,313,-0.08626198083067092
Guerlinguetus_brasiliensis,Cytb,A_H>G_H,A>G,V,0,48,48,313,0.15335463258785942
Guerlinguetus_brasiliensis,Cytb,A_H>G_H,A>G,W,0,0,0,313,0.0
Guerlinguetus_brasiliensis,Cytb,A_H>G_H,A>G,Y,15,0,-15,313,-0.04792332268370607
Guerlinguetus_brasiliensis,Cytb,C_H>T_H,C>T,A,22,0,-22,303,-0.07260726072607261
Guerlinguetus_brasiliensis,Cytb,C_H>T_H,C>T,C,0,2,2,303,0.006600660066006601
Guerlinguetus_brasiliensis,Cytb,C_H>T_H,C>T,D,0,0,0,303,0.0
Guerlinguetus_brasiliensis,Cytb,C_H>T_H,C>T,E,0,0,0,303,0.0
Guerlinguetus_brasiliensis,Cytb,C_H>T_H,C>T,F,0,40,40,303,0.132013201320132
Guerlinguetus_brasiliensis,Cytb,C_H>T_H,C>T,G,0,0,0,303,0.0
Guerlinguetus_brasiliensis,Cytb,C_H>T_H,C>T,H,13,0,-13,303,-0.0429042904290429
Guerlinguetus_brasiliensis,Cytb,C_H>T_H,C>T,I,0,17,17,303,0.056105610561056105
Guerlinguetus_brasiliensis,Cytb,C_H>T_H,C>T,K,0,0,0,303,0.0
Guerlinguetus_brasiliensis,Cytb,C_H>T_H,C>T,L,27,29,2,303,0.006600660066006601
Guerlinguetus_brasiliensis,Cytb,C_H>T_H,C>T,M,0,10,10,303,0.033003300330033
Guerlinguetus_brasiliensis,Cytb,C_H>T_H,C>T,N,0,0,0,303,0.0
Guerlinguetus_brasiliensis,Cytb,C_H>T_H,C>T,P,44,0,-44,303,-0.14521452145214522
Guerlinguetus_brasiliensis,Cytb,C_H>T_H,C>T,Q,6,0,-6,303,-0.019801980198019802
Guerlinguetus_brasiliensis,Cytb,C_H>T_H,C>T,R,8,0,-8,303,-0.026402640264026403
Guerlinguetus_brasiliensis,Cytb,C_H>T_H,C>T,S,20,22,2,303,0.006600660066006601
Guerlinguetus_brasiliensis,Cytb,C_H>T_H,C>T,T,27,0,-27,303,-0.0891089108910891
Guerlinguetus_brasiliensis,Cytb,C_H>T_H,C>T,V,0,22,22,303,0.07260726072607261
Guerlinguetus_brasiliensis,Cytb,C_H>T_H,C>T,W,0,6,6,303,0.019801980198019802
Guerlinguetus_brasiliensis,Cytb,C_H>T_H,C>T,Y,0,13,13,303,0.0429042904290429
Helarctos_malayanus,CO1,A_H>G_H,A>G,A,0,38,38,413,0.09200968523002422
Helarctos_malayanus,CO1,A_H>G_H,A>G,C,0,19,19,413,0.04600484261501211
Helarctos_malayanus,CO1,A_H>G_H,A>G,D,14,18,4,413,0.009685230024213076
Helarctos_malayanus,CO1,A_H>G_H,A>G,E,10,9,-1,413,-0.002421307506053269
Helarctos_malayanus,CO1,A_H>G_H,A>G,F,0,0,0,413,0.0
Helarctos_malayanus,CO1,A_H>G_H,A>G,G,0,27,27,413,0.06537530266343826
Helarctos_malayanus,CO1,A_H>G_H,A>G,H,18,0,-18,413,-0.043583535108958835
Helarctos_malayanus,CO1,A_H>G_H,A>G,I,39,0,-39,413,-0.09443099273607748
Helarctos_malayanus,CO1,A_H>G_H,A>G,K,18,0,-18,413,-0.043583535108958835
Helarctos_malayanus,CO1,A_H>G_H,A>G,L,0,0,0,413,0.0
Helarctos_malayanus,CO1,A_H>G_H,A>G,M,35,0,-35,413,-0.0847457627118644
Helarctos_malayanus,CO1,A_H>G_H,A>G,N,36,0,-36,413,-0.08716707021791767
Helarctos_malayanus,CO1,A_H>G_H,A>G,P,0,0,0,413,0.0
Helarctos_malayanus,CO1,A_H>G_H,A>G,Q,6,0,-6,413,-0.014527845036319613
Helarctos_malayanus,CO1,A_H>G_H,A>G,R,0,24,24,413,0.05811138014527845
Helarctos_malayanus,CO1,A_H>G_H,A>G,S,3,18,15,413,0.03631961259079903
Helarctos_malayanus,CO1,A_H>G_H,A>G,T,38,0,-38,413,-0.09200968523002422
Helarctos_malayanus,CO1,A_H>G_H,A>G,V,0,74,74,413,0.1791767554479419
Helarctos_malayanus,CO1,A_H>G_H,A>G,W,0,1,1,413,0.002421307506053269
Helarctos_malayanus,CO1,A_H>G_H,A>G,Y,19,0,-19,413,-0.04600484261501211
Helarctos_malayanus,CO1,C_H>T_H,C>T,A,40,0,-40,367,-0.10899182561307902
Helarctos_malayanus,CO1,C_H>T_H,C>T,C,0,1,1,367,0.0027247956403269754
Helarctos_malayanus,CO1,C_H>T_H,C>T,D,0,0,0,367,0.0
Helarctos_malayanus,CO1,C_H>T_H,C>T,E,0,0,0,367,0.0
Helarctos_malayanus,CO1,C_H>T_H,C>T,F,0,31,31,367,0.08446866485013624
Helarctos_malayanus,CO1,C_H>T_H,C>T,G,0,0,0,367,0.0
Helarctos_malayanus,CO1,C_H>T_H,C>T,H,18,0,-18,367,-0.04904632152588556
Helarctos_malayanus,CO1,C_H>T_H,C>T,I,0,20,20,367,0.05449591280653951
Helarctos_malayanus,CO1,C_H>T_H,C>T,K,0,0,0,367,0.0
Helarctos_malayanus,CO1,C_H>T_H,C>T,L,15,40,25,367,0.0681198910081744
Helarctos_malayanus,CO1,C_H>T_H,C>T,M,0,18,18,367,0.04904632152588556
Helarctos_malayanus,CO1,C_H>T_H,C>T,N,0,0,0,367,0.0
Helarctos_malayanus,CO1,C_H>T_H,C>T,P,56,0,-56,367,-0.15258855585831063
Helarctos_malayanus,CO1,C_H>T_H,C>T,Q,6,0,-6,367,-0.01634877384196185
Helarctos_malayanus,CO1,C_H>T_H,C>T,R,8,0,-8,367,-0.021798365122615803
Helarctos_malayanus,CO1,C_H>T_H,C>T,S,28,28,0,367,0.0
Helarctos_malayanus,CO1,C_H>T_H,C>T,T,38,0,-38,367,-0.10354223433242507
Helarctos_malayanus,CO1,C_H>T_H,C>T,V,0,40,40,367,0.10899182561307902
Helarctos_malayanus,CO1,C_H>T_H,C>T,W,0,7,7,367,0.01907356948228883
Helarctos_malayanus,CO1,C_H>T_H,C>T,Y,0,18,18,367,0.04904632152588556
Helarctos_malayanus,CO3,A_H>G_H,A>G,A,0,22,22,207,0.10628019323671498
Helarctos_malayanus,CO3,A_H>G_H,A>G,C,0,11,11,207,0.05314009661835749
Helarctos_malayanus,CO3,A_H>G_H,A>G,D,3,5,2,207,0.00966183574879227
Helarctos_malayanus,CO3,A_H>G_H,A>G,E,8,2,-6,207,-0.028985507246376812
Helarctos_malayanus,CO3,A_H>G_H,A>G,F,0,0,0,207,0.0
Helarctos_malayanus,CO3,A_H>G_H,A>G,G,0,17,17,207,0.0821256038647343
Helarctos_malayanus,CO3,A_H>G_H,A>G,H,17,0,-17,207,-0.0821256038647343
Helarctos_malayanus,CO3,A_H>G_H,A>G,I,13,0,-13,207,-0.06280193236714976
Helarctos_malayanus,CO3,A_H>G_H,A>G,K,4,0,-4,207,-0.01932367149758454
Helarctos_malayanus,CO3,A_H>G_H,A>G,L,0,0,0,207,0.0
Helarctos_malayanus,CO3,A_H>G_H,A>G,M,11,0,-11,207,-0.05314009661835749
Helarctos_malayanus,CO3,A_H>G_H,A>G,N,10,0,-10,207,-0.04830917874396135
Helarctos_malayanus,CO3,A_H>G_H,A>G,P,0,0,0,207,0.0
Helarctos_malayanus,CO3,A_H>G_H,A>G,Q,7,0,-7,207,-0.033816425120772944
Helarctos_malayanus,CO3,A_H>G_H,A>G,R,0,24,24,207,0.11594202898550725
Helarctos_malayanus,CO3,A_H>G_H,A>G,S,6,5,-1,207,-0.004830917874396135
Helarctos_malayanus,CO3,A_H>G_H,A>G,T,22,0,-22,207,-0.10628019323671498
Helarctos_malayanus,CO3,A_H>G_H,A>G,V,0,24,24,207,0.11594202898550725
Helarctos_malayanus,CO3,A_H>G_H,A>G,W,0,0,0,207,0.0
Helarctos_malayanus,CO3,A_H>G_H,A>G,Y,11,0,-11,207,-0.05314009661835749
Helarctos_malayanus,CO3,C_H>T_H,C>T,A,16,0,-16,211,-0.07582938388625593
Helarctos_malayanus,CO3,C_H>T_H,C>T,C,0,1,1,211,0.004739336492890996
Helarctos_malayanus,CO3,C_H>T_H,C>T,D,0,0,0,211,0.0
Helarctos_malayanus,CO3,C_H>T_H,C>T,E,0,0,0,211,0.0
Helarctos_malayanus,CO3,C_H>T_H,C>T,F,0,18,18,211,0.08530805687203792
Helarctos_malayanus,CO3,C_H>T_H,C>T,G,0,0,0,211,0.0
Helarctos_malayanus,CO3,C_H>T_H,C>T,H,17,0,-17,211,-0.08056872037914692
Helarctos_malayanus,CO3,C_H>T_H,C>T,I,0,14,14,211,0.06635071090047394
Helarctos_malayanus,CO3,C_H>T_H,C>T,K,0,0,0,211,0.0
Helarctos_malayanus,CO3,C_H>T_H,C>T,L,11,22,11,211,0.052132701421800945
Helarctos_malayanus,CO3,C_H>T_H,C>T,M,0,8,8,211,0.037914691943127965
Helarctos_malayanus,CO3,C_H>T_H,C>T,N,0,0,0,211,0.0
Helarctos_malayanus,CO3,C_H>T_H,C>T,P,22,0,-22,211,-0.10426540284360189
Helarctos_malayanus,CO3,C_H>T_H,C>T,Q,7,0,-7,211,-0.03317535545023697
Helarctos_malayanus,CO3,C_H>T_H,C>T,R,5,0,-5,211,-0.023696682464454975
Helarctos_malayanus,CO3,C_H>T_H,C>T,S,18,11,-7,211,-0.03317535545023697
Helarctos_malayanus,CO3,C_H>T_H,C>T,T,22,0,-22,211,-0.10426540284360189
Helarctos_malayanus,CO3,C_H>T_H,C>T,V,0,16,16,211,0.07582938388625593
Helarctos_malayanus,CO3,C_H>T_H,C>T,W,0,4,4,211,0.018957345971563982
Helarctos_malayanus,CO3,C_H>T_H,C>T,Y,0,17,17,211,0.08056872037914692
Helarctos_malayanus,Cytb,A_H>G_H,A>G,A,0,27,27,330,0.08181818181818182
Helarctos_malayanus,Cytb,A_H>G_H,A>G,C,0,14,14,330,0.04242424242424243
Helarctos_malayanus,Cytb,A_H>G_H,A>G,D,12,15,3,330,0.00909090909090909
Helarctos_malayanus,Cytb,A_H>G_H,A>G,E,6,9,3,330,0.00909090909090909
Helarctos_malayanus,Cytb,A_H>G_H,A>G,F,0,0,0,330,0.0
Helarctos_malayanus,Cytb,A_H>G_H,A>G,G,0,21,21,330,0.06363636363636363
Helarctos_malayanus,Cytb,A_H>G_H,A>G,H,13,0,-13,330,-0.03939393939393939
Helarctos_malayanus,Cytb,A_H>G_H,A>G,I,41,0,-41,330,-0.12424242424242424
Helarctos_malayanus,Cytb,A_H>G_H,A>G,K,18,0,-18,330,-0.05454545454545454
Helarctos_malayanus,Cytb,A_H>G_H,A>G,L,0,0,0,330,0.0
Helarctos_malayanus,Cytb,A_H>G_H,A>G,M,13,0,-13,330,-0.03939393939393939
Helarctos_malayanus,Cytb,A_H>G_H,A>G,N,30,0,-30,330,-0.09090909090909091
Helarctos_malayanus,Cytb,A_H>G_H,A>G,P,0,0,0,330,0.0
Helarctos_malayanus,Cytb,A_H>G_H,A>G,Q,6,0,-6,330,-0.01818181818181818
Helarctos_malayanus,Cytb,A_H>G_H,A>G,R,0,19,19,330,0.05757575757575758
Helarctos_malayanus,Cytb,A_H>G_H,A>G,S,2,15,13,330,0.03939393939393939
Helarctos_malayanus,Cytb,A_H>G_H,A>G,T,27,0,-27,330,-0.08181818181818182
Helarctos_malayanus,Cytb,A_H>G_H,A>G,V,0,54,54,330,0.16363636363636364
Helarctos_malayanus,Cytb,A_H>G_H,A>G,W,0,0,0,330,0.0
Helarctos_malayanus,Cytb,A_H>G_H,A>G,Y,14,0,-14,330,-0.04242424242424243
Helarctos_malayanus,Cytb,C_H>T_H,C>T,A,25,0,-25,342,-0.07309941520467836
Helarctos_malayanus,Cytb,C_H>T_H,C>T,C,0,0,0,342,0.0
Helarctos_malayanus,Cytb,C_H>T_H,C>T,D,0,0,0,342,0.0
Helarctos_malayanus,Cytb,C_H>T_H,C>T,E,0,0,0,342,0.0
Helarctos_malayanus,Cytb,C_H>T_H,C>T,F,0,24,24,342,0.07017543859649122
Helarctos_malayanus,Cytb,C_H>T_H,C>T,G,0,0,0,342,0.0
Helarctos_malayanus,Cytb,C_H>T_H,C>T,H,13,0,-13,342,-0.038011695906432746
Helarctos_malayanus,Cytb,C_H>T_H,C>T,I,0,12,12,342,0.03508771929824561
Helarctos_malayanus,Cytb,C_H>T_H,C>T,K,0,0,0,342,0.0
Helarctos_malayanus,Cytb,C_H>T_H,C>T,L,13,35,22,342,0.06432748538011696
Helarctos_malayanus,Cytb,C_H>T_H,C>T,M,0,15,15,342,0.043859649122807015
Helarctos_malayanus,Cytb,C_H>T_H,C>T,N,0,0,0,342,0.0
Helarctos_malayanus,Cytb,C_H>T_H,C>T,P,46,0,-46,342,-0.13450292397660818
Helarctos_malayanus,Cytb,C_H>T_H,C>T,Q,6,0,-6,342,-0.017543859649122806
Helarctos_malayanus,Cytb,C_H>T_H,C>T,R,8,0,-8,342,-0.023391812865497075
Helarctos_malayanus,Cytb,C_H>T_H,C>T,S,23,23,0,342,0.0
Helarctos_malayanus,Cytb,C_H>T_H,C>T,T,27,0,-27,342,-0.07894736842105263
Helarctos_malayanus,Cytb,C_H>T_H,C>T,V,0,25,25,342,0.07309941520467836
Helarctos_malayanus,Cytb,C_H>T_H,C>T,W,0,8,8,342,0.023391812865497075
Helarctos_malayanus,Cytb,C_H>T_H,C>T,Y,0,13,13,342,0.038011695906432746
Hippotragus_equinus,CO1,A_H>G_H,A>G,A,0,39,39,437,0.08924485125858124
Hippotragus_equinus,CO1,A_H>G_H,A>G,C,0,19,19,437,0.043478260869565216
Hippotragus_equinus,CO1,A_H>G_H,A>G,D,15,18,3,437,0.006864988558352402
Hippotragus_equinus,CO1,A_H>G_H,A>G,E,9,9,0,437,0.0
Hippotragus_equinus,CO1,A_H>G_H,A>G,F,0,0,0,437,0.0
Hippotragus_equinus,CO1,A_H>G_H,A>G,G,0,28,28,437,0.06407322654462243
Hippotragus_equinus,CO1,A_H>G_H,A>G,H,17,0,-17,437,-0.038901601830663615
Hippotragus_equinus,CO1,A_H>G_H,A>G,I,38,0,-38,437,-0.08695652173913043
Hippotragus_equinus,CO1,A_H>G_H,A>G,K,18,0,-18,437,-0.041189931350114416
Hippotragus_equinus,CO1,A_H>G_H,A>G,L,0,0,0,437,0.0
Hippotragus_equinus,CO1,A_H>G_H,A>G,M,33,0,-33,437,-0.07551487414187644
Hippotragus_equinus,CO1,A_H>G_H,A>G,N,36,0,-36,437,-0.08237986270022883
Hippotragus_equinus,CO1,A_H>G_H,A>G,P,0,0,0,437,0.0
Hippotragus_equinus,CO1,A_H>G_H,A>G,Q,6,0,-6,437,-0.013729977116704805
Hippotragus_equinus,CO1,A_H>G_H,A>G,R,0,23,23,437,0.05263157894736842
Hippotragus_equinus,CO1,A_H>G_H,A>G,S,4,18,14,437,0.032036613272311214
Hippotragus_equinus,CO1,A_H>G_H,A>G,T,39,0,-39,437,-0.08924485125858124
Hippotragus_equinus,CO1,A_H>G_H,A>G,V,0,71,71,437,0.16247139588100687
Hippotragus_equinus,CO1,A_H>G_H,A>G,W,0,1,1,437,0.002288329519450801
Hippotragus_equinus,CO1,A_H>G_H,A>G,Y,19,0,-19,437,-0.043478260869565216
Hippotragus_equinus,CO1,C_H>T_H,C>T,A,41,0,-41,398,-0.10301507537688442
Hippotragus_equinus,CO1,C_H>T_H,C>T,C,0,2,2,398,0.005025125628140704
Hippotragus_equinus,CO1,C_H>T_H,C>T,D,0,0,0,398,0.0
Hippotragus_equinus,CO1,C_H>T_H,C>T,E,0,0,0,398,0.0
Hippotragus_equinus,CO1,C_H>T_H,C>T,F,0,29,29,398,0.0728643216080402
Hippotragus_equinus,CO1,C_H>T_H,C>T,G,0,0,0,398,0.0
Hippotragus_equinus,CO1,C_H>T_H,C>T,H,17,0,-17,398,-0.04271356783919598
Hippotragus_equinus,CO1,C_H>T_H,C>T,I,0,19,19,398,0.04773869346733668
Hippotragus_equinus,CO1,C_H>T_H,C>T,K,0,0,0,398,0.0
Hippotragus_equinus,CO1,C_H>T_H,C>T,L,15,41,26,398,0.06532663316582915
Hippotragus_equinus,CO1,C_H>T_H,C>T,M,0,20,20,398,0.05025125628140704
Hippotragus_equinus,CO1,C_H>T_H,C>T,N,0,0,0,398,0.0
Hippotragus_equinus,CO1,C_H>T_H,C>T,P,56,0,-56,398,-0.1407035175879397
Hippotragus_equinus,CO1,C_H>T_H,C>T,Q,6,0,-6,398,-0.01507537688442211
Hippotragus_equinus,CO1,C_H>T_H,C>T,R,8,0,-8,398,-0.020100502512562814
Hippotragus_equinus,CO1,C_H>T_H,C>T,S,27,28,1,398,0.002512562814070352
Hippotragus_equinus,CO1,C_H>T_H,C>T,T,39,0,-39,398,-0.09798994974874371
Hippotragus_equinus,CO1,C_H>T_H,C>T,V,0,41,41,398,0.10301507537688442
Hippotragus_equinus,CO1,C_H>T_H,C>T,W,0,6,6,398,0.01507537688442211
Hippotragus_equinus,CO1,C_H>T_H,C>T,Y,0,17,17,398,0.04271356783919598
Hippotragus_equinus,CO3,A_H>G_H,A>G,A,0,24,24,214,0.11214953271028037
Hippotragus_equinus,CO3,A_H>G_H,A>G,C,0,11,11,214,0.0514018691588785
Hippotragus_equinus,CO3,A_H>G_H,A>G,D,3,7,4,214,0.018691588785046728
Hippotragus_equinus,CO3,A_H>G_H,A>G,E,8,2,-6,214,-0.028037383177570093
Hippotragus_equinus,CO3,A_H>G_H,A>G,F,0,0,0,214,0.0
Hippotragus_equinus,CO3,A_H>G_H,A>G,G,0,15,15,214,0.07009345794392523
Hippotragus_equinus,CO3,A_H>G_H,A>G,H,17,0,-17,214,-0.0794392523364486
Hippotragus_equinus,CO3,A_H>G_H,A>G,I,15,0,-15,214,-0.07009345794392523
Hippotragus_equinus,CO3,A_H>G_H,A>G,K,4,0,-4,214,-0.018691588785046728
Hippotragus_equinus,CO3,A_H>G_H,A>G,L,0,0,0,214,0.0
Hippotragus_equinus,CO3,A_H>G_H,A>G,M,11,0,-11,214,-0.0514018691588785
Hippotragus_equinus,CO3,A_H>G_H,A>G,N,14,0,-14,214,-0.06542056074766354
Hippotragus_equinus,CO3,A_H>G_H,A>G,P,0,0,0,214,0.0
Hippotragus_equinus,CO3,A_H>G_H,A>G,Q,7,0,-7,214,-0.03271028037383177
Hippotragus_equinus,CO3,A_H>G_H,A>G,R,0,24,24,214,0.11214953271028037
Hippotragus_equinus,CO3,A_H>G_H,A>G,S,4,7,3,214,0.014018691588785047
Hippotragus_equinus,CO3,A_H>G_H,A>G,T,24,0,-24,214,-0.11214953271028037
Hippotragus_equinus,CO3,A_H>G_H,A>G,V,0,26,26,214,0.12149532710280374
Hippotragus_equinus,CO3,A_H>G_H,A>G,W,0,0,0,214,0.0
Hippotragus_equinus,CO3,A_H>G_H,A>G,Y,11,0,-11,214,-0.0514018691588785
Hippotragus_equinus,CO3,C_H>T_H,C>T,A,16,0,-16,234,-0.06837606837606838
Hippotragus_equinus,CO3,C_H>T_H,C>T,C,0,3,3,234,0.01282051282051282
Hippotragus_equinus,CO3,C_H>T_H,C>T,D,0,0,0,234,0.0
Hippotragus_equinus,CO3,C_H>T_H,C>T,E,0,0,0,234,0.0
Hippotragus_equinus,CO3,C_H>T_H,C>T,F,0,19,19,234,0.0811965811965812
Hippotragus_equinus,CO3,C_H>T_H,C>T,G,0,0,0,234,0.0
Hippotragus_equinus,CO3,C_H>T_H,C>T,H,17,0,-17,234,-0.07264957264957266
Hippotragus_equinus,CO3,C_H>T_H,C>T,I,0,12,12,234,0.05128205128205128
Hippotragus_equinus,CO3,C_H>T_H,C>T,K,0,0,0,234,0.0
Hippotragus_equinus,CO3,C_H>T_H,C>T,L,13,21,8,234,0.03418803418803419
Hippotragus_equinus,CO3,C_H>T_H,C>T,M,0,12,12,234,0.05128205128205128
Hippotragus_equinus,CO3,C_H>T_H,C>T,N,0,0,0,234,0.0
Hippotragus_equinus,CO3,C_H>T_H,C>T,P,24,0,-24,234,-0.10256410256410256
Hippotragus_equinus,CO3,C_H>T_H,C>T,Q,7,0,-7,234,-0.029914529914529916
Hippotragus_equinus,CO3,C_H>T_H,C>T,R,5,0,-5,234,-0.021367521367521368
Hippotragus_equinus,CO3,C_H>T_H,C>T,S,15,12,-3,234,-0.01282051282051282
Hippotragus_equinus,CO3,C_H>T_H,C>T,T,24,0,-24,234,-0.10256410256410256
Hippotragus_equinus,CO3,C_H>T_H,C>T,V,0,16,16,234,0.06837606837606838
Hippotragus_equinus,CO3,C_H>T_H,C>T,W,0,2,2,234,0.008547008547008548
Hippotragus_equinus,CO3,C_H>T_H,C>T,Y,0,17,17,234,0.07264957264957266
Hippotragus_equinus,Cytb,A_H>G_H,A>G,A,0,28,28,359,0.07799442896935933
Hippotragus_equinus,Cytb,A_H>G_H,A>G,C,0,15,15,359,0.04178272980501393
Hippotragus_equinus,Cytb,A_H>G_H,A>G,D,11,17,6,359,0.016713091922005572
Hippotragus_equinus,Cytb,A_H>G_H,A>G,E,6,9,3,359,0.008356545961002786
Hippotragus_equinus,Cytb,A_H>G_H,A>G,F,0,0,0,359,0.0
Hippotragus_equinus,Cytb,A_H>G_H,A>G,G,0,22,22,359,0.06128133704735376
Hippotragus_equinus,Cytb,A_H>G_H,A>G,H,12,0,-12,359,-0.033426183844011144
Hippotragus_equinus,Cytb,A_H>G_H,A>G,I,40,0,-40,359,-0.11142061281337047
Hippotragus_equinus,Cytb,A_H>G_H,A>G,K,18,0,-18,359,-0.05013927576601671
Hippotragus_equinus,Cytb,A_H>G_H,A>G,L,0,0,0,359,0.0
Hippotragus_equinus,Cytb,A_H>G_H,A>G,M,17,0,-17,359,-0.04735376044568245
Hippotragus_equinus,Cytb,A_H>G_H,A>G,N,34,0,-34,359,-0.0947075208913649
Hippotragus_equinus,Cytb,A_H>G_H,A>G,P,0,0,0,359,0.0
Hippotragus_equinus,Cytb,A_H>G_H,A>G,Q,6,0,-6,359,-0.016713091922005572
Hippotragus_equinus,Cytb,A_H>G_H,A>G,R,0,18,18,359,0.05013927576601671
Hippotragus_equinus,Cytb,A_H>G_H,A>G,S,4,17,13,359,0.036211699164345405
Hippotragus_equinus,Cytb,A_H>G_H,A>G,T,28,0,-28,359,-0.07799442896935933
Hippotragus_equinus,Cytb,A_H>G_H,A>G,V,0,57,57,359,0.15877437325905291
Hippotragus_equinus,Cytb,A_H>G_H,A>G,W,0,0,0,359,0.0
Hippotragus_equinus,Cytb,A_H>G_H,A>G,Y,15,0,-15,359,-0.04178272980501393
Hippotragus_equinus,Cytb,C_H>T_H,C>T,A,27,0,-27,346,-0.07803468208092486
Hippotragus_equinus,Cytb,C_H>T_H,C>T,C,0,0,0,346,0.0
Hippotragus_equinus,Cytb,C_H>T_H,C>T,D,0,0,0,346,0.0
Hippotragus_equinus,Cytb,C_H>T_H,C>T,E,0,0,0,346,0.0
Hippotragus_equinus,Cytb,C_H>T_H,C>T,F,0,27,27,346,0.07803468208092486
Hippotragus_equinus,Cytb,C_H>T_H,C>T,G,0,0,0,346,0.0
Hippotragus_equinus,Cytb,C_H>T_H,C>T,H,12,0,-12,346,-0.03468208092485549
Hippotragus_equinus,Cytb,C_H>T_H,C>T,I,0,12,12,346,0.03468208092485549
Hippotragus_equinus,Cytb,C_H>T_H,C>T,K,0,0,0,346,0.0
Hippotragus_equinus,Cytb,C_H>T_H,C>T,L,19,33,14,346,0.04046242774566474
Hippotragus_equinus,Cytb,C_H>T_H,C>T,M,0,16,16,346,0.046242774566473986
Hippotragus_equinus,Cytb,C_H>T_H,C>T,N,0,0,0,346,0.0
Hippotragus_equinus,Cytb,C_H>T_H,C>T,P,44,0,-44,346,-0.12716763005780346
Hippotragus_equinus,Cytb,C_H>T_H,C>T,Q,6,0,-6,346,-0.017341040462427744
Hippotragus_equinus,Cytb,C_H>T_H,C>T,R,8,0,-8,346,-0.023121387283236993
Hippotragus_equinus,Cytb,C_H>T_H,C>T,S,19,22,3,346,0.008670520231213872
Hippotragus_equinus,Cytb,C_H>T_H,C>T,T,28,0,-28,346,-0.08092485549132948
Hippotragus_equinus,Cytb,C_H>T_H,C>T,V,0,27,27,346,0.07803468208092486
Hippotragus_equinus,Cytb,C_H>T_H,C>T,W,0,8,8,346,0.023121387283236993
Hippotragus_equinus,Cytb,C_H>T_H,C>T,Y,0,12,12,346,0.03468208092485549
Homo_sapiens,CO1,A_H>G_H,A>G,A,0,34,34,419,0.081145584725537
Homo_sapiens,CO1,A_H>G_H,A>G,C,0,22,22,419,0.05250596658711217
Homo_sapiens,CO1,A_H>G_H,A>G,D,14,18,4,419,0.00954653937947494
Homo_sapiens,CO1,A_H>G_H,A>G,E,10,10,0,419,0.0
Homo_sapiens,CO1,A_H>G_H,A>G,F,0,0,0,419,0.0
Homo_sapiens,CO1,A_H>G_H,A>G,G,0,29,29,419,0.06921241050119331
Homo_sapiens,CO1,A_H>G_H,A>G,H,18,0,-18,419,-0.04295942720763723
Homo_sapiens,CO1,A_H>G_H,A>G,I,38,0,-38,419,-0.09069212410501193
Homo_sapiens,CO1,A_H>G_H,A>G,K,20,0,-20,419,-0.0477326968973747
Homo_sapiens,CO1,A_H>G_H,A>G,L,0,0,0,419,0.0
Homo_sapiens,CO1,A_H>G_H,A>G,M,32,0,-32,419,-0.07637231503579953
Homo_sapiens,CO1,A_H>G_H,A>G,N,36,0,-36,419,-0.08591885441527446
Homo_sapiens,CO1,A_H>G_H,A>G,P,0,0,0,419,0.0
Homo_sapiens,CO1,A_H>G_H,A>G,Q,6,0,-6,419,-0.014319809069212411
Homo_sapiens,CO1,A_H>G_H,A>G,R,0,24,24,419,0.057279236276849645
Homo_sapiens,CO1,A_H>G_H,A>G,S,4,18,14,419,0.03341288782816229
Homo_sapiens,CO1,A_H>G_H,A>G,T,34,0,-34,419,-0.081145584725537
Homo_sapiens,CO1,A_H>G_H,A>G,V,0,70,70,419,0.16706443914081145
Homo_sapiens,CO1,A_H>G_H,A>G,W,0,0,0,419,0.0
Homo_sapiens,CO1,A_H>G_H,A>G,Y,22,0,-22,419,-0.05250596658711217
Homo_sapiens,CO1,C_H>T_H,C>T,A,40,0,-40,464,-0.08620689655172414
Homo_sapiens,CO1,C_H>T_H,C>T,C,0,4,4,464,0.008620689655172414
Homo_sapiens,CO1,C_H>T_H,C>T,D,0,0,0,464,0.0
Homo_sapiens,CO1,C_H>T_H,C>T,E,0,0,0,464,0.0
Homo_sapiens,CO1,C_H>T_H,C>T,F,0,37,37,464,0.07974137931034483
Homo_sapiens,CO1,C_H>T_H,C>T,G,0,0,0,464,0.0
Homo_sapiens,CO1,C_H>T_H,C>T,H,18,0,-18,464,-0.03879310344827586
Homo_sapiens,CO1,C_H>T_H,C>T,I,0,16,16,464,0.034482758620689655
Homo_sapiens,CO1,C_H>T_H,C>T,K,0,0,0,464,0.0
Homo_sapiens,CO1,C_H>T_H,C>T,L,18,38,20,464,0.04310344827586207
Homo_sapiens,CO1,C_H>T_H,C>T,M,0,18,18,464,0.03879310344827586
Homo_sapiens,CO1,C_H>T_H,C>T,N,0,0,0,464,0.0
Homo_sapiens,CO1,C_H>T_H,C>T,P,58,0,-58,464,-0.125
Homo_sapiens,CO1,C_H>T_H,C>T,Q,6,0,-6,464,-0.01293103448275862
Homo_sapiens,CO1,C_H>T_H,C>T,R,8,0,-8,464,-0.017241379310344827
Homo_sapiens,CO1,C_H>T_H,C>T,S,28,29,1,464,0.0021551724137931034
Homo_sapiens,CO1,C_H>T_H,C>T,T,34,0,-34,464,-0.07327586206896551
Homo_sapiens,CO1,C_H>T_H,C>T,V,0,40,40,464,0.08620689655172414
Homo_sapiens,CO1,C_H>T_H,C>T,W,0,4,4,464,0.008620689655172414
Homo_sapiens,CO1,C_H>T_H,C>T,Y,0,18,18,464,0.03879310344827586
Homo_sapiens,CO3,A_H>G_H,A>G,A,0,24,24,212,0.11320754716981132
Homo_sapiens,CO3,A_H>G_H,A>G,C,0,12,12,212,0.05660377358490566
Homo_sapiens,CO3,A_H>G_H,A>G,D,3,6,3,212,0.014150943396226415
Homo_sapiens,CO3,A_H>G_H,A>G,E,7,3,-4,212,-0.018867924528301886
Homo_sapiens,CO3,A_H>G_H,A>G,F,0,0,0,212,0.0
Homo_sapiens,CO3,A_H>G_H,A>G,G,0,14,14,212,0.0660377358490566
Homo_sapiens,CO3,A_H>G_H,A>G,H,17,0,-17,212,-0.08018867924528301
Homo_sapiens,CO3,A_H>G_H,A>G,I,14,0,-14,212,-0.0660377358490566
Homo_sapiens,CO3,A_H>G_H,A>G,K,6,0,-6,212,-0.02830188679245283
Homo_sapiens,CO3,A_H>G_H,A>G,L,0,0,0,212,0.0
Homo_sapiens,CO3,A_H>G_H,A>G,M,11,0,-11,212,-0.05188679245283019
Homo_sapiens,CO3,A_H>G_H,A>G,N,12,0,-12,212,-0.05660377358490566
Homo_sapiens,CO3,A_H>G_H,A>G,P,0,0,0,212,0.0
Homo_sapiens,CO3,A_H>G_H,A>G,Q,9,0,-9,212,-0.04245283018867924
Homo_sapiens,CO3,A_H>G_H,A>G,R,0,26,26,212,0.12264150943396226
Homo_sapiens,CO3,A_H>G_H,A>G,S,4,6,2,212,0.009433962264150943
Homo_sapiens,CO3,A_H>G_H,A>G,T,24,0,-24,212,-0.11320754716981132
Homo_sapiens,CO3,A_H>G_H,A>G,V,0,25,25,212,0.1179245283018868
Homo_sapiens,CO3,A_H>G_H,A>G,W,0,0,0,212,0.0
Homo_sapiens,CO3,A_H>G_H,A>G,Y,12,0,-12,212,-0.05660377358490566
Homo_sapiens,CO3,C_H>T_H,C>T,A,15,0,-15,250,-0.06
Homo_sapiens,CO3,C_H>T_H,C>T,C,0,2,2,250,0.008
Homo_sapiens,CO3,C_H>T_H,C>T,D,0,0,0,250,0.0
Homo_sapiens,CO3,C_H>T_H,C>T,E,0,0,0,250,0.0
Homo_sapiens,CO3,C_H>T_H,C>T,F,0,21,21,250,0.084
Homo_sapiens,CO3,C_H>T_H,C>T,G,0,0,0,250,0.0
Homo_sapiens,CO3,C_H>T_H,C>T,H,17,0,-17,250,-0.068
Homo_sapiens,CO3,C_H>T_H,C>T,I,0,12,12,250,0.048
Homo_sapiens,CO3,C_H>T_H,C>T,K,0,0,0,250,0.0
Homo_sapiens,CO3,C_H>T_H,C>T,L,12,21,9,250,0.036
Homo_sapiens,CO3,C_H>T_H,C>T,M,0,12,12,250,0.048
Homo_sapiens,CO3,C_H>T_H,C>T,N,0,0,0,250,0.0
Homo_sapiens,CO3,C_H>T_H,C>T,P,26,0,-26,250,-0.104
Homo_sapiens,CO3,C_H>T_H,C>T,Q,9,0,-9,250,-0.036
Homo_sapiens,CO3,C_H>T_H,C>T,R,5,0,-5,250,-0.02
Homo_sapiens,CO3,C_H>T_H,C>T,S,17,13,-4,250,-0.016
Homo_sapiens,CO3,C_H>T_H,C>T,T,24,0,-24,250,-0.096
Homo_sapiens,CO3,C_H>T_H,C>T,V,0,15,15,250,0.06
Homo_sapiens,CO3,C_H>T_H,C>T,W,0,3,3,250,0.012
Homo_sapiens,CO3,C_H>T_H,C>T,Y,0,17,17,250,0.068
Homo_sapiens,Cytb,A_H>G_H,A>G,A,0,29,29,325,0.08923076923076922
Homo_sapiens,Cytb,A_H>G_H,A>G,C,0,17,17,325,0.052307692307692305
Homo_sapiens,Cytb,A_H>G_H,A>G,D,11,15,4,325,0.012307692307692308
Homo_sapiens,Cytb,A_H>G_H,A>G,E,4,9,5,325,0.015384615384615385
Homo_sapiens,Cytb,A_H>G_H,A>G,F,0,0,0,325,0.0
Homo_sapiens,Cytb,A_H>G_H,A>G,G,0,19,19,325,0.05846153846153846
Homo_sapiens,Cytb,A_H>G_H,A>G,H,12,0,-12,325,-0.036923076923076927
Homo_sapiens,Cytb,A_H>G_H,A>G,I,39,0,-39,325,-0.12
Homo_sapiens,Cytb,A_H>G_H,A>G,K,18,0,-18,325,-0.055384615384615386
Homo_sapiens,Cytb,A_H>G_H,A>G,L,0,0,0,325,0.0
Homo_sapiens,Cytb,A_H>G_H,A>G,M,15,0,-15,325,-0.046153846153846156
Homo_sapiens,Cytb,A_H>G_H,A>G,N,30,0,-30,325,-0.09230769230769231
Homo_sapiens,Cytb,A_H>G_H,A>G,P,0,0,0,325,0.0
Homo_sapiens,Cytb,A_H>G_H,A>G,Q,8,0,-8,325,-0.024615384615384615
Homo_sapiens,Cytb,A_H>G_H,A>G,R,0,20,20,325,0.06153846153846154
Homo_sapiens,Cytb,A_H>G_H,A>G,S,4,15,11,325,0.033846153846153845
Homo_sapiens,Cytb,A_H>G_H,A>G,T,29,0,-29,325,-0.08923076923076922
Homo_sapiens,Cytb,A_H>G_H,A>G,V,0,54,54,325,0.16615384615384615
Homo_sapiens,Cytb,A_H>G_H,A>G,W,0,0,0,325,0.0
Homo_sapiens,Cytb,A_H>G_H,A>G,Y,17,0,-17,325,-0.052307692307692305
Homo_sapiens,Cytb,C_H>T_H,C>T,A,26,0,-26,391,-0.06649616368286446
Homo_sapiens,Cytb,C_H>T_H,C>T,C,0,3,3,391,0.0076726342710997444
Homo_sapiens,Cytb,C_H>T_H,C>T,D,0,0,0,391,0.0
Homo_sapiens,Cytb,C_H>T_H,C>T,E,0,0,0,391,0.0
Homo_sapiens,Cytb,C_H>T_H,C>T,F,0,39,39,391,0.09974424552429667
Homo_sapiens,Cytb,C_H>T_H,C>T,G,0,0,0,391,0.0
Homo_sapiens,Cytb,C_H>T_H,C>T,H,12,0,-12,391,-0.030690537084398978
Homo_sapiens,Cytb,C_H>T_H,C>T,I,0,16,16,391,0.04092071611253197
Homo_sapiens,Cytb,C_H>T_H,C>T,K,0,0,0,391,0.0
Homo_sapiens,Cytb,C_H>T_H,C>T,L,28,37,9,391,0.023017902813299233
Homo_sapiens,Cytb,C_H>T_H,C>T,M,0,13,13,391,0.03324808184143223
Homo_sapiens,Cytb,C_H>T_H,C>T,N,0,0,0,391,0.0
Homo_sapiens,Cytb,C_H>T_H,C>T,P,46,0,-46,391,-0.11764705882352941
Homo_sapiens,Cytb,C_H>T_H,C>T,Q,8,0,-8,391,-0.020460358056265986
Homo_sapiens,Cytb,C_H>T_H,C>T,R,7,0,-7,391,-0.017902813299232736
Homo_sapiens,Cytb,C_H>T_H,C>T,S,25,23,-2,391,-0.005115089514066497
Homo_sapiens,Cytb,C_H>T_H,C>T,T,29,0,-29,391,-0.0741687979539642
Homo_sapiens,Cytb,C_H>T_H,C>T,V,0,26,26,391,0.06649616368286446
Homo_sapiens,Cytb,C_H>T_H,C>T,W,0,4,4,391,0.010230179028132993
Homo_sapiens,Cytb,C_H>T_H,C>T,Y,0,12,12,391,0.030690537084398978
Hylomyscus_walterverheyeni,CO1,A_H>G_H,A>G,A,0,35,35,452,0.07743362831858407
Hylomyscus_walterverheyeni,CO1,A_H>G_H,A>G,C,0,20,20,452,0.04424778761061947
Hylomyscus_walterverheyeni,CO1,A_H>G_H,A>G,D,15,17,2,452,0.004424778761061947
Hylomyscus_walterverheyeni,CO1,A_H>G_H,A>G,E,9,10,1,452,0.0022123893805309734
Hylomyscus_walterverheyeni,CO1,A_H>G_H,A>G,F,0,0,0,452,0.0
Hylomyscus_walterverheyeni,CO1,A_H>G_H,A>G,G,0,27,27,452,0.059734513274336286
Hylomyscus_walterverheyeni,CO1,A_H>G_H,A>G,H,18,0,-18,452,-0.03982300884955752
Hylomyscus_walterverheyeni,CO1,A_H>G_H,A>G,I,35,0,-35,452,-0.07743362831858407
Hylomyscus_walterverheyeni,CO1,A_H>G_H,A>G,K,20,0,-20,452,-0.04424778761061947
Hylomyscus_walterverheyeni,CO1,A_H>G_H,A>G,L,0,0,0,452,0.0
Hylomyscus_walterverheyeni,CO1,A_H>G_H,A>G,M,31,0,-31,452,-0.06858407079646017
Hylomyscus_walterverheyeni,CO1,A_H>G_H,A>G,N,34,0,-34,452,-0.0752212389380531
Hylomyscus_walterverheyeni,CO1,A_H>G_H,A>G,P,0,0,0,452,0.0
Hylomyscus_walterverheyeni,CO1,A_H>G_H,A>G,Q,6,0,-6,452,-0.01327433628318584
Hylomyscus_walterverheyeni,CO1,A_H>G_H,A>G,R,0,24,24,452,0.05309734513274336
Hylomyscus_walterverheyeni,CO1,A_H>G_H,A>G,S,3,17,14,452,0.030973451327433628
Hylomyscus_walterverheyeni,CO1,A_H>G_H,A>G,T,35,0,-35,452,-0.07743362831858407
Hylomyscus_walterverheyeni,CO1,A_H>G_H,A>G,V,0,66,66,452,0.14601769911504425
Hylomyscus_walterverheyeni,CO1,A_H>G_H,A>G,W,0,1,1,452,0.0022123893805309734
Hylomyscus_walterverheyeni,CO1,A_H>G_H,A>G,Y,20,0,-20,452,-0.04424778761061947
Hylomyscus_walterverheyeni,CO1,C_H>T_H,C>T,A,42,0,-42,356,-0.11797752808988764
Hylomyscus_walterverheyeni,CO1,C_H>T_H,C>T,C,0,1,1,356,0.0028089887640449437
Hylomyscus_walterverheyeni,CO1,C_H>T_H,C>T,D,0,0,0,356,0.0
Hylomyscus_walterverheyeni,CO1,C_H>T_H,C>T,E,0,0,0,356,0.0
Hylomyscus_walterverheyeni,CO1,C_H>T_H,C>T,F,0,34,34,356,0.09550561797752809
Hylomyscus_walterverheyeni,CO1,C_H>T_H,C>T,G,0,0,0,356,0.0
Hylomyscus_walterverheyeni,CO1,C_H>T_H,C>T,H,18,0,-18,356,-0.05056179775280899
Hylomyscus_walterverheyeni,CO1,C_H>T_H,C>T,I,0,16,16,356,0.0449438202247191
Hylomyscus_walterverheyeni,CO1,C_H>T_H,C>T,K,0,0,0,356,0.0
Hylomyscus_walterverheyeni,CO1,C_H>T_H,C>T,L,21,47,26,356,0.07303370786516854
Hylomyscus_walterverheyeni,CO1,C_H>T_H,C>T,M,0,19,19,356,0.05337078651685393
Hylomyscus_walterverheyeni,CO1,C_H>T_H,C>T,N,0,0,0,356,0.0
Hylomyscus_walterverheyeni,CO1,C_H>T_H,C>T,P,56,0,-56,356,-0.15730337078651685
Hylomyscus_walterverheyeni,CO1,C_H>T_H,C>T,Q,6,0,-6,356,-0.016853932584269662
Hylomyscus_walterverheyeni,CO1,C_H>T_H,C>T,R,8,0,-8,356,-0.02247191011235955
Hylomyscus_walterverheyeni,CO1,C_H>T_H,C>T,S,32,28,-4,356,-0.011235955056179775
Hylomyscus_walterverheyeni,CO1,C_H>T_H,C>T,T,35,0,-35,356,-0.09831460674157304
Hylomyscus_walterverheyeni,CO1,C_H>T_H,C>T,V,0,42,42,356,0.11797752808988764
Hylomyscus_walterverheyeni,CO1,C_H>T_H,C>T,W,0,7,7,356,0.019662921348314606
Hylomyscus_walterverheyeni,CO1,C_H>T_H,C>T,Y,0,18,18,356,0.05056179775280899
Hylomyscus_walterverheyeni,CO3,A_H>G_H,A>G,A,0,20,20,237,0.08438818565400844
Hylomyscus_walterverheyeni,CO3,A_H>G_H,A>G,C,0,11,11,237,0.046413502109704644
Hylomyscus_walterverheyeni,CO3,A_H>G_H,A>G,D,4,7,3,237,0.012658227848101266
Hylomyscus_walterverheyeni,CO3,A_H>G_H,A>G,E,7,4,-3,237,-0.012658227848101266
Hylomyscus_walterverheyeni,CO3,A_H>G_H,A>G,F,0,0,0,237,0.0
Hylomyscus_walterverheyeni,CO3,A_H>G_H,A>G,G,0,14,14,237,0.05907172995780591
Hylomyscus_walterverheyeni,CO3,A_H>G_H,A>G,H,17,0,-17,237,-0.07172995780590717
Hylomyscus_walterverheyeni,CO3,A_H>G_H,A>G,I,15,0,-15,237,-0.06329113924050633
Hylomyscus_walterverheyeni,CO3,A_H>G_H,A>G,K,8,0,-8,237,-0.03375527426160337
Hylomyscus_walterverheyeni,CO3,A_H>G_H,A>G,L,0,0,0,237,0.0
Hylomyscus_walterverheyeni,CO3,A_H>G_H,A>G,M,10,0,-10,237,-0.04219409282700422
Hylomyscus_walterverheyeni,CO3,A_H>G_H,A>G,N,14,0,-14,237,-0.05907172995780591
Hylomyscus_walterverheyeni,CO3,A_H>G_H,A>G,P,0,0,0,237,0.0
Hylomyscus_walterverheyeni,CO3,A_H>G_H,A>G,Q,7,0,-7,237,-0.029535864978902954
Hylomyscus_walterverheyeni,CO3,A_H>G_H,A>G,R,0,24,24,237,0.10126582278481013
Hylomyscus_walterverheyeni,CO3,A_H>G_H,A>G,S,3,7,4,237,0.016877637130801686
Hylomyscus_walterverheyeni,CO3,A_H>G_H,A>G,T,20,0,-20,237,-0.08438818565400844
Hylomyscus_walterverheyeni,CO3,A_H>G_H,A>G,V,0,25,25,237,0.10548523206751055
Hylomyscus_walterverheyeni,CO3,A_H>G_H,A>G,W,0,0,0,237,0.0
Hylomyscus_walterverheyeni,CO3,A_H>G_H,A>G,Y,11,0,-11,237,-0.046413502109704644
Hylomyscus_walterverheyeni,CO3,C_H>T_H,C>T,A,14,0,-14,193,-0.07253886010362694
Hylomyscus_walterverheyeni,CO3,C_H>T_H,C>T,C,0,1,1,193,0.0051813471502590676
Hylomyscus_walterverheyeni,CO3,C_H>T_H,C>T,D,0,0,0,193,0.0
Hylomyscus_walterverheyeni,CO3,C_H>T_H,C>T,E,0,0,0,193,0.0
Hylomyscus_walterverheyeni,CO3,C_H>T_H,C>T,F,0,22,22,193,0.11398963730569948
Hylomyscus_walterverheyeni,CO3,C_H>T_H,C>T,G,0,0,0,193,0.0
Hylomyscus_walterverheyeni,CO3,C_H>T_H,C>T,H,17,0,-17,193,-0.08808290155440414
Hylomyscus_walterverheyeni,CO3,C_H>T_H,C>T,I,0,7,7,193,0.03626943005181347
Hylomyscus_walterverheyeni,CO3,C_H>T_H,C>T,K,0,0,0,193,0.0
Hylomyscus_walterverheyeni,CO3,C_H>T_H,C>T,L,12,18,6,193,0.031088082901554404
Hylomyscus_walterverheyeni,CO3,C_H>T_H,C>T,M,0,13,13,193,0.06735751295336788
Hylomyscus_walterverheyeni,CO3,C_H>T_H,C>T,N,0,0,0,193,0.0
Hylomyscus_walterverheyeni,CO3,C_H>T_H,C>T,P,20,0,-20,193,-0.10362694300518134
Hylomyscus_walterverheyeni,CO3,C_H>T_H,C>T,Q,7,0,-7,193,-0.03626943005181347
Hylomyscus_walterverheyeni,CO3,C_H>T_H,C>T,R,5,0,-5,193,-0.025906735751295335
Hylomyscus_walterverheyeni,CO3,C_H>T_H,C>T,S,18,10,-8,193,-0.04145077720207254
Hylomyscus_walterverheyeni,CO3,C_H>T_H,C>T,T,20,0,-20,193,-0.10362694300518134
Hylomyscus_walterverheyeni,CO3,C_H>T_H,C>T,V,0,14,14,193,0.07253886010362694
Hylomyscus_walterverheyeni,CO3,C_H>T_H,C>T,W,0,4,4,193,0.02072538860103627
Hylomyscus_walterverheyeni,CO3,C_H>T_H,C>T,Y,0,17,17,193,0.08808290155440414
Hylomyscus_walterverheyeni,Cytb,A_H>G_H,A>G,A,0,28,28,368,0.07608695652173914
Hylomyscus_walterverheyeni,Cytb,A_H>G_H,A>G,C,0,15,15,368,0.04076086956521739
Hylomyscus_walterverheyeni,Cytb,A_H>G_H,A>G,D,11,17,6,368,0.016304347826086956
Hylomyscus_walterverheyeni,Cytb,A_H>G_H,A>G,E,6,9,3,368,0.008152173913043478
Hylomyscus_walterverheyeni,Cytb,A_H>G_H,A>G,F,0,0,0,368,0.0
Hylomyscus_walterverheyeni,Cytb,A_H>G_H,A>G,G,0,20,20,368,0.05434782608695652
Hylomyscus_walterverheyeni,Cytb,A_H>G_H,A>G,H,13,0,-13,368,-0.035326086956521736
Hylomyscus_walterverheyeni,Cytb,A_H>G_H,A>G,I,41,0,-41,368,-0.11141304347826086
Hylomyscus_walterverheyeni,Cytb,A_H>G_H,A>G,K,18,0,-18,368,-0.04891304347826087
Hylomyscus_walterverheyeni,Cytb,A_H>G_H,A>G,L,0,0,0,368,0.0
Hylomyscus_walterverheyeni,Cytb,A_H>G_H,A>G,M,16,0,-16,368,-0.043478260869565216
Hylomyscus_walterverheyeni,Cytb,A_H>G_H,A>G,N,34,0,-34,368,-0.09239130434782608
Hylomyscus_walterverheyeni,Cytb,A_H>G_H,A>G,P,0,0,0,368,0.0
Hylomyscus_walterverheyeni,Cytb,A_H>G_H,A>G,Q,5,0,-5,368,-0.01358695652173913
Hylomyscus_walterverheyeni,Cytb,A_H>G_H,A>G,R,0,18,18,368,0.04891304347826087
Hylomyscus_walterverheyeni,Cytb,A_H>G_H,A>G,S,3,17,14,368,0.03804347826086957
Hylomyscus_walterverheyeni,Cytb,A_H>G_H,A>G,T,28,0,-28,368,-0.07608695652173914
Hylomyscus_walterverheyeni,Cytb,A_H>G_H,A>G,V,0,57,57,368,0.15489130434782608
Hylomyscus_walterverheyeni,Cytb,A_H>G_H,A>G,W,0,1,1,368,0.002717391304347826
Hylomyscus_walterverheyeni,Cytb,A_H>G_H,A>G,Y,15,0,-15,368,-0.04076086956521739
Hylomyscus_walterverheyeni,Cytb,C_H>T_H,C>T,A,20,0,-20,275,-0.07272727272727272
Hylomyscus_walterverheyeni,Cytb,C_H>T_H,C>T,C,0,2,2,275,0.007272727272727273
Hylomyscus_walterverheyeni,Cytb,C_H>T_H,C>T,D,0,0,0,275,0.0
Hylomyscus_walterverheyeni,Cytb,C_H>T_H,C>T,E,0,0,0,275,0.0
Hylomyscus_walterverheyeni,Cytb,C_H>T_H,C>T,F,0,19,19,275,0.06909090909090909
Hylomyscus_walterverheyeni,Cytb,C_H>T_H,C>T,G,0,0,0,275,0.0
Hylomyscus_walterverheyeni,Cytb,C_H>T_H,C>T,H,13,0,-13,275,-0.04727272727272727
Hylomyscus_walterverheyeni,Cytb,C_H>T_H,C>T,I,0,9,9,275,0.03272727272727273
Hylomyscus_walterverheyeni,Cytb,C_H>T_H,C>T,K,0,0,0,275,0.0
Hylomyscus_walterverheyeni,Cytb,C_H>T_H,C>T,L,12,36,24,275,0.08727272727272728
Hylomyscus_walterverheyeni,Cytb,C_H>T_H,C>T,M,0,19,19,275,0.06909090909090909
Hylomyscus_walterverheyeni,Cytb,C_H>T_H,C>T,N,0,0,0,275,0.0
Hylomyscus_walterverheyeni,Cytb,C_H>T_H,C>T,P,44,0,-44,275,-0.16
Hylomyscus_walterverheyeni,Cytb,C_H>T_H,C>T,Q,5,0,-5,275,-0.01818181818181818
Hylomyscus_walterverheyeni,Cytb,C_H>T_H,C>T,R,8,0,-8,275,-0.02909090909090909
Hylomyscus_walterverheyeni,Cytb,C_H>T_H,C>T,S,21,22,1,275,0.0036363636363636364
Hylomyscus_walterverheyeni,Cytb,C_H>T_H,C>T,T,28,0,-28,275,-0.10181818181818182
Hylomyscus_walterverheyeni,Cytb,C_H>T_H,C>T,V,0,20,20,275,0.07272727272727272
Hylomyscus_walterverheyeni,Cytb,C_H>T_H,C>T,W,0,6,6,275,0.02181818181818182
Hylomyscus_walterverheyeni,Cytb,C_H>T_H,C>T,Y,0,13,13,275,0.04727272727272727
Lasiopodomys_anglicus,CO1,A_H>G_H,A>G,A,0,38,38,422,0.09004739336492891
Lasiopodomys_anglicus,CO1,A_H>G_H,A>G,C,0,18,18,422,0.04265402843601896
Lasiopodomys_anglicus,CO1,A_H>G_H,A>G,D,16,17,1,422,0.002369668246445498
Lasiopodomys_anglicus,CO1,A_H>G_H,A>G,E,9,10,1,422,0.002369668246445498
Lasiopodomys_anglicus,CO1,A_H>G_H,A>G,F,0,0,0,422,0.0
Lasiopodomys_anglicus,CO1,A_H>G_H,A>G,G,0,28,28,422,0.06635071090047394
Lasiopodomys_anglicus,CO1,A_H>G_H,A>G,H,19,0,-19,422,-0.045023696682464455
Lasiopodomys_anglicus,CO1,A_H>G_H,A>G,I,38,0,-38,422,-0.09004739336492891
Lasiopodomys_anglicus,CO1,A_H>G_H,A>G,K,20,0,-20,422,-0.04739336492890995
Lasiopodomys_anglicus,CO1,A_H>G_H,A>G,L,0,0,0,422,0.0
Lasiopodomys_anglicus,CO1,A_H>G_H,A>G,M,30,0,-30,422,-0.07109004739336493
Lasiopodomys_anglicus,CO1,A_H>G_H,A>G,N,34,0,-34,422,-0.08056872037914692
Lasiopodomys_anglicus,CO1,A_H>G_H,A>G,P,0,0,0,422,0.0
Lasiopodomys_anglicus,CO1,A_H>G_H,A>G,Q,7,0,-7,422,-0.016587677725118485
Lasiopodomys_anglicus,CO1,A_H>G_H,A>G,R,0,26,26,422,0.061611374407582936
Lasiopodomys_anglicus,CO1,A_H>G_H,A>G,S,3,17,14,422,0.03317535545023697
Lasiopodomys_anglicus,CO1,A_H>G_H,A>G,T,38,0,-38,422,-0.09004739336492891
Lasiopodomys_anglicus,CO1,A_H>G_H,A>G,V,0,68,68,422,0.16113744075829384
Lasiopodomys_anglicus,CO1,A_H>G_H,A>G,W,0,1,1,422,0.002369668246445498
Lasiopodomys_anglicus,CO1,A_H>G_H,A>G,Y,18,0,-18,422,-0.04265402843601896
Lasiopodomys_anglicus,CO1,C_H>T_H,C>T,A,42,0,-42,404,-0.10396039603960396
Lasiopodomys_anglicus,CO1,C_H>T_H,C>T,C,0,2,2,404,0.0049504950495049506
Lasiopodomys_anglicus,CO1,C_H>T_H,C>T,D,0,0,0,404,0.0
Lasiopodomys_anglicus,CO1,C_H>T_H,C>T,E,0,0,0,404,0.0
Lasiopodomys_anglicus,CO1,C_H>T_H,C>T,F,0,41,41,404,0.10148514851485149
Lasiopodomys_anglicus,CO1,C_H>T_H,C>T,G,0,0,0,404,0.0
Lasiopodomys_anglicus,CO1,C_H>T_H,C>T,H,19,0,-19,404,-0.04702970297029703
Lasiopodomys_anglicus,CO1,C_H>T_H,C>T,I,0,13,13,404,0.03217821782178218
Lasiopodomys_anglicus,CO1,C_H>T_H,C>T,K,0,0,0,404,0.0
Lasiopodomys_anglicus,CO1,C_H>T_H,C>T,L,27,41,14,404,0.034653465346534656
Lasiopodomys_anglicus,CO1,C_H>T_H,C>T,M,0,25,25,404,0.06188118811881188
Lasiopodomys_anglicus,CO1,C_H>T_H,C>T,N,0,0,0,404,0.0
Lasiopodomys_anglicus,CO1,C_H>T_H,C>T,P,56,0,-56,404,-0.13861386138613863
Lasiopodomys_anglicus,CO1,C_H>T_H,C>T,Q,7,0,-7,404,-0.017326732673267328
Lasiopodomys_anglicus,CO1,C_H>T_H,C>T,R,8,0,-8,404,-0.019801980198019802
Lasiopodomys_anglicus,CO1,C_H>T_H,C>T,S,27,28,1,404,0.0024752475247524753
Lasiopodomys_anglicus,CO1,C_H>T_H,C>T,T,38,0,-38,404,-0.09405940594059406
Lasiopodomys_anglicus,CO1,C_H>T_H,C>T,V,0,42,42,404,0.10396039603960396
Lasiopodomys_anglicus,CO1,C_H>T_H,C>T,W,0,6,6,404,0.01485148514851485
Lasiopodomys_anglicus,CO1,C_H>T_H,C>T,Y,0,19,19,404,0.04702970297029703
Lasiopodomys_anglicus,CO3,A_H>G_H,A>G,A,0,21,21,228,0.09210526315789473
Lasiopodomys_anglicus,CO3,A_H>G_H,A>G,C,0,12,12,228,0.05263157894736842
Lasiopodomys_anglicus,CO3,A_H>G_H,A>G,D,4,8,4,228,0.017543859649122806
Lasiopodomys_anglicus,CO3,A_H>G_H,A>G,E,7,4,-3,228,-0.013157894736842105
Lasiopodomys_anglicus,CO3,A_H>G_H,A>G,F,0,0,0,228,0.0
Lasiopodomys_anglicus,CO3,A_H>G_H,A>G,G,0,14,14,228,0.06140350877192982
Lasiopodomys_anglicus,CO3,A_H>G_H,A>G,H,16,0,-16,228,-0.07017543859649122
Lasiopodomys_anglicus,CO3,A_H>G_H,A>G,I,13,0,-13,228,-0.05701754385964912
Lasiopodomys_anglicus,CO3,A_H>G_H,A>G,K,8,0,-8,228,-0.03508771929824561
Lasiopodomys_anglicus,CO3,A_H>G_H,A>G,L,0,0,0,228,0.0
Lasiopodomys_anglicus,CO3,A_H>G_H,A>G,M,10,0,-10,228,-0.043859649122807015
Lasiopodomys_anglicus,CO3,A_H>G_H,A>G,N,16,0,-16,228,-0.07017543859649122
Lasiopodomys_anglicus,CO3,A_H>G_H,A>G,P,0,0,0,228,0.0
Lasiopodomys_anglicus,CO3,A_H>G_H,A>G,Q,7,0,-7,228,-0.03070175438596491
Lasiopodomys_anglicus,CO3,A_H>G_H,A>G,R,0,23,23,228,0.10087719298245613
Lasiopodomys_anglicus,CO3,A_H>G_H,A>G,S,3,8,5,228,0.021929824561403508
Lasiopodomys_anglicus,CO3,A_H>G_H,A>G,T,21,0,-21,228,-0.09210526315789473
Lasiopodomys_anglicus,CO3,A_H>G_H,A>G,V,0,23,23,228,0.10087719298245613
Lasiopodomys_anglicus,CO3,A_H>G_H,A>G,W,0,0,0,228,0.0
Lasiopodomys_anglicus,CO3,A_H>G_H,A>G,Y,12,0,-12,228,-0.05263157894736842
Lasiopodomys_anglicus,CO3,C_H>T_H,C>T,A,13,0,-13,219,-0.0593607305936073
Lasiopodomys_anglicus,CO3,C_H>T_H,C>T,C,0,2,2,219,0.0091324200913242
Lasiopodomys_anglicus,CO3,C_H>T_H,C>T,D,0,0,0,219,0.0
Lasiopodomys_anglicus,CO3,C_H>T_H,C>T,E,0,0,0,219,0.0
Lasiopodomys_anglicus,CO3,C_H>T_H,C>T,F,0,16,16,219,0.0730593607305936
Lasiopodomys_anglicus,CO3,C_H>T_H,C>T,G,0,0,0,219,0.0
Lasiopodomys_anglicus,CO3,C_H>T_H,C>T,H,16,0,-16,219,-0.0730593607305936
Lasiopodomys_anglicus,CO3,C_H>T_H,C>T,I,0,10,10,219,0.045662100456621
Lasiopodomys_anglicus,CO3,C_H>T_H,C>T,K,0,0,0,219,0.0
Lasiopodomys_anglicus,CO3,C_H>T_H,C>T,L,8,20,12,219,0.0547945205479452
Lasiopodomys_anglicus,CO3,C_H>T_H,C>T,M,0,11,11,219,0.0502283105022831
Lasiopodomys_anglicus,CO3,C_H>T_H,C>T,N,0,0,0,219,0.0
Lasiopodomys_anglicus,CO3,C_H>T_H,C>T,P,20,0,-20,219,-0.091324200913242
Lasiopodomys_anglicus,CO3,C_H>T_H,C>T,Q,7,0,-7,219,-0.0319634703196347
Lasiopodomys_anglicus,CO3,C_H>T_H,C>T,R,5,0,-5,219,-0.0228310502283105
Lasiopodomys_anglicus,CO3,C_H>T_H,C>T,S,18,10,-8,219,-0.0365296803652968
Lasiopodomys_anglicus,CO3,C_H>T_H,C>T,T,21,0,-21,219,-0.0958904109589041
Lasiopodomys_anglicus,CO3,C_H>T_H,C>T,V,0,13,13,219,0.0593607305936073
Lasiopodomys_anglicus,CO3,C_H>T_H,C>T,W,0,3,3,219,0.0136986301369863
Lasiopodomys_anglicus,CO3,C_H>T_H,C>T,Y,0,16,16,219,0.0730593607305936
Lasiopodomys_anglicus,Cytb,A_H>G_H,A>G,A,0,25,25,343,0.0728862973760933
Lasiopodomys_anglicus,Cytb,A_H>G_H,A>G,C,0,15,15,343,0.043731778425655975
Lasiopodomys_anglicus,Cytb,A_H>G_H,A>G,D,13,17,4,343,0.011661807580174927
Lasiopodomys_anglicus,Cytb,A_H>G_H,A>G,E,6,8,2,343,0.0058309037900874635
Lasiopodomys_anglicus,Cytb,A_H>G_H,A>G,F,0,0,0,343,0.0
Lasiopodomys_anglicus,Cytb,A_H>G_H,A>G,G,0,19,19,343,0.05539358600583091
Lasiopodomys_anglicus,Cytb,A_H>G_H,A>G,H,12,0,-12,343,-0.03498542274052478
Lasiopodomys_anglicus,Cytb,A_H>G_H,A>G,I,43,0,-43,343,-0.12536443148688048
Lasiopodomys_anglicus,Cytb,A_H>G_H,A>G,K,16,0,-16,343,-0.04664723032069971
Lasiopodomys_anglicus,Cytb,A_H>G_H,A>G,L,0,0,0,343,0.0
Lasiopodomys_anglicus,Cytb,A_H>G_H,A>G,M,18,0,-18,343,-0.052478134110787174
Lasiopodomys_anglicus,Cytb,A_H>G_H,A>G,N,34,0,-34,343,-0.09912536443148688
Lasiopodomys_anglicus,Cytb,A_H>G_H,A>G,P,0,0,0,343,0.0
Lasiopodomys_anglicus,Cytb,A_H>G_H,A>G,Q,6,0,-6,343,-0.01749271137026239
Lasiopodomys_anglicus,Cytb,A_H>G_H,A>G,R,0,18,18,343,0.052478134110787174
Lasiopodomys_anglicus,Cytb,A_H>G_H,A>G,S,0,17,17,343,0.04956268221574344
Lasiopodomys_anglicus,Cytb,A_H>G_H,A>G,T,25,0,-25,343,-0.0728862973760933
Lasiopodomys_anglicus,Cytb,A_H>G_H,A>G,V,0,61,61,343,0.17784256559766765
Lasiopodomys_anglicus,Cytb,A_H>G_H,A>G,W,0,1,1,343,0.0029154518950437317
Lasiopodomys_anglicus,Cytb,A_H>G_H,A>G,Y,15,0,-15,343,-0.043731778425655975
Lasiopodomys_anglicus,Cytb,C_H>T_H,C>T,A,28,0,-28,341,-0.08211143695014662
Lasiopodomys_anglicus,Cytb,C_H>T_H,C>T,C,0,2,2,341,0.005865102639296188
Lasiopodomys_anglicus,Cytb,C_H>T_H,C>T,D,0,0,0,341,0.0
Lasiopodomys_anglicus,Cytb,C_H>T_H,C>T,E,0,0,0,341,0.0
Lasiopodomys_anglicus,Cytb,C_H>T_H,C>T,F,0,24,24,341,0.07038123167155426
Lasiopodomys_anglicus,Cytb,C_H>T_H,C>T,G,0,0,0,341,0.0
Lasiopodomys_anglicus,Cytb,C_H>T_H,C>T,H,12,0,-12,341,-0.03519061583577713
Lasiopodomys_anglicus,Cytb,C_H>T_H,C>T,I,0,7,7,341,0.020527859237536656
Lasiopodomys_anglicus,Cytb,C_H>T_H,C>T,K,0,0,0,341,0.0
Lasiopodomys_anglicus,Cytb,C_H>T_H,C>T,L,17,36,19,341,0.05571847507331378
Lasiopodomys_anglicus,Cytb,C_H>T_H,C>T,M,0,18,18,341,0.05278592375366569
Lasiopodomys_anglicus,Cytb,C_H>T_H,C>T,N,0,0,0,341,0.0
Lasiopodomys_anglicus,Cytb,C_H>T_H,C>T,P,44,0,-44,341,-0.12903225806451613
Lasiopodomys_anglicus,Cytb,C_H>T_H,C>T,Q,6,0,-6,341,-0.017595307917888565
Lasiopodomys_anglicus,Cytb,C_H>T_H,C>T,R,8,0,-8,341,-0.02346041055718475
Lasiopodomys_anglicus,Cytb,C_H>T_H,C>T,S,21,22,1,341,0.002932551319648094
Lasiopodomys_anglicus,Cytb,C_H>T_H,C>T,T,25,0,-25,341,-0.07331378299120235
Lasiopodomys_anglicus,Cytb,C_H>T_H,C>T,V,0,28,28,341,0.08211143695014662
Lasiopodomys_anglicus,Cytb,C_H>T_H,C>T,W,0,6,6,341,0.017595307917888565
Lasiopodomys_anglicus,Cytb,C_H>T_H,C>T,Y,0,12,12,341,0.03519061583577713
Lasiopodomys_gregalis,CO1,A_H>G_H,A>G,A,0,38,38,419,0.09069212410501193
Lasiopodomys_gregalis,CO1,A_H>G_H,A>G,C,0,18,18,419,0.04295942720763723
Lasiopodomys_gregalis,CO1,A_H>G_H,A>G,D,16,17,1,419,0.002386634844868735
Lasiopodomys_gregalis,CO1,A_H>G_H,A>G,E,9,10,1,419,0.002386634844868735
Lasiopodomys_gregalis,CO1,A_H>G_H,A>G,F,0,0,0,419,0.0
Lasiopodomys_gregalis,CO1,A_H>G_H,A>G,G,0,28,28,419,0.06682577565632458
Lasiopodomys_gregalis,CO1,A_H>G_H,A>G,H,19,0,-19,419,-0.045346062052505964
Lasiopodomys_gregalis,CO1,A_H>G_H,A>G,I,37,0,-37,419,-0.0883054892601432
Lasiopodomys_gregalis,CO1,A_H>G_H,A>G,K,20,0,-20,419,-0.0477326968973747
Lasiopodomys_gregalis,CO1,A_H>G_H,A>G,L,0,0,0,419,0.0
Lasiopodomys_gregalis,CO1,A_H>G_H,A>G,M,30,0,-30,419,-0.07159904534606205
Lasiopodomys_gregalis,CO1,A_H>G_H,A>G,N,34,0,-34,419,-0.081145584725537
Lasiopodomys_gregalis,CO1,A_H>G_H,A>G,P,0,0,0,419,0.0
Lasiopodomys_gregalis,CO1,A_H>G_H,A>G,Q,7,0,-7,419,-0.016706443914081145
Lasiopodomys_gregalis,CO1,A_H>G_H,A>G,R,0,26,26,419,0.06205250596658711
Lasiopodomys_gregalis,CO1,A_H>G_H,A>G,S,3,17,14,419,0.03341288782816229
Lasiopodomys_gregalis,CO1,A_H>G_H,A>G,T,38,0,-38,419,-0.09069212410501193
Lasiopodomys_gregalis,CO1,A_H>G_H,A>G,V,0,67,67,419,0.15990453460620524
Lasiopodomys_gregalis,CO1,A_H>G_H,A>G,W,0,1,1,419,0.002386634844868735
Lasiopodomys_gregalis,CO1,A_H>G_H,A>G,Y,18,0,-18,419,-0.04295942720763723
Lasiopodomys_gregalis,CO1,C_H>T_H,C>T,A,42,0,-42,409,-0.10268948655256724
Lasiopodomys_gregalis,CO1,C_H>T_H,C>T,C,0,2,2,409,0.004889975550122249
Lasiopodomys_gregalis,CO1,C_H>T_H,C>T,D,0,0,0,409,0.0
Lasiopodomys_gregalis,CO1,C_H>T_H,C>T,E,0,0,0,409,0.0
Lasiopodomys_gregalis,CO1,C_H>T_H,C>T,F,0,39,39,409,0.09535452322738386
Lasiopodomys_gregalis,CO1,C_H>T_H,C>T,G,0,0,0,409,0.0
Lasiopodomys_gregalis,CO1,C_H>T_H,C>T,H,19,0,-19,409,-0.04645476772616137
Lasiopodomys_gregalis,CO1,C_H>T_H,C>T,I,0,13,13,409,0.03178484107579462
Lasiopodomys_gregalis,CO1,C_H>T_H,C>T,K,0,0,0,409,0.0
Lasiopodomys_gregalis,CO1,C_H>T_H,C>T,L,25,41,16,409,0.039119804400977995
Lasiopodomys_gregalis,CO1,C_H>T_H,C>T,M,0,25,25,409,0.061124694376528114
Lasiopodomys_gregalis,CO1,C_H>T_H,C>T,N,0,0,0,409,0.0
Lasiopodomys_gregalis,CO1,C_H>T_H,C>T,P,56,0,-56,409,-0.13691931540342298
Lasiopodomys_gregalis,CO1,C_H>T_H,C>T,Q,7,0,-7,409,-0.017114914425427872
Lasiopodomys_gregalis,CO1,C_H>T_H,C>T,R,8,0,-8,409,-0.019559902200488997
Lasiopodomys_gregalis,CO1,C_H>T_H,C>T,S,27,28,1,409,0.0024449877750611247
Lasiopodomys_gregalis,CO1,C_H>T_H,C>T,T,38,0,-38,409,-0.09290953545232274
Lasiopodomys_gregalis,CO1,C_H>T_H,C>T,V,0,42,42,409,0.10268948655256724
Lasiopodomys_gregalis,CO1,C_H>T_H,C>T,W,0,6,6,409,0.014669926650366748
Lasiopodomys_gregalis,CO1,C_H>T_H,C>T,Y,0,19,19,409,0.04645476772616137
Lasiopodomys_gregalis,CO3,A_H>G_H,A>G,A,0,22,22,231,0.09523809523809523
Lasiopodomys_gregalis,CO3,A_H>G_H,A>G,C,0,12,12,231,0.05194805194805195
Lasiopodomys_gregalis,CO3,A_H>G_H,A>G,D,4,7,3,231,0.012987012987012988
Lasiopodomys_gregalis,CO3,A_H>G_H,A>G,E,7,4,-3,231,-0.012987012987012988
Lasiopodomys_gregalis,CO3,A_H>G_H,A>G,F,0,0,0,231,0.0
Lasiopodomys_gregalis,CO3,A_H>G_H,A>G,G,0,15,15,231,0.06493506493506493
Lasiopodomys_gregalis,CO3,A_H>G_H,A>G,H,16,0,-16,231,-0.06926406926406926
Lasiopodomys_gregalis,CO3,A_H>G_H,A>G,I,14,0,-14,231,-0.06060606060606061
Lasiopodomys_gregalis,CO3,A_H>G_H,A>G,K,8,0,-8,231,-0.03463203463203463
Lasiopodomys_gregalis,CO3,A_H>G_H,A>G,L,0,0,0,231,0.0
Lasiopodomys_gregalis,CO3,A_H>G_H,A>G,M,9,0,-9,231,-0.03896103896103896
Lasiopodomys_gregalis,CO3,A_H>G_H,A>G,N,14,0,-14,231,-0.06060606060606061
Lasiopodomys_gregalis,CO3,A_H>G_H,A>G,P,0,0,0,231,0.0
Lasiopodomys_gregalis,CO3,A_H>G_H,A>G,Q,7,0,-7,231,-0.030303030303030304
Lasiopodomys_gregalis,CO3,A_H>G_H,A>G,R,0,23,23,231,0.09956709956709957
Lasiopodomys_gregalis,CO3,A_H>G_H,A>G,S,4,7,3,231,0.012987012987012988
Lasiopodomys_gregalis,CO3,A_H>G_H,A>G,T,22,0,-22,231,-0.09523809523809523
Lasiopodomys_gregalis,CO3,A_H>G_H,A>G,V,0,23,23,231,0.09956709956709957
Lasiopodomys_gregalis,CO3,A_H>G_H,A>G,W,0,0,0,231,0.0
Lasiopodomys_gregalis,CO3,A_H>G_H,A>G,Y,12,0,-12,231,-0.05194805194805195
Lasiopodomys_gregalis,CO3,C_H>T_H,C>T,A,13,0,-13,217,-0.059907834101382486
Lasiopodomys_gregalis,CO3,C_H>T_H,C>T,C,0,2,2,217,0.009216589861751152
Lasiopodomys_gregalis,CO3,C_H>T_H,C>T,D,0,0,0,217,0.0
Lasiopodomys_gregalis,CO3,C_H>T_H,C>T,E,0,0,0,217,0.0
Lasiopodomys_gregalis,CO3,C_H>T_H,C>T,F,0,16,16,217,0.07373271889400922
Lasiopodomys_gregalis,CO3,C_H>T_H,C>T,G,0,0,0,217,0.0
Lasiopodomys_gregalis,CO3,C_H>T_H,C>T,H,16,0,-16,217,-0.07373271889400922
Lasiopodomys_gregalis,CO3,C_H>T_H,C>T,I,0,12,12,217,0.055299539170506916
Lasiopodomys_gregalis,CO3,C_H>T_H,C>T,K,0,0,0,217,0.0
Lasiopodomys_gregalis,CO3,C_H>T_H,C>T,L,8,20,12,217,0.055299539170506916
Lasiopodomys_gregalis,CO3,C_H>T_H,C>T,M,0,10,10,217,0.04608294930875576
Lasiopodomys_gregalis,CO3,C_H>T_H,C>T,N,0,0,0,217,0.0
Lasiopodomys_gregalis,CO3,C_H>T_H,C>T,P,22,0,-22,217,-0.10138248847926268
Lasiopodomys_gregalis,CO3,C_H>T_H,C>T,Q,7,0,-7,217,-0.03225806451612903
Lasiopodomys_gregalis,CO3,C_H>T_H,C>T,R,5,0,-5,217,-0.02304147465437788
Lasiopodomys_gregalis,CO3,C_H>T_H,C>T,S,17,11,-6,217,-0.027649769585253458
Lasiopodomys_gregalis,CO3,C_H>T_H,C>T,T,22,0,-22,217,-0.10138248847926268
Lasiopodomys_gregalis,CO3,C_H>T_H,C>T,V,0,13,13,217,0.059907834101382486
Lasiopodomys_gregalis,CO3,C_H>T_H,C>T,W,0,3,3,217,0.013824884792626729
Lasiopodomys_gregalis,CO3,C_H>T_H,C>T,Y,0,16,16,217,0.07373271889400922
Lasiopodomys_gregalis,Cytb,A_H>G_H,A>G,A,0,28,28,348,0.08045977011494253
Lasiopodomys_gregalis,Cytb,A_H>G_H,A>G,C,0,16,16,348,0.04597701149425287
Lasiopodomys_gregalis,Cytb,A_H>G_H,A>G,D,13,17,4,348,0.011494252873563218
Lasiopodomys_gregalis,Cytb,A_H>G_H,A>G,E,6,8,2,348,0.005747126436781609
Lasiopodomys_gregalis,Cytb,A_H>G_H,A>G,F,0,0,0,348,0.0
Lasiopodomys_gregalis,Cytb,A_H>G_H,A>G,G,0,19,19,348,0.05459770114942529
Lasiopodomys_gregalis,Cytb,A_H>G_H,A>G,H,12,0,-12,348,-0.034482758620689655
Lasiopodomys_gregalis,Cytb,A_H>G_H,A>G,I,42,0,-42,348,-0.1206896551724138
Lasiopodomys_gregalis,Cytb,A_H>G_H,A>G,K,16,0,-16,348,-0.04597701149425287
Lasiopodomys_gregalis,Cytb,A_H>G_H,A>G,L,0,0,0,348,0.0
Lasiopodomys_gregalis,Cytb,A_H>G_H,A>G,M,18,0,-18,348,-0.05172413793103448
Lasiopodomys_gregalis,Cytb,A_H>G_H,A>G,N,34,0,-34,348,-0.09770114942528736
Lasiopodomys_gregalis,Cytb,A_H>G_H,A>G,P,0,0,0,348,0.0
Lasiopodomys_gregalis,Cytb,A_H>G_H,A>G,Q,6,0,-6,348,-0.017241379310344827
Lasiopodomys_gregalis,Cytb,A_H>G_H,A>G,R,0,18,18,348,0.05172413793103448
Lasiopodomys_gregalis,Cytb,A_H>G_H,A>G,S,0,17,17,348,0.04885057471264368
Lasiopodomys_gregalis,Cytb,A_H>G_H,A>G,T,28,0,-28,348,-0.08045977011494253
Lasiopodomys_gregalis,Cytb,A_H>G_H,A>G,V,0,60,60,348,0.1724137931034483
Lasiopodomys_gregalis,Cytb,A_H>G_H,A>G,W,0,1,1,348,0.0028735632183908046
Lasiopodomys_gregalis,Cytb,A_H>G_H,A>G,Y,16,0,-16,348,-0.04597701149425287
Lasiopodomys_gregalis,Cytb,C_H>T_H,C>T,A,24,0,-24,342,-0.07017543859649122
Lasiopodomys_gregalis,Cytb,C_H>T_H,C>T,C,0,2,2,342,0.005847953216374269
Lasiopodomys_gregalis,Cytb,C_H>T_H,C>T,D,0,0,0,342,0.0
Lasiopodomys_gregalis,Cytb,C_H>T_H,C>T,E,0,0,0,342,0.0
Lasiopodomys_gregalis,Cytb,C_H>T_H,C>T,F,0,22,22,342,0.06432748538011696
Lasiopodomys_gregalis,Cytb,C_H>T_H,C>T,G,0,0,0,342,0.0
Lasiopodomys_gregalis,Cytb,C_H>T_H,C>T,H,12,0,-12,342,-0.03508771929824561
Lasiopodomys_gregalis,Cytb,C_H>T_H,C>T,I,0,9,9,342,0.02631578947368421
Lasiopodomys_gregalis,Cytb,C_H>T_H,C>T,K,0,0,0,342,0.0
Lasiopodomys_gregalis,Cytb,C_H>T_H,C>T,L,16,37,21,342,0.06140350877192982
Lasiopodomys_gregalis,Cytb,C_H>T_H,C>T,M,0,19,19,342,0.05555555555555555
Lasiopodomys_gregalis,Cytb,C_H>T_H,C>T,N,0,0,0,342,0.0
Lasiopodomys_gregalis,Cytb,C_H>T_H,C>T,P,44,0,-44,342,-0.1286549707602339
Lasiopodomys_gregalis,Cytb,C_H>T_H,C>T,Q,6,0,-6,342,-0.017543859649122806
Lasiopodomys_gregalis,Cytb,C_H>T_H,C>T,R,8,0,-8,342,-0.023391812865497075
Lasiopodomys_gregalis,Cytb,C_H>T_H,C>T,S,21,22,1,342,0.0029239766081871343
Lasiopodomys_gregalis,Cytb,C_H>T_H,C>T,T,28,0,-28,342,-0.08187134502923976
Lasiopodomys_gregalis,Cytb,C_H>T_H,C>T,V,0,24,24,342,0.07017543859649122
Lasiopodomys_gregalis,Cytb,C_H>T_H,C>T,W,0,6,6,342,0.017543859649122806
Lasiopodomys_gregalis,Cytb,C_H>T_H,C>T,Y,0,12,12,342,0.03508771929824561
Macaca_fascicularis,CO1,A_H>G_H,A>G,A,0,32,32,413,0.0774818401937046
Macaca_fascicularis,CO1,A_H>G_H,A>G,C,0,21,21,413,0.05084745762711865
Macaca_fascicularis,CO1,A_H>G_H,A>G,D,15,18,3,413,0.007263922518159807
Macaca_fascicularis,CO1,A_H>G_H,A>G,E,11,11,0,413,0.0
Macaca_fascicularis,CO1,A_H>G_H,A>G,F,0,0,0,413,0.0
Macaca_fascicularis,CO1,A_H>G_H,A>G,G,0,31,31,413,0.07506053268765134
Macaca_fascicularis,CO1,A_H>G_H,A>G,H,18,0,-18,413,-0.043583535108958835
Macaca_fascicularis,CO1,A_H>G_H,A>G,I,45,0,-45,413,-0.1089588377723971
Macaca_fascicularis,CO1,A_H>G_H,A>G,K,22,0,-22,413,-0.053268765133171914
Macaca_fascicularis,CO1,A_H>G_H,A>G,L,0,0,0,413,0.0
Macaca_fascicularis,CO1,A_H>G_H,A>G,M,29,0,-29,413,-0.07021791767554479
Macaca_fascicularis,CO1,A_H>G_H,A>G,N,36,0,-36,413,-0.08716707021791767
Macaca_fascicularis,CO1,A_H>G_H,A>G,P,0,0,0,413,0.0
Macaca_fascicularis,CO1,A_H>G_H,A>G,Q,7,0,-7,413,-0.01694915254237288
Macaca_fascicularis,CO1,A_H>G_H,A>G,R,0,25,25,413,0.06053268765133172
Macaca_fascicularis,CO1,A_H>G_H,A>G,S,5,18,13,413,0.031476997578692496
Macaca_fascicularis,CO1,A_H>G_H,A>G,T,32,0,-32,413,-0.0774818401937046
Macaca_fascicularis,CO1,A_H>G_H,A>G,V,0,74,74,413,0.1791767554479419
Macaca_fascicularis,CO1,A_H>G_H,A>G,W,0,1,1,413,0.002421307506053269
Macaca_fascicularis,CO1,A_H>G_H,A>G,Y,21,0,-21,413,-0.05084745762711865
Macaca_fascicularis,CO1,C_H>T_H,C>T,A,40,0,-40,429,-0.09324009324009325
Macaca_fascicularis,CO1,C_H>T_H,C>T,C,0,5,5,429,0.011655011655011656
Macaca_fascicularis,CO1,C_H>T_H,C>T,D,0,0,0,429,0.0
Macaca_fascicularis,CO1,C_H>T_H,C>T,E,0,0,0,429,0.0
Macaca_fascicularis,CO1,C_H>T_H,C>T,F,0,34,34,429,0.07925407925407925
Macaca_fascicularis,CO1,C_H>T_H,C>T,G,0,0,0,429,0.0
Macaca_fascicularis,CO1,C_H>T_H,C>T,H,18,0,-18,429,-0.04195804195804196
Macaca_fascicularis,CO1,C_H>T_H,C>T,I,0,18,18,429,0.04195804195804196
Macaca_fascicularis,CO1,C_H>T_H,C>T,K,0,0,0,429,0.0
Macaca_fascicularis,CO1,C_H>T_H,C>T,L,17,41,24,429,0.055944055944055944
Macaca_fascicularis,CO1,C_H>T_H,C>T,M,0,14,14,429,0.03263403263403263
Macaca_fascicularis,CO1,C_H>T_H,C>T,N,0,0,0,429,0.0
Macaca_fascicularis,CO1,C_H>T_H,C>T,P,62,0,-62,429,-0.1445221445221445
Macaca_fascicularis,CO1,C_H>T_H,C>T,Q,7,0,-7,429,-0.016317016317016316
Macaca_fascicularis,CO1,C_H>T_H,C>T,R,9,0,-9,429,-0.02097902097902098
Macaca_fascicularis,CO1,C_H>T_H,C>T,S,27,31,4,429,0.009324009324009324
Macaca_fascicularis,CO1,C_H>T_H,C>T,T,32,0,-32,429,-0.07459207459207459
Macaca_fascicularis,CO1,C_H>T_H,C>T,V,0,40,40,429,0.09324009324009325
Macaca_fascicularis,CO1,C_H>T_H,C>T,W,0,4,4,429,0.009324009324009324
Macaca_fascicularis,CO1,C_H>T_H,C>T,Y,0,18,18,429,0.04195804195804196
Macaca_fascicularis,CO3,A_H>G_H,A>G,A,0,27,27,217,0.12442396313364056
Macaca_fascicularis,CO3,A_H>G_H,A>G,C,0,13,13,217,0.059907834101382486
Macaca_fascicularis,CO3,A_H>G_H,A>G,D,3,6,3,217,0.013824884792626729
Macaca_fascicularis,CO3,A_H>G_H,A>G,E,6,3,-3,217,-0.013824884792626729
Macaca_fascicularis,CO3,A_H>G_H,A>G,F,0,0,0,217,0.0
Macaca_fascicularis,CO3,A_H>G_H,A>G,G,0,15,15,217,0.06912442396313365
Macaca_fascicularis,CO3,A_H>G_H,A>G,H,16,0,-16,217,-0.07373271889400922
Macaca_fascicularis,CO3,A_H>G_H,A>G,I,20,0,-20,217,-0.09216589861751152
Macaca_fascicularis,CO3,A_H>G_H,A>G,K,6,0,-6,217,-0.027649769585253458
Macaca_fascicularis,CO3,A_H>G_H,A>G,L,0,0,0,217,0.0
Macaca_fascicularis,CO3,A_H>G_H,A>G,M,9,0,-9,217,-0.041474654377880185
Macaca_fascicularis,CO3,A_H>G_H,A>G,N,12,0,-12,217,-0.055299539170506916
Macaca_fascicularis,CO3,A_H>G_H,A>G,P,0,0,0,217,0.0
Macaca_fascicularis,CO3,A_H>G_H,A>G,Q,8,0,-8,217,-0.03686635944700461
Macaca_fascicularis,CO3,A_H>G_H,A>G,R,0,24,24,217,0.11059907834101383
Macaca_fascicularis,CO3,A_H>G_H,A>G,S,6,6,0,217,0.0
Macaca_fascicularis,CO3,A_H>G_H,A>G,T,27,0,-27,217,-0.12442396313364056
Macaca_fascicularis,CO3,A_H>G_H,A>G,V,0,29,29,217,0.1336405529953917
Macaca_fascicularis,CO3,A_H>G_H,A>G,W,0,0,0,217,0.0
Macaca_fascicularis,CO3,A_H>G_H,A>G,Y,13,0,-13,217,-0.059907834101382486
Macaca_fascicularis,CO3,C_H>T_H,C>T,A,14,0,-14,247,-0.05668016194331984
Macaca_fascicularis,CO3,C_H>T_H,C>T,C,0,2,2,247,0.008097165991902834
Macaca_fascicularis,CO3,C_H>T_H,C>T,D,0,0,0,247,0.0
Macaca_fascicularis,CO3,C_H>T_H,C>T,E,0,0,0,247,0.0
Macaca_fascicularis,CO3,C_H>T_H,C>T,F,0,19,19,247,0.07692307692307693
Macaca_fascicularis,CO3,C_H>T_H,C>T,G,0,0,0,247,0.0
Macaca_fascicularis,CO3,C_H>T_H,C>T,H,16,0,-16,247,-0.06477732793522267
Macaca_fascicularis,CO3,C_H>T_H,C>T,I,0,12,12,247,0.048582995951417005
Macaca_fascicularis,CO3,C_H>T_H,C>T,K,0,0,0,247,0.0
Macaca_fascicularis,CO3,C_H>T_H,C>T,L,11,18,7,247,0.02834008097165992
Macaca_fascicularis,CO3,C_H>T_H,C>T,M,0,15,15,247,0.06072874493927125
Macaca_fascicularis,CO3,C_H>T_H,C>T,N,0,0,0,247,0.0
Macaca_fascicularis,CO3,C_H>T_H,C>T,P,24,0,-24,247,-0.09716599190283401
Macaca_fascicularis,CO3,C_H>T_H,C>T,Q,8,0,-8,247,-0.032388663967611336
Macaca_fascicularis,CO3,C_H>T_H,C>T,R,5,0,-5,247,-0.020242914979757085
Macaca_fascicularis,CO3,C_H>T_H,C>T,S,14,12,-2,247,-0.008097165991902834
Macaca_fascicularis,CO3,C_H>T_H,C>T,T,27,0,-27,247,-0.10931174089068826
Macaca_fascicularis,CO3,C_H>T_H,C>T,V,0,14,14,247,0.05668016194331984
Macaca_fascicularis,CO3,C_H>T_H,C>T,W,0,3,3,247,0.012145748987854251
Macaca_fascicularis,CO3,C_H>T_H,C>T,Y,0,16,16,247,0.06477732793522267
Macaca_fascicularis,Cytb,A_H>G_H,A>G,A,0,33,33,336,0.09821428571428571
Macaca_fascicularis,Cytb,A_H>G_H,A>G,C,0,15,15,336,0.044642857142857144
Macaca_fascicularis,Cytb,A_H>G_H,A>G,D,10,18,8,336,0.023809523809523808
Macaca_fascicularis,Cytb,A_H>G_H,A>G,E,4,9,5,336,0.01488095238095238
Macaca_fascicularis,Cytb,A_H>G_H,A>G,F,0,0,0,336,0.0
Macaca_fascicularis,Cytb,A_H>G_H,A>G,G,0,18,18,336,0.05357142857142857
Macaca_fascicularis,Cytb,A_H>G_H,A>G,H,11,0,-11,336,-0.03273809523809524
Macaca_fascicularis,Cytb,A_H>G_H,A>G,I,43,0,-43,336,-0.12797619047619047
Macaca_fascicularis,Cytb,A_H>G_H,A>G,K,18,0,-18,336,-0.05357142857142857
Macaca_fascicularis,Cytb,A_H>G_H,A>G,L,0,0,0,336,0.0
Macaca_fascicularis,Cytb,A_H>G_H,A>G,M,15,0,-15,336,-0.044642857142857144
Macaca_fascicularis,Cytb,A_H>G_H,A>G,N,36,0,-36,336,-0.10714285714285714
Macaca_fascicularis,Cytb,A_H>G_H,A>G,P,0,0,0,336,0.0
Macaca_fascicularis,Cytb,A_H>G_H,A>G,Q,9,0,-9,336,-0.026785714285714284
Macaca_fascicularis,Cytb,A_H>G_H,A>G,R,0,20,20,336,0.05952380952380952
Macaca_fascicularis,Cytb,A_H>G_H,A>G,S,4,18,14,336,0.041666666666666664
Macaca_fascicularis,Cytb,A_H>G_H,A>G,T,33,0,-33,336,-0.09821428571428571
Macaca_fascicularis,Cytb,A_H>G_H,A>G,V,0,58,58,336,0.17261904761904762
Macaca_fascicularis,Cytb,A_H>G_H,A>G,W,0,0,0,336,0.0
Macaca_fascicularis,Cytb,A_H>G_H,A>G,Y,15,0,-15,336,-0.044642857142857144
Macaca_fascicularis,Cytb,C_H>T_H,C>T,A,21,0,-21,387,-0.05426356589147287
Macaca_fascicularis,Cytb,C_H>T_H,C>T,C,0,3,3,387,0.007751937984496124
Macaca_fascicularis,Cytb,C_H>T_H,C>T,D,0,0,0,387,0.0
Macaca_fascicularis,Cytb,C_H>T_H,C>T,E,0,0,0,387,0.0
Macaca_fascicularis,Cytb,C_H>T_H,C>T,F,0,41,41,387,0.10594315245478036
Macaca_fascicularis,Cytb,C_H>T_H,C>T,G,0,0,0,387,0.0
Macaca_fascicularis,Cytb,C_H>T_H,C>T,H,11,0,-11,387,-0.028423772609819122
Macaca_fascicularis,Cytb,C_H>T_H,C>T,I,0,18,18,387,0.046511627906976744
Macaca_fascicularis,Cytb,C_H>T_H,C>T,K,0,0,0,387,0.0
Macaca_fascicularis,Cytb,C_H>T_H,C>T,L,28,35,7,387,0.01808785529715762
Macaca_fascicularis,Cytb,C_H>T_H,C>T,M,0,15,15,387,0.03875968992248062
Macaca_fascicularis,Cytb,C_H>T_H,C>T,N,0,0,0,387,0.0
Macaca_fascicularis,Cytb,C_H>T_H,C>T,P,50,0,-50,387,-0.12919896640826872
Macaca_fascicularis,Cytb,C_H>T_H,C>T,Q,9,0,-9,387,-0.023255813953488372
Macaca_fascicularis,Cytb,C_H>T_H,C>T,R,7,0,-7,387,-0.01808785529715762
Macaca_fascicularis,Cytb,C_H>T_H,C>T,S,23,25,2,387,0.00516795865633075
Macaca_fascicularis,Cytb,C_H>T_H,C>T,T,33,0,-33,387,-0.08527131782945736
Macaca_fascicularis,Cytb,C_H>T_H,C>T,V,0,21,21,387,0.05426356589147287
Macaca_fascicularis,Cytb,C_H>T_H,C>T,W,0,4,4,387,0.0103359173126615
Macaca_fascicularis,Cytb,C_H>T_H,C>T,Y,0,11,11,387,0.028423772609819122
Macaca_mulatta,CO1,A_H>G_H,A>G,A,0,32,32,402,0.07960199004975124
Macaca_mulatta,CO1,A_H>G_H,A>G,C,0,20,20,402,0.04975124378109453
Macaca_mulatta,CO1,A_H>G_H,A>G,D,13,19,6,402,0.014925373134328358
Macaca_mulatta,CO1,A_H>G_H,A>G,E,9,10,1,402,0.0024875621890547263
Macaca_mulatta,CO1,A_H>G_H,A>G,F,0,0,0,402,0.0
Macaca_mulatta,CO1,A_H>G_H,A>G,G,0,26,26,402,0.06467661691542288
Macaca_mulatta,CO1,A_H>G_H,A>G,H,18,0,-18,402,-0.04477611940298507
Macaca_mulatta,CO1,A_H>G_H,A>G,I,45,0,-45,402,-0.11194029850746269
Macaca_mulatta,CO1,A_H>G_H,A>G,K,20,0,-20,402,-0.04975124378109453
Macaca_mulatta,CO1,A_H>G_H,A>G,L,0,0,0,402,0.0
Macaca_mulatta,CO1,A_H>G_H,A>G,M,28,0,-28,402,-0.06965174129353234
Macaca_mulatta,CO1,A_H>G_H,A>G,N,38,0,-38,402,-0.0945273631840796
Macaca_mulatta,CO1,A_H>G_H,A>G,P,0,0,0,402,0.0
Macaca_mulatta,CO1,A_H>G_H,A>G,Q,7,0,-7,402,-0.017412935323383085
Macaca_mulatta,CO1,A_H>G_H,A>G,R,0,25,25,402,0.06218905472636816
Macaca_mulatta,CO1,A_H>G_H,A>G,S,4,19,15,402,0.03731343283582089
Macaca_mulatta,CO1,A_H>G_H,A>G,T,32,0,-32,402,-0.07960199004975124
Macaca_mulatta,CO1,A_H>G_H,A>G,V,0,73,73,402,0.18159203980099503
Macaca_mulatta,CO1,A_H>G_H,A>G,W,0,1,1,402,0.0024875621890547263
Macaca_mulatta,CO1,A_H>G_H,A>G,Y,20,0,-20,402,-0.04975124378109453
Macaca_mulatta,CO1,C_H>T_H,C>T,A,40,0,-40,431,-0.09280742459396751
Macaca_mulatta,CO1,C_H>T_H,C>T,C,0,5,5,431,0.01160092807424594
Macaca_mulatta,CO1,C_H>T_H,C>T,D,0,0,0,431,0.0
Macaca_mulatta,CO1,C_H>T_H,C>T,E,0,0,0,431,0.0
Macaca_mulatta,CO1,C_H>T_H,C>T,F,0,36,36,431,0.08352668213457076
Macaca_mulatta,CO1,C_H>T_H,C>T,G,0,0,0,431,0.0
Macaca_mulatta,CO1,C_H>T_H,C>T,H,18,0,-18,431,-0.04176334106728538
Macaca_mulatta,CO1,C_H>T_H,C>T,I,0,17,17,431,0.03944315545243619
Macaca_mulatta,CO1,C_H>T_H,C>T,K,0,0,0,431,0.0
Macaca_mulatta,CO1,C_H>T_H,C>T,L,18,39,21,431,0.048723897911832945
Macaca_mulatta,CO1,C_H>T_H,C>T,M,0,15,15,431,0.03480278422273782
Macaca_mulatta,CO1,C_H>T_H,C>T,N,0,0,0,431,0.0
Macaca_mulatta,CO1,C_H>T_H,C>T,P,60,0,-60,431,-0.13921113689095127
Macaca_mulatta,CO1,C_H>T_H,C>T,Q,7,0,-7,431,-0.016241299303944315
Macaca_mulatta,CO1,C_H>T_H,C>T,R,8,0,-8,431,-0.018561484918793503
Macaca_mulatta,CO1,C_H>T_H,C>T,S,27,30,3,431,0.0069605568445475635
Macaca_mulatta,CO1,C_H>T_H,C>T,T,32,0,-32,431,-0.07424593967517401
Macaca_mulatta,CO1,C_H>T_H,C>T,V,0,40,40,431,0.09280742459396751
Macaca_mulatta,CO1,C_H>T_H,C>T,W,0,3,3,431,0.0069605568445475635
Macaca_mulatta,CO1,C_H>T_H,C>T,Y,0,18,18,431,0.04176334106728538
Macaca_mulatta,CO3,A_H>G_H,A>G,A,0,29,29,217,0.1336405529953917
Macaca_mulatta,CO3,A_H>G_H,A>G,C,0,12,12,217,0.055299539170506916
Macaca_mulatta,CO3,A_H>G_H,A>G,D,4,6,2,217,0.009216589861751152
Macaca_mulatta,CO3,A_H>G_H,A>G,E,6,3,-3,217,-0.013824884792626729
Macaca_mulatta,CO3,A_H>G_H,A>G,F,0,0,0,217,0.0
Macaca_mulatta,CO3,A_H>G_H,A>G,G,0,15,15,217,0.06912442396313365
Macaca_mulatta,CO3,A_H>G_H,A>G,H,17,0,-17,217,-0.07834101382488479
Macaca_mulatta,CO3,A_H>G_H,A>G,I,17,0,-17,217,-0.07834101382488479
Macaca_mulatta,CO3,A_H>G_H,A>G,K,6,0,-6,217,-0.027649769585253458
Macaca_mulatta,CO3,A_H>G_H,A>G,L,0,0,0,217,0.0
Macaca_mulatta,CO3,A_H>G_H,A>G,M,8,0,-8,217,-0.03686635944700461
Macaca_mulatta,CO3,A_H>G_H,A>G,N,12,0,-12,217,-0.055299539170506916
Macaca_mulatta,CO3,A_H>G_H,A>G,P,0,0,0,217,0.0
Macaca_mulatta,CO3,A_H>G_H,A>G,Q,8,0,-8,217,-0.03686635944700461
Macaca_mulatta,CO3,A_H>G_H,A>G,R,0,25,25,217,0.1152073732718894
Macaca_mulatta,CO3,A_H>G_H,A>G,S,5,6,1,217,0.004608294930875576
Macaca_mulatta,CO3,A_H>G_H,A>G,T,29,0,-29,217,-0.1336405529953917
Macaca_mulatta,CO3,A_H>G_H,A>G,V,0,25,25,217,0.1152073732718894
Macaca_mulatta,CO3,A_H>G_H,A>G,W,0,0,0,217,0.0
Macaca_mulatta,CO3,A_H>G_H,A>G,Y,12,0,-12,217,-0.055299539170506916
Macaca_mulatta,CO3,C_H>T_H,C>T,A,12,0,-12,257,-0.04669260700389105
Macaca_mulatta,CO3,C_H>T_H,C>T,C,0,2,2,257,0.007782101167315175
Macaca_mulatta,CO3,C_H>T_H,C>T,D,0,0,0,257,0.0
Macaca_mulatta,CO3,C_H>T_H,C>T,E,0,0,0,257,0.0
Macaca_mulatta,CO3,C_H>T_H,C>T,F,0,19,19,257,0.07392996108949416
Macaca_mulatta,CO3,C_H>T_H,C>T,G,0,0,0,257,0.0
Macaca_mulatta,CO3,C_H>T_H,C>T,H,17,0,-17,257,-0.06614785992217899
Macaca_mulatta,CO3,C_H>T_H,C>T,I,0,13,13,257,0.05058365758754864
Macaca_mulatta,CO3,C_H>T_H,C>T,K,0,0,0,257,0.0
Macaca_mulatta,CO3,C_H>T_H,C>T,L,11,18,7,257,0.027237354085603113
Macaca_mulatta,CO3,C_H>T_H,C>T,M,0,16,16,257,0.0622568093385214
Macaca_mulatta,CO3,C_H>T_H,C>T,N,0,0,0,257,0.0
Macaca_mulatta,CO3,C_H>T_H,C>T,P,24,0,-24,257,-0.0933852140077821
Macaca_mulatta,CO3,C_H>T_H,C>T,Q,8,0,-8,257,-0.0311284046692607
Macaca_mulatta,CO3,C_H>T_H,C>T,R,5,0,-5,257,-0.019455252918287938
Macaca_mulatta,CO3,C_H>T_H,C>T,S,14,12,-2,257,-0.007782101167315175
Macaca_mulatta,CO3,C_H>T_H,C>T,T,29,0,-29,257,-0.11284046692607004
Macaca_mulatta,CO3,C_H>T_H,C>T,V,0,12,12,257,0.04669260700389105
Macaca_mulatta,CO3,C_H>T_H,C>T,W,0,3,3,257,0.011673151750972763
Macaca_mulatta,CO3,C_H>T_H,C>T,Y,0,17,17,257,0.06614785992217899
Macaca_mulatta,Cytb,A_H>G_H,A>G,A,0,32,32,334,0.09580838323353294
Macaca_mulatta,Cytb,A_H>G_H,A>G,C,0,15,15,334,0.04491017964071856
Macaca_mulatta,Cytb,A_H>G_H,A>G,D,11,16,5,334,0.014970059880239521
Macaca_mulatta,Cytb,A_H>G_H,A>G,E,5,10,5,334,0.014970059880239521
Macaca_mulatta,Cytb,A_H>G_H,A>G,F,0,0,0,334,0.0
Macaca_mulatta,Cytb,A_H>G_H,A>G,G,0,20,20,334,0.059880239520958084
Macaca_mulatta,Cytb,A_H>G_H,A>G,H,10,0,-10,334,-0.029940119760479042
Macaca_mulatta,Cytb,A_H>G_H,A>G,I,39,0,-39,334,-0.11676646706586827
Macaca_mulatta,Cytb,A_H>G_H,A>G,K,20,0,-20,334,-0.059880239520958084
Macaca_mulatta,Cytb,A_H>G_H,A>G,L,0,0,0,334,0.0
Macaca_mulatta,Cytb,A_H>G_H,A>G,M,19,0,-19,334,-0.05688622754491018
Macaca_mulatta,Cytb,A_H>G_H,A>G,N,32,0,-32,334,-0.09580838323353294
Macaca_mulatta,Cytb,A_H>G_H,A>G,P,0,0,0,334,0.0
Macaca_mulatta,Cytb,A_H>G_H,A>G,Q,8,0,-8,334,-0.023952095808383235
Macaca_mulatta,Cytb,A_H>G_H,A>G,R,0,18,18,334,0.05389221556886228
Macaca_mulatta,Cytb,A_H>G_H,A>G,S,4,16,12,334,0.03592814371257485
Macaca_mulatta,Cytb,A_H>G_H,A>G,T,32,0,-32,334,-0.09580838323353294
Macaca_mulatta,Cytb,A_H>G_H,A>G,V,0,58,58,334,0.17365269461077845
Macaca_mulatta,Cytb,A_H>G_H,A>G,W,0,0,0,334,0.0
Macaca_mulatta,Cytb,A_H>G_H,A>G,Y,15,0,-15,334,-0.04491017964071856
Macaca_mulatta,Cytb,C_H>T_H,C>T,A,20,0,-20,386,-0.05181347150259067
Macaca_mulatta,Cytb,C_H>T_H,C>T,C,0,4,4,386,0.010362694300518135
Macaca_mulatta,Cytb,C_H>T_H,C>T,D,0,0,0,386,0.0
Macaca_mulatta,Cytb,C_H>T_H,C>T,E,0,0,0,386,0.0
Macaca_mulatta,Cytb,C_H>T_H,C>T,F,0,41,41,386,0.10621761658031088
Macaca_mulatta,Cytb,C_H>T_H,C>T,G,0,0,0,386,0.0
Macaca_mulatta,Cytb,C_H>T_H,C>T,H,10,0,-10,386,-0.025906735751295335
Macaca_mulatta,Cytb,C_H>T_H,C>T,I,0,18,18,386,0.046632124352331605
Macaca_mulatta,Cytb,C_H>T_H,C>T,K,0,0,0,386,0.0
Macaca_mulatta,Cytb,C_H>T_H,C>T,L,28,35,7,386,0.018134715025906734
Macaca_mulatta,Cytb,C_H>T_H,C>T,M,0,14,14,386,0.03626943005181347
Macaca_mulatta,Cytb,C_H>T_H,C>T,N,0,0,0,386,0.0
Macaca_mulatta,Cytb,C_H>T_H,C>T,P,50,0,-50,386,-0.12953367875647667
Macaca_mulatta,Cytb,C_H>T_H,C>T,Q,8,0,-8,386,-0.02072538860103627
Macaca_mulatta,Cytb,C_H>T_H,C>T,R,8,0,-8,386,-0.02072538860103627
Macaca_mulatta,Cytb,C_H>T_H,C>T,S,23,25,2,386,0.0051813471502590676
Macaca_mulatta,Cytb,C_H>T_H,C>T,T,32,0,-32,386,-0.08290155440414508
Macaca_mulatta,Cytb,C_H>T_H,C>T,V,0,20,20,386,0.05181347150259067
Macaca_mulatta,Cytb,C_H>T_H,C>T,W,0,4,4,386,0.010362694300518135
Macaca_mulatta,Cytb,C_H>T_H,C>T,Y,0,10,10,386,0.025906735751295335
Mammuthus_primigenius,CO1,A_H>G_H,A>G,A,0,34,34,423,0.08037825059101655
Mammuthus_primigenius,CO1,A_H>G_H,A>G,C,0,19,19,423,0.04491725768321513
Mammuthus_primigenius,CO1,A_H>G_H,A>G,D,14,19,5,423,0.01182033096926714
Mammuthus_primigenius,CO1,A_H>G_H,A>G,E,10,9,-1,423,-0.002364066193853428
Mammuthus_primigenius,CO1,A_H>G_H,A>G,F,0,0,0,423,0.0
Mammuthus_primigenius,CO1,A_H>G_H,A>G,G,0,29,29,423,0.06855791962174941
Mammuthus_primigenius,CO1,A_H>G_H,A>G,H,19,0,-19,423,-0.04491725768321513
Mammuthus_primigenius,CO1,A_H>G_H,A>G,I,39,0,-39,423,-0.09219858156028368
Mammuthus_primigenius,CO1,A_H>G_H,A>G,K,18,0,-18,423,-0.0425531914893617
Mammuthus_primigenius,CO1,A_H>G_H,A>G,L,0,0,0,423,0.0
Mammuthus_primigenius,CO1,A_H>G_H,A>G,M,34,0,-34,423,-0.08037825059101655
Mammuthus_primigenius,CO1,A_H>G_H,A>G,N,38,0,-38,423,-0.08983451536643026
Mammuthus_primigenius,CO1,A_H>G_H,A>G,P,0,0,0,423,0.0
Mammuthus_primigenius,CO1,A_H>G_H,A>G,Q,6,0,-6,423,-0.014184397163120567
Mammuthus_primigenius,CO1,A_H>G_H,A>G,R,0,25,25,423,0.0591016548463357
Mammuthus_primigenius,CO1,A_H>G_H,A>G,S,4,19,15,423,0.03546099290780142
Mammuthus_primigenius,CO1,A_H>G_H,A>G,T,34,0,-34,423,-0.08037825059101655
Mammuthus_primigenius,CO1,A_H>G_H,A>G,V,0,73,73,423,0.17257683215130024
Mammuthus_primigenius,CO1,A_H>G_H,A>G,W,0,0,0,423,0.0
Mammuthus_primigenius,CO1,A_H>G_H,A>G,Y,19,0,-19,423,-0.04491725768321513
Mammuthus_primigenius,CO1,C_H>T_H,C>T,A,42,0,-42,360,-0.11666666666666667
Mammuthus_primigenius,CO1,C_H>T_H,C>T,C,0,4,4,360,0.011111111111111112
Mammuthus_primigenius,CO1,C_H>T_H,C>T,D,0,0,0,360,0.0
Mammuthus_primigenius,CO1,C_H>T_H,C>T,E,0,0,0,360,0.0
Mammuthus_primigenius,CO1,C_H>T_H,C>T,F,0,40,40,360,0.1111111111111111
Mammuthus_primigenius,CO1,C_H>T_H,C>T,G,0,0,0,360,0.0
Mammuthus_primigenius,CO1,C_H>T_H,C>T,H,19,0,-19,360,-0.05277777777777778
Mammuthus_primigenius,CO1,C_H>T_H,C>T,I,0,17,17,360,0.04722222222222222
Mammuthus_primigenius,CO1,C_H>T_H,C>T,K,0,0,0,360,0.0
Mammuthus_primigenius,CO1,C_H>T_H,C>T,L,17,36,19,360,0.05277777777777778
Mammuthus_primigenius,CO1,C_H>T_H,C>T,M,0,17,17,360,0.04722222222222222
Mammuthus_primigenius,CO1,C_H>T_H,C>T,N,0,0,0,360,0.0
Mammuthus_primigenius,CO1,C_H>T_H,C>T,P,56,0,-56,360,-0.15555555555555556
Mammuthus_primigenius,CO1,C_H>T_H,C>T,Q,6,0,-6,360,-0.016666666666666666
Mammuthus_primigenius,CO1,C_H>T_H,C>T,R,8,0,-8,360,-0.022222222222222223
Mammuthus_primigenius,CO1,C_H>T_H,C>T,S,31,28,-3,360,-0.008333333333333333
Mammuthus_primigenius,CO1,C_H>T_H,C>T,T,34,0,-34,360,-0.09444444444444444
Mammuthus_primigenius,CO1,C_H>T_H,C>T,V,0,42,42,360,0.11666666666666667
Mammuthus_primigenius,CO1,C_H>T_H,C>T,W,0,4,4,360,0.011111111111111112
Mammuthus_primigenius,CO1,C_H>T_H,C>T,Y,0,19,19,360,0.05277777777777778
Mammuthus_primigenius,CO3,A_H>G_H,A>G,A,0,25,25,225,0.1111111111111111
Mammuthus_primigenius,CO3,A_H>G_H,A>G,C,0,14,14,225,0.06222222222222222
Mammuthus_primigenius,CO3,A_H>G_H,A>G,D,4,7,3,225,0.013333333333333334
Mammuthus_primigenius,CO3,A_H>G_H,A>G,E,9,2,-7,225,-0.03111111111111111
Mammuthus_primigenius,CO3,A_H>G_H,A>G,F,0,0,0,225,0.0
Mammuthus_primigenius,CO3,A_H>G_H,A>G,G,0,18,18,225,0.08
Mammuthus_primigenius,CO3,A_H>G_H,A>G,H,16,0,-16,225,-0.07111111111111111
Mammuthus_primigenius,CO3,A_H>G_H,A>G,I,13,0,-13,225,-0.057777777777777775
Mammuthus_primigenius,CO3,A_H>G_H,A>G,K,4,0,-4,225,-0.017777777777777778
Mammuthus_primigenius,CO3,A_H>G_H,A>G,L,0,0,0,225,0.0
Mammuthus_primigenius,CO3,A_H>G_H,A>G,M,10,0,-10,225,-0.044444444444444446
Mammuthus_primigenius,CO3,A_H>G_H,A>G,N,14,0,-14,225,-0.06222222222222222
Mammuthus_primigenius,CO3,A_H>G_H,A>G,P,0,0,0,225,0.0
Mammuthus_primigenius,CO3,A_H>G_H,A>G,Q,7,0,-7,225,-0.03111111111111111
Mammuthus_primigenius,CO3,A_H>G_H,A>G,R,0,23,23,225,0.10222222222222223
Mammuthus_primigenius,CO3,A_H>G_H,A>G,S,5,7,2,225,0.008888888888888889
Mammuthus_primigenius,CO3,A_H>G_H,A>G,T,25,0,-25,225,-0.1111111111111111
Mammuthus_primigenius,CO3,A_H>G_H,A>G,V,0,23,23,225,0.10222222222222223
Mammuthus_primigenius,CO3,A_H>G_H,A>G,W,0,1,1,225,0.0044444444444444444
Mammuthus_primigenius,CO3,A_H>G_H,A>G,Y,14,0,-14,225,-0.06222222222222222
Mammuthus_primigenius,CO3,C_H>T_H,C>T,A,12,0,-12,202,-0.0594059405940594
Mammuthus_primigenius,CO3,C_H>T_H,C>T,C,0,2,2,202,0.009900990099009901
Mammuthus_primigenius,CO3,C_H>T_H,C>T,D,0,0,0,202,0.0
Mammuthus_primigenius,CO3,C_H>T_H,C>T,E,0,0,0,202,0.0
Mammuthus_primigenius,CO3,C_H>T_H,C>T,F,0,25,25,202,0.12376237623762376
Mammuthus_primigenius,CO3,C_H>T_H,C>T,G,0,0,0,202,0.0
Mammuthus_primigenius,CO3,C_H>T_H,C>T,H,16,0,-16,202,-0.07920792079207921
Mammuthus_primigenius,CO3,C_H>T_H,C>T,I,0,15,15,202,0.07425742574257425
Mammuthus_primigenius,CO3,C_H>T_H,C>T,K,0,0,0,202,0.0
Mammuthus_primigenius,CO3,C_H>T_H,C>T,L,14,14,0,202,0.0
Mammuthus_primigenius,CO3,C_H>T_H,C>T,M,0,10,10,202,0.04950495049504951
Mammuthus_primigenius,CO3,C_H>T_H,C>T,N,0,0,0,202,0.0
Mammuthus_primigenius,CO3,C_H>T_H,C>T,P,22,0,-22,202,-0.10891089108910891
Mammuthus_primigenius,CO3,C_H>T_H,C>T,Q,7,0,-7,202,-0.034653465346534656
Mammuthus_primigenius,CO3,C_H>T_H,C>T,R,5,0,-5,202,-0.024752475247524754
Mammuthus_primigenius,CO3,C_H>T_H,C>T,S,14,11,-3,202,-0.01485148514851485
Mammuthus_primigenius,CO3,C_H>T_H,C>T,T,25,0,-25,202,-0.12376237623762376
Mammuthus_primigenius,CO3,C_H>T_H,C>T,V,0,12,12,202,0.0594059405940594
Mammuthus_primigenius,CO3,C_H>T_H,C>T,W,0,3,3,202,0.01485148514851485
Mammuthus_primigenius,CO3,C_H>T_H,C>T,Y,0,16,16,202,0.07920792079207921
Mammuthus_primigenius,Cytb,A_H>G_H,A>G,A,0,28,28,349,0.08022922636103152
Mammuthus_primigenius,Cytb,A_H>G_H,A>G,C,0,18,18,349,0.05157593123209169
Mammuthus_primigenius,Cytb,A_H>G_H,A>G,D,13,15,2,349,0.0057306590257879654
Mammuthus_primigenius,Cytb,A_H>G_H,A>G,E,6,10,4,349,0.011461318051575931
Mammuthus_primigenius,Cytb,A_H>G_H,A>G,F,0,0,0,349,0.0
Mammuthus_primigenius,Cytb,A_H>G_H,A>G,G,0,22,22,349,0.06303724928366762
Mammuthus_primigenius,Cytb,A_H>G_H,A>G,H,13,0,-13,349,-0.03724928366762178
Mammuthus_primigenius,Cytb,A_H>G_H,A>G,I,39,0,-39,349,-0.11174785100286533
Mammuthus_primigenius,Cytb,A_H>G_H,A>G,K,20,0,-20,349,-0.05730659025787966
Mammuthus_primigenius,Cytb,A_H>G_H,A>G,L,0,0,0,349,0.0
Mammuthus_primigenius,Cytb,A_H>G_H,A>G,M,16,0,-16,349,-0.045845272206303724
Mammuthus_primigenius,Cytb,A_H>G_H,A>G,N,30,0,-30,349,-0.08595988538681948
Mammuthus_primigenius,Cytb,A_H>G_H,A>G,P,0,0,0,349,0.0
Mammuthus_primigenius,Cytb,A_H>G_H,A>G,Q,6,0,-6,349,-0.017191977077363897
Mammuthus_primigenius,Cytb,A_H>G_H,A>G,R,0,19,19,349,0.054441260744985676
Mammuthus_primigenius,Cytb,A_H>G_H,A>G,S,3,15,12,349,0.034383954154727794
Mammuthus_primigenius,Cytb,A_H>G_H,A>G,T,28,0,-28,349,-0.08022922636103152
Mammuthus_primigenius,Cytb,A_H>G_H,A>G,V,0,55,55,349,0.15759312320916904
Mammuthus_primigenius,Cytb,A_H>G_H,A>G,W,0,1,1,349,0.0028653295128939827
Mammuthus_primigenius,Cytb,A_H>G_H,A>G,Y,18,0,-18,349,-0.05157593123209169
Mammuthus_primigenius,Cytb,C_H>T_H,C>T,A,21,0,-21,334,-0.06287425149700598
Mammuthus_primigenius,Cytb,C_H>T_H,C>T,C,0,0,0,334,0.0
Mammuthus_primigenius,Cytb,C_H>T_H,C>T,D,0,0,0,334,0.0
Mammuthus_primigenius,Cytb,C_H>T_H,C>T,E,0,0,0,334,0.0
Mammuthus_primigenius,Cytb,C_H>T_H,C>T,F,0,31,31,334,0.09281437125748503
Mammuthus_primigenius,Cytb,C_H>T_H,C>T,G,0,0,0,334,0.0
Mammuthus_primigenius,Cytb,C_H>T_H,C>T,H,13,0,-13,334,-0.038922155688622756
Mammuthus_primigenius,Cytb,C_H>T_H,C>T,I,0,17,17,334,0.05089820359281437
Mammuthus_primigenius,Cytb,C_H>T_H,C>T,K,0,0,0,334,0.0
Mammuthus_primigenius,Cytb,C_H>T_H,C>T,L,20,35,15,334,0.04491017964071856
Mammuthus_primigenius,Cytb,C_H>T_H,C>T,M,0,11,11,334,0.03293413173652695
Mammuthus_primigenius,Cytb,C_H>T_H,C>T,N,0,0,0,334,0.0
Mammuthus_primigenius,Cytb,C_H>T_H,C>T,P,44,0,-44,334,-0.1317365269461078
Mammuthus_primigenius,Cytb,C_H>T_H,C>T,Q,6,0,-6,334,-0.017964071856287425
Mammuthus_primigenius,Cytb,C_H>T_H,C>T,R,8,0,-8,334,-0.023952095808383235
Mammuthus_primigenius,Cytb,C_H>T_H,C>T,S,24,22,-2,334,-0.005988023952095809
Mammuthus_primigenius,Cytb,C_H>T_H,C>T,T,28,0,-28,334,-0.08383233532934131
Mammuthus_primigenius,Cytb,C_H>T_H,C>T,V,0,21,21,334,0.06287425149700598
Mammuthus_primigenius,Cytb,C_H>T_H,C>T,W,0,8,8,334,0.023952095808383235
Mammuthus_primigenius,Cytb,C_H>T_H,C>T,Y,0,13,13,334,0.038922155688622756
Martes_zibellina,CO1,A_H>G_H,A>G,A,0,38,38,430,0.08837209302325581
Martes_zibellina,CO1,A_H>G_H,A>G,C,0,19,19,430,0.044186046511627906
Martes_zibellina,CO1,A_H>G_H,A>G,D,15,17,2,430,0.004651162790697674
Martes_zibellina,CO1,A_H>G_H,A>G,E,10,9,-1,430,-0.002325581395348837
Martes_zibellina,CO1,A_H>G_H,A>G,F,0,0,0,430,0.0
Martes_zibellina,CO1,A_H>G_H,A>G,G,0,28,28,430,0.06511627906976744
Martes_zibellina,CO1,A_H>G_H,A>G,H,18,0,-18,430,-0.04186046511627907
Martes_zibellina,CO1,A_H>G_H,A>G,I,38,0,-38,430,-0.08837209302325581
Martes_zibellina,CO1,A_H>G_H,A>G,K,18,0,-18,430,-0.04186046511627907
Martes_zibellina,CO1,A_H>G_H,A>G,L,0,0,0,430,0.0
Martes_zibellina,CO1,A_H>G_H,A>G,M,32,0,-32,430,-0.07441860465116279
Martes_zibellina,CO1,A_H>G_H,A>G,N,34,0,-34,430,-0.07906976744186046
Martes_zibellina,CO1,A_H>G_H,A>G,P,0,0,0,430,0.0
Martes_zibellina,CO1,A_H>G_H,A>G,Q,6,0,-6,430,-0.013953488372093023
Martes_zibellina,CO1,A_H>G_H,A>G,R,0,24,24,430,0.05581395348837209
Martes_zibellina,CO1,A_H>G_H,A>G,S,3,17,14,430,0.03255813953488372
Martes_zibellina,CO1,A_H>G_H,A>G,T,38,0,-38,430,-0.08837209302325581
Martes_zibellina,CO1,A_H>G_H,A>G,V,0,70,70,430,0.16279069767441862
Martes_zibellina,CO1,A_H>G_H,A>G,W,0,1,1,430,0.002325581395348837
Martes_zibellina,CO1,A_H>G_H,A>G,Y,19,0,-19,430,-0.044186046511627906
Martes_zibellina,CO1,C_H>T_H,C>T,A,39,0,-39,397,-0.0982367758186398
Martes_zibellina,CO1,C_H>T_H,C>T,C,0,2,2,397,0.005037783375314861
Martes_zibellina,CO1,C_H>T_H,C>T,D,0,0,0,397,0.0
Martes_zibellina,CO1,C_H>T_H,C>T,E,0,0,0,397,0.0
Martes_zibellina,CO1,C_H>T_H,C>T,F,0,27,27,397,0.06801007556675064
Martes_zibellina,CO1,C_H>T_H,C>T,G,0,0,0,397,0.0
Martes_zibellina,CO1,C_H>T_H,C>T,H,18,0,-18,397,-0.04534005037783375
Martes_zibellina,CO1,C_H>T_H,C>T,I,0,19,19,397,0.04785894206549118
Martes_zibellina,CO1,C_H>T_H,C>T,K,0,0,0,397,0.0
Martes_zibellina,CO1,C_H>T_H,C>T,L,13,43,30,397,0.07556675062972293
Martes_zibellina,CO1,C_H>T_H,C>T,M,0,19,19,397,0.04785894206549118
Martes_zibellina,CO1,C_H>T_H,C>T,N,0,0,0,397,0.0
Martes_zibellina,CO1,C_H>T_H,C>T,P,56,0,-56,397,-0.14105793450881612
Martes_zibellina,CO1,C_H>T_H,C>T,Q,6,0,-6,397,-0.015113350125944584
Martes_zibellina,CO1,C_H>T_H,C>T,R,8,0,-8,397,-0.020151133501259445
Martes_zibellina,CO1,C_H>T_H,C>T,S,29,28,-1,397,-0.0025188916876574307
Martes_zibellina,CO1,C_H>T_H,C>T,T,38,0,-38,397,-0.09571788413098237
Martes_zibellina,CO1,C_H>T_H,C>T,V,0,39,39,397,0.0982367758186398
Martes_zibellina,CO1,C_H>T_H,C>T,W,0,6,6,397,0.015113350125944584
Martes_zibellina,CO1,C_H>T_H,C>T,Y,0,18,18,397,0.04534005037783375
Martes_zibellina,CO3,A_H>G_H,A>G,A,0,23,23,209,0.11004784688995216
Martes_zibellina,CO3,A_H>G_H,A>G,C,0,10,10,209,0.04784688995215311
Martes_zibellina,CO3,A_H>G_H,A>G,D,3,8,5,209,0.023923444976076555
Martes_zibellina,CO3,A_H>G_H,A>G,E,8,2,-6,209,-0.028708133971291867
Martes_zibellina,CO3,A_H>G_H,A>G,F,0,0,0,209,0.0
Martes_zibellina,CO3,A_H>G_H,A>G,G,0,14,14,209,0.06698564593301436
Martes_zibellina,CO3,A_H>G_H,A>G,H,16,0,-16,209,-0.07655502392344497
Martes_zibellina,CO3,A_H>G_H,A>G,I,12,0,-12,209,-0.05741626794258373
Martes_zibellina,CO3,A_H>G_H,A>G,K,4,0,-4,209,-0.019138755980861243
Martes_zibellina,CO3,A_H>G_H,A>G,L,0,0,0,209,0.0
Martes_zibellina,CO3,A_H>G_H,A>G,M,11,0,-11,209,-0.05263157894736842
Martes_zibellina,CO3,A_H>G_H,A>G,N,16,0,-16,209,-0.07655502392344497
Martes_zibellina,CO3,A_H>G_H,A>G,P,0,0,0,209,0.0
Martes_zibellina,CO3,A_H>G_H,A>G,Q,7,0,-7,209,-0.03349282296650718
Martes_zibellina,CO3,A_H>G_H,A>G,R,0,23,23,209,0.11004784688995216
Martes_zibellina,CO3,A_H>G_H,A>G,S,3,8,5,209,0.023923444976076555
Martes_zibellina,CO3,A_H>G_H,A>G,T,23,0,-23,209,-0.11004784688995216
Martes_zibellina,CO3,A_H>G_H,A>G,V,0,23,23,209,0.11004784688995216
Martes_zibellina,CO3,A_H>G_H,A>G,W,0,0,0,209,0.0
Martes_zibellina,CO3,A_H>G_H,A>G,Y,10,0,-10,209,-0.04784688995215311
Martes_zibellina,CO3,C_H>T_H,C>T,A,15,0,-15,235,-0.06382978723404255
Martes_zibellina,CO3,C_H>T_H,C>T,C,0,1,1,235,0.00425531914893617
Martes_zibellina,CO3,C_H>T_H,C>T,D,0,0,0,235,0.0
Martes_zibellina,CO3,C_H>T_H,C>T,E,0,0,0,235,0.0
Martes_zibellina,CO3,C_H>T_H,C>T,F,0,20,20,235,0.0851063829787234
Martes_zibellina,CO3,C_H>T_H,C>T,G,0,0,0,235,0.0
Martes_zibellina,CO3,C_H>T_H,C>T,H,16,0,-16,235,-0.06808510638297872
Martes_zibellina,CO3,C_H>T_H,C>T,I,0,11,11,235,0.04680851063829787
Martes_zibellina,CO3,C_H>T_H,C>T,K,0,0,0,235,0.0
Martes_zibellina,CO3,C_H>T_H,C>T,L,10,19,9,235,0.03829787234042553
Martes_zibellina,CO3,C_H>T_H,C>T,M,0,12,12,235,0.05106382978723404
Martes_zibellina,CO3,C_H>T_H,C>T,N,0,0,0,235,0.0
Martes_zibellina,CO3,C_H>T_H,C>T,P,24,0,-24,235,-0.10212765957446808
Martes_zibellina,CO3,C_H>T_H,C>T,Q,7,0,-7,235,-0.029787234042553193
Martes_zibellina,CO3,C_H>T_H,C>T,R,5,0,-5,235,-0.02127659574468085
Martes_zibellina,CO3,C_H>T_H,C>T,S,17,12,-5,235,-0.02127659574468085
Martes_zibellina,CO3,C_H>T_H,C>T,T,23,0,-23,235,-0.09787234042553192
Martes_zibellina,CO3,C_H>T_H,C>T,V,0,15,15,235,0.06382978723404255
Martes_zibellina,CO3,C_H>T_H,C>T,W,0,4,4,235,0.01702127659574468
Martes_zibellina,CO3,C_H>T_H,C>T,Y,0,16,16,235,0.06808510638297872
Martes_zibellina,Cytb,A_H>G_H,A>G,A,0,21,21,316,0.06645569620253164
Martes_zibellina,Cytb,A_H>G_H,A>G,C,0,15,15,316,0.04746835443037975
Martes_zibellina,Cytb,A_H>G_H,A>G,D,11,17,6,316,0.0189873417721519
Martes_zibellina,Cytb,A_H>G_H,A>G,E,6,9,3,316,0.00949367088607595
Martes_zibellina,Cytb,A_H>G_H,A>G,F,0,0,0,316,0.0
Martes_zibellina,Cytb,A_H>G_H,A>G,G,0,21,21,316,0.06645569620253164
Martes_zibellina,Cytb,A_H>G_H,A>G,H,12,0,-12,316,-0.0379746835443038
Martes_zibellina,Cytb,A_H>G_H,A>G,I,41,0,-41,316,-0.12974683544303797
Martes_zibellina,Cytb,A_H>G_H,A>G,K,18,0,-18,316,-0.056962025316455694
Martes_zibellina,Cytb,A_H>G_H,A>G,L,0,0,0,316,0.0
Martes_zibellina,Cytb,A_H>G_H,A>G,M,13,0,-13,316,-0.04113924050632911
Martes_zibellina,Cytb,A_H>G_H,A>G,N,34,0,-34,316,-0.10759493670886076
Martes_zibellina,Cytb,A_H>G_H,A>G,P,0,0,0,316,0.0
Martes_zibellina,Cytb,A_H>G_H,A>G,Q,6,0,-6,316,-0.0189873417721519
Martes_zibellina,Cytb,A_H>G_H,A>G,R,0,18,18,316,0.056962025316455694
Martes_zibellina,Cytb,A_H>G_H,A>G,S,3,17,14,316,0.04430379746835443
Martes_zibellina,Cytb,A_H>G_H,A>G,T,21,0,-21,316,-0.06645569620253164
Martes_zibellina,Cytb,A_H>G_H,A>G,V,0,54,54,316,0.17088607594936708
Martes_zibellina,Cytb,A_H>G_H,A>G,W,0,0,0,316,0.0
Martes_zibellina,Cytb,A_H>G_H,A>G,Y,15,0,-15,316,-0.04746835443037975
Martes_zibellina,Cytb,C_H>T_H,C>T,A,28,0,-28,353,-0.07932011331444759
Martes_zibellina,Cytb,C_H>T_H,C>T,C,0,2,2,353,0.0056657223796034
Martes_zibellina,Cytb,C_H>T_H,C>T,D,0,0,0,353,0.0
Martes_zibellina,Cytb,C_H>T_H,C>T,E,0,0,0,353,0.0
Martes_zibellina,Cytb,C_H>T_H,C>T,F,0,25,25,353,0.0708215297450425
Martes_zibellina,Cytb,C_H>T_H,C>T,G,0,0,0,353,0.0
Martes_zibellina,Cytb,C_H>T_H,C>T,H,12,0,-12,353,-0.0339943342776204
Martes_zibellina,Cytb,C_H>T_H,C>T,I,0,12,12,353,0.0339943342776204
Martes_zibellina,Cytb,C_H>T_H,C>T,K,0,0,0,353,0.0
Martes_zibellina,Cytb,C_H>T_H,C>T,L,15,35,20,353,0.056657223796033995
Martes_zibellina,Cytb,C_H>T_H,C>T,M,0,9,9,353,0.025495750708215296
Martes_zibellina,Cytb,C_H>T_H,C>T,N,0,0,0,353,0.0
Martes_zibellina,Cytb,C_H>T_H,C>T,P,48,0,-48,353,-0.1359773371104816
Martes_zibellina,Cytb,C_H>T_H,C>T,Q,6,0,-6,353,-0.0169971671388102
Martes_zibellina,Cytb,C_H>T_H,C>T,R,8,0,-8,353,-0.0226628895184136
Martes_zibellina,Cytb,C_H>T_H,C>T,S,21,24,3,353,0.0084985835694051
Martes_zibellina,Cytb,C_H>T_H,C>T,T,21,0,-21,353,-0.059490084985835696
Martes_zibellina,Cytb,C_H>T_H,C>T,V,0,28,28,353,0.07932011331444759
Martes_zibellina,Cytb,C_H>T_H,C>T,W,0,6,6,353,0.0169971671388102
Martes_zibellina,Cytb,C_H>T_H,C>T,Y,0,12,12,353,0.0339943342776204
Mesoplodon_grayi,CO1,A_H>G_H,A>G,A,0,38,38,452,0.084070796460177
Mesoplodon_grayi,CO1,A_H>G_H,A>G,C,0,18,18,452,0.03982300884955752
Mesoplodon_grayi,CO1,A_H>G_H,A>G,D,15,19,4,452,0.008849557522123894
Mesoplodon_grayi,CO1,A_H>G_H,A>G,E,9,9,0,452,0.0
Mesoplodon_grayi,CO1,A_H>G_H,A>G,F,0,0,0,452,0.0
Mesoplodon_grayi,CO1,A_H>G_H,A>G,G,0,28,28,452,0.061946902654867256
Mesoplodon_grayi,CO1,A_H>G_H,A>G,H,17,0,-17,452,-0.03761061946902655
Mesoplodon_grayi,CO1,A_H>G_H,A>G,I,37,0,-37,452,-0.08185840707964602
Mesoplodon_grayi,CO1,A_H>G_H,A>G,K,18,0,-18,452,-0.03982300884955752
Mesoplodon_grayi,CO1,A_H>G_H,A>G,L,0,0,0,452,0.0
Mesoplodon_grayi,CO1,A_H>G_H,A>G,M,31,0,-31,452,-0.06858407079646017
Mesoplodon_grayi,CO1,A_H>G_H,A>G,N,38,0,-38,452,-0.084070796460177
Mesoplodon_grayi,CO1,A_H>G_H,A>G,P,0,0,0,452,0.0
Mesoplodon_grayi,CO1,A_H>G_H,A>G,Q,6,0,-6,452,-0.01327433628318584
Mesoplodon_grayi,CO1,A_H>G_H,A>G,R,0,23,23,452,0.05088495575221239
Mesoplodon_grayi,CO1,A_H>G_H,A>G,S,3,19,16,452,0.035398230088495575
Mesoplodon_grayi,CO1,A_H>G_H,A>G,T,38,0,-38,452,-0.084070796460177
Mesoplodon_grayi,CO1,A_H>G_H,A>G,V,0,68,68,452,0.1504424778761062
Mesoplodon_grayi,CO1,A_H>G_H,A>G,W,0,0,0,452,0.0
Mesoplodon_grayi,CO1,A_H>G_H,A>G,Y,18,0,-18,452,-0.03982300884955752
Mesoplodon_grayi,CO1,C_H>T_H,C>T,A,39,0,-39,357,-0.1092436974789916
Mesoplodon_grayi,CO1,C_H>T_H,C>T,C,0,3,3,357,0.008403361344537815
Mesoplodon_grayi,CO1,C_H>T_H,C>T,D,0,0,0,357,0.0
Mesoplodon_grayi,CO1,C_H>T_H,C>T,E,0,0,0,357,0.0
Mesoplodon_grayi,CO1,C_H>T_H,C>T,F,0,22,22,357,0.06162464985994398
Mesoplodon_grayi,CO1,C_H>T_H,C>T,G,0,0,0,357,0.0
Mesoplodon_grayi,CO1,C_H>T_H,C>T,H,17,0,-17,357,-0.047619047619047616
Mesoplodon_grayi,CO1,C_H>T_H,C>T,I,0,16,16,357,0.04481792717086835
Mesoplodon_grayi,CO1,C_H>T_H,C>T,K,0,0,0,357,0.0
Mesoplodon_grayi,CO1,C_H>T_H,C>T,L,10,47,37,357,0.10364145658263306
Mesoplodon_grayi,CO1,C_H>T_H,C>T,M,0,22,22,357,0.06162464985994398
Mesoplodon_grayi,CO1,C_H>T_H,C>T,N,0,0,0,357,0.0
Mesoplodon_grayi,CO1,C_H>T_H,C>T,P,58,0,-58,357,-0.16246498599439776
Mesoplodon_grayi,CO1,C_H>T_H,C>T,Q,6,0,-6,357,-0.01680672268907563
Mesoplodon_grayi,CO1,C_H>T_H,C>T,R,8,0,-8,357,-0.022408963585434174
Mesoplodon_grayi,CO1,C_H>T_H,C>T,S,30,29,-1,357,-0.0028011204481792717
Mesoplodon_grayi,CO1,C_H>T_H,C>T,T,38,0,-38,357,-0.10644257703081232
Mesoplodon_grayi,CO1,C_H>T_H,C>T,V,0,39,39,357,0.1092436974789916
Mesoplodon_grayi,CO1,C_H>T_H,C>T,W,0,5,5,357,0.014005602240896359
Mesoplodon_grayi,CO1,C_H>T_H,C>T,Y,0,17,17,357,0.047619047619047616
Mesoplodon_grayi,CO3,A_H>G_H,A>G,A,0,21,21,214,0.09813084112149532
Mesoplodon_grayi,CO3,A_H>G_H,A>G,C,0,11,11,214,0.0514018691588785
Mesoplodon_grayi,CO3,A_H>G_H,A>G,D,3,5,2,214,0.009345794392523364
Mesoplodon_grayi,CO3,A_H>G_H,A>G,E,8,3,-5,214,-0.02336448598130841
Mesoplodon_grayi,CO3,A_H>G_H,A>G,F,0,0,0,214,0.0
Mesoplodon_grayi,CO3,A_H>G_H,A>G,G,0,16,16,214,0.07476635514018691
Mesoplodon_grayi,CO3,A_H>G_H,A>G,H,16,0,-16,214,-0.07476635514018691
Mesoplodon_grayi,CO3,A_H>G_H,A>G,I,20,0,-20,214,-0.09345794392523364
Mesoplodon_grayi,CO3,A_H>G_H,A>G,K,6,0,-6,214,-0.028037383177570093
Mesoplodon_grayi,CO3,A_H>G_H,A>G,L,0,0,0,214,0.0
Mesoplodon_grayi,CO3,A_H>G_H,A>G,M,9,0,-9,214,-0.04205607476635514
Mesoplodon_grayi,CO3,A_H>G_H,A>G,N,10,0,-10,214,-0.04672897196261682
Mesoplodon_grayi,CO3,A_H>G_H,A>G,P,0,0,0,214,0.0
Mesoplodon_grayi,CO3,A_H>G_H,A>G,Q,7,0,-7,214,-0.03271028037383177
Mesoplodon_grayi,CO3,A_H>G_H,A>G,R,0,23,23,214,0.10747663551401869
Mesoplodon_grayi,CO3,A_H>G_H,A>G,S,5,5,0,214,0.0
Mesoplodon_grayi,CO3,A_H>G_H,A>G,T,21,0,-21,214,-0.09813084112149532
Mesoplodon_grayi,CO3,A_H>G_H,A>G,V,0,29,29,214,0.13551401869158877
Mesoplodon_grayi,CO3,A_H>G_H,A>G,W,0,0,0,214,0.0
Mesoplodon_grayi,CO3,A_H>G_H,A>G,Y,11,0,-11,214,-0.0514018691588785
Mesoplodon_grayi,CO3,C_H>T_H,C>T,A,14,0,-14,201,-0.06965174129353234
Mesoplodon_grayi,CO3,C_H>T_H,C>T,C,0,2,2,201,0.009950248756218905
Mesoplodon_grayi,CO3,C_H>T_H,C>T,D,0,0,0,201,0.0
Mesoplodon_grayi,CO3,C_H>T_H,C>T,E,0,0,0,201,0.0
Mesoplodon_grayi,CO3,C_H>T_H,C>T,F,0,24,24,201,0.11940298507462686
Mesoplodon_grayi,CO3,C_H>T_H,C>T,G,0,0,0,201,0.0
Mesoplodon_grayi,CO3,C_H>T_H,C>T,H,16,0,-16,201,-0.07960199004975124
Mesoplodon_grayi,CO3,C_H>T_H,C>T,I,0,8,8,201,0.03980099502487562
Mesoplodon_grayi,CO3,C_H>T_H,C>T,K,0,0,0,201,0.0
Mesoplodon_grayi,CO3,C_H>T_H,C>T,L,15,20,5,201,0.024875621890547265
Mesoplodon_grayi,CO3,C_H>T_H,C>T,M,0,13,13,201,0.06467661691542288
Mesoplodon_grayi,CO3,C_H>T_H,C>T,N,0,0,0,201,0.0
Mesoplodon_grayi,CO3,C_H>T_H,C>T,P,24,0,-24,201,-0.11940298507462686
Mesoplodon_grayi,CO3,C_H>T_H,C>T,Q,7,0,-7,201,-0.03482587064676617
Mesoplodon_grayi,CO3,C_H>T_H,C>T,R,5,0,-5,201,-0.024875621890547265
Mesoplodon_grayi,CO3,C_H>T_H,C>T,S,17,12,-5,201,-0.024875621890547265
Mesoplodon_grayi,CO3,C_H>T_H,C>T,T,21,0,-21,201,-0.1044776119402985
Mesoplodon_grayi,CO3,C_H>T_H,C>T,V,0,14,14,201,0.06965174129353234
Mesoplodon_grayi,CO3,C_H>T_H,C>T,W,0,3,3,201,0.014925373134328358
Mesoplodon_grayi,CO3,C_H>T_H,C>T,Y,0,16,16,201,0.07960199004975124
Mesoplodon_grayi,Cytb,A_H>G_H,A>G,A,0,29,29,341,0.08504398826979472
Mesoplodon_grayi,Cytb,A_H>G_H,A>G,C,0,16,16,341,0.0469208211143695
Mesoplodon_grayi,Cytb,A_H>G_H,A>G,D,11,15,4,341,0.011730205278592375
Mesoplodon_grayi,Cytb,A_H>G_H,A>G,E,6,10,4,341,0.011730205278592375
Mesoplodon_grayi,Cytb,A_H>G_H,A>G,F,0,0,0,341,0.0
Mesoplodon_grayi,Cytb,A_H>G_H,A>G,G,0,22,22,341,0.06451612903225806
Mesoplodon_grayi,Cytb,A_H>G_H,A>G,H,12,0,-12,341,-0.03519061583577713
Mesoplodon_grayi,Cytb,A_H>G_H,A>G,I,36,0,-36,341,-0.10557184750733138
Mesoplodon_grayi,Cytb,A_H>G_H,A>G,K,20,0,-20,341,-0.05865102639296188
Mesoplodon_grayi,Cytb,A_H>G_H,A>G,L,0,0,0,341,0.0
Mesoplodon_grayi,Cytb,A_H>G_H,A>G,M,15,0,-15,341,-0.04398826979472141
Mesoplodon_grayi,Cytb,A_H>G_H,A>G,N,30,0,-30,341,-0.08797653958944282
Mesoplodon_grayi,Cytb,A_H>G_H,A>G,P,0,0,0,341,0.0
Mesoplodon_grayi,Cytb,A_H>G_H,A>G,Q,7,0,-7,341,-0.020527859237536656
Mesoplodon_grayi,Cytb,A_H>G_H,A>G,R,0,19,19,341,0.05571847507331378
Mesoplodon_grayi,Cytb,A_H>G_H,A>G,S,4,15,11,341,0.03225806451612903
Mesoplodon_grayi,Cytb,A_H>G_H,A>G,T,29,0,-29,341,-0.08504398826979472
Mesoplodon_grayi,Cytb,A_H>G_H,A>G,V,0,51,51,341,0.1495601173020528
Mesoplodon_grayi,Cytb,A_H>G_H,A>G,W,0,0,0,341,0.0
Mesoplodon_grayi,Cytb,A_H>G_H,A>G,Y,16,0,-16,341,-0.0469208211143695
Mesoplodon_grayi,Cytb,C_H>T_H,C>T,A,23,0,-23,318,-0.07232704402515723
Mesoplodon_grayi,Cytb,C_H>T_H,C>T,C,0,1,1,318,0.0031446540880503146
Mesoplodon_grayi,Cytb,C_H>T_H,C>T,D,0,0,0,318,0.0
Mesoplodon_grayi,Cytb,C_H>T_H,C>T,E,0,0,0,318,0.0
Mesoplodon_grayi,Cytb,C_H>T_H,C>T,F,0,26,26,318,0.08176100628930817
Mesoplodon_grayi,Cytb,C_H>T_H,C>T,G,0,0,0,318,0.0
Mesoplodon_grayi,Cytb,C_H>T_H,C>T,H,12,0,-12,318,-0.03773584905660377
Mesoplodon_grayi,Cytb,C_H>T_H,C>T,I,0,12,12,318,0.03773584905660377
Mesoplodon_grayi,Cytb,C_H>T_H,C>T,K,0,0,0,318,0.0
Mesoplodon_grayi,Cytb,C_H>T_H,C>T,L,16,30,14,318,0.0440251572327044
Mesoplodon_grayi,Cytb,C_H>T_H,C>T,M,0,17,17,318,0.05345911949685535
Mesoplodon_grayi,Cytb,C_H>T_H,C>T,N,0,0,0,318,0.0
Mesoplodon_grayi,Cytb,C_H>T_H,C>T,P,46,0,-46,318,-0.14465408805031446
Mesoplodon_grayi,Cytb,C_H>T_H,C>T,Q,7,0,-7,318,-0.0220125786163522
Mesoplodon_grayi,Cytb,C_H>T_H,C>T,R,8,0,-8,318,-0.025157232704402517
Mesoplodon_grayi,Cytb,C_H>T_H,C>T,S,17,23,6,318,0.018867924528301886
Mesoplodon_grayi,Cytb,C_H>T_H,C>T,T,29,0,-29,318,-0.09119496855345911
Mesoplodon_grayi,Cytb,C_H>T_H,C>T,V,0,23,23,318,0.07232704402515723
Mesoplodon_grayi,Cytb,C_H>T_H,C>T,W,0,7,7,318,0.0220125786163522
Mesoplodon_grayi,Cytb,C_H>T_H,C>T,Y,0,12,12,318,0.03773584905660377
Microtus_richardsoni,CO1,A_H>G_H,A>G,A,0,37,37,434,0.08525345622119816
Microtus_richardsoni,CO1,A_H>G_H,A>G,C,0,19,19,434,0.04377880184331797
Microtus_richardsoni,CO1,A_H>G_H,A>G,D,16,16,0,434,0.0
Microtus_richardsoni,CO1,A_H>G_H,A>G,E,10,10,0,434,0.0
Microtus_richardsoni,CO1,A_H>G_H,A>G,F,0,0,0,434,0.0
Microtus_richardsoni,CO1,A_H>G_H,A>G,G,0,29,29,434,0.06682027649769585
Microtus_richardsoni,CO1,A_H>G_H,A>G,H,19,0,-19,434,-0.04377880184331797
Microtus_richardsoni,CO1,A_H>G_H,A>G,I,37,0,-37,434,-0.08525345622119816
Microtus_richardsoni,CO1,A_H>G_H,A>G,K,20,0,-20,434,-0.04608294930875576
Microtus_richardsoni,CO1,A_H>G_H,A>G,L,0,0,0,434,0.0
Microtus_richardsoni,CO1,A_H>G_H,A>G,M,30,0,-30,434,-0.06912442396313365
Microtus_richardsoni,CO1,A_H>G_H,A>G,N,32,0,-32,434,-0.07373271889400922
Microtus_richardsoni,CO1,A_H>G_H,A>G,P,0,0,0,434,0.0
Microtus_richardsoni,CO1,A_H>G_H,A>G,Q,6,0,-6,434,-0.013824884792626729
Microtus_richardsoni,CO1,A_H>G_H,A>G,R,0,25,25,434,0.0576036866359447
Microtus_richardsoni,CO1,A_H>G_H,A>G,S,3,16,13,434,0.029953917050691243
Microtus_richardsoni,CO1,A_H>G_H,A>G,T,37,0,-37,434,-0.08525345622119816
Microtus_richardsoni,CO1,A_H>G_H,A>G,V,0,67,67,434,0.1543778801843318
Microtus_richardsoni,CO1,A_H>G_H,A>G,W,0,1,1,434,0.002304147465437788
Microtus_richardsoni,CO1,A_H>G_H,A>G,Y,19,0,-19,434,-0.04377880184331797
Microtus_richardsoni,CO1,C_H>T_H,C>T,A,42,0,-42,396,-0.10606060606060606
Microtus_richardsoni,CO1,C_H>T_H,C>T,C,0,3,3,396,0.007575757575757576
Microtus_richardsoni,CO1,C_H>T_H,C>T,D,0,0,0,396,0.0
Microtus_richardsoni,CO1,C_H>T_H,C>T,E,0,0,0,396,0.0
Microtus_richardsoni,CO1,C_H>T_H,C>T,F,0,37,37,396,0.09343434343434344
Microtus_richardsoni,CO1,C_H>T_H,C>T,G,0,0,0,396,0.0
Microtus_richardsoni,CO1,C_H>T_H,C>T,H,19,0,-19,396,-0.047979797979797977
Microtus_richardsoni,CO1,C_H>T_H,C>T,I,0,12,12,396,0.030303030303030304
Microtus_richardsoni,CO1,C_H>T_H,C>T,K,0,0,0,396,0.0
Microtus_richardsoni,CO1,C_H>T_H,C>T,L,22,40,18,396,0.045454545454545456
Microtus_richardsoni,CO1,C_H>T_H,C>T,M,0,25,25,396,0.06313131313131314
Microtus_richardsoni,CO1,C_H>T_H,C>T,N,0,0,0,396,0.0
Microtus_richardsoni,CO1,C_H>T_H,C>T,P,56,0,-56,396,-0.1414141414141414
Microtus_richardsoni,CO1,C_H>T_H,C>T,Q,6,0,-6,396,-0.015151515151515152
Microtus_richardsoni,CO1,C_H>T_H,C>T,R,8,0,-8,396,-0.020202020202020204
Microtus_richardsoni,CO1,C_H>T_H,C>T,S,27,28,1,396,0.0025252525252525255
Microtus_richardsoni,CO1,C_H>T_H,C>T,T,37,0,-37,396,-0.09343434343434344
Microtus_richardsoni,CO1,C_H>T_H,C>T,V,0,42,42,396,0.10606060606060606
Microtus_richardsoni,CO1,C_H>T_H,C>T,W,0,5,5,396,0.012626262626262626
Microtus_richardsoni,CO1,C_H>T_H,C>T,Y,0,19,19,396,0.047979797979797977
Microtus_richardsoni,CO3,A_H>G_H,A>G,A,0,19,19,222,0.08558558558558559
Microtus_richardsoni,CO3,A_H>G_H,A>G,C,0,11,11,222,0.04954954954954955
Microtus_richardsoni,CO3,A_H>G_H,A>G,D,4,7,3,222,0.013513513513513514
Microtus_richardsoni,CO3,A_H>G_H,A>G,E,7,4,-3,222,-0.013513513513513514
Microtus_richardsoni,CO3,A_H>G_H,A>G,F,0,0,0,222,0.0
Microtus_richardsoni,CO3,A_H>G_H,A>G,G,0,15,15,222,0.06756756756756757
Microtus_richardsoni,CO3,A_H>G_H,A>G,H,16,0,-16,222,-0.07207207207207207
Microtus_richardsoni,CO3,A_H>G_H,A>G,I,18,0,-18,222,-0.08108108108108109
Microtus_richardsoni,CO3,A_H>G_H,A>G,K,8,0,-8,222,-0.036036036036036036
Microtus_richardsoni,CO3,A_H>G_H,A>G,L,0,0,0,222,0.0
Microtus_richardsoni,CO3,A_H>G_H,A>G,M,8,0,-8,222,-0.036036036036036036
Microtus_richardsoni,CO3,A_H>G_H,A>G,N,14,0,-14,222,-0.06306306306306306
Microtus_richardsoni,CO3,A_H>G_H,A>G,P,0,0,0,222,0.0
Microtus_richardsoni,CO3,A_H>G_H,A>G,Q,7,0,-7,222,-0.03153153153153153
Microtus_richardsoni,CO3,A_H>G_H,A>G,R,0,23,23,222,0.1036036036036036
Microtus_richardsoni,CO3,A_H>G_H,A>G,S,4,7,3,222,0.013513513513513514
Microtus_richardsoni,CO3,A_H>G_H,A>G,T,19,0,-19,222,-0.08558558558558559
Microtus_richardsoni,CO3,A_H>G_H,A>G,V,0,26,26,222,0.11711711711711711
Microtus_richardsoni,CO3,A_H>G_H,A>G,W,0,0,0,222,0.0
Microtus_richardsoni,CO3,A_H>G_H,A>G,Y,11,0,-11,222,-0.04954954954954955
Microtus_richardsoni,CO3,C_H>T_H,C>T,A,15,0,-15,220,-0.06818181818181818
Microtus_richardsoni,CO3,C_H>T_H,C>T,C,0,2,2,220,0.00909090909090909
Microtus_richardsoni,CO3,C_H>T_H,C>T,D,0,0,0,220,0.0
Microtus_richardsoni,CO3,C_H>T_H,C>T,E,0,0,0,220,0.0
Microtus_richardsoni,CO3,C_H>T_H,C>T,F,0,17,17,220,0.07727272727272727
Microtus_richardsoni,CO3,C_H>T_H,C>T,G,0,0,0,220,0.0
Microtus_richardsoni,CO3,C_H>T_H,C>T,H,16,0,-16,220,-0.07272727272727272
Microtus_richardsoni,CO3,C_H>T_H,C>T,I,0,8,8,220,0.03636363636363636
Microtus_richardsoni,CO3,C_H>T_H,C>T,K,0,0,0,220,0.0
Microtus_richardsoni,CO3,C_H>T_H,C>T,L,11,22,11,220,0.05
Microtus_richardsoni,CO3,C_H>T_H,C>T,M,0,11,11,220,0.05
Microtus_richardsoni,CO3,C_H>T_H,C>T,N,0,0,0,220,0.0
Microtus_richardsoni,CO3,C_H>T_H,C>T,P,22,0,-22,220,-0.1
Microtus_richardsoni,CO3,C_H>T_H,C>T,Q,7,0,-7,220,-0.031818181818181815
Microtus_richardsoni,CO3,C_H>T_H,C>T,R,5,0,-5,220,-0.022727272727272728
Microtus_richardsoni,CO3,C_H>T_H,C>T,S,17,11,-6,220,-0.02727272727272727
Microtus_richardsoni,CO3,C_H>T_H,C>T,T,19,0,-19,220,-0.08636363636363636
Microtus_richardsoni,CO3,C_H>T_H,C>T,V,0,15,15,220,0.06818181818181818
Microtus_richardsoni,CO3,C_H>T_H,C>T,W,0,3,3,220,0.013636363636363636
Microtus_richardsoni,CO3,C_H>T_H,C>T,Y,0,16,16,220,0.07272727272727272
Microtus_richardsoni,Cytb,A_H>G_H,A>G,A,0,30,30,362,0.08287292817679558
Microtus_richardsoni,Cytb,A_H>G_H,A>G,C,0,15,15,362,0.04143646408839779
Microtus_richardsoni,Cytb,A_H>G_H,A>G,D,13,17,4,362,0.011049723756906077
Microtus_richardsoni,Cytb,A_H>G_H,A>G,E,6,9,3,362,0.008287292817679558
Microtus_richardsoni,Cytb,A_H>G_H,A>G,F,0,0,0,362,0.0
Microtus_richardsoni,Cytb,A_H>G_H,A>G,G,0,19,19,362,0.052486187845303865
Microtus_richardsoni,Cytb,A_H>G_H,A>G,H,12,0,-12,362,-0.03314917127071823
Microtus_richardsoni,Cytb,A_H>G_H,A>G,I,46,0,-46,362,-0.1270718232044199
Microtus_richardsoni,Cytb,A_H>G_H,A>G,K,18,0,-18,362,-0.049723756906077346
Microtus_richardsoni,Cytb,A_H>G_H,A>G,L,0,0,0,362,0.0
Microtus_richardsoni,Cytb,A_H>G_H,A>G,M,17,0,-17,362,-0.04696132596685083
Microtus_richardsoni,Cytb,A_H>G_H,A>G,N,34,0,-34,362,-0.09392265193370165
Microtus_richardsoni,Cytb,A_H>G_H,A>G,P,0,0,0,362,0.0
Microtus_richardsoni,Cytb,A_H>G_H,A>G,Q,6,0,-6,362,-0.016574585635359115
Microtus_richardsoni,Cytb,A_H>G_H,A>G,R,0,18,18,362,0.049723756906077346
Microtus_richardsoni,Cytb,A_H>G_H,A>G,S,0,17,17,362,0.04696132596685083
Microtus_richardsoni,Cytb,A_H>G_H,A>G,T,30,0,-30,362,-0.08287292817679558
Microtus_richardsoni,Cytb,A_H>G_H,A>G,V,0,63,63,362,0.17403314917127072
Microtus_richardsoni,Cytb,A_H>G_H,A>G,W,0,1,1,362,0.0027624309392265192
Microtus_richardsoni,Cytb,A_H>G_H,A>G,Y,15,0,-15,362,-0.04143646408839779
Microtus_richardsoni,Cytb,C_H>T_H,C>T,A,24,0,-24,332,-0.07228915662650602
Microtus_richardsoni,Cytb,C_H>T_H,C>T,C,0,3,3,332,0.009036144578313253
Microtus_richardsoni,Cytb,C_H>T_H,C>T,D,0,0,0,332,0.0
Microtus_richardsoni,Cytb,C_H>T_H,C>T,E,0,0,0,332,0.0
Microtus_richardsoni,Cytb,C_H>T_H,C>T,F,0,21,21,332,0.06325301204819277
Microtus_richardsoni,Cytb,C_H>T_H,C>T,G,0,0,0,332,0.0
Microtus_richardsoni,Cytb,C_H>T_H,C>T,H,12,0,-12,332,-0.03614457831325301
Microtus_richardsoni,Cytb,C_H>T_H,C>T,I,0,9,9,332,0.02710843373493976
Microtus_richardsoni,Cytb,C_H>T_H,C>T,K,0,0,0,332,0.0
Microtus_richardsoni,Cytb,C_H>T_H,C>T,L,17,38,21,332,0.06325301204819277
Microtus_richardsoni,Cytb,C_H>T_H,C>T,M,0,21,21,332,0.06325301204819277
Microtus_richardsoni,Cytb,C_H>T_H,C>T,N,0,0,0,332,0.0
Microtus_richardsoni,Cytb,C_H>T_H,C>T,P,44,0,-44,332,-0.13253012048192772
Microtus_richardsoni,Cytb,C_H>T_H,C>T,Q,6,0,-6,332,-0.018072289156626505
Microtus_richardsoni,Cytb,C_H>T_H,C>T,R,8,0,-8,332,-0.024096385542168676
Microtus_richardsoni,Cytb,C_H>T_H,C>T,S,20,22,2,332,0.006024096385542169
Microtus_richardsoni,Cytb,C_H>T_H,C>T,T,30,0,-30,332,-0.09036144578313253
Microtus_richardsoni,Cytb,C_H>T_H,C>T,V,0,24,24,332,0.07228915662650602
Microtus_richardsoni,Cytb,C_H>T_H,C>T,W,0,5,5,332,0.015060240963855422
Microtus_richardsoni,Cytb,C_H>T_H,C>T,Y,0,12,12,332,0.03614457831325301
Mus_musculus,CO1,A_H>G_H,A>G,A,0,36,36,461,0.07809110629067245
Mus_musculus,CO1,A_H>G_H,A>G,C,0,20,20,461,0.04338394793926247
Mus_musculus,CO1,A_H>G_H,A>G,D,16,16,0,461,0.0
Mus_musculus,CO1,A_H>G_H,A>G,E,9,10,1,461,0.0021691973969631237
Mus_musculus,CO1,A_H>G_H,A>G,F,0,0,0,461,0.0
Mus_musculus,CO1,A_H>G_H,A>G,G,0,28,28,461,0.06073752711496746
Mus_musculus,CO1,A_H>G_H,A>G,H,17,0,-17,461,-0.0368763557483731
Mus_musculus,CO1,A_H>G_H,A>G,I,37,0,-37,461,-0.08026030368763558
Mus_musculus,CO1,A_H>G_H,A>G,K,20,0,-20,461,-0.04338394793926247
Mus_musculus,CO1,A_H>G_H,A>G,L,0,0,0,461,0.0
Mus_musculus,CO1,A_H>G_H,A>G,M,31,0,-31,461,-0.06724511930585683
Mus_musculus,CO1,A_H>G_H,A>G,N,32,0,-32,461,-0.06941431670281996
Mus_musculus,CO1,A_H>G_H,A>G,P,0,0,0,461,0.0
Mus_musculus,CO1,A_H>G_H,A>G,Q,6,0,-6,461,-0.013015184381778741
Mus_musculus,CO1,A_H>G_H,A>G,R,0,23,23,461,0.049891540130151846
Mus_musculus,CO1,A_H>G_H,A>G,S,3,16,13,461,0.028199566160520606
Mus_musculus,CO1,A_H>G_H,A>G,T,36,0,-36,461,-0.07809110629067245
Mus_musculus,CO1,A_H>G_H,A>G,V,0,68,68,461,0.1475054229934924
Mus_musculus,CO1,A_H>G_H,A>G,W,0,1,1,461,0.0021691973969631237
Mus_musculus,CO1,A_H>G_H,A>G,Y,20,0,-20,461,-0.04338394793926247
Mus_musculus,CO1,C_H>T_H,C>T,A,42,0,-42,364,-0.11538461538461539
Mus_musculus,CO1,C_H>T_H,C>T,C,0,3,3,364,0.008241758241758242
Mus_musculus,CO1,C_H>T_H,C>T,D,0,0,0,364,0.0
Mus_musculus,CO1,C_H>T_H,C>T,E,0,0,0,364,0.0
Mus_musculus,CO1,C_H>T_H,C>T,F,0,28,28,364,0.07692307692307693
Mus_musculus,CO1,C_H>T_H,C>T,G,0,0,0,364,0.0
Mus_musculus,CO1,C_H>T_H,C>T,H,17,0,-17,364,-0.046703296703296704
Mus_musculus,CO1,C_H>T_H,C>T,I,0,18,18,364,0.04945054945054945
Mus_musculus,CO1,C_H>T_H,C>T,K,0,0,0,364,0.0
Mus_musculus,CO1,C_H>T_H,C>T,L,18,49,31,364,0.08516483516483517
Mus_musculus,CO1,C_H>T_H,C>T,M,0,18,18,364,0.04945054945054945
Mus_musculus,CO1,C_H>T_H,C>T,N,0,0,0,364,0.0
Mus_musculus,CO1,C_H>T_H,C>T,P,58,0,-58,364,-0.15934065934065933
Mus_musculus,CO1,C_H>T_H,C>T,Q,6,0,-6,364,-0.016483516483516484
Mus_musculus,CO1,C_H>T_H,C>T,R,8,0,-8,364,-0.02197802197802198
Mus_musculus,CO1,C_H>T_H,C>T,S,30,29,-1,364,-0.0027472527472527475
Mus_musculus,CO1,C_H>T_H,C>T,T,36,0,-36,364,-0.0989010989010989
Mus_musculus,CO1,C_H>T_H,C>T,V,0,42,42,364,0.11538461538461539
Mus_musculus,CO1,C_H>T_H,C>T,W,0,5,5,364,0.013736263736263736
Mus_musculus,CO1,C_H>T_H,C>T,Y,0,17,17,364,0.046703296703296704
Mus_musculus,CO3,A_H>G_H,A>G,A,0,21,21,232,0.09051724137931035
Mus_musculus,CO3,A_H>G_H,A>G,C,0,12,12,232,0.05172413793103448
Mus_musculus,CO3,A_H>G_H,A>G,D,4,7,3,232,0.01293103448275862
Mus_musculus,CO3,A_H>G_H,A>G,E,7,4,-3,232,-0.01293103448275862
Mus_musculus,CO3,A_H>G_H,A>G,F,0,0,0,232,0.0
Mus_musculus,CO3,A_H>G_H,A>G,G,0,14,14,232,0.0603448275862069
Mus_musculus,CO3,A_H>G_H,A>G,H,17,0,-17,232,-0.07327586206896551
Mus_musculus,CO3,A_H>G_H,A>G,I,17,0,-17,232,-0.07327586206896551
Mus_musculus,CO3,A_H>G_H,A>G,K,8,0,-8,232,-0.034482758620689655
Mus_musculus,CO3,A_H>G_H,A>G,L,0,0,0,232,0.0
Mus_musculus,CO3,A_H>G_H,A>G,M,9,0,-9,232,-0.03879310344827586
Mus_musculus,CO3,A_H>G_H,A>G,N,14,0,-14,232,-0.0603448275862069
Mus_musculus,CO3,A_H>G_H,A>G,P,0,0,0,232,0.0
Mus_musculus,CO3,A_H>G_H,A>G,Q,7,0,-7,232,-0.03017241379310345
Mus_musculus,CO3,A_H>G_H,A>G,R,0,24,24,232,0.10344827586206896
Mus_musculus,CO3,A_H>G_H,A>G,S,3,7,4,232,0.017241379310344827
Mus_musculus,CO3,A_H>G_H,A>G,T,21,0,-21,232,-0.09051724137931035
Mus_musculus,CO3,A_H>G_H,A>G,V,0,26,26,232,0.11206896551724138
Mus_musculus,CO3,A_H>G_H,A>G,W,0,0,0,232,0.0
Mus_musculus,CO3,A_H>G_H,A>G,Y,12,0,-12,232,-0.05172413793103448
Mus_musculus,CO3,C_H>T_H,C>T,A,13,0,-13,198,-0.06565656565656566
Mus_musculus,CO3,C_H>T_H,C>T,C,0,1,1,198,0.005050505050505051
Mus_musculus,CO3,C_H>T_H,C>T,D,0,0,0,198,0.0
Mus_musculus,CO3,C_H>T_H,C>T,E,0,0,0,198,0.0
Mus_musculus,CO3,C_H>T_H,C>T,F,0,21,21,198,0.10606060606060606
Mus_musculus,CO3,C_H>T_H,C>T,G,0,0,0,198,0.0
Mus_musculus,CO3,C_H>T_H,C>T,H,17,0,-17,198,-0.08585858585858586
Mus_musculus,CO3,C_H>T_H,C>T,I,0,10,10,198,0.050505050505050504
Mus_musculus,CO3,C_H>T_H,C>T,K,0,0,0,198,0.0
Mus_musculus,CO3,C_H>T_H,C>T,L,15,22,7,198,0.03535353535353535
Mus_musculus,CO3,C_H>T_H,C>T,M,0,11,11,198,0.05555555555555555
Mus_musculus,CO3,C_H>T_H,C>T,N,0,0,0,198,0.0
Mus_musculus,CO3,C_H>T_H,C>T,P,20,0,-20,198,-0.10101010101010101
Mus_musculus,CO3,C_H>T_H,C>T,Q,7,0,-7,198,-0.03535353535353535
Mus_musculus,CO3,C_H>T_H,C>T,R,5,0,-5,198,-0.025252525252525252
Mus_musculus,CO3,C_H>T_H,C>T,S,18,10,-8,198,-0.04040404040404041
Mus_musculus,CO3,C_H>T_H,C>T,T,21,0,-21,198,-0.10606060606060606
Mus_musculus,CO3,C_H>T_H,C>T,V,0,13,13,198,0.06565656565656566
Mus_musculus,CO3,C_H>T_H,C>T,W,0,4,4,198,0.020202020202020204
Mus_musculus,CO3,C_H>T_H,C>T,Y,0,17,17,198,0.08585858585858586
Mus_musculus,Cytb,A_H>G_H,A>G,A,0,24,24,362,0.06629834254143646
Mus_musculus,Cytb,A_H>G_H,A>G,C,0,16,16,362,0.04419889502762431
Mus_musculus,Cytb,A_H>G_H,A>G,D,11,16,5,362,0.013812154696132596
Mus_musculus,Cytb,A_H>G_H,A>G,E,6,10,4,362,0.011049723756906077
Mus_musculus,Cytb,A_H>G_H,A>G,F,0,0,0,362,0.0
Mus_musculus,Cytb,A_H>G_H,A>G,G,0,18,18,362,0.049723756906077346
Mus_musculus,Cytb,A_H>G_H,A>G,H,13,0,-13,362,-0.03591160220994475
Mus_musculus,Cytb,A_H>G_H,A>G,I,45,0,-45,362,-0.12430939226519337
Mus_musculus,Cytb,A_H>G_H,A>G,K,20,0,-20,362,-0.055248618784530384
Mus_musculus,Cytb,A_H>G_H,A>G,L,0,0,0,362,0.0
Mus_musculus,Cytb,A_H>G_H,A>G,M,19,0,-19,362,-0.052486187845303865
Mus_musculus,Cytb,A_H>G_H,A>G,N,32,0,-32,362,-0.08839779005524862
Mus_musculus,Cytb,A_H>G_H,A>G,P,0,0,0,362,0.0
Mus_musculus,Cytb,A_H>G_H,A>G,Q,6,0,-6,362,-0.016574585635359115
Mus_musculus,Cytb,A_H>G_H,A>G,R,0,19,19,362,0.052486187845303865
Mus_musculus,Cytb,A_H>G_H,A>G,S,1,16,15,362,0.04143646408839779
Mus_musculus,Cytb,A_H>G_H,A>G,T,24,0,-24,362,-0.06629834254143646
Mus_musculus,Cytb,A_H>G_H,A>G,V,0,64,64,362,0.17679558011049723
Mus_musculus,Cytb,A_H>G_H,A>G,W,0,0,0,362,0.0
Mus_musculus,Cytb,A_H>G_H,A>G,Y,16,0,-16,362,-0.04419889502762431
Mus_musculus,Cytb,C_H>T_H,C>T,A,23,0,-23,306,-0.07516339869281045
Mus_musculus,Cytb,C_H>T_H,C>T,C,0,2,2,306,0.006535947712418301
Mus_musculus,Cytb,C_H>T_H,C>T,D,0,0,0,306,0.0
Mus_musculus,Cytb,C_H>T_H,C>T,E,0,0,0,306,0.0
Mus_musculus,Cytb,C_H>T_H,C>T,F,0,16,16,306,0.05228758169934641
Mus_musculus,Cytb,C_H>T_H,C>T,G,0,0,0,306,0.0
Mus_musculus,Cytb,C_H>T_H,C>T,H,13,0,-13,306,-0.042483660130718956
Mus_musculus,Cytb,C_H>T_H,C>T,I,0,8,8,306,0.026143790849673203
Mus_musculus,Cytb,C_H>T_H,C>T,K,0,0,0,306,0.0
Mus_musculus,Cytb,C_H>T_H,C>T,L,12,41,29,306,0.09477124183006536
Mus_musculus,Cytb,C_H>T_H,C>T,M,0,16,16,306,0.05228758169934641
Mus_musculus,Cytb,C_H>T_H,C>T,N,0,0,0,306,0.0
Mus_musculus,Cytb,C_H>T_H,C>T,P,46,0,-46,306,-0.1503267973856209
Mus_musculus,Cytb,C_H>T_H,C>T,Q,6,0,-6,306,-0.0196078431372549
Mus_musculus,Cytb,C_H>T_H,C>T,R,8,0,-8,306,-0.026143790849673203
Mus_musculus,Cytb,C_H>T_H,C>T,S,22,23,1,306,0.0032679738562091504
Mus_musculus,Cytb,C_H>T_H,C>T,T,24,0,-24,306,-0.0784313725490196
Mus_musculus,Cytb,C_H>T_H,C>T,V,0,23,23,306,0.07516339869281045
Mus_musculus,Cytb,C_H>T_H,C>T,W,0,6,6,306,0.0196078431372549
Mus_musculus,Cytb,C_H>T_H,C>T,Y,0,13,13,306,0.042483660130718956
Myodes_glareolus,CO1,A_H>G_H,A>G,A,0,37,37,446,0.08295964125560538
Myodes_glareolus,CO1,A_H>G_H,A>G,C,0,18,18,446,0.04035874439461883
Myodes_glareolus,CO1,A_H>G_H,A>G,D,16,16,0,446,0.0
Myodes_glareolus,CO1,A_H>G_H,A>G,E,10,10,0,446,0.0
Myodes_glareolus,CO1,A_H>G_H,A>G,F,0,0,0,446,0.0
Myodes_glareolus,CO1,A_H>G_H,A>G,G,0,29,29,446,0.06502242152466367
Myodes_glareolus,CO1,A_H>G_H,A>G,H,20,0,-20,446,-0.04484304932735426
Myodes_glareolus,CO1,A_H>G_H,A>G,I,37,0,-37,446,-0.08295964125560538
Myodes_glareolus,CO1,A_H>G_H,A>G,K,20,0,-20,446,-0.04484304932735426
Myodes_glareolus,CO1,A_H>G_H,A>G,L,0,0,0,446,0.0
Myodes_glareolus,CO1,A_H>G_H,A>G,M,31,0,-31,446,-0.06950672645739911
Myodes_glareolus,CO1,A_H>G_H,A>G,N,32,0,-32,446,-0.07174887892376682
Myodes_glareolus,CO1,A_H>G_H,A>G,P,0,0,0,446,0.0
Myodes_glareolus,CO1,A_H>G_H,A>G,Q,6,0,-6,446,-0.013452914798206279
Myodes_glareolus,CO1,A_H>G_H,A>G,R,0,26,26,446,0.05829596412556054
Myodes_glareolus,CO1,A_H>G_H,A>G,S,3,16,13,446,0.02914798206278027
Myodes_glareolus,CO1,A_H>G_H,A>G,T,37,0,-37,446,-0.08295964125560538
Myodes_glareolus,CO1,A_H>G_H,A>G,V,0,68,68,446,0.15246636771300448
Myodes_glareolus,CO1,A_H>G_H,A>G,W,0,1,1,446,0.002242152466367713
Myodes_glareolus,CO1,A_H>G_H,A>G,Y,18,0,-18,446,-0.04035874439461883
Myodes_glareolus,CO1,C_H>T_H,C>T,A,41,0,-41,422,-0.0971563981042654
Myodes_glareolus,CO1,C_H>T_H,C>T,C,0,2,2,422,0.004739336492890996
Myodes_glareolus,CO1,C_H>T_H,C>T,D,0,0,0,422,0.0
Myodes_glareolus,CO1,C_H>T_H,C>T,E,0,0,0,422,0.0
Myodes_glareolus,CO1,C_H>T_H,C>T,F,0,36,36,422,0.08530805687203792
Myodes_glareolus,CO1,C_H>T_H,C>T,G,0,0,0,422,0.0
Myodes_glareolus,CO1,C_H>T_H,C>T,H,20,0,-20,422,-0.04739336492890995
Myodes_glareolus,CO1,C_H>T_H,C>T,I,0,17,17,422,0.04028436018957346
Myodes_glareolus,CO1,C_H>T_H,C>T,K,0,0,0,422,0.0
Myodes_glareolus,CO1,C_H>T_H,C>T,L,23,43,20,422,0.04739336492890995
Myodes_glareolus,CO1,C_H>T_H,C>T,M,0,20,20,422,0.04739336492890995
Myodes_glareolus,CO1,C_H>T_H,C>T,N,0,0,0,422,0.0
Myodes_glareolus,CO1,C_H>T_H,C>T,P,56,0,-56,422,-0.13270142180094788
Myodes_glareolus,CO1,C_H>T_H,C>T,Q,6,0,-6,422,-0.014218009478672985
Myodes_glareolus,CO1,C_H>T_H,C>T,R,8,0,-8,422,-0.018957345971563982
Myodes_glareolus,CO1,C_H>T_H,C>T,S,28,28,0,422,0.0
Myodes_glareolus,CO1,C_H>T_H,C>T,T,37,0,-37,422,-0.08767772511848342
Myodes_glareolus,CO1,C_H>T_H,C>T,V,0,41,41,422,0.0971563981042654
Myodes_glareolus,CO1,C_H>T_H,C>T,W,0,6,6,422,0.014218009478672985
Myodes_glareolus,CO1,C_H>T_H,C>T,Y,0,20,20,422,0.04739336492890995
Myodes_glareolus,CO3,A_H>G_H,A>G,A,0,22,22,221,0.09954751131221719
Myodes_glareolus,CO3,A_H>G_H,A>G,C,0,11,11,221,0.049773755656108594
Myodes_glareolus,CO3,A_H>G_H,A>G,D,4,9,5,221,0.02262443438914027
Myodes_glareolus,CO3,A_H>G_H,A>G,E,7,3,-4,221,-0.01809954751131222
Myodes_glareolus,CO3,A_H>G_H,A>G,F,0,0,0,221,0.0
Myodes_glareolus,CO3,A_H>G_H,A>G,G,0,14,14,221,0.06334841628959276
Myodes_glareolus,CO3,A_H>G_H,A>G,H,16,0,-16,221,-0.07239819004524888
Myodes_glareolus,CO3,A_H>G_H,A>G,I,17,0,-17,221,-0.07692307692307693
Myodes_glareolus,CO3,A_H>G_H,A>G,K,6,0,-6,221,-0.027149321266968326
Myodes_glareolus,CO3,A_H>G_H,A>G,L,0,0,0,221,0.0
Myodes_glareolus,CO3,A_H>G_H,A>G,M,8,0,-8,221,-0.03619909502262444
Myodes_glareolus,CO3,A_H>G_H,A>G,N,18,0,-18,221,-0.08144796380090498
Myodes_glareolus,CO3,A_H>G_H,A>G,P,0,0,0,221,0.0
Myodes_glareolus,CO3,A_H>G_H,A>G,Q,7,0,-7,221,-0.03167420814479638
Myodes_glareolus,CO3,A_H>G_H,A>G,R,0,23,23,221,0.10407239819004525
Myodes_glareolus,CO3,A_H>G_H,A>G,S,3,9,6,221,0.027149321266968326
Myodes_glareolus,CO3,A_H>G_H,A>G,T,22,0,-22,221,-0.09954751131221719
Myodes_glareolus,CO3,A_H>G_H,A>G,V,0,25,25,221,0.11312217194570136
Myodes_glareolus,CO3,A_H>G_H,A>G,W,0,0,0,221,0.0
Myodes_glareolus,CO3,A_H>G_H,A>G,Y,11,0,-11,221,-0.049773755656108594
Myodes_glareolus,CO3,C_H>T_H,C>T,A,14,0,-14,228,-0.06140350877192982
Myodes_glareolus,CO3,C_H>T_H,C>T,C,0,3,3,228,0.013157894736842105
Myodes_glareolus,CO3,C_H>T_H,C>T,D,0,0,0,228,0.0
Myodes_glareolus,CO3,C_H>T_H,C>T,E,0,0,0,228,0.0
Myodes_glareolus,CO3,C_H>T_H,C>T,F,0,20,20,228,0.08771929824561403
Myodes_glareolus,CO3,C_H>T_H,C>T,G,0,0,0,228,0.0
Myodes_glareolus,CO3,C_H>T_H,C>T,H,16,0,-16,228,-0.07017543859649122
Myodes_glareolus,CO3,C_H>T_H,C>T,I,0,14,14,228,0.06140350877192982
Myodes_glareolus,CO3,C_H>T_H,C>T,K,0,0,0,228,0.0
Myodes_glareolus,CO3,C_H>T_H,C>T,L,10,18,8,228,0.03508771929824561
Myodes_glareolus,CO3,C_H>T_H,C>T,M,0,8,8,228,0.03508771929824561
Myodes_glareolus,CO3,C_H>T_H,C>T,N,0,0,0,228,0.0
Myodes_glareolus,CO3,C_H>T_H,C>T,P,20,0,-20,228,-0.08771929824561403
Myodes_glareolus,CO3,C_H>T_H,C>T,Q,7,0,-7,228,-0.03070175438596491
Myodes_glareolus,CO3,C_H>T_H,C>T,R,5,0,-5,228,-0.021929824561403508
Myodes_glareolus,CO3,C_H>T_H,C>T,S,18,10,-8,228,-0.03508771929824561
Myodes_glareolus,CO3,C_H>T_H,C>T,T,22,0,-22,228,-0.09649122807017543
Myodes_glareolus,CO3,C_H>T_H,C>T,V,0,14,14,228,0.06140350877192982
Myodes_glareolus,CO3,C_H>T_H,C>T,W,0,2,2,228,0.008771929824561403
Myodes_glareolus,CO3,C_H>T_H,C>T,Y,0,16,16,228,0.07017543859649122
Myodes_glareolus,Cytb,A_H>G_H,A>G,A,0,25,25,349,0.07163323782234957
Myodes_glareolus,Cytb,A_H>G_H,A>G,C,0,16,16,349,0.045845272206303724
Myodes_glareolus,Cytb,A_H>G_H,A>G,D,13,17,4,349,0.011461318051575931
Myodes_glareolus,Cytb,A_H>G_H,A>G,E,6,9,3,349,0.008595988538681949
Myodes_glareolus,Cytb,A_H>G_H,A>G,F,0,0,0,349,0.0
Myodes_glareolus,Cytb,A_H>G_H,A>G,G,0,19,19,349,0.054441260744985676
Myodes_glareolus,Cytb,A_H>G_H,A>G,H,12,0,-12,349,-0.034383954154727794
Myodes_glareolus,Cytb,A_H>G_H,A>G,I,46,0,-46,349,-0.1318051575931232
Myodes_glareolus,Cytb,A_H>G_H,A>G,K,18,0,-18,349,-0.05157593123209169
Myodes_glareolus,Cytb,A_H>G_H,A>G,L,0,0,0,349,0.0
Myodes_glareolus,Cytb,A_H>G_H,A>G,M,17,0,-17,349,-0.04871060171919771
Myodes_glareolus,Cytb,A_H>G_H,A>G,N,34,0,-34,349,-0.09742120343839542
Myodes_glareolus,Cytb,A_H>G_H,A>G,P,0,0,0,349,0.0
Myodes_glareolus,Cytb,A_H>G_H,A>G,Q,6,0,-6,349,-0.017191977077363897
Myodes_glareolus,Cytb,A_H>G_H,A>G,R,0,18,18,349,0.05157593123209169
Myodes_glareolus,Cytb,A_H>G_H,A>G,S,0,17,17,349,0.04871060171919771
Myodes_glareolus,Cytb,A_H>G_H,A>G,T,25,0,-25,349,-0.07163323782234957
Myodes_glareolus,Cytb,A_H>G_H,A>G,V,0,63,63,349,0.18051575931232092
Myodes_glareolus,Cytb,A_H>G_H,A>G,W,0,1,1,349,0.0028653295128939827
Myodes_glareolus,Cytb,A_H>G_H,A>G,Y,16,0,-16,349,-0.045845272206303724
Myodes_glareolus,Cytb,C_H>T_H,C>T,A,25,0,-25,335,-0.07462686567164178
Myodes_glareolus,Cytb,C_H>T_H,C>T,C,0,3,3,335,0.008955223880597015
Myodes_glareolus,Cytb,C_H>T_H,C>T,D,0,0,0,335,0.0
Myodes_glareolus,Cytb,C_H>T_H,C>T,E,0,0,0,335,0.0
Myodes_glareolus,Cytb,C_H>T_H,C>T,F,0,28,28,335,0.08358208955223881
Myodes_glareolus,Cytb,C_H>T_H,C>T,G,0,0,0,335,0.0
Myodes_glareolus,Cytb,C_H>T_H,C>T,H,12,0,-12,335,-0.03582089552238806
Myodes_glareolus,Cytb,C_H>T_H,C>T,I,0,8,8,335,0.023880597014925373
Myodes_glareolus,Cytb,C_H>T_H,C>T,K,0,0,0,335,0.0
Myodes_glareolus,Cytb,C_H>T_H,C>T,L,22,35,13,335,0.03880597014925373
Myodes_glareolus,Cytb,C_H>T_H,C>T,M,0,17,17,335,0.050746268656716415
Myodes_glareolus,Cytb,C_H>T_H,C>T,N,0,0,0,335,0.0
Myodes_glareolus,Cytb,C_H>T_H,C>T,P,42,0,-42,335,-0.1253731343283582
Myodes_glareolus,Cytb,C_H>T_H,C>T,Q,6,0,-6,335,-0.01791044776119403
Myodes_glareolus,Cytb,C_H>T_H,C>T,R,8,0,-8,335,-0.023880597014925373
Myodes_glareolus,Cytb,C_H>T_H,C>T,S,20,21,1,335,0.0029850746268656717
Myodes_glareolus,Cytb,C_H>T_H,C>T,T,25,0,-25,335,-0.07462686567164178
Myodes_glareolus,Cytb,C_H>T_H,C>T,V,0,25,25,335,0.07462686567164178
Myodes_glareolus,Cytb,C_H>T_H,C>T,W,0,5,5,335,0.014925373134328358
Myodes_glareolus,Cytb,C_H>T_H,C>T,Y,0,12,12,335,0.03582089552238806
Ochotona_cansus,CO1,A_H>G_H,A>G,A,0,35,35,408,0.0857843137254902
Ochotona_cansus,CO1,A_H>G_H,A>G,C,0,19,19,408,0.04656862745098039
Ochotona_cansus,CO1,A_H>G_H,A>G,D,15,16,1,408,0.0024509803921568627
Ochotona_cansus,CO1,A_H>G_H,A>G,E,10,9,-1,408,-0.0024509803921568627
Ochotona_cansus,CO1,A_H>G_H,A>G,F,0,0,0,408,0.0
Ochotona_cansus,CO1,A_H>G_H,A>G,G,0,28,28,408,0.06862745098039216
Ochotona_cansus,CO1,A_H>G_H,A>G,H,18,0,-18,408,-0.04411764705882353
Ochotona_cansus,CO1,A_H>G_H,A>G,I,37,0,-37,408,-0.09068627450980392
Ochotona_cansus,CO1,A_H>G_H,A>G,K,18,0,-18,408,-0.04411764705882353
Ochotona_cansus,CO1,A_H>G_H,A>G,L,0,0,0,408,0.0
Ochotona_cansus,CO1,A_H>G_H,A>G,M,31,0,-31,408,-0.07598039215686274
Ochotona_cansus,CO1,A_H>G_H,A>G,N,32,0,-32,408,-0.0784313725490196
Ochotona_cansus,CO1,A_H>G_H,A>G,P,0,0,0,408,0.0
Ochotona_cansus,CO1,A_H>G_H,A>G,Q,6,0,-6,408,-0.014705882352941176
Ochotona_cansus,CO1,A_H>G_H,A>G,R,0,24,24,408,0.058823529411764705
Ochotona_cansus,CO1,A_H>G_H,A>G,S,3,16,13,408,0.031862745098039214
Ochotona_cansus,CO1,A_H>G_H,A>G,T,35,0,-35,408,-0.0857843137254902
Ochotona_cansus,CO1,A_H>G_H,A>G,V,0,68,68,408,0.16666666666666666
Ochotona_cansus,CO1,A_H>G_H,A>G,W,0,1,1,408,0.0024509803921568627
Ochotona_cansus,CO1,A_H>G_H,A>G,Y,19,0,-19,408,-0.04656862745098039
Ochotona_cansus,CO1,C_H>T_H,C>T,A,44,0,-44,431,-0.10208816705336426
Ochotona_cansus,CO1,C_H>T_H,C>T,C,0,3,3,431,0.0069605568445475635
Ochotona_cansus,CO1,C_H>T_H,C>T,D,0,0,0,431,0.0
Ochotona_cansus,CO1,C_H>T_H,C>T,E,0,0,0,431,0.0
Ochotona_cansus,CO1,C_H>T_H,C>T,F,0,35,35,431,0.08120649651972157
Ochotona_cansus,CO1,C_H>T_H,C>T,G,0,0,0,431,0.0
Ochotona_cansus,CO1,C_H>T_H,C>T,H,18,0,-18,431,-0.04176334106728538
Ochotona_cansus,CO1,C_H>T_H,C>T,I,0,13,13,431,0.030162412993039442
Ochotona_cansus,CO1,C_H>T_H,C>T,K,0,0,0,431,0.0
Ochotona_cansus,CO1,C_H>T_H,C>T,L,19,41,22,431,0.05104408352668213
Ochotona_cansus,CO1,C_H>T_H,C>T,M,0,22,22,431,0.05104408352668213
Ochotona_cansus,CO1,C_H>T_H,C>T,N,0,0,0,431,0.0
Ochotona_cansus,CO1,C_H>T_H,C>T,P,58,0,-58,431,-0.1345707656612529
Ochotona_cansus,CO1,C_H>T_H,C>T,Q,6,0,-6,431,-0.013921113689095127
Ochotona_cansus,CO1,C_H>T_H,C>T,R,8,0,-8,431,-0.018561484918793503
Ochotona_cansus,CO1,C_H>T_H,C>T,S,28,29,1,431,0.002320185614849188
Ochotona_cansus,CO1,C_H>T_H,C>T,T,35,0,-35,431,-0.08120649651972157
Ochotona_cansus,CO1,C_H>T_H,C>T,V,0,44,44,431,0.10208816705336426
Ochotona_cansus,CO1,C_H>T_H,C>T,W,0,5,5,431,0.01160092807424594
Ochotona_cansus,CO1,C_H>T_H,C>T,Y,0,18,18,431,0.04176334106728538
Ochotona_cansus,CO3,A_H>G_H,A>G,A,0,22,22,205,0.1073170731707317
Ochotona_cansus,CO3,A_H>G_H,A>G,C,0,11,11,205,0.05365853658536585
Ochotona_cansus,CO3,A_H>G_H,A>G,D,3,8,5,205,0.024390243902439025
Ochotona_cansus,CO3,A_H>G_H,A>G,E,8,2,-6,205,-0.02926829268292683
Ochotona_cansus,CO3,A_H>G_H,A>G,F,0,0,0,205,0.0
Ochotona_cansus,CO3,A_H>G_H,A>G,G,0,14,14,205,0.06829268292682927
Ochotona_cansus,CO3,A_H>G_H,A>G,H,16,0,-16,205,-0.07804878048780488
Ochotona_cansus,CO3,A_H>G_H,A>G,I,13,0,-13,205,-0.06341463414634146
Ochotona_cansus,CO3,A_H>G_H,A>G,K,4,0,-4,205,-0.01951219512195122
Ochotona_cansus,CO3,A_H>G_H,A>G,L,0,0,0,205,0.0
Ochotona_cansus,CO3,A_H>G_H,A>G,M,9,0,-9,205,-0.04390243902439024
Ochotona_cansus,CO3,A_H>G_H,A>G,N,16,0,-16,205,-0.07804878048780488
Ochotona_cansus,CO3,A_H>G_H,A>G,P,0,0,0,205,0.0
Ochotona_cansus,CO3,A_H>G_H,A>G,Q,8,0,-8,205,-0.03902439024390244
Ochotona_cansus,CO3,A_H>G_H,A>G,R,0,24,24,205,0.11707317073170732
Ochotona_cansus,CO3,A_H>G_H,A>G,S,3,8,5,205,0.024390243902439025
Ochotona_cansus,CO3,A_H>G_H,A>G,T,22,0,-22,205,-0.1073170731707317
Ochotona_cansus,CO3,A_H>G_H,A>G,V,0,22,22,205,0.1073170731707317
Ochotona_cansus,CO3,A_H>G_H,A>G,W,0,0,0,205,0.0
Ochotona_cansus,CO3,A_H>G_H,A>G,Y,11,0,-11,205,-0.05365853658536585
Ochotona_cansus,CO3,C_H>T_H,C>T,A,16,0,-16,243,-0.06584362139917696
Ochotona_cansus,CO3,C_H>T_H,C>T,C,0,0,0,243,0.0
Ochotona_cansus,CO3,C_H>T_H,C>T,D,0,0,0,243,0.0
Ochotona_cansus,CO3,C_H>T_H,C>T,E,0,0,0,243,0.0
Ochotona_cansus,CO3,C_H>T_H,C>T,F,0,28,28,243,0.11522633744855967
Ochotona_cansus,CO3,C_H>T_H,C>T,G,0,0,0,243,0.0
Ochotona_cansus,CO3,C_H>T_H,C>T,H,16,0,-16,243,-0.06584362139917696
Ochotona_cansus,CO3,C_H>T_H,C>T,I,0,15,15,243,0.06172839506172839
Ochotona_cansus,CO3,C_H>T_H,C>T,K,0,0,0,243,0.0
Ochotona_cansus,CO3,C_H>T_H,C>T,L,16,16,0,243,0.0
Ochotona_cansus,CO3,C_H>T_H,C>T,M,0,7,7,243,0.02880658436213992
Ochotona_cansus,CO3,C_H>T_H,C>T,N,0,0,0,243,0.0
Ochotona_cansus,CO3,C_H>T_H,C>T,P,22,0,-22,243,-0.09053497942386832
Ochotona_cansus,CO3,C_H>T_H,C>T,Q,8,0,-8,243,-0.03292181069958848
Ochotona_cansus,CO3,C_H>T_H,C>T,R,5,0,-5,243,-0.0205761316872428
Ochotona_cansus,CO3,C_H>T_H,C>T,S,17,11,-6,243,-0.024691358024691357
Ochotona_cansus,CO3,C_H>T_H,C>T,T,22,0,-22,243,-0.09053497942386832
Ochotona_cansus,CO3,C_H>T_H,C>T,V,0,16,16,243,0.06584362139917696
Ochotona_cansus,CO3,C_H>T_H,C>T,W,0,5,5,243,0.0205761316872428
Ochotona_cansus,CO3,C_H>T_H,C>T,Y,0,16,16,243,0.06584362139917696
Ochotona_cansus,Cytb,A_H>G_H,A>G,A,0,25,25,308,0.08116883116883117
Ochotona_cansus,Cytb,A_H>G_H,A>G,C,0,15,15,308,0.048701298701298704
Ochotona_cansus,Cytb,A_H>G_H,A>G,D,12,15,3,308,0.00974025974025974
Ochotona_cansus,Cytb,A_H>G_H,A>G,E,5,10,5,308,0.016233766233766232
Ochotona_cansus,Cytb,A_H>G_H,A>G,F,0,0,0,308,0.0
Ochotona_cansus,Cytb,A_H>G_H,A>G,G,0,21,21,308,0.06818181818181818
Ochotona_cansus,Cytb,A_H>G_H,A>G,H,13,0,-13,308,-0.04220779220779221
Ochotona_cansus,Cytb,A_H>G_H,A>G,I,39,0,-39,308,-0.1266233766233766
Ochotona_cansus,Cytb,A_H>G_H,A>G,K,20,0,-20,308,-0.06493506493506493
Ochotona_cansus,Cytb,A_H>G_H,A>G,L,0,0,0,308,0.0
Ochotona_cansus,Cytb,A_H>G_H,A>G,M,12,0,-12,308,-0.03896103896103896
Ochotona_cansus,Cytb,A_H>G_H,A>G,N,30,0,-30,308,-0.09740259740259741
Ochotona_cansus,Cytb,A_H>G_H,A>G,P,0,0,0,308,0.0
Ochotona_cansus,Cytb,A_H>G_H,A>G,Q,7,0,-7,308,-0.022727272727272728
Ochotona_cansus,Cytb,A_H>G_H,A>G,R,0,20,20,308,0.06493506493506493
Ochotona_cansus,Cytb,A_H>G_H,A>G,S,3,15,12,308,0.03896103896103896
Ochotona_cansus,Cytb,A_H>G_H,A>G,T,25,0,-25,308,-0.08116883116883117
Ochotona_cansus,Cytb,A_H>G_H,A>G,V,0,51,51,308,0.16558441558441558
Ochotona_cansus,Cytb,A_H>G_H,A>G,W,0,0,0,308,0.0
Ochotona_cansus,Cytb,A_H>G_H,A>G,Y,15,0,-15,308,-0.048701298701298704
Ochotona_cansus,Cytb,C_H>T_H,C>T,A,25,0,-25,389,-0.06426735218508997
Ochotona_cansus,Cytb,C_H>T_H,C>T,C,0,2,2,389,0.005141388174807198
Ochotona_cansus,Cytb,C_H>T_H,C>T,D,0,0,0,389,0.0
Ochotona_cansus,Cytb,C_H>T_H,C>T,E,0,0,0,389,0.0
Ochotona_cansus,Cytb,C_H>T_H,C>T,F,0,39,39,389,0.10025706940874037
Ochotona_cansus,Cytb,C_H>T_H,C>T,G,0,0,0,389,0.0
Ochotona_cansus,Cytb,C_H>T_H,C>T,H,13,0,-13,389,-0.033419023136246784
Ochotona_cansus,Cytb,C_H>T_H,C>T,I,0,17,17,389,0.043701799485861184
Ochotona_cansus,Cytb,C_H>T_H,C>T,K,0,0,0,389,0.0
Ochotona_cansus,Cytb,C_H>T_H,C>T,L,30,34,4,389,0.010282776349614395
Ochotona_cansus,Cytb,C_H>T_H,C>T,M,0,8,8,389,0.02056555269922879
Ochotona_cansus,Cytb,C_H>T_H,C>T,N,0,0,0,389,0.0
Ochotona_cansus,Cytb,C_H>T_H,C>T,P,44,0,-44,389,-0.11311053984575835
Ochotona_cansus,Cytb,C_H>T_H,C>T,Q,7,0,-7,389,-0.017994858611825194
Ochotona_cansus,Cytb,C_H>T_H,C>T,R,8,0,-8,389,-0.02056555269922879
Ochotona_cansus,Cytb,C_H>T_H,C>T,S,21,22,1,389,0.002570694087403599
Ochotona_cansus,Cytb,C_H>T_H,C>T,T,25,0,-25,389,-0.06426735218508997
Ochotona_cansus,Cytb,C_H>T_H,C>T,V,0,25,25,389,0.06426735218508997
Ochotona_cansus,Cytb,C_H>T_H,C>T,W,0,6,6,389,0.015424164524421594
Ochotona_cansus,Cytb,C_H>T_H,C>T,Y,0,13,13,389,0.033419023136246784
Ochotona_thibetana,CO1,A_H>G_H,A>G,A,0,34,34,406,0.08374384236453201
Ochotona_thibetana,CO1,A_H>G_H,A>G,C,0,19,19,406,0.046798029556650245
Ochotona_thibetana,CO1,A_H>G_H,A>G,D,15,16,1,406,0.0024630541871921183
Ochotona_thibetana,CO1,A_H>G_H,A>G,E,10,9,-1,406,-0.0024630541871921183
Ochotona_thibetana,CO1,A_H>G_H,A>G,F,0,0,0,406,0.0
Ochotona_thibetana,CO1,A_H>G_H,A>G,G,0,28,28,406,0.06896551724137931
Ochotona_thibetana,CO1,A_H>G_H,A>G,H,18,0,-18,406,-0.04433497536945813
Ochotona_thibetana,CO1,A_H>G_H,A>G,I,37,0,-37,406,-0.09113300492610837
Ochotona_thibetana,CO1,A_H>G_H,A>G,K,18,0,-18,406,-0.04433497536945813
Ochotona_thibetana,CO1,A_H>G_H,A>G,L,0,0,0,406,0.0
Ochotona_thibetana,CO1,A_H>G_H,A>G,M,32,0,-32,406,-0.07881773399014778
Ochotona_thibetana,CO1,A_H>G_H,A>G,N,32,0,-32,406,-0.07881773399014778
Ochotona_thibetana,CO1,A_H>G_H,A>G,P,0,0,0,406,0.0
Ochotona_thibetana,CO1,A_H>G_H,A>G,Q,6,0,-6,406,-0.014778325123152709
Ochotona_thibetana,CO1,A_H>G_H,A>G,R,0,24,24,406,0.059113300492610835
Ochotona_thibetana,CO1,A_H>G_H,A>G,S,3,16,13,406,0.03201970443349754
Ochotona_thibetana,CO1,A_H>G_H,A>G,T,34,0,-34,406,-0.08374384236453201
Ochotona_thibetana,CO1,A_H>G_H,A>G,V,0,69,69,406,0.16995073891625614
Ochotona_thibetana,CO1,A_H>G_H,A>G,W,0,1,1,406,0.0024630541871921183
Ochotona_thibetana,CO1,A_H>G_H,A>G,Y,19,0,-19,406,-0.046798029556650245
Ochotona_thibetana,CO1,C_H>T_H,C>T,A,44,0,-44,430,-0.10232558139534884
Ochotona_thibetana,CO1,C_H>T_H,C>T,C,0,2,2,430,0.004651162790697674
Ochotona_thibetana,CO1,C_H>T_H,C>T,D,0,0,0,430,0.0
Ochotona_thibetana,CO1,C_H>T_H,C>T,E,0,0,0,430,0.0
Ochotona_thibetana,CO1,C_H>T_H,C>T,F,0,32,32,430,0.07441860465116279
Ochotona_thibetana,CO1,C_H>T_H,C>T,G,0,0,0,430,0.0
Ochotona_thibetana,CO1,C_H>T_H,C>T,H,18,0,-18,430,-0.04186046511627907
Ochotona_thibetana,CO1,C_H>T_H,C>T,I,0,18,18,430,0.04186046511627907
Ochotona_thibetana,CO1,C_H>T_H,C>T,K,0,0,0,430,0.0
Ochotona_thibetana,CO1,C_H>T_H,C>T,L,18,43,25,430,0.05813953488372093
Ochotona_thibetana,CO1,C_H>T_H,C>T,M,0,16,16,430,0.037209302325581395
Ochotona_thibetana,CO1,C_H>T_H,C>T,N,0,0,0,430,0.0
Ochotona_thibetana,CO1,C_H>T_H,C>T,P,58,0,-58,430,-0.13488372093023257
Ochotona_thibetana,CO1,C_H>T_H,C>T,Q,6,0,-6,430,-0.013953488372093023
Ochotona_thibetana,CO1,C_H>T_H,C>T,R,8,0,-8,430,-0.018604651162790697
Ochotona_thibetana,CO1,C_H>T_H,C>T,S,28,29,1,430,0.002325581395348837
Ochotona_thibetana,CO1,C_H>T_H,C>T,T,34,0,-34,430,-0.07906976744186046
Ochotona_thibetana,CO1,C_H>T_H,C>T,V,0,44,44,430,0.10232558139534884
Ochotona_thibetana,CO1,C_H>T_H,C>T,W,0,6,6,430,0.013953488372093023
Ochotona_thibetana,CO1,C_H>T_H,C>T,Y,0,18,18,430,0.04186046511627907
Ochotona_thibetana,CO3,A_H>G_H,A>G,A,0,22,22,214,0.102803738317757
Ochotona_thibetana,CO3,A_H>G_H,A>G,C,0,11,11,214,0.0514018691588785
Ochotona_thibetana,CO3,A_H>G_H,A>G,D,3,8,5,214,0.02336448598130841
Ochotona_thibetana,CO3,A_H>G_H,A>G,E,8,2,-6,214,-0.028037383177570093
Ochotona_thibetana,CO3,A_H>G_H,A>G,F,0,0,0,214,0.0
Ochotona_thibetana,CO3,A_H>G_H,A>G,G,0,14,14,214,0.06542056074766354
Ochotona_thibetana,CO3,A_H>G_H,A>G,H,16,0,-16,214,-0.07476635514018691
Ochotona_thibetana,CO3,A_H>G_H,A>G,I,14,0,-14,214,-0.06542056074766354
Ochotona_thibetana,CO3,A_H>G_H,A>G,K,4,0,-4,214,-0.018691588785046728
Ochotona_thibetana,CO3,A_H>G_H,A>G,L,0,0,0,214,0.0
Ochotona_thibetana,CO3,A_H>G_H,A>G,M,9,0,-9,214,-0.04205607476635514
Ochotona_thibetana,CO3,A_H>G_H,A>G,N,16,0,-16,214,-0.07476635514018691
Ochotona_thibetana,CO3,A_H>G_H,A>G,P,0,0,0,214,0.0
Ochotona_thibetana,CO3,A_H>G_H,A>G,Q,8,0,-8,214,-0.037383177570093455
Ochotona_thibetana,CO3,A_H>G_H,A>G,R,0,24,24,214,0.11214953271028037
Ochotona_thibetana,CO3,A_H>G_H,A>G,S,3,8,5,214,0.02336448598130841
Ochotona_thibetana,CO3,A_H>G_H,A>G,T,22,0,-22,214,-0.102803738317757
Ochotona_thibetana,CO3,A_H>G_H,A>G,V,0,23,23,214,0.10747663551401869
Ochotona_thibetana,CO3,A_H>G_H,A>G,W,0,0,0,214,0.0
Ochotona_thibetana,CO3,A_H>G_H,A>G,Y,11,0,-11,214,-0.0514018691588785
Ochotona_thibetana,CO3,C_H>T_H,C>T,A,15,0,-15,235,-0.06382978723404255
Ochotona_thibetana,CO3,C_H>T_H,C>T,C,0,2,2,235,0.00851063829787234
Ochotona_thibetana,CO3,C_H>T_H,C>T,D,0,0,0,235,0.0
Ochotona_thibetana,CO3,C_H>T_H,C>T,E,0,0,0,235,0.0
Ochotona_thibetana,CO3,C_H>T_H,C>T,F,0,19,19,235,0.08085106382978724
Ochotona_thibetana,CO3,C_H>T_H,C>T,G,0,0,0,235,0.0
Ochotona_thibetana,CO3,C_H>T_H,C>T,H,16,0,-16,235,-0.06808510638297872
Ochotona_thibetana,CO3,C_H>T_H,C>T,I,0,15,15,235,0.06382978723404255
Ochotona_thibetana,CO3,C_H>T_H,C>T,K,0,0,0,235,0.0
Ochotona_thibetana,CO3,C_H>T_H,C>T,L,11,20,9,235,0.03829787234042553
Ochotona_thibetana,CO3,C_H>T_H,C>T,M,0,7,7,235,0.029787234042553193
Ochotona_thibetana,CO3,C_H>T_H,C>T,N,0,0,0,235,0.0
Ochotona_thibetana,CO3,C_H>T_H,C>T,P,22,0,-22,235,-0.09361702127659574
Ochotona_thibetana,CO3,C_H>T_H,C>T,Q,8,0,-8,235,-0.03404255319148936
Ochotona_thibetana,CO3,C_H>T_H,C>T,R,5,0,-5,235,-0.02127659574468085
Ochotona_thibetana,CO3,C_H>T_H,C>T,S,17,11,-6,235,-0.02553191489361702
Ochotona_thibetana,CO3,C_H>T_H,C>T,T,22,0,-22,235,-0.09361702127659574
Ochotona_thibetana,CO3,C_H>T_H,C>T,V,0,15,15,235,0.06382978723404255
Ochotona_thibetana,CO3,C_H>T_H,C>T,W,0,3,3,235,0.01276595744680851
Ochotona_thibetana,CO3,C_H>T_H,C>T,Y,0,16,16,235,0.06808510638297872
Ochotona_thibetana,Cytb,A_H>G_H,A>G,A,0,26,26,331,0.07854984894259819
Ochotona_thibetana,Cytb,A_H>G_H,A>G,C,0,15,15,331,0.045317220543806644
Ochotona_thibetana,Cytb,A_H>G_H,A>G,D,12,16,4,331,0.012084592145015106
Ochotona_thibetana,Cytb,A_H>G_H,A>G,E,5,10,5,331,0.015105740181268883
Ochotona_thibetana,Cytb,A_H>G_H,A>G,F,0,0,0,331,0.0
Ochotona_thibetana,Cytb,A_H>G_H,A>G,G,0,21,21,331,0.0634441087613293
Ochotona_thibetana,Cytb,A_H>G_H,A>G,H,13,0,-13,331,-0.03927492447129909
Ochotona_thibetana,Cytb,A_H>G_H,A>G,I,39,0,-39,331,-0.11782477341389729
Ochotona_thibetana,Cytb,A_H>G_H,A>G,K,20,0,-20,331,-0.06042296072507553
Ochotona_thibetana,Cytb,A_H>G_H,A>G,L,0,0,0,331,0.0
Ochotona_thibetana,Cytb,A_H>G_H,A>G,M,12,0,-12,331,-0.03625377643504532
Ochotona_thibetana,Cytb,A_H>G_H,A>G,N,32,0,-32,331,-0.09667673716012085
Ochotona_thibetana,Cytb,A_H>G_H,A>G,P,0,0,0,331,0.0
Ochotona_thibetana,Cytb,A_H>G_H,A>G,Q,7,0,-7,331,-0.021148036253776436
Ochotona_thibetana,Cytb,A_H>G_H,A>G,R,0,20,20,331,0.06042296072507553
Ochotona_thibetana,Cytb,A_H>G_H,A>G,S,3,16,13,331,0.03927492447129909
Ochotona_thibetana,Cytb,A_H>G_H,A>G,T,26,0,-26,331,-0.07854984894259819
Ochotona_thibetana,Cytb,A_H>G_H,A>G,V,0,51,51,331,0.1540785498489426
Ochotona_thibetana,Cytb,A_H>G_H,A>G,W,0,0,0,331,0.0
Ochotona_thibetana,Cytb,A_H>G_H,A>G,Y,15,0,-15,331,-0.045317220543806644
Ochotona_thibetana,Cytb,C_H>T_H,C>T,A,26,0,-26,367,-0.07084468664850137
Ochotona_thibetana,Cytb,C_H>T_H,C>T,C,0,1,1,367,0.0027247956403269754
Ochotona_thibetana,Cytb,C_H>T_H,C>T,D,0,0,0,367,0.0
Ochotona_thibetana,Cytb,C_H>T_H,C>T,E,0,0,0,367,0.0
Ochotona_thibetana,Cytb,C_H>T_H,C>T,F,0,31,31,367,0.08446866485013624
Ochotona_thibetana,Cytb,C_H>T_H,C>T,G,0,0,0,367,0.0
Ochotona_thibetana,Cytb,C_H>T_H,C>T,H,13,0,-13,367,-0.035422343324250684
Ochotona_thibetana,Cytb,C_H>T_H,C>T,I,0,14,14,367,0.03814713896457766
Ochotona_thibetana,Cytb,C_H>T_H,C>T,K,0,0,0,367,0.0
Ochotona_thibetana,Cytb,C_H>T_H,C>T,L,25,36,11,367,0.02997275204359673
Ochotona_thibetana,Cytb,C_H>T_H,C>T,M,0,12,12,367,0.0326975476839237
Ochotona_thibetana,Cytb,C_H>T_H,C>T,N,0,0,0,367,0.0
Ochotona_thibetana,Cytb,C_H>T_H,C>T,P,44,0,-44,367,-0.11989100817438691
Ochotona_thibetana,Cytb,C_H>T_H,C>T,Q,7,0,-7,367,-0.01907356948228883
Ochotona_thibetana,Cytb,C_H>T_H,C>T,R,8,0,-8,367,-0.021798365122615803
Ochotona_thibetana,Cytb,C_H>T_H,C>T,S,20,22,2,367,0.005449591280653951
Ochotona_thibetana,Cytb,C_H>T_H,C>T,T,26,0,-26,367,-0.07084468664850137
Ochotona_thibetana,Cytb,C_H>T_H,C>T,V,0,26,26,367,0.07084468664850137
Ochotona_thibetana,Cytb,C_H>T_H,C>T,W,0,7,7,367,0.01907356948228883
Ochotona_thibetana,Cytb,C_H>T_H,C>T,Y,0,13,13,367,0.035422343324250684
Odocoileus_virginianus,CO1,A_H>G_H,A>G,A,0,38,38,449,0.08463251670378619
Odocoileus_virginianus,CO1,A_H>G_H,A>G,C,0,19,19,449,0.042316258351893093
Odocoileus_virginianus,CO1,A_H>G_H,A>G,D,15,19,4,449,0.008908685968819599
Odocoileus_virginianus,CO1,A_H>G_H,A>G,E,10,9,-1,449,-0.0022271714922048997
Odocoileus_virginianus,CO1,A_H>G_H,A>G,F,0,0,0,449,0.0
Odocoileus_virginianus,CO1,A_H>G_H,A>G,G,0,28,28,449,0.062360801781737196
Odocoileus_virginianus,CO1,A_H>G_H,A>G,H,17,0,-17,449,-0.0378619153674833
Odocoileus_virginianus,CO1,A_H>G_H,A>G,I,40,0,-40,449,-0.08908685968819599
Odocoileus_virginianus,CO1,A_H>G_H,A>G,K,18,0,-18,449,-0.0400890868596882
Odocoileus_virginianus,CO1,A_H>G_H,A>G,L,0,0,0,449,0.0
Odocoileus_virginianus,CO1,A_H>G_H,A>G,M,33,0,-33,449,-0.07349665924276169
Odocoileus_virginianus,CO1,A_H>G_H,A>G,N,38,0,-38,449,-0.08463251670378619
Odocoileus_virginianus,CO1,A_H>G_H,A>G,P,0,0,0,449,0.0
Odocoileus_virginianus,CO1,A_H>G_H,A>G,Q,6,0,-6,449,-0.013363028953229399
Odocoileus_virginianus,CO1,A_H>G_H,A>G,R,0,23,23,449,0.051224944320712694
Odocoileus_virginianus,CO1,A_H>G_H,A>G,S,3,19,16,449,0.035634743875278395
Odocoileus_virginianus,CO1,A_H>G_H,A>G,T,38,0,-38,449,-0.08463251670378619
Odocoileus_virginianus,CO1,A_H>G_H,A>G,V,0,73,73,449,0.16258351893095768
Odocoileus_virginianus,CO1,A_H>G_H,A>G,W,0,1,1,449,0.0022271714922048997
Odocoileus_virginianus,CO1,A_H>G_H,A>G,Y,19,0,-19,449,-0.042316258351893093
Odocoileus_virginianus,CO1,C_H>T_H,C>T,A,39,0,-39,333,-0.11711711711711711
Odocoileus_virginianus,CO1,C_H>T_H,C>T,C,0,2,2,333,0.006006006006006006
Odocoileus_virginianus,CO1,C_H>T_H,C>T,D,0,0,0,333,0.0
Odocoileus_virginianus,CO1,C_H>T_H,C>T,E,0,0,0,333,0.0
Odocoileus_virginianus,CO1,C_H>T_H,C>T,F,0,29,29,333,0.08708708708708708
Odocoileus_virginianus,CO1,C_H>T_H,C>T,G,0,0,0,333,0.0
Odocoileus_virginianus,CO1,C_H>T_H,C>T,H,17,0,-17,333,-0.05105105105105105
Odocoileus_virginianus,CO1,C_H>T_H,C>T,I,0,17,17,333,0.05105105105105105
Odocoileus_virginianus,CO1,C_H>T_H,C>T,K,0,0,0,333,0.0
Odocoileus_virginianus,CO1,C_H>T_H,C>T,L,15,42,27,333,0.08108108108108109
Odocoileus_virginianus,CO1,C_H>T_H,C>T,M,0,21,21,333,0.06306306306306306
Odocoileus_virginianus,CO1,C_H>T_H,C>T,N,0,0,0,333,0.0
Odocoileus_virginianus,CO1,C_H>T_H,C>T,P,56,0,-56,333,-0.16816816816816818
Odocoileus_virginianus,CO1,C_H>T_H,C>T,Q,6,0,-6,333,-0.018018018018018018
Odocoileus_virginianus,CO1,C_H>T_H,C>T,R,8,0,-8,333,-0.024024024024024024
Odocoileus_virginianus,CO1,C_H>T_H,C>T,S,28,28,0,333,0.0
Odocoileus_virginianus,CO1,C_H>T_H,C>T,T,38,0,-38,333,-0.11411411411411411
Odocoileus_virginianus,CO1,C_H>T_H,C>T,V,0,39,39,333,0.11711711711711711
Odocoileus_virginianus,CO1,C_H>T_H,C>T,W,0,6,6,333,0.018018018018018018
Odocoileus_virginianus,CO1,C_H>T_H,C>T,Y,0,17,17,333,0.05105105105105105
Odocoileus_virginianus,CO3,A_H>G_H,A>G,A,0,23,23,216,0.10648148148148148
Odocoileus_virginianus,CO3,A_H>G_H,A>G,C,0,12,12,216,0.05555555555555555
Odocoileus_virginianus,CO3,A_H>G_H,A>G,D,3,8,5,216,0.023148148148148147
Odocoileus_virginianus,CO3,A_H>G_H,A>G,E,8,2,-6,216,-0.027777777777777776
Odocoileus_virginianus,CO3,A_H>G_H,A>G,F,0,0,0,216,0.0
Odocoileus_virginianus,CO3,A_H>G_H,A>G,G,0,15,15,216,0.06944444444444445
Odocoileus_virginianus,CO3,A_H>G_H,A>G,H,16,0,-16,216,-0.07407407407407407
Odocoileus_virginianus,CO3,A_H>G_H,A>G,I,17,0,-17,216,-0.0787037037037037
Odocoileus_virginianus,CO3,A_H>G_H,A>G,K,4,0,-4,216,-0.018518518518518517
Odocoileus_virginianus,CO3,A_H>G_H,A>G,L,0,0,0,216,0.0
Odocoileus_virginianus,CO3,A_H>G_H,A>G,M,10,0,-10,216,-0.046296296296296294
Odocoileus_virginianus,CO3,A_H>G_H,A>G,N,16,0,-16,216,-0.07407407407407407
Odocoileus_virginianus,CO3,A_H>G_H,A>G,P,0,0,0,216,0.0
Odocoileus_virginianus,CO3,A_H>G_H,A>G,Q,7,0,-7,216,-0.032407407407407406
Odocoileus_virginianus,CO3,A_H>G_H,A>G,R,0,23,23,216,0.10648148148148148
Odocoileus_virginianus,CO3,A_H>G_H,A>G,S,4,8,4,216,0.018518518518518517
Odocoileus_virginianus,CO3,A_H>G_H,A>G,T,23,0,-23,216,-0.10648148148148148
Odocoileus_virginianus,CO3,A_H>G_H,A>G,V,0,27,27,216,0.125
Odocoileus_virginianus,CO3,A_H>G_H,A>G,W,0,0,0,216,0.0
Odocoileus_virginianus,CO3,A_H>G_H,A>G,Y,12,0,-12,216,-0.05555555555555555
Odocoileus_virginianus,CO3,C_H>T_H,C>T,A,15,0,-15,209,-0.07177033492822966
Odocoileus_virginianus,CO3,C_H>T_H,C>T,C,0,3,3,209,0.014354066985645933
Odocoileus_virginianus,CO3,C_H>T_H,C>T,D,0,0,0,209,0.0
Odocoileus_virginianus,CO3,C_H>T_H,C>T,E,0,0,0,209,0.0
Odocoileus_virginianus,CO3,C_H>T_H,C>T,F,0,19,19,209,0.09090909090909091
Odocoileus_virginianus,CO3,C_H>T_H,C>T,G,0,0,0,209,0.0
Odocoileus_virginianus,CO3,C_H>T_H,C>T,H,16,0,-16,209,-0.07655502392344497
Odocoileus_virginianus,CO3,C_H>T_H,C>T,I,0,15,15,209,0.07177033492822966
Odocoileus_virginianus,CO3,C_H>T_H,C>T,K,0,0,0,209,0.0
Odocoileus_virginianus,CO3,C_H>T_H,C>T,L,11,20,9,209,0.0430622009569378
Odocoileus_virginianus,CO3,C_H>T_H,C>T,M,0,8,8,209,0.03827751196172249
Odocoileus_virginianus,CO3,C_H>T_H,C>T,N,0,0,0,209,0.0
Odocoileus_virginianus,CO3,C_H>T_H,C>T,P,26,0,-26,209,-0.12440191387559808
Odocoileus_virginianus,CO3,C_H>T_H,C>T,Q,7,0,-7,209,-0.03349282296650718
Odocoileus_virginianus,CO3,C_H>T_H,C>T,R,5,0,-5,209,-0.023923444976076555
Odocoileus_virginianus,CO3,C_H>T_H,C>T,S,15,13,-2,209,-0.009569377990430622
Odocoileus_virginianus,CO3,C_H>T_H,C>T,T,23,0,-23,209,-0.11004784688995216
Odocoileus_virginianus,CO3,C_H>T_H,C>T,V,0,15,15,209,0.07177033492822966
Odocoileus_virginianus,CO3,C_H>T_H,C>T,W,0,2,2,209,0.009569377990430622
Odocoileus_virginianus,CO3,C_H>T_H,C>T,Y,0,16,16,209,0.07655502392344497
Odocoileus_virginianus,Cytb,A_H>G_H,A>G,A,0,26,26,359,0.07242339832869081
Odocoileus_virginianus,Cytb,A_H>G_H,A>G,C,0,14,14,359,0.03899721448467967
Odocoileus_virginianus,Cytb,A_H>G_H,A>G,D,11,18,7,359,0.019498607242339833
Odocoileus_virginianus,Cytb,A_H>G_H,A>G,E,6,9,3,359,0.008356545961002786
Odocoileus_virginianus,Cytb,A_H>G_H,A>G,F,0,0,0,359,0.0
Odocoileus_virginianus,Cytb,A_H>G_H,A>G,G,0,21,21,359,0.0584958217270195
Odocoileus_virginianus,Cytb,A_H>G_H,A>G,H,12,0,-12,359,-0.033426183844011144
Odocoileus_virginianus,Cytb,A_H>G_H,A>G,I,39,0,-39,359,-0.10863509749303621
Odocoileus_virginianus,Cytb,A_H>G_H,A>G,K,18,0,-18,359,-0.05013927576601671
Odocoileus_virginianus,Cytb,A_H>G_H,A>G,L,0,0,0,359,0.0
Odocoileus_virginianus,Cytb,A_H>G_H,A>G,M,15,0,-15,359,-0.04178272980501393
Odocoileus_virginianus,Cytb,A_H>G_H,A>G,N,36,0,-36,359,-0.10027855153203342
Odocoileus_virginianus,Cytb,A_H>G_H,A>G,P,0,0,0,359,0.0
Odocoileus_virginianus,Cytb,A_H>G_H,A>G,Q,6,0,-6,359,-0.016713091922005572
Odocoileus_virginianus,Cytb,A_H>G_H,A>G,R,0,18,18,359,0.05013927576601671
Odocoileus_virginianus,Cytb,A_H>G_H,A>G,S,3,18,15,359,0.04178272980501393
Odocoileus_virginianus,Cytb,A_H>G_H,A>G,T,26,0,-26,359,-0.07242339832869081
Odocoileus_virginianus,Cytb,A_H>G_H,A>G,V,0,54,54,359,0.15041782729805014
Odocoileus_virginianus,Cytb,A_H>G_H,A>G,W,0,0,0,359,0.0
Odocoileus_virginianus,Cytb,A_H>G_H,A>G,Y,14,0,-14,359,-0.03899721448467967
Odocoileus_virginianus,Cytb,C_H>T_H,C>T,A,23,0,-23,315,-0.07301587301587302
Odocoileus_virginianus,Cytb,C_H>T_H,C>T,C,0,1,1,315,0.0031746031746031746
Odocoileus_virginianus,Cytb,C_H>T_H,C>T,D,0,0,0,315,0.0
Odocoileus_virginianus,Cytb,C_H>T_H,C>T,E,0,0,0,315,0.0
Odocoileus_virginianus,Cytb,C_H>T_H,C>T,F,0,30,30,315,0.09523809523809523
Odocoileus_virginianus,Cytb,C_H>T_H,C>T,G,0,0,0,315,0.0
Odocoileus_virginianus,Cytb,C_H>T_H,C>T,H,12,0,-12,315,-0.0380952380952381
Odocoileus_virginianus,Cytb,C_H>T_H,C>T,I,0,11,11,315,0.03492063492063492
Odocoileus_virginianus,Cytb,C_H>T_H,C>T,K,0,0,0,315,0.0
Odocoileus_virginianus,Cytb,C_H>T_H,C>T,L,20,32,12,315,0.0380952380952381
Odocoileus_virginianus,Cytb,C_H>T_H,C>T,M,0,15,15,315,0.047619047619047616
Odocoileus_virginianus,Cytb,C_H>T_H,C>T,N,0,0,0,315,0.0
Odocoileus_virginianus,Cytb,C_H>T_H,C>T,P,46,0,-46,315,-0.14603174603174604
Odocoileus_virginianus,Cytb,C_H>T_H,C>T,Q,6,0,-6,315,-0.01904761904761905
Odocoileus_virginianus,Cytb,C_H>T_H,C>T,R,8,0,-8,315,-0.025396825396825397
Odocoileus_virginianus,Cytb,C_H>T_H,C>T,S,19,23,4,315,0.012698412698412698
Odocoileus_virginianus,Cytb,C_H>T_H,C>T,T,26,0,-26,315,-0.08253968253968254
Odocoileus_virginianus,Cytb,C_H>T_H,C>T,V,0,23,23,315,0.07301587301587302
Odocoileus_virginianus,Cytb,C_H>T_H,C>T,W,0,7,7,315,0.022222222222222223
Odocoileus_virginianus,Cytb,C_H>T_H,C>T,Y,0,12,12,315,0.0380952380952381
Ovis_ammon,CO1,A_H>G_H,A>G,A,0,38,38,451,0.08425720620842572
Ovis_ammon,CO1,A_H>G_H,A>G,C,0,19,19,451,0.04212860310421286
Ovis_ammon,CO1,A_H>G_H,A>G,D,16,19,3,451,0.0066518847006651885
Ovis_ammon,CO1,A_H>G_H,A>G,E,9,9,0,451,0.0
Ovis_ammon,CO1,A_H>G_H,A>G,F,0,0,0,451,0.0
Ovis_ammon,CO1,A_H>G_H,A>G,G,0,28,28,451,0.06208425720620843
Ovis_ammon,CO1,A_H>G_H,A>G,H,17,0,-17,451,-0.037694013303769404
Ovis_ammon,CO1,A_H>G_H,A>G,I,39,0,-39,451,-0.08647450110864745
Ovis_ammon,CO1,A_H>G_H,A>G,K,18,0,-18,451,-0.03991130820399113
Ovis_ammon,CO1,A_H>G_H,A>G,L,0,0,0,451,0.0
Ovis_ammon,CO1,A_H>G_H,A>G,M,33,0,-33,451,-0.07317073170731707
Ovis_ammon,CO1,A_H>G_H,A>G,N,38,0,-38,451,-0.08425720620842572
Ovis_ammon,CO1,A_H>G_H,A>G,P,0,0,0,451,0.0
Ovis_ammon,CO1,A_H>G_H,A>G,Q,6,0,-6,451,-0.013303769401330377
Ovis_ammon,CO1,A_H>G_H,A>G,R,0,23,23,451,0.050997782705099776
Ovis_ammon,CO1,A_H>G_H,A>G,S,3,19,16,451,0.03547671840354767
Ovis_ammon,CO1,A_H>G_H,A>G,T,38,0,-38,451,-0.08425720620842572
Ovis_ammon,CO1,A_H>G_H,A>G,V,0,72,72,451,0.15964523281596452
Ovis_ammon,CO1,A_H>G_H,A>G,W,0,1,1,451,0.0022172949002217295
Ovis_ammon,CO1,A_H>G_H,A>G,Y,19,0,-19,451,-0.04212860310421286
Ovis_ammon,CO1,C_H>T_H,C>T,A,40,0,-40,378,-0.10582010582010581
Ovis_ammon,CO1,C_H>T_H,C>T,C,0,2,2,378,0.005291005291005291
Ovis_ammon,CO1,C_H>T_H,C>T,D,0,0,0,378,0.0
Ovis_ammon,CO1,C_H>T_H,C>T,E,0,0,0,378,0.0
Ovis_ammon,CO1,C_H>T_H,C>T,F,0,30,30,378,0.07936507936507936
Ovis_ammon,CO1,C_H>T_H,C>T,G,0,0,0,378,0.0
Ovis_ammon,CO1,C_H>T_H,C>T,H,17,0,-17,378,-0.04497354497354497
Ovis_ammon,CO1,C_H>T_H,C>T,I,0,19,19,378,0.05026455026455026
Ovis_ammon,CO1,C_H>T_H,C>T,K,0,0,0,378,0.0
Ovis_ammon,CO1,C_H>T_H,C>T,L,16,41,25,378,0.06613756613756613
Ovis_ammon,CO1,C_H>T_H,C>T,M,0,19,19,378,0.05026455026455026
Ovis_ammon,CO1,C_H>T_H,C>T,N,0,0,0,378,0.0
Ovis_ammon,CO1,C_H>T_H,C>T,P,56,0,-56,378,-0.14814814814814814
Ovis_ammon,CO1,C_H>T_H,C>T,Q,6,0,-6,378,-0.015873015873015872
Ovis_ammon,CO1,C_H>T_H,C>T,R,8,0,-8,378,-0.021164021164021163
Ovis_ammon,CO1,C_H>T_H,C>T,S,27,28,1,378,0.0026455026455026454
Ovis_ammon,CO1,C_H>T_H,C>T,T,38,0,-38,378,-0.10052910052910052
Ovis_ammon,CO1,C_H>T_H,C>T,V,0,40,40,378,0.10582010582010581
Ovis_ammon,CO1,C_H>T_H,C>T,W,0,6,6,378,0.015873015873015872
Ovis_ammon,CO1,C_H>T_H,C>T,Y,0,17,17,378,0.04497354497354497
Ovis_ammon,CO3,A_H>G_H,A>G,A,0,22,22,205,0.1073170731707317
Ovis_ammon,CO3,A_H>G_H,A>G,C,0,12,12,205,0.05853658536585366
Ovis_ammon,CO3,A_H>G_H,A>G,D,3,6,3,205,0.014634146341463415
Ovis_ammon,CO3,A_H>G_H,A>G,E,8,2,-6,205,-0.02926829268292683
Ovis_ammon,CO3,A_H>G_H,A>G,F,0,0,0,205,0.0
Ovis_ammon,CO3,A_H>G_H,A>G,G,0,16,16,205,0.07804878048780488
Ovis_ammon,CO3,A_H>G_H,A>G,H,17,0,-17,205,-0.08292682926829269
Ovis_ammon,CO3,A_H>G_H,A>G,I,14,0,-14,205,-0.06829268292682927
Ovis_ammon,CO3,A_H>G_H,A>G,K,4,0,-4,205,-0.01951219512195122
Ovis_ammon,CO3,A_H>G_H,A>G,L,0,0,0,205,0.0
Ovis_ammon,CO3,A_H>G_H,A>G,M,10,0,-10,205,-0.04878048780487805
Ovis_ammon,CO3,A_H>G_H,A>G,N,12,0,-12,205,-0.05853658536585366
Ovis_ammon,CO3,A_H>G_H,A>G,P,0,0,0,205,0.0
Ovis_ammon,CO3,A_H>G_H,A>G,Q,7,0,-7,205,-0.03414634146341464
Ovis_ammon,CO3,A_H>G_H,A>G,R,0,24,24,205,0.11707317073170732
Ovis_ammon,CO3,A_H>G_H,A>G,S,5,6,1,205,0.004878048780487805
Ovis_ammon,CO3,A_H>G_H,A>G,T,22,0,-22,205,-0.1073170731707317
Ovis_ammon,CO3,A_H>G_H,A>G,V,0,24,24,205,0.11707317073170732
Ovis_ammon,CO3,A_H>G_H,A>G,W,0,0,0,205,0.0
Ovis_ammon,CO3,A_H>G_H,A>G,Y,12,0,-12,205,-0.05853658536585366
Ovis_ammon,CO3,C_H>T_H,C>T,A,17,0,-17,233,-0.07296137339055794
Ovis_ammon,CO3,C_H>T_H,C>T,C,0,3,3,233,0.012875536480686695
Ovis_ammon,CO3,C_H>T_H,C>T,D,0,0,0,233,0.0
Ovis_ammon,CO3,C_H>T_H,C>T,E,0,0,0,233,0.0
Ovis_ammon,CO3,C_H>T_H,C>T,F,0,22,22,233,0.0944206008583691
Ovis_ammon,CO3,C_H>T_H,C>T,G,0,0,0,233,0.0
Ovis_ammon,CO3,C_H>T_H,C>T,H,17,0,-17,233,-0.07296137339055794
Ovis_ammon,CO3,C_H>T_H,C>T,I,0,11,11,233,0.04721030042918455
Ovis_ammon,CO3,C_H>T_H,C>T,K,0,0,0,233,0.0
Ovis_ammon,CO3,C_H>T_H,C>T,L,14,19,5,233,0.02145922746781116
Ovis_ammon,CO3,C_H>T_H,C>T,M,0,11,11,233,0.04721030042918455
Ovis_ammon,CO3,C_H>T_H,C>T,N,0,0,0,233,0.0
Ovis_ammon,CO3,C_H>T_H,C>T,P,24,0,-24,233,-0.10300429184549356
Ovis_ammon,CO3,C_H>T_H,C>T,Q,7,0,-7,233,-0.030042918454935622
Ovis_ammon,CO3,C_H>T_H,C>T,R,5,0,-5,233,-0.02145922746781116
Ovis_ammon,CO3,C_H>T_H,C>T,S,15,12,-3,233,-0.012875536480686695
Ovis_ammon,CO3,C_H>T_H,C>T,T,22,0,-22,233,-0.0944206008583691
Ovis_ammon,CO3,C_H>T_H,C>T,V,0,17,17,233,0.07296137339055794
Ovis_ammon,CO3,C_H>T_H,C>T,W,0,2,2,233,0.008583690987124463
Ovis_ammon,CO3,C_H>T_H,C>T,Y,0,17,17,233,0.07296137339055794
Ovis_ammon,Cytb,A_H>G_H,A>G,A,0,28,28,364,0.07692307692307693
Ovis_ammon,Cytb,A_H>G_H,A>G,C,0,15,15,364,0.04120879120879121
Ovis_ammon,Cytb,A_H>G_H,A>G,D,11,18,7,364,0.019230769230769232
Ovis_ammon,Cytb,A_H>G_H,A>G,E,6,9,3,364,0.008241758241758242
Ovis_ammon,Cytb,A_H>G_H,A>G,F,0,0,0,364,0.0
Ovis_ammon,Cytb,A_H>G_H,A>G,G,0,21,21,364,0.057692307692307696
Ovis_ammon,Cytb,A_H>G_H,A>G,H,12,0,-12,364,-0.03296703296703297
Ovis_ammon,Cytb,A_H>G_H,A>G,I,43,0,-43,364,-0.11813186813186813
Ovis_ammon,Cytb,A_H>G_H,A>G,K,18,0,-18,364,-0.04945054945054945
Ovis_ammon,Cytb,A_H>G_H,A>G,L,0,0,0,364,0.0
Ovis_ammon,Cytb,A_H>G_H,A>G,M,19,0,-19,364,-0.0521978021978022
Ovis_ammon,Cytb,A_H>G_H,A>G,N,36,0,-36,364,-0.0989010989010989
Ovis_ammon,Cytb,A_H>G_H,A>G,P,0,0,0,364,0.0
Ovis_ammon,Cytb,A_H>G_H,A>G,Q,6,0,-6,364,-0.016483516483516484
Ovis_ammon,Cytb,A_H>G_H,A>G,R,0,18,18,364,0.04945054945054945
Ovis_ammon,Cytb,A_H>G_H,A>G,S,3,18,15,364,0.04120879120879121
Ovis_ammon,Cytb,A_H>G_H,A>G,T,28,0,-28,364,-0.07692307692307693
Ovis_ammon,Cytb,A_H>G_H,A>G,V,0,62,62,364,0.17032967032967034
Ovis_ammon,Cytb,A_H>G_H,A>G,W,0,0,0,364,0.0
Ovis_ammon,Cytb,A_H>G_H,A>G,Y,15,0,-15,364,-0.04120879120879121
Ovis_ammon,Cytb,C_H>T_H,C>T,A,23,0,-23,332,-0.06927710843373494
Ovis_ammon,Cytb,C_H>T_H,C>T,C,0,0,0,332,0.0
Ovis_ammon,Cytb,C_H>T_H,C>T,D,0,0,0,332,0.0
Ovis_ammon,Cytb,C_H>T_H,C>T,E,0,0,0,332,0.0
Ovis_ammon,Cytb,C_H>T_H,C>T,F,0,25,25,332,0.07530120481927711
Ovis_ammon,Cytb,C_H>T_H,C>T,G,0,0,0,332,0.0
Ovis_ammon,Cytb,C_H>T_H,C>T,H,12,0,-12,332,-0.03614457831325301
Ovis_ammon,Cytb,C_H>T_H,C>T,I,0,11,11,332,0.03313253012048193
Ovis_ammon,Cytb,C_H>T_H,C>T,K,0,0,0,332,0.0
Ovis_ammon,Cytb,C_H>T_H,C>T,L,20,36,16,332,0.04819277108433735
Ovis_ammon,Cytb,C_H>T_H,C>T,M,0,17,17,332,0.05120481927710843
Ovis_ammon,Cytb,C_H>T_H,C>T,N,0,0,0,332,0.0
Ovis_ammon,Cytb,C_H>T_H,C>T,P,48,0,-48,332,-0.14457831325301204
Ovis_ammon,Cytb,C_H>T_H,C>T,Q,6,0,-6,332,-0.018072289156626505
Ovis_ammon,Cytb,C_H>T_H,C>T,R,8,0,-8,332,-0.024096385542168676
Ovis_ammon,Cytb,C_H>T_H,C>T,S,17,24,7,332,0.02108433734939759
Ovis_ammon,Cytb,C_H>T_H,C>T,T,28,0,-28,332,-0.08433734939759036
Ovis_ammon,Cytb,C_H>T_H,C>T,V,0,23,23,332,0.06927710843373494
Ovis_ammon,Cytb,C_H>T_H,C>T,W,0,8,8,332,0.024096385542168676
Ovis_ammon,Cytb,C_H>T_H,C>T,Y,0,12,12,332,0.03614457831325301
Ovis_aries,CO1,A_H>G_H,A>G,A,0,38,38,450,0.08444444444444445
Ovis_aries,CO1,A_H>G_H,A>G,C,0,19,19,450,0.042222222222222223
Ovis_aries,CO1,A_H>G_H,A>G,D,16,19,3,450,0.006666666666666667
Ovis_aries,CO1,A_H>G_H,A>G,E,9,9,0,450,0.0
Ovis_aries,CO1,A_H>G_H,A>G,F,0,0,0,450,0.0
Ovis_aries,CO1,A_H>G_H,A>G,G,0,28,28,450,0.06222222222222222
Ovis_aries,CO1,A_H>G_H,A>G,H,17,0,-17,450,-0.03777777777777778
Ovis_aries,CO1,A_H>G_H,A>G,I,39,0,-39,450,-0.08666666666666667
Ovis_aries,CO1,A_H>G_H,A>G,K,18,0,-18,450,-0.04
Ovis_aries,CO1,A_H>G_H,A>G,L,0,0,0,450,0.0
Ovis_aries,CO1,A_H>G_H,A>G,M,33,0,-33,450,-0.07333333333333333
Ovis_aries,CO1,A_H>G_H,A>G,N,38,0,-38,450,-0.08444444444444445
Ovis_aries,CO1,A_H>G_H,A>G,P,0,0,0,450,0.0
Ovis_aries,CO1,A_H>G_H,A>G,Q,6,0,-6,450,-0.013333333333333334
Ovis_aries,CO1,A_H>G_H,A>G,R,0,23,23,450,0.051111111111111114
Ovis_aries,CO1,A_H>G_H,A>G,S,3,19,16,450,0.035555555555555556
Ovis_aries,CO1,A_H>G_H,A>G,T,38,0,-38,450,-0.08444444444444445
Ovis_aries,CO1,A_H>G_H,A>G,V,0,72,72,450,0.16
Ovis_aries,CO1,A_H>G_H,A>G,W,0,1,1,450,0.0022222222222222222
Ovis_aries,CO1,A_H>G_H,A>G,Y,19,0,-19,450,-0.042222222222222223
Ovis_aries,CO1,C_H>T_H,C>T,A,40,0,-40,376,-0.10638297872340426
Ovis_aries,CO1,C_H>T_H,C>T,C,0,2,2,376,0.005319148936170213
Ovis_aries,CO1,C_H>T_H,C>T,D,0,0,0,376,0.0
Ovis_aries,CO1,C_H>T_H,C>T,E,0,0,0,376,0.0
Ovis_aries,CO1,C_H>T_H,C>T,F,0,31,31,376,0.08244680851063829
Ovis_aries,CO1,C_H>T_H,C>T,G,0,0,0,376,0.0
Ovis_aries,CO1,C_H>T_H,C>T,H,17,0,-17,376,-0.04521276595744681
Ovis_aries,CO1,C_H>T_H,C>T,I,0,19,19,376,0.05053191489361702
Ovis_aries,CO1,C_H>T_H,C>T,K,0,0,0,376,0.0
Ovis_aries,CO1,C_H>T_H,C>T,L,17,41,24,376,0.06382978723404255
Ovis_aries,CO1,C_H>T_H,C>T,M,0,19,19,376,0.05053191489361702
Ovis_aries,CO1,C_H>T_H,C>T,N,0,0,0,376,0.0
Ovis_aries,CO1,C_H>T_H,C>T,P,56,0,-56,376,-0.14893617021276595
Ovis_aries,CO1,C_H>T_H,C>T,Q,6,0,-6,376,-0.015957446808510637
Ovis_aries,CO1,C_H>T_H,C>T,R,8,0,-8,376,-0.02127659574468085
Ovis_aries,CO1,C_H>T_H,C>T,S,27,28,1,376,0.0026595744680851063
Ovis_aries,CO1,C_H>T_H,C>T,T,38,0,-38,376,-0.10106382978723404
Ovis_aries,CO1,C_H>T_H,C>T,V,0,40,40,376,0.10638297872340426
Ovis_aries,CO1,C_H>T_H,C>T,W,0,6,6,376,0.015957446808510637
Ovis_aries,CO1,C_H>T_H,C>T,Y,0,17,17,376,0.04521276595744681
Ovis_aries,CO3,A_H>G_H,A>G,A,0,23,23,204,0.11274509803921569
Ovis_aries,CO3,A_H>G_H,A>G,C,0,12,12,204,0.058823529411764705
Ovis_aries,CO3,A_H>G_H,A>G,D,3,6,3,204,0.014705882352941176
Ovis_aries,CO3,A_H>G_H,A>G,E,8,2,-6,204,-0.029411764705882353
Ovis_aries,CO3,A_H>G_H,A>G,F,0,0,0,204,0.0
Ovis_aries,CO3,A_H>G_H,A>G,G,0,16,16,204,0.0784313725490196
Ovis_aries,CO3,A_H>G_H,A>G,H,17,0,-17,204,-0.08333333333333333
Ovis_aries,CO3,A_H>G_H,A>G,I,14,0,-14,204,-0.06862745098039216
Ovis_aries,CO3,A_H>G_H,A>G,K,4,0,-4,204,-0.0196078431372549
Ovis_aries,CO3,A_H>G_H,A>G,L,0,0,0,204,0.0
Ovis_aries,CO3,A_H>G_H,A>G,M,10,0,-10,204,-0.049019607843137254
Ovis_aries,CO3,A_H>G_H,A>G,N,12,0,-12,204,-0.058823529411764705
Ovis_aries,CO3,A_H>G_H,A>G,P,0,0,0,204,0.0
Ovis_aries,CO3,A_H>G_H,A>G,Q,7,0,-7,204,-0.03431372549019608
Ovis_aries,CO3,A_H>G_H,A>G,R,0,24,24,204,0.11764705882352941
Ovis_aries,CO3,A_H>G_H,A>G,S,5,6,1,204,0.004901960784313725
Ovis_aries,CO3,A_H>G_H,A>G,T,23,0,-23,204,-0.11274509803921569
Ovis_aries,CO3,A_H>G_H,A>G,V,0,24,24,204,0.11764705882352941
Ovis_aries,CO3,A_H>G_H,A>G,W,0,0,0,204,0.0
Ovis_aries,CO3,A_H>G_H,A>G,Y,12,0,-12,204,-0.058823529411764705
Ovis_aries,CO3,C_H>T_H,C>T,A,17,0,-17,233,-0.07296137339055794
Ovis_aries,CO3,C_H>T_H,C>T,C,0,3,3,233,0.012875536480686695
Ovis_aries,CO3,C_H>T_H,C>T,D,0,0,0,233,0.0
Ovis_aries,CO3,C_H>T_H,C>T,E,0,0,0,233,0.0
Ovis_aries,CO3,C_H>T_H,C>T,F,0,22,22,233,0.0944206008583691
Ovis_aries,CO3,C_H>T_H,C>T,G,0,0,0,233,0.0
Ovis_aries,CO3,C_H>T_H,C>T,H,17,0,-17,233,-0.07296137339055794
Ovis_aries,CO3,C_H>T_H,C>T,I,0,11,11,233,0.04721030042918455
Ovis_aries,CO3,C_H>T_H,C>T,K,0,0,0,233,0.0
Ovis_aries,CO3,C_H>T_H,C>T,L,14,19,5,233,0.02145922746781116
Ovis_aries,CO3,C_H>T_H,C>T,M,0,12,12,233,0.05150214592274678
Ovis_aries,CO3,C_H>T_H,C>T,N,0,0,0,233,0.0
Ovis_aries,CO3,C_H>T_H,C>T,P,24,0,-24,233,-0.10300429184549356
Ovis_aries,CO3,C_H>T_H,C>T,Q,7,0,-7,233,-0.030042918454935622
Ovis_aries,CO3,C_H>T_H,C>T,R,5,0,-5,233,-0.02145922746781116
Ovis_aries,CO3,C_H>T_H,C>T,S,15,12,-3,233,-0.012875536480686695
Ovis_aries,CO3,C_H>T_H,C>T,T,23,0,-23,233,-0.09871244635193133
Ovis_aries,CO3,C_H>T_H,C>T,V,0,17,17,233,0.07296137339055794
Ovis_aries,CO3,C_H>T_H,C>T,W,0,2,2,233,0.008583690987124463
Ovis_aries,CO3,C_H>T_H,C>T,Y,0,17,17,233,0.07296137339055794
Ovis_aries,Cytb,A_H>G_H,A>G,A,0,26,26,358,0.07262569832402235
Ovis_aries,Cytb,A_H>G_H,A>G,C,0,15,15,358,0.04189944134078212
Ovis_aries,Cytb,A_H>G_H,A>G,D,11,18,7,358,0.019553072625698324
Ovis_aries,Cytb,A_H>G_H,A>G,E,6,9,3,358,0.008379888268156424
Ovis_aries,Cytb,A_H>G_H,A>G,F,0,0,0,358,0.0
Ovis_aries,Cytb,A_H>G_H,A>G,G,0,21,21,358,0.05865921787709497
Ovis_aries,Cytb,A_H>G_H,A>G,H,12,0,-12,358,-0.0335195530726257
Ovis_aries,Cytb,A_H>G_H,A>G,I,45,0,-45,358,-0.12569832402234637
Ovis_aries,Cytb,A_H>G_H,A>G,K,18,0,-18,358,-0.05027932960893855
Ovis_aries,Cytb,A_H>G_H,A>G,L,0,0,0,358,0.0
Ovis_aries,Cytb,A_H>G_H,A>G,M,18,0,-18,358,-0.05027932960893855
Ovis_aries,Cytb,A_H>G_H,A>G,N,36,0,-36,358,-0.1005586592178771
Ovis_aries,Cytb,A_H>G_H,A>G,P,0,0,0,358,0.0
Ovis_aries,Cytb,A_H>G_H,A>G,Q,6,0,-6,358,-0.01675977653631285
Ovis_aries,Cytb,A_H>G_H,A>G,R,0,18,18,358,0.05027932960893855
Ovis_aries,Cytb,A_H>G_H,A>G,S,3,18,15,358,0.04189944134078212
Ovis_aries,Cytb,A_H>G_H,A>G,T,26,0,-26,358,-0.07262569832402235
Ovis_aries,Cytb,A_H>G_H,A>G,V,0,63,63,358,0.17597765363128492
Ovis_aries,Cytb,A_H>G_H,A>G,W,0,0,0,358,0.0
Ovis_aries,Cytb,A_H>G_H,A>G,Y,15,0,-15,358,-0.04189944134078212
Ovis_aries,Cytb,C_H>T_H,C>T,A,24,0,-24,324,-0.07407407407407407
Ovis_aries,Cytb,C_H>T_H,C>T,C,0,0,0,324,0.0
Ovis_aries,Cytb,C_H>T_H,C>T,D,0,0,0,324,0.0
Ovis_aries,Cytb,C_H>T_H,C>T,E,0,0,0,324,0.0
Ovis_aries,Cytb,C_H>T_H,C>T,F,0,25,25,324,0.07716049382716049
Ovis_aries,Cytb,C_H>T_H,C>T,G,0,0,0,324,0.0
Ovis_aries,Cytb,C_H>T_H,C>T,H,12,0,-12,324,-0.037037037037037035
Ovis_aries,Cytb,C_H>T_H,C>T,I,0,9,9,324,0.027777777777777776
Ovis_aries,Cytb,C_H>T_H,C>T,K,0,0,0,324,0.0
Ovis_aries,Cytb,C_H>T_H,C>T,L,20,36,16,324,0.04938271604938271
Ovis_aries,Cytb,C_H>T_H,C>T,M,0,17,17,324,0.05246913580246913
Ovis_aries,Cytb,C_H>T_H,C>T,N,0,0,0,324,0.0
Ovis_aries,Cytb,C_H>T_H,C>T,P,48,0,-48,324,-0.14814814814814814
Ovis_aries,Cytb,C_H>T_H,C>T,Q,6,0,-6,324,-0.018518518518518517
Ovis_aries,Cytb,C_H>T_H,C>T,R,8,0,-8,324,-0.024691358024691357
Ovis_aries,Cytb,C_H>T_H,C>T,S,17,24,7,324,0.021604938271604937
Ovis_aries,Cytb,C_H>T_H,C>T,T,26,0,-26,324,-0.08024691358024691
Ovis_aries,Cytb,C_H>T_H,C>T,V,0,24,24,324,0.07407407407407407
Ovis_aries,Cytb,C_H>T_H,C>T,W,0,8,8,324,0.024691358024691357
Ovis_aries,Cytb,C_H>T_H,C>T,Y,0,12,12,324,0.037037037037037035
Pan_troglodytes,CO1,A_H>G_H,A>G,A,0,34,34,413,0.08232445520581114
Pan_troglodytes,CO1,A_H>G_H,A>G,C,0,22,22,413,0.053268765133171914
Pan_troglodytes,CO1,A_H>G_H,A>G,D,15,17,2,413,0.004842615012106538
Pan_troglodytes,CO1,A_H>G_H,A>G,E,10,10,0,413,0.0
Pan_troglodytes,CO1,A_H>G_H,A>G,F,0,0,0,413,0.0
Pan_troglodytes,CO1,A_H>G_H,A>G,G,0,30,30,413,0.07263922518159806
Pan_troglodytes,CO1,A_H>G_H,A>G,H,17,0,-17,413,-0.04116222760290557
Pan_troglodytes,CO1,A_H>G_H,A>G,I,38,0,-38,413,-0.09200968523002422
Pan_troglodytes,CO1,A_H>G_H,A>G,K,20,0,-20,413,-0.048426150121065374
Pan_troglodytes,CO1,A_H>G_H,A>G,L,0,0,0,413,0.0
Pan_troglodytes,CO1,A_H>G_H,A>G,M,31,0,-31,413,-0.07506053268765134
Pan_troglodytes,CO1,A_H>G_H,A>G,N,34,0,-34,413,-0.08232445520581114
Pan_troglodytes,CO1,A_H>G_H,A>G,P,0,0,0,413,0.0
Pan_troglodytes,CO1,A_H>G_H,A>G,Q,7,0,-7,413,-0.01694915254237288
Pan_troglodytes,CO1,A_H>G_H,A>G,R,0,24,24,413,0.05811138014527845
Pan_troglodytes,CO1,A_H>G_H,A>G,S,4,17,13,413,0.031476997578692496
Pan_troglodytes,CO1,A_H>G_H,A>G,T,34,0,-34,413,-0.08232445520581114
Pan_troglodytes,CO1,A_H>G_H,A>G,V,0,69,69,413,0.16707021791767554
Pan_troglodytes,CO1,A_H>G_H,A>G,W,0,0,0,413,0.0
Pan_troglodytes,CO1,A_H>G_H,A>G,Y,22,0,-22,413,-0.053268765133171914
Pan_troglodytes,CO1,C_H>T_H,C>T,A,41,0,-41,453,-0.09050772626931568
Pan_troglodytes,CO1,C_H>T_H,C>T,C,0,4,4,453,0.008830022075055188
Pan_troglodytes,CO1,C_H>T_H,C>T,D,0,0,0,453,0.0
Pan_troglodytes,CO1,C_H>T_H,C>T,E,0,0,0,453,0.0
Pan_troglodytes,CO1,C_H>T_H,C>T,F,0,36,36,453,0.07947019867549669
Pan_troglodytes,CO1,C_H>T_H,C>T,G,0,0,0,453,0.0
Pan_troglodytes,CO1,C_H>T_H,C>T,H,17,0,-17,453,-0.037527593818984545
Pan_troglodytes,CO1,C_H>T_H,C>T,I,0,17,17,453,0.037527593818984545
Pan_troglodytes,CO1,C_H>T_H,C>T,K,0,0,0,453,0.0
Pan_troglodytes,CO1,C_H>T_H,C>T,L,18,39,21,453,0.046357615894039736
Pan_troglodytes,CO1,C_H>T_H,C>T,M,0,17,17,453,0.037527593818984545
Pan_troglodytes,CO1,C_H>T_H,C>T,N,0,0,0,453,0.0
Pan_troglodytes,CO1,C_H>T_H,C>T,P,58,0,-58,453,-0.1280353200883002
Pan_troglodytes,CO1,C_H>T_H,C>T,Q,7,0,-7,453,-0.01545253863134658
Pan_troglodytes,CO1,C_H>T_H,C>T,R,8,0,-8,453,-0.017660044150110375
Pan_troglodytes,CO1,C_H>T_H,C>T,S,28,29,1,453,0.002207505518763797
Pan_troglodytes,CO1,C_H>T_H,C>T,T,34,0,-34,453,-0.07505518763796909
Pan_troglodytes,CO1,C_H>T_H,C>T,V,0,41,41,453,0.09050772626931568
Pan_troglodytes,CO1,C_H>T_H,C>T,W,0,4,4,453,0.008830022075055188
Pan_troglodytes,CO1,C_H>T_H,C>T,Y,0,17,17,453,0.037527593818984545
Pan_troglodytes,CO3,A_H>G_H,A>G,A,0,25,25,217,0.1152073732718894
Pan_troglodytes,CO3,A_H>G_H,A>G,C,0,12,12,217,0.055299539170506916
Pan_troglodytes,CO3,A_H>G_H,A>G,D,3,6,3,217,0.013824884792626729
Pan_troglodytes,CO3,A_H>G_H,A>G,E,6,3,-3,217,-0.013824884792626729
Pan_troglodytes,CO3,A_H>G_H,A>G,F,0,0,0,217,0.0
Pan_troglodytes,CO3,A_H>G_H,A>G,G,0,12,12,217,0.055299539170506916
Pan_troglodytes,CO3,A_H>G_H,A>G,H,16,0,-16,217,-0.07373271889400922
Pan_troglodytes,CO3,A_H>G_H,A>G,I,14,0,-14,217,-0.06451612903225806
Pan_troglodytes,CO3,A_H>G_H,A>G,K,6,0,-6,217,-0.027649769585253458
Pan_troglodytes,CO3,A_H>G_H,A>G,L,0,0,0,217,0.0
Pan_troglodytes,CO3,A_H>G_H,A>G,M,10,0,-10,217,-0.04608294930875576
Pan_troglodytes,CO3,A_H>G_H,A>G,N,12,0,-12,217,-0.055299539170506916
Pan_troglodytes,CO3,A_H>G_H,A>G,P,0,0,0,217,0.0
Pan_troglodytes,CO3,A_H>G_H,A>G,Q,10,0,-10,217,-0.04608294930875576
Pan_troglodytes,CO3,A_H>G_H,A>G,R,0,26,26,217,0.11981566820276497
Pan_troglodytes,CO3,A_H>G_H,A>G,S,3,6,3,217,0.013824884792626729
Pan_troglodytes,CO3,A_H>G_H,A>G,T,25,0,-25,217,-0.1152073732718894
Pan_troglodytes,CO3,A_H>G_H,A>G,V,0,24,24,217,0.11059907834101383
Pan_troglodytes,CO3,A_H>G_H,A>G,W,0,0,0,217,0.0
Pan_troglodytes,CO3,A_H>G_H,A>G,Y,12,0,-12,217,-0.055299539170506916
Pan_troglodytes,CO3,C_H>T_H,C>T,A,15,0,-15,243,-0.06172839506172839
Pan_troglodytes,CO3,C_H>T_H,C>T,C,0,2,2,243,0.00823045267489712
Pan_troglodytes,CO3,C_H>T_H,C>T,D,0,0,0,243,0.0
Pan_troglodytes,CO3,C_H>T_H,C>T,E,0,0,0,243,0.0
Pan_troglodytes,CO3,C_H>T_H,C>T,F,0,22,22,243,0.09053497942386832
Pan_troglodytes,CO3,C_H>T_H,C>T,G,0,0,0,243,0.0
Pan_troglodytes,CO3,C_H>T_H,C>T,H,16,0,-16,243,-0.06584362139917696
Pan_troglodytes,CO3,C_H>T_H,C>T,I,0,12,12,243,0.04938271604938271
Pan_troglodytes,CO3,C_H>T_H,C>T,K,0,0,0,243,0.0
Pan_troglodytes,CO3,C_H>T_H,C>T,L,13,21,8,243,0.03292181069958848
Pan_troglodytes,CO3,C_H>T_H,C>T,M,0,13,13,243,0.053497942386831275
Pan_troglodytes,CO3,C_H>T_H,C>T,N,0,0,0,243,0.0
Pan_troglodytes,CO3,C_H>T_H,C>T,P,26,0,-26,243,-0.10699588477366255
Pan_troglodytes,CO3,C_H>T_H,C>T,Q,10,0,-10,243,-0.0411522633744856
Pan_troglodytes,CO3,C_H>T_H,C>T,R,5,0,-5,243,-0.0205761316872428
Pan_troglodytes,CO3,C_H>T_H,C>T,S,17,13,-4,243,-0.01646090534979424
Pan_troglodytes,CO3,C_H>T_H,C>T,T,25,0,-25,243,-0.102880658436214
Pan_troglodytes,CO3,C_H>T_H,C>T,V,0,15,15,243,0.06172839506172839
Pan_troglodytes,CO3,C_H>T_H,C>T,W,0,3,3,243,0.012345679012345678
Pan_troglodytes,CO3,C_H>T_H,C>T,Y,0,16,16,243,0.06584362139917696
Pan_troglodytes,Cytb,A_H>G_H,A>G,A,0,37,37,330,0.11212121212121212
Pan_troglodytes,Cytb,A_H>G_H,A>G,C,0,17,17,330,0.051515151515151514
Pan_troglodytes,Cytb,A_H>G_H,A>G,D,10,15,5,330,0.015151515151515152
Pan_troglodytes,Cytb,A_H>G_H,A>G,E,5,8,3,330,0.00909090909090909
Pan_troglodytes,Cytb,A_H>G_H,A>G,F,0,0,0,330,0.0
Pan_troglodytes,Cytb,A_H>G_H,A>G,G,0,19,19,330,0.05757575757575758
Pan_troglodytes,Cytb,A_H>G_H,A>G,H,12,0,-12,330,-0.03636363636363636
Pan_troglodytes,Cytb,A_H>G_H,A>G,I,40,0,-40,330,-0.12121212121212122
Pan_troglodytes,Cytb,A_H>G_H,A>G,K,16,0,-16,330,-0.048484848484848485
Pan_troglodytes,Cytb,A_H>G_H,A>G,L,0,0,0,330,0.0
Pan_troglodytes,Cytb,A_H>G_H,A>G,M,13,0,-13,330,-0.03939393939393939
Pan_troglodytes,Cytb,A_H>G_H,A>G,N,30,0,-30,330,-0.09090909090909091
Pan_troglodytes,Cytb,A_H>G_H,A>G,P,0,0,0,330,0.0
Pan_troglodytes,Cytb,A_H>G_H,A>G,Q,8,0,-8,330,-0.024242424242424242
Pan_troglodytes,Cytb,A_H>G_H,A>G,R,0,20,20,330,0.06060606060606061
Pan_troglodytes,Cytb,A_H>G_H,A>G,S,4,15,11,330,0.03333333333333333
Pan_troglodytes,Cytb,A_H>G_H,A>G,T,37,0,-37,330,-0.11212121212121212
Pan_troglodytes,Cytb,A_H>G_H,A>G,V,0,53,53,330,0.1606060606060606
Pan_troglodytes,Cytb,A_H>G_H,A>G,W,0,0,0,330,0.0
Pan_troglodytes,Cytb,A_H>G_H,A>G,Y,17,0,-17,330,-0.051515151515151514
Pan_troglodytes,Cytb,C_H>T_H,C>T,A,20,0,-20,391,-0.05115089514066496
Pan_troglodytes,Cytb,C_H>T_H,C>T,C,0,3,3,391,0.0076726342710997444
Pan_troglodytes,Cytb,C_H>T_H,C>T,D,0,0,0,391,0.0
Pan_troglodytes,Cytb,C_H>T_H,C>T,E,0,0,0,391,0.0
Pan_troglodytes,Cytb,C_H>T_H,C>T,F,0,37,37,391,0.09462915601023018
Pan_troglodytes,Cytb,C_H>T_H,C>T,G,0,0,0,391,0.0
Pan_troglodytes,Cytb,C_H>T_H,C>T,H,12,0,-12,391,-0.030690537084398978
Pan_troglodytes,Cytb,C_H>T_H,C>T,I,0,16,16,391,0.04092071611253197
Pan_troglodytes,Cytb,C_H>T_H,C>T,K,0,0,0,391,0.0
Pan_troglodytes,Cytb,C_H>T_H,C>T,L,26,34,8,391,0.020460358056265986
Pan_troglodytes,Cytb,C_H>T_H,C>T,M,0,21,21,391,0.05370843989769821
Pan_troglodytes,Cytb,C_H>T_H,C>T,N,0,0,0,391,0.0
Pan_troglodytes,Cytb,C_H>T_H,C>T,P,46,0,-46,391,-0.11764705882352941
Pan_troglodytes,Cytb,C_H>T_H,C>T,Q,8,0,-8,391,-0.020460358056265986
Pan_troglodytes,Cytb,C_H>T_H,C>T,R,7,0,-7,391,-0.017902813299232736
Pan_troglodytes,Cytb,C_H>T_H,C>T,S,22,23,1,391,0.0025575447570332483
Pan_troglodytes,Cytb,C_H>T_H,C>T,T,37,0,-37,391,-0.09462915601023018
Pan_troglodytes,Cytb,C_H>T_H,C>T,V,0,20,20,391,0.05115089514066496
Pan_troglodytes,Cytb,C_H>T_H,C>T,W,0,4,4,391,0.010230179028132993
Pan_troglodytes,Cytb,C_H>T_H,C>T,Y,0,12,12,391,0.030690537084398978
Papio_anubis,CO1,A_H>G_H,A>G,A,0,37,37,405,0.09135802469135802
Papio_anubis,CO1,A_H>G_H,A>G,C,0,18,18,405,0.044444444444444446
Papio_anubis,CO1,A_H>G_H,A>G,D,14,18,4,405,0.009876543209876543
Papio_anubis,CO1,A_H>G_H,A>G,E,10,11,1,405,0.0024691358024691358
Papio_anubis,CO1,A_H>G_H,A>G,F,0,0,0,405,0.0
Papio_anubis,CO1,A_H>G_H,A>G,G,0,30,30,405,0.07407407407407407
Papio_anubis,CO1,A_H>G_H,A>G,H,21,0,-21,405,-0.05185185185185185
Papio_anubis,CO1,A_H>G_H,A>G,I,44,0,-44,405,-0.10864197530864197
Papio_anubis,CO1,A_H>G_H,A>G,K,22,0,-22,405,-0.05432098765432099
Papio_anubis,CO1,A_H>G_H,A>G,L,0,0,0,405,0.0
Papio_anubis,CO1,A_H>G_H,A>G,M,29,0,-29,405,-0.07160493827160494
Papio_anubis,CO1,A_H>G_H,A>G,N,36,0,-36,405,-0.08888888888888889
Papio_anubis,CO1,A_H>G_H,A>G,P,0,0,0,405,0.0
Papio_anubis,CO1,A_H>G_H,A>G,Q,6,0,-6,405,-0.014814814814814815
Papio_anubis,CO1,A_H>G_H,A>G,R,0,27,27,405,0.06666666666666667
Papio_anubis,CO1,A_H>G_H,A>G,S,6,18,12,405,0.02962962962962963
Papio_anubis,CO1,A_H>G_H,A>G,T,37,0,-37,405,-0.09135802469135802
Papio_anubis,CO1,A_H>G_H,A>G,V,0,73,73,405,0.18024691358024691
Papio_anubis,CO1,A_H>G_H,A>G,W,0,1,1,405,0.0024691358024691358
Papio_anubis,CO1,A_H>G_H,A>G,Y,18,0,-18,405,-0.044444444444444446
Papio_anubis,CO1,C_H>T_H,C>T,A,38,0,-38,441,-0.08616780045351474
Papio_anubis,CO1,C_H>T_H,C>T,C,0,5,5,441,0.011337868480725623
Papio_anubis,CO1,C_H>T_H,C>T,D,0,0,0,441,0.0
Papio_anubis,CO1,C_H>T_H,C>T,E,0,0,0,441,0.0
Papio_anubis,CO1,C_H>T_H,C>T,F,0,34,34,441,0.07709750566893424
Papio_anubis,CO1,C_H>T_H,C>T,G,0,0,0,441,0.0
Papio_anubis,CO1,C_H>T_H,C>T,H,21,0,-21,441,-0.047619047619047616
Papio_anubis,CO1,C_H>T_H,C>T,I,0,19,19,441,0.04308390022675737
Papio_anubis,CO1,C_H>T_H,C>T,K,0,0,0,441,0.0
Papio_anubis,CO1,C_H>T_H,C>T,L,17,43,26,441,0.05895691609977324
Papio_anubis,CO1,C_H>T_H,C>T,M,0,18,18,441,0.04081632653061224
Papio_anubis,CO1,C_H>T_H,C>T,N,0,0,0,441,0.0
Papio_anubis,CO1,C_H>T_H,C>T,P,62,0,-62,441,-0.14058956916099774
Papio_anubis,CO1,C_H>T_H,C>T,Q,6,0,-6,441,-0.013605442176870748
Papio_anubis,CO1,C_H>T_H,C>T,R,9,0,-9,441,-0.02040816326530612
Papio_anubis,CO1,C_H>T_H,C>T,S,29,31,2,441,0.0045351473922902496
Papio_anubis,CO1,C_H>T_H,C>T,T,37,0,-37,441,-0.08390022675736962
Papio_anubis,CO1,C_H>T_H,C>T,V,0,38,38,441,0.08616780045351474
Papio_anubis,CO1,C_H>T_H,C>T,W,0,4,4,441,0.009070294784580499
Papio_anubis,CO1,C_H>T_H,C>T,Y,0,21,21,441,0.047619047619047616
Papio_anubis,CO3,A_H>G_H,A>G,A,0,26,26,208,0.125
Papio_anubis,CO3,A_H>G_H,A>G,C,0,13,13,208,0.0625
Papio_anubis,CO3,A_H>G_H,A>G,D,4,5,1,208,0.004807692307692308
Papio_anubis,CO3,A_H>G_H,A>G,E,6,3,-3,208,-0.014423076923076924
Papio_anubis,CO3,A_H>G_H,A>G,F,0,0,0,208,0.0
Papio_anubis,CO3,A_H>G_H,A>G,G,0,14,14,208,0.0673076923076923
Papio_anubis,CO3,A_H>G_H,A>G,H,16,0,-16,208,-0.07692307692307693
Papio_anubis,CO3,A_H>G_H,A>G,I,18,0,-18,208,-0.08653846153846154
Papio_anubis,CO3,A_H>G_H,A>G,K,6,0,-6,208,-0.028846153846153848
Papio_anubis,CO3,A_H>G_H,A>G,L,0,0,0,208,0.0
Papio_anubis,CO3,A_H>G_H,A>G,M,7,0,-7,208,-0.03365384615384615
Papio_anubis,CO3,A_H>G_H,A>G,N,10,0,-10,208,-0.04807692307692308
Papio_anubis,CO3,A_H>G_H,A>G,P,0,0,0,208,0.0
Papio_anubis,CO3,A_H>G_H,A>G,Q,8,0,-8,208,-0.038461538461538464
Papio_anubis,CO3,A_H>G_H,A>G,R,0,24,24,208,0.11538461538461539
Papio_anubis,CO3,A_H>G_H,A>G,S,4,5,1,208,0.004807692307692308
Papio_anubis,CO3,A_H>G_H,A>G,T,26,0,-26,208,-0.125
Papio_anubis,CO3,A_H>G_H,A>G,V,0,25,25,208,0.1201923076923077
Papio_anubis,CO3,A_H>G_H,A>G,W,0,0,0,208,0.0
Papio_anubis,CO3,A_H>G_H,A>G,Y,13,0,-13,208,-0.0625
Papio_anubis,CO3,C_H>T_H,C>T,A,15,0,-15,245,-0.061224489795918366
Papio_anubis,CO3,C_H>T_H,C>T,C,0,3,3,245,0.012244897959183673
Papio_anubis,CO3,C_H>T_H,C>T,D,0,0,0,245,0.0
Papio_anubis,CO3,C_H>T_H,C>T,E,0,0,0,245,0.0
Papio_anubis,CO3,C_H>T_H,C>T,F,0,19,19,245,0.07755102040816327
Papio_anubis,CO3,C_H>T_H,C>T,G,0,0,0,245,0.0
Papio_anubis,CO3,C_H>T_H,C>T,H,16,0,-16,245,-0.0653061224489796
Papio_anubis,CO3,C_H>T_H,C>T,I,0,12,12,245,0.04897959183673469
Papio_anubis,CO3,C_H>T_H,C>T,K,0,0,0,245,0.0
Papio_anubis,CO3,C_H>T_H,C>T,L,12,19,7,245,0.02857142857142857
Papio_anubis,CO3,C_H>T_H,C>T,M,0,14,14,245,0.05714285714285714
Papio_anubis,CO3,C_H>T_H,C>T,N,0,0,0,245,0.0
Papio_anubis,CO3,C_H>T_H,C>T,P,26,0,-26,245,-0.10612244897959183
Papio_anubis,CO3,C_H>T_H,C>T,Q,8,0,-8,245,-0.0326530612244898
Papio_anubis,CO3,C_H>T_H,C>T,R,6,0,-6,245,-0.024489795918367346
Papio_anubis,CO3,C_H>T_H,C>T,S,13,13,0,245,0.0
Papio_anubis,CO3,C_H>T_H,C>T,T,26,0,-26,245,-0.10612244897959183
Papio_anubis,CO3,C_H>T_H,C>T,V,0,15,15,245,0.061224489795918366
Papio_anubis,CO3,C_H>T_H,C>T,W,0,3,3,245,0.012244897959183673
Papio_anubis,CO3,C_H>T_H,C>T,Y,0,16,16,245,0.0653061224489796
Papio_anubis,Cytb,A_H>G_H,A>G,A,0,34,34,339,0.10029498525073746
Papio_anubis,Cytb,A_H>G_H,A>G,C,0,14,14,339,0.04129793510324484
Papio_anubis,Cytb,A_H>G_H,A>G,D,10,19,9,339,0.02654867256637168
Papio_anubis,Cytb,A_H>G_H,A>G,E,3,10,7,339,0.02064896755162242
Papio_anubis,Cytb,A_H>G_H,A>G,F,0,0,0,339,0.0
Papio_anubis,Cytb,A_H>G_H,A>G,G,0,16,16,339,0.0471976401179941
Papio_anubis,Cytb,A_H>G_H,A>G,H,11,0,-11,339,-0.032448377581120944
Papio_anubis,Cytb,A_H>G_H,A>G,I,31,0,-31,339,-0.09144542772861357
Papio_anubis,Cytb,A_H>G_H,A>G,K,20,0,-20,339,-0.058997050147492625
Papio_anubis,Cytb,A_H>G_H,A>G,L,0,0,0,339,0.0
Papio_anubis,Cytb,A_H>G_H,A>G,M,20,0,-20,339,-0.058997050147492625
Papio_anubis,Cytb,A_H>G_H,A>G,N,38,0,-38,339,-0.11209439528023599
Papio_anubis,Cytb,A_H>G_H,A>G,P,0,0,0,339,0.0
Papio_anubis,Cytb,A_H>G_H,A>G,Q,10,0,-10,339,-0.029498525073746312
Papio_anubis,Cytb,A_H>G_H,A>G,R,0,21,21,339,0.061946902654867256
Papio_anubis,Cytb,A_H>G_H,A>G,S,3,19,16,339,0.0471976401179941
Papio_anubis,Cytb,A_H>G_H,A>G,T,34,0,-34,339,-0.10029498525073746
Papio_anubis,Cytb,A_H>G_H,A>G,V,0,51,51,339,0.1504424778761062
Papio_anubis,Cytb,A_H>G_H,A>G,W,0,0,0,339,0.0
Papio_anubis,Cytb,A_H>G_H,A>G,Y,14,0,-14,339,-0.04129793510324484
Papio_anubis,Cytb,C_H>T_H,C>T,A,21,0,-21,387,-0.05426356589147287
Papio_anubis,Cytb,C_H>T_H,C>T,C,0,3,3,387,0.007751937984496124
Papio_anubis,Cytb,C_H>T_H,C>T,D,0,0,0,387,0.0
Papio_anubis,Cytb,C_H>T_H,C>T,E,0,0,0,387,0.0
Papio_anubis,Cytb,C_H>T_H,C>T,F,0,37,37,387,0.09560723514211886
Papio_anubis,Cytb,C_H>T_H,C>T,G,0,0,0,387,0.0
Papio_anubis,Cytb,C_H>T_H,C>T,H,11,0,-11,387,-0.028423772609819122
Papio_anubis,Cytb,C_H>T_H,C>T,I,0,22,22,387,0.056847545219638244
Papio_anubis,Cytb,C_H>T_H,C>T,K,0,0,0,387,0.0
Papio_anubis,Cytb,C_H>T_H,C>T,L,25,37,12,387,0.031007751937984496
Papio_anubis,Cytb,C_H>T_H,C>T,M,0,12,12,387,0.031007751937984496
Papio_anubis,Cytb,C_H>T_H,C>T,N,0,0,0,387,0.0
Papio_anubis,Cytb,C_H>T_H,C>T,P,50,0,-50,387,-0.12919896640826872
Papio_anubis,Cytb,C_H>T_H,C>T,Q,10,0,-10,387,-0.025839793281653745
Papio_anubis,Cytb,C_H>T_H,C>T,R,7,0,-7,387,-0.01808785529715762
Papio_anubis,Cytb,C_H>T_H,C>T,S,24,25,1,387,0.002583979328165375
Papio_anubis,Cytb,C_H>T_H,C>T,T,34,0,-34,387,-0.08785529715762273
Papio_anubis,Cytb,C_H>T_H,C>T,V,0,21,21,387,0.05426356589147287
Papio_anubis,Cytb,C_H>T_H,C>T,W,0,4,4,387,0.0103359173126615
Papio_anubis,Cytb,C_H>T_H,C>T,Y,0,11,11,387,0.028423772609819122
Phoca_groenlandica,CO1,A_H>G_H,A>G,A,0,38,38,434,0.08755760368663594
Phoca_groenlandica,CO1,A_H>G_H,A>G,C,0,19,19,434,0.04377880184331797
Phoca_groenlandica,CO1,A_H>G_H,A>G,D,15,17,2,434,0.004608294930875576
Phoca_groenlandica,CO1,A_H>G_H,A>G,E,10,9,-1,434,-0.002304147465437788
Phoca_groenlandica,CO1,A_H>G_H,A>G,F,0,0,0,434,0.0
Phoca_groenlandica,CO1,A_H>G_H,A>G,G,0,28,28,434,0.06451612903225806
Phoca_groenlandica,CO1,A_H>G_H,A>G,H,18,0,-18,434,-0.041474654377880185
Phoca_groenlandica,CO1,A_H>G_H,A>G,I,36,0,-36,434,-0.08294930875576037
Phoca_groenlandica,CO1,A_H>G_H,A>G,K,18,0,-18,434,-0.041474654377880185
Phoca_groenlandica,CO1,A_H>G_H,A>G,L,0,0,0,434,0.0
Phoca_groenlandica,CO1,A_H>G_H,A>G,M,33,0,-33,434,-0.07603686635944701
Phoca_groenlandica,CO1,A_H>G_H,A>G,N,34,0,-34,434,-0.07834101382488479
Phoca_groenlandica,CO1,A_H>G_H,A>G,P,0,0,0,434,0.0
Phoca_groenlandica,CO1,A_H>G_H,A>G,Q,6,0,-6,434,-0.013824884792626729
Phoca_groenlandica,CO1,A_H>G_H,A>G,R,0,24,24,434,0.055299539170506916
Phoca_groenlandica,CO1,A_H>G_H,A>G,S,3,17,14,434,0.03225806451612903
Phoca_groenlandica,CO1,A_H>G_H,A>G,T,38,0,-38,434,-0.08755760368663594
Phoca_groenlandica,CO1,A_H>G_H,A>G,V,0,69,69,434,0.15898617511520738
Phoca_groenlandica,CO1,A_H>G_H,A>G,W,0,1,1,434,0.002304147465437788
Phoca_groenlandica,CO1,A_H>G_H,A>G,Y,19,0,-19,434,-0.04377880184331797
Phoca_groenlandica,CO1,C_H>T_H,C>T,A,42,0,-42,382,-0.1099476439790576
Phoca_groenlandica,CO1,C_H>T_H,C>T,C,0,1,1,382,0.002617801047120419
Phoca_groenlandica,CO1,C_H>T_H,C>T,D,0,0,0,382,0.0
Phoca_groenlandica,CO1,C_H>T_H,C>T,E,0,0,0,382,0.0
Phoca_groenlandica,CO1,C_H>T_H,C>T,F,0,28,28,382,0.07329842931937172
Phoca_groenlandica,CO1,C_H>T_H,C>T,G,0,0,0,382,0.0
Phoca_groenlandica,CO1,C_H>T_H,C>T,H,18,0,-18,382,-0.04712041884816754
Phoca_groenlandica,CO1,C_H>T_H,C>T,I,0,18,18,382,0.04712041884816754
Phoca_groenlandica,CO1,C_H>T_H,C>T,K,0,0,0,382,0.0
Phoca_groenlandica,CO1,C_H>T_H,C>T,L,13,40,27,382,0.07068062827225131
Phoca_groenlandica,CO1,C_H>T_H,C>T,M,0,20,20,382,0.05235602094240838
Phoca_groenlandica,CO1,C_H>T_H,C>T,N,0,0,0,382,0.0
Phoca_groenlandica,CO1,C_H>T_H,C>T,P,56,0,-56,382,-0.14659685863874344
Phoca_groenlandica,CO1,C_H>T_H,C>T,Q,6,0,-6,382,-0.015706806282722512
Phoca_groenlandica,CO1,C_H>T_H,C>T,R,8,0,-8,382,-0.020942408376963352
Phoca_groenlandica,CO1,C_H>T_H,C>T,S,27,28,1,382,0.002617801047120419
Phoca_groenlandica,CO1,C_H>T_H,C>T,T,38,0,-38,382,-0.09947643979057591
Phoca_groenlandica,CO1,C_H>T_H,C>T,V,0,42,42,382,0.1099476439790576
Phoca_groenlandica,CO1,C_H>T_H,C>T,W,0,7,7,382,0.01832460732984293
Phoca_groenlandica,CO1,C_H>T_H,C>T,Y,0,18,18,382,0.04712041884816754
Phoca_groenlandica,CO3,A_H>G_H,A>G,A,0,23,23,218,0.10550458715596331
Phoca_groenlandica,CO3,A_H>G_H,A>G,C,0,12,12,218,0.05504587155963303
Phoca_groenlandica,CO3,A_H>G_H,A>G,D,3,7,4,218,0.01834862385321101
Phoca_groenlandica,CO3,A_H>G_H,A>G,E,8,3,-5,218,-0.022935779816513763
Phoca_groenlandica,CO3,A_H>G_H,A>G,F,0,0,0,218,0.0
Phoca_groenlandica,CO3,A_H>G_H,A>G,G,0,15,15,218,0.06880733944954129
Phoca_groenlandica,CO3,A_H>G_H,A>G,H,16,0,-16,218,-0.07339449541284404
Phoca_groenlandica,CO3,A_H>G_H,A>G,I,16,0,-16,218,-0.07339449541284404
Phoca_groenlandica,CO3,A_H>G_H,A>G,K,6,0,-6,218,-0.027522935779816515
Phoca_groenlandica,CO3,A_H>G_H,A>G,L,0,0,0,218,0.0
Phoca_groenlandica,CO3,A_H>G_H,A>G,M,13,0,-13,218,-0.05963302752293578
Phoca_groenlandica,CO3,A_H>G_H,A>G,N,14,0,-14,218,-0.06422018348623854
Phoca_groenlandica,CO3,A_H>G_H,A>G,P,0,0,0,218,0.0
Phoca_groenlandica,CO3,A_H>G_H,A>G,Q,7,0,-7,218,-0.03211009174311927
Phoca_groenlandica,CO3,A_H>G_H,A>G,R,0,23,23,218,0.10550458715596331
Phoca_groenlandica,CO3,A_H>G_H,A>G,S,4,7,3,218,0.013761467889908258
Phoca_groenlandica,CO3,A_H>G_H,A>G,T,23,0,-23,218,-0.10550458715596331
Phoca_groenlandica,CO3,A_H>G_H,A>G,V,0,29,29,218,0.13302752293577982
Phoca_groenlandica,CO3,A_H>G_H,A>G,W,0,0,0,218,0.0
Phoca_groenlandica,CO3,A_H>G_H,A>G,Y,12,0,-12,218,-0.05504587155963303
Phoca_groenlandica,CO3,C_H>T_H,C>T,A,14,0,-14,223,-0.06278026905829596
Phoca_groenlandica,CO3,C_H>T_H,C>T,C,0,1,1,223,0.004484304932735426
Phoca_groenlandica,CO3,C_H>T_H,C>T,D,0,0,0,223,0.0
Phoca_groenlandica,CO3,C_H>T_H,C>T,E,0,0,0,223,0.0
Phoca_groenlandica,CO3,C_H>T_H,C>T,F,0,18,18,223,0.08071748878923767
Phoca_groenlandica,CO3,C_H>T_H,C>T,G,0,0,0,223,0.0
Phoca_groenlandica,CO3,C_H>T_H,C>T,H,16,0,-16,223,-0.07174887892376682
Phoca_groenlandica,CO3,C_H>T_H,C>T,I,0,15,15,223,0.06726457399103139
Phoca_groenlandica,CO3,C_H>T_H,C>T,K,0,0,0,223,0.0
Phoca_groenlandica,CO3,C_H>T_H,C>T,L,9,19,10,223,0.04484304932735426
Phoca_groenlandica,CO3,C_H>T_H,C>T,M,0,8,8,223,0.03587443946188341
Phoca_groenlandica,CO3,C_H>T_H,C>T,N,0,0,0,223,0.0
Phoca_groenlandica,CO3,C_H>T_H,C>T,P,24,0,-24,223,-0.10762331838565023
Phoca_groenlandica,CO3,C_H>T_H,C>T,Q,7,0,-7,223,-0.03139013452914798
Phoca_groenlandica,CO3,C_H>T_H,C>T,R,5,0,-5,223,-0.02242152466367713
Phoca_groenlandica,CO3,C_H>T_H,C>T,S,16,12,-4,223,-0.017937219730941704
Phoca_groenlandica,CO3,C_H>T_H,C>T,T,23,0,-23,223,-0.1031390134529148
Phoca_groenlandica,CO3,C_H>T_H,C>T,V,0,14,14,223,0.06278026905829596
Phoca_groenlandica,CO3,C_H>T_H,C>T,W,0,4,4,223,0.017937219730941704
Phoca_groenlandica,CO3,C_H>T_H,C>T,Y,0,16,16,223,0.07174887892376682
Phoca_groenlandica,Cytb,A_H>G_H,A>G,A,0,25,25,350,0.07142857142857142
Phoca_groenlandica,Cytb,A_H>G_H,A>G,C,0,16,16,350,0.045714285714285714
Phoca_groenlandica,Cytb,A_H>G_H,A>G,D,12,16,4,350,0.011428571428571429
Phoca_groenlandica,Cytb,A_H>G_H,A>G,E,6,9,3,350,0.008571428571428572
Phoca_groenlandica,Cytb,A_H>G_H,A>G,F,0,0,0,350,0.0
Phoca_groenlandica,Cytb,A_H>G_H,A>G,G,0,21,21,350,0.06
Phoca_groenlandica,Cytb,A_H>G_H,A>G,H,12,0,-12,350,-0.03428571428571429
Phoca_groenlandica,Cytb,A_H>G_H,A>G,I,44,0,-44,350,-0.12571428571428572
Phoca_groenlandica,Cytb,A_H>G_H,A>G,K,18,0,-18,350,-0.05142857142857143
Phoca_groenlandica,Cytb,A_H>G_H,A>G,L,0,0,0,350,0.0
Phoca_groenlandica,Cytb,A_H>G_H,A>G,M,12,0,-12,350,-0.03428571428571429
Phoca_groenlandica,Cytb,A_H>G_H,A>G,N,32,0,-32,350,-0.09142857142857143
Phoca_groenlandica,Cytb,A_H>G_H,A>G,P,0,0,0,350,0.0
Phoca_groenlandica,Cytb,A_H>G_H,A>G,Q,7,0,-7,350,-0.02
Phoca_groenlandica,Cytb,A_H>G_H,A>G,R,0,19,19,350,0.054285714285714284
Phoca_groenlandica,Cytb,A_H>G_H,A>G,S,3,16,13,350,0.037142857142857144
Phoca_groenlandica,Cytb,A_H>G_H,A>G,T,25,0,-25,350,-0.07142857142857142
Phoca_groenlandica,Cytb,A_H>G_H,A>G,V,0,56,56,350,0.16
Phoca_groenlandica,Cytb,A_H>G_H,A>G,W,0,0,0,350,0.0
Phoca_groenlandica,Cytb,A_H>G_H,A>G,Y,16,0,-16,350,-0.045714285714285714
Phoca_groenlandica,Cytb,C_H>T_H,C>T,A,24,0,-24,342,-0.07017543859649122
Phoca_groenlandica,Cytb,C_H>T_H,C>T,C,0,0,0,342,0.0
Phoca_groenlandica,Cytb,C_H>T_H,C>T,D,0,0,0,342,0.0
Phoca_groenlandica,Cytb,C_H>T_H,C>T,E,0,0,0,342,0.0
Phoca_groenlandica,Cytb,C_H>T_H,C>T,F,0,19,19,342,0.05555555555555555
Phoca_groenlandica,Cytb,C_H>T_H,C>T,G,0,0,0,342,0.0
Phoca_groenlandica,Cytb,C_H>T_H,C>T,H,12,0,-12,342,-0.03508771929824561
Phoca_groenlandica,Cytb,C_H>T_H,C>T,I,0,10,10,342,0.029239766081871343
Phoca_groenlandica,Cytb,C_H>T_H,C>T,K,0,0,0,342,0.0
Phoca_groenlandica,Cytb,C_H>T_H,C>T,L,13,36,23,342,0.06725146198830409
Phoca_groenlandica,Cytb,C_H>T_H,C>T,M,0,15,15,342,0.043859649122807015
Phoca_groenlandica,Cytb,C_H>T_H,C>T,N,0,0,0,342,0.0
Phoca_groenlandica,Cytb,C_H>T_H,C>T,P,44,0,-44,342,-0.1286549707602339
Phoca_groenlandica,Cytb,C_H>T_H,C>T,Q,7,0,-7,342,-0.02046783625730994
Phoca_groenlandica,Cytb,C_H>T_H,C>T,R,8,0,-8,342,-0.023391812865497075
Phoca_groenlandica,Cytb,C_H>T_H,C>T,S,20,22,2,342,0.005847953216374269
Phoca_groenlandica,Cytb,C_H>T_H,C>T,T,25,0,-25,342,-0.07309941520467836
Phoca_groenlandica,Cytb,C_H>T_H,C>T,V,0,24,24,342,0.07017543859649122
Phoca_groenlandica,Cytb,C_H>T_H,C>T,W,0,8,8,342,0.023391812865497075
Phoca_groenlandica,Cytb,C_H>T_H,C>T,Y,0,12,12,342,0.03508771929824561
Plecotus_macrobullaris,CO1,A_H>G_H,A>G,A,0,34,34,394,0.08629441624365482
Plecotus_macrobullaris,CO1,A_H>G_H,A>G,C,0,19,19,394,0.048223350253807105
Plecotus_macrobullaris,CO1,A_H>G_H,A>G,D,14,17,3,394,0.007614213197969543
Plecotus_macrobullaris,CO1,A_H>G_H,A>G,E,10,9,-1,394,-0.0025380710659898475
Plecotus_macrobullaris,CO1,A_H>G_H,A>G,F,0,0,0,394,0.0
Plecotus_macrobullaris,CO1,A_H>G_H,A>G,G,0,28,28,394,0.07106598984771574
Plecotus_macrobullaris,CO1,A_H>G_H,A>G,H,18,0,-18,394,-0.04568527918781726
Plecotus_macrobullaris,CO1,A_H>G_H,A>G,I,36,0,-36,394,-0.09137055837563451
Plecotus_macrobullaris,CO1,A_H>G_H,A>G,K,18,0,-18,394,-0.04568527918781726
Plecotus_macrobullaris,CO1,A_H>G_H,A>G,L,0,0,0,394,0.0
Plecotus_macrobullaris,CO1,A_H>G_H,A>G,M,29,0,-29,394,-0.07360406091370558
Plecotus_macrobullaris,CO1,A_H>G_H,A>G,N,34,0,-34,394,-0.08629441624365482
Plecotus_macrobullaris,CO1,A_H>G_H,A>G,P,0,0,0,394,0.0
Plecotus_macrobullaris,CO1,A_H>G_H,A>G,Q,6,0,-6,394,-0.015228426395939087
Plecotus_macrobullaris,CO1,A_H>G_H,A>G,R,0,24,24,394,0.06091370558375635
Plecotus_macrobullaris,CO1,A_H>G_H,A>G,S,4,17,13,394,0.03299492385786802
Plecotus_macrobullaris,CO1,A_H>G_H,A>G,T,34,0,-34,394,-0.08629441624365482
Plecotus_macrobullaris,CO1,A_H>G_H,A>G,V,0,65,65,394,0.1649746192893401
Plecotus_macrobullaris,CO1,A_H>G_H,A>G,W,0,1,1,394,0.0025380710659898475
Plecotus_macrobullaris,CO1,A_H>G_H,A>G,Y,19,0,-19,394,-0.048223350253807105
Plecotus_macrobullaris,CO1,C_H>T_H,C>T,A,43,0,-43,352,-0.12215909090909091
Plecotus_macrobullaris,CO1,C_H>T_H,C>T,C,0,3,3,352,0.008522727272727272
Plecotus_macrobullaris,CO1,C_H>T_H,C>T,D,0,0,0,352,0.0
Plecotus_macrobullaris,CO1,C_H>T_H,C>T,E,0,0,0,352,0.0
Plecotus_macrobullaris,CO1,C_H>T_H,C>T,F,0,34,34,352,0.09659090909090909
Plecotus_macrobullaris,CO1,C_H>T_H,C>T,G,0,0,0,352,0.0
Plecotus_macrobullaris,CO1,C_H>T_H,C>T,H,18,0,-18,352,-0.05113636363636364
Plecotus_macrobullaris,CO1,C_H>T_H,C>T,I,0,16,16,352,0.045454545454545456
Plecotus_macrobullaris,CO1,C_H>T_H,C>T,K,0,0,0,352,0.0
Plecotus_macrobullaris,CO1,C_H>T_H,C>T,L,14,37,23,352,0.06534090909090909
Plecotus_macrobullaris,CO1,C_H>T_H,C>T,M,0,18,18,352,0.05113636363636364
Plecotus_macrobullaris,CO1,C_H>T_H,C>T,N,0,0,0,352,0.0
Plecotus_macrobullaris,CO1,C_H>T_H,C>T,P,58,0,-58,352,-0.16477272727272727
Plecotus_macrobullaris,CO1,C_H>T_H,C>T,Q,6,0,-6,352,-0.017045454545454544
Plecotus_macrobullaris,CO1,C_H>T_H,C>T,R,9,0,-9,352,-0.02556818181818182
Plecotus_macrobullaris,CO1,C_H>T_H,C>T,S,28,29,1,352,0.002840909090909091
Plecotus_macrobullaris,CO1,C_H>T_H,C>T,T,34,0,-34,352,-0.09659090909090909
Plecotus_macrobullaris,CO1,C_H>T_H,C>T,V,0,43,43,352,0.12215909090909091
Plecotus_macrobullaris,CO1,C_H>T_H,C>T,W,0,6,6,352,0.017045454545454544
Plecotus_macrobullaris,CO1,C_H>T_H,C>T,Y,0,18,18,352,0.05113636363636364
Plecotus_macrobullaris,CO3,A_H>G_H,A>G,A,0,22,22,219,0.1004566210045662
Plecotus_macrobullaris,CO3,A_H>G_H,A>G,C,0,12,12,219,0.0547945205479452
Plecotus_macrobullaris,CO3,A_H>G_H,A>G,D,3,7,4,219,0.0182648401826484
Plecotus_macrobullaris,CO3,A_H>G_H,A>G,E,8,2,-6,219,-0.0273972602739726
Plecotus_macrobullaris,CO3,A_H>G_H,A>G,F,0,0,0,219,0.0
Plecotus_macrobullaris,CO3,A_H>G_H,A>G,G,0,16,16,219,0.0730593607305936
Plecotus_macrobullaris,CO3,A_H>G_H,A>G,H,16,0,-16,219,-0.0730593607305936
Plecotus_macrobullaris,CO3,A_H>G_H,A>G,I,15,0,-15,219,-0.0684931506849315
Plecotus_macrobullaris,CO3,A_H>G_H,A>G,K,4,0,-4,219,-0.0182648401826484
Plecotus_macrobullaris,CO3,A_H>G_H,A>G,L,0,0,0,219,0.0
Plecotus_macrobullaris,CO3,A_H>G_H,A>G,M,11,0,-11,219,-0.0502283105022831
Plecotus_macrobullaris,CO3,A_H>G_H,A>G,N,14,0,-14,219,-0.0639269406392694
Plecotus_macrobullaris,CO3,A_H>G_H,A>G,P,0,0,0,219,0.0
Plecotus_macrobullaris,CO3,A_H>G_H,A>G,Q,7,0,-7,219,-0.0319634703196347
Plecotus_macrobullaris,CO3,A_H>G_H,A>G,R,0,23,23,219,0.1050228310502283
Plecotus_macrobullaris,CO3,A_H>G_H,A>G,S,5,7,2,219,0.0091324200913242
Plecotus_macrobullaris,CO3,A_H>G_H,A>G,T,22,0,-22,219,-0.1004566210045662
Plecotus_macrobullaris,CO3,A_H>G_H,A>G,V,0,26,26,219,0.1187214611872146
Plecotus_macrobullaris,CO3,A_H>G_H,A>G,W,0,0,0,219,0.0
Plecotus_macrobullaris,CO3,A_H>G_H,A>G,Y,12,0,-12,219,-0.0547945205479452
Plecotus_macrobullaris,CO3,C_H>T_H,C>T,A,15,0,-15,196,-0.07653061224489796
Plecotus_macrobullaris,CO3,C_H>T_H,C>T,C,0,1,1,196,0.00510204081632653
Plecotus_macrobullaris,CO3,C_H>T_H,C>T,D,0,0,0,196,0.0
Plecotus_macrobullaris,CO3,C_H>T_H,C>T,E,0,0,0,196,0.0
Plecotus_macrobullaris,CO3,C_H>T_H,C>T,F,0,19,19,196,0.09693877551020408
Plecotus_macrobullaris,CO3,C_H>T_H,C>T,G,0,0,0,196,0.0
Plecotus_macrobullaris,CO3,C_H>T_H,C>T,H,16,0,-16,196,-0.08163265306122448
Plecotus_macrobullaris,CO3,C_H>T_H,C>T,I,0,9,9,196,0.04591836734693878
Plecotus_macrobullaris,CO3,C_H>T_H,C>T,K,0,0,0,196,0.0
Plecotus_macrobullaris,CO3,C_H>T_H,C>T,L,11,19,8,196,0.04081632653061224
Plecotus_macrobullaris,CO3,C_H>T_H,C>T,M,0,13,13,196,0.0663265306122449
Plecotus_macrobullaris,CO3,C_H>T_H,C>T,N,0,0,0,196,0.0
Plecotus_macrobullaris,CO3,C_H>T_H,C>T,P,22,0,-22,196,-0.11224489795918367
Plecotus_macrobullaris,CO3,C_H>T_H,C>T,Q,7,0,-7,196,-0.03571428571428571
Plecotus_macrobullaris,CO3,C_H>T_H,C>T,R,5,0,-5,196,-0.025510204081632654
Plecotus_macrobullaris,CO3,C_H>T_H,C>T,S,16,11,-5,196,-0.025510204081632654
Plecotus_macrobullaris,CO3,C_H>T_H,C>T,T,22,0,-22,196,-0.11224489795918367
Plecotus_macrobullaris,CO3,C_H>T_H,C>T,V,0,15,15,196,0.07653061224489796
Plecotus_macrobullaris,CO3,C_H>T_H,C>T,W,0,4,4,196,0.02040816326530612
Plecotus_macrobullaris,CO3,C_H>T_H,C>T,Y,0,16,16,196,0.08163265306122448
Plecotus_macrobullaris,Cytb,A_H>G_H,A>G,A,0,26,26,333,0.07807807807807808
Plecotus_macrobullaris,Cytb,A_H>G_H,A>G,C,0,17,17,333,0.05105105105105105
Plecotus_macrobullaris,Cytb,A_H>G_H,A>G,D,10,18,8,333,0.024024024024024024
Plecotus_macrobullaris,Cytb,A_H>G_H,A>G,E,6,8,2,333,0.006006006006006006
Plecotus_macrobullaris,Cytb,A_H>G_H,A>G,F,0,0,0,333,0.0
Plecotus_macrobullaris,Cytb,A_H>G_H,A>G,G,0,21,21,333,0.06306306306306306
Plecotus_macrobullaris,Cytb,A_H>G_H,A>G,H,12,0,-12,333,-0.036036036036036036
Plecotus_macrobullaris,Cytb,A_H>G_H,A>G,I,37,0,-37,333,-0.1111111111111111
Plecotus_macrobullaris,Cytb,A_H>G_H,A>G,K,16,0,-16,333,-0.04804804804804805
Plecotus_macrobullaris,Cytb,A_H>G_H,A>G,L,0,0,0,333,0.0
Plecotus_macrobullaris,Cytb,A_H>G_H,A>G,M,19,0,-19,333,-0.057057057057057055
Plecotus_macrobullaris,Cytb,A_H>G_H,A>G,N,36,0,-36,333,-0.10810810810810811
Plecotus_macrobullaris,Cytb,A_H>G_H,A>G,P,0,0,0,333,0.0
Plecotus_macrobullaris,Cytb,A_H>G_H,A>G,Q,6,0,-6,333,-0.018018018018018018
Plecotus_macrobullaris,Cytb,A_H>G_H,A>G,R,0,18,18,333,0.05405405405405406
Plecotus_macrobullaris,Cytb,A_H>G_H,A>G,S,4,18,14,333,0.042042042042042045
Plecotus_macrobullaris,Cytb,A_H>G_H,A>G,T,26,0,-26,333,-0.07807807807807808
Plecotus_macrobullaris,Cytb,A_H>G_H,A>G,V,0,56,56,333,0.16816816816816818
Plecotus_macrobullaris,Cytb,A_H>G_H,A>G,W,0,0,0,333,0.0
Plecotus_macrobullaris,Cytb,A_H>G_H,A>G,Y,17,0,-17,333,-0.05105105105105105
Plecotus_macrobullaris,Cytb,C_H>T_H,C>T,A,23,0,-23,295,-0.07796610169491526
Plecotus_macrobullaris,Cytb,C_H>T_H,C>T,C,0,3,3,295,0.010169491525423728
Plecotus_macrobullaris,Cytb,C_H>T_H,C>T,D,0,0,0,295,0.0
Plecotus_macrobullaris,Cytb,C_H>T_H,C>T,E,0,0,0,295,0.0
Plecotus_macrobullaris,Cytb,C_H>T_H,C>T,F,0,36,36,295,0.12203389830508475
Plecotus_macrobullaris,Cytb,C_H>T_H,C>T,G,0,0,0,295,0.0
Plecotus_macrobullaris,Cytb,C_H>T_H,C>T,H,12,0,-12,295,-0.04067796610169491
Plecotus_macrobullaris,Cytb,C_H>T_H,C>T,I,0,13,13,295,0.04406779661016949
Plecotus_macrobullaris,Cytb,C_H>T_H,C>T,K,0,0,0,295,0.0
Plecotus_macrobullaris,Cytb,C_H>T_H,C>T,L,22,30,8,295,0.02711864406779661
Plecotus_macrobullaris,Cytb,C_H>T_H,C>T,M,0,13,13,295,0.04406779661016949
Plecotus_macrobullaris,Cytb,C_H>T_H,C>T,N,0,0,0,295,0.0
Plecotus_macrobullaris,Cytb,C_H>T_H,C>T,P,46,0,-46,295,-0.15593220338983052
Plecotus_macrobullaris,Cytb,C_H>T_H,C>T,Q,6,0,-6,295,-0.020338983050847456
Plecotus_macrobullaris,Cytb,C_H>T_H,C>T,R,9,0,-9,295,-0.030508474576271188
Plecotus_macrobullaris,Cytb,C_H>T_H,C>T,S,21,23,2,295,0.006779661016949152
Plecotus_macrobullaris,Cytb,C_H>T_H,C>T,T,26,0,-26,295,-0.08813559322033898
Plecotus_macrobullaris,Cytb,C_H>T_H,C>T,V,0,23,23,295,0.07796610169491526
Plecotus_macrobullaris,Cytb,C_H>T_H,C>T,W,0,6,6,295,0.020338983050847456
Plecotus_macrobullaris,Cytb,C_H>T_H,C>T,Y,0,12,12,295,0.04067796610169491
Prionailurus_bengalensis,CO1,A_H>G_H,A>G,A,0,39,39,421,0.09263657957244656
Prionailurus_bengalensis,CO1,A_H>G_H,A>G,C,0,19,19,421,0.04513064133016627
Prionailurus_bengalensis,CO1,A_H>G_H,A>G,D,15,17,2,421,0.004750593824228029
Prionailurus_bengalensis,CO1,A_H>G_H,A>G,E,10,9,-1,421,-0.0023752969121140144
Prionailurus_bengalensis,CO1,A_H>G_H,A>G,F,0,0,0,421,0.0
Prionailurus_bengalensis,CO1,A_H>G_H,A>G,G,0,28,28,421,0.0665083135391924
Prionailurus_bengalensis,CO1,A_H>G_H,A>G,H,18,0,-18,421,-0.04275534441805225
Prionailurus_bengalensis,CO1,A_H>G_H,A>G,I,35,0,-35,421,-0.0831353919239905
Prionailurus_bengalensis,CO1,A_H>G_H,A>G,K,18,0,-18,421,-0.04275534441805225
Prionailurus_bengalensis,CO1,A_H>G_H,A>G,L,0,0,0,421,0.0
Prionailurus_bengalensis,CO1,A_H>G_H,A>G,M,34,0,-34,421,-0.08076009501187649
Prionailurus_bengalensis,CO1,A_H>G_H,A>G,N,34,0,-34,421,-0.08076009501187649
Prionailurus_bengalensis,CO1,A_H>G_H,A>G,P,0,0,0,421,0.0
Prionailurus_bengalensis,CO1,A_H>G_H,A>G,Q,6,0,-6,421,-0.014251781472684086
Prionailurus_bengalensis,CO1,A_H>G_H,A>G,R,0,24,24,421,0.057007125890736345
Prionailurus_bengalensis,CO1,A_H>G_H,A>G,S,3,17,14,421,0.0332541567695962
Prionailurus_bengalensis,CO1,A_H>G_H,A>G,T,39,0,-39,421,-0.09263657957244656
Prionailurus_bengalensis,CO1,A_H>G_H,A>G,V,0,69,69,421,0.16389548693586697
Prionailurus_bengalensis,CO1,A_H>G_H,A>G,W,0,1,1,421,0.0023752969121140144
Prionailurus_bengalensis,CO1,A_H>G_H,A>G,Y,19,0,-19,421,-0.04513064133016627
Prionailurus_bengalensis,CO1,C_H>T_H,C>T,A,40,0,-40,356,-0.11235955056179775
Prionailurus_bengalensis,CO1,C_H>T_H,C>T,C,0,2,2,356,0.0056179775280898875
Prionailurus_bengalensis,CO1,C_H>T_H,C>T,D,0,0,0,356,0.0
Prionailurus_bengalensis,CO1,C_H>T_H,C>T,E,0,0,0,356,0.0
Prionailurus_bengalensis,CO1,C_H>T_H,C>T,F,0,28,28,356,0.07865168539325842
Prionailurus_bengalensis,CO1,C_H>T_H,C>T,G,0,0,0,356,0.0
Prionailurus_bengalensis,CO1,C_H>T_H,C>T,H,18,0,-18,356,-0.05056179775280899
Prionailurus_bengalensis,CO1,C_H>T_H,C>T,I,0,23,23,356,0.06460674157303371
Prionailurus_bengalensis,CO1,C_H>T_H,C>T,K,0,0,0,356,0.0
Prionailurus_bengalensis,CO1,C_H>T_H,C>T,L,15,42,27,356,0.07584269662921349
Prionailurus_bengalensis,CO1,C_H>T_H,C>T,M,0,16,16,356,0.0449438202247191
Prionailurus_bengalensis,CO1,C_H>T_H,C>T,N,0,0,0,356,0.0
Prionailurus_bengalensis,CO1,C_H>T_H,C>T,P,56,0,-56,356,-0.15730337078651685
Prionailurus_bengalensis,CO1,C_H>T_H,C>T,Q,6,0,-6,356,-0.016853932584269662
Prionailurus_bengalensis,CO1,C_H>T_H,C>T,R,8,0,-8,356,-0.02247191011235955
Prionailurus_bengalensis,CO1,C_H>T_H,C>T,S,27,28,1,356,0.0028089887640449437
Prionailurus_bengalensis,CO1,C_H>T_H,C>T,T,39,0,-39,356,-0.10955056179775281
Prionailurus_bengalensis,CO1,C_H>T_H,C>T,V,0,40,40,356,0.11235955056179775
Prionailurus_bengalensis,CO1,C_H>T_H,C>T,W,0,6,6,356,0.016853932584269662
Prionailurus_bengalensis,CO1,C_H>T_H,C>T,Y,0,18,18,356,0.05056179775280899
Prionailurus_bengalensis,CO3,A_H>G_H,A>G,A,0,24,24,223,0.10762331838565023
Prionailurus_bengalensis,CO3,A_H>G_H,A>G,C,0,13,13,223,0.05829596412556054
Prionailurus_bengalensis,CO3,A_H>G_H,A>G,D,3,7,4,223,0.017937219730941704
Prionailurus_bengalensis,CO3,A_H>G_H,A>G,E,8,3,-5,223,-0.02242152466367713
Prionailurus_bengalensis,CO3,A_H>G_H,A>G,F,0,0,0,223,0.0
Prionailurus_bengalensis,CO3,A_H>G_H,A>G,G,0,15,15,223,0.06726457399103139
Prionailurus_bengalensis,CO3,A_H>G_H,A>G,H,16,0,-16,223,-0.07174887892376682
Prionailurus_bengalensis,CO3,A_H>G_H,A>G,I,16,0,-16,223,-0.07174887892376682
Prionailurus_bengalensis,CO3,A_H>G_H,A>G,K,6,0,-6,223,-0.026905829596412557
Prionailurus_bengalensis,CO3,A_H>G_H,A>G,L,0,0,0,223,0.0
Prionailurus_bengalensis,CO3,A_H>G_H,A>G,M,9,0,-9,223,-0.04035874439461883
Prionailurus_bengalensis,CO3,A_H>G_H,A>G,N,14,0,-14,223,-0.06278026905829596
Prionailurus_bengalensis,CO3,A_H>G_H,A>G,P,0,0,0,223,0.0
Prionailurus_bengalensis,CO3,A_H>G_H,A>G,Q,7,0,-7,223,-0.03139013452914798
Prionailurus_bengalensis,CO3,A_H>G_H,A>G,R,0,23,23,223,0.1031390134529148
Prionailurus_bengalensis,CO3,A_H>G_H,A>G,S,4,7,3,223,0.013452914798206279
Prionailurus_bengalensis,CO3,A_H>G_H,A>G,T,24,0,-24,223,-0.10762331838565023
Prionailurus_bengalensis,CO3,A_H>G_H,A>G,V,0,25,25,223,0.11210762331838565
Prionailurus_bengalensis,CO3,A_H>G_H,A>G,W,0,0,0,223,0.0
Prionailurus_bengalensis,CO3,A_H>G_H,A>G,Y,13,0,-13,223,-0.05829596412556054
Prionailurus_bengalensis,CO3,C_H>T_H,C>T,A,15,0,-15,212,-0.07075471698113207
Prionailurus_bengalensis,CO3,C_H>T_H,C>T,C,0,1,1,212,0.0047169811320754715
Prionailurus_bengalensis,CO3,C_H>T_H,C>T,D,0,0,0,212,0.0
Prionailurus_bengalensis,CO3,C_H>T_H,C>T,E,0,0,0,212,0.0
Prionailurus_bengalensis,CO3,C_H>T_H,C>T,F,0,19,19,212,0.08962264150943396
Prionailurus_bengalensis,CO3,C_H>T_H,C>T,G,0,0,0,212,0.0
Prionailurus_bengalensis,CO3,C_H>T_H,C>T,H,16,0,-16,212,-0.07547169811320754
Prionailurus_bengalensis,CO3,C_H>T_H,C>T,I,0,15,15,212,0.07075471698113207
Prionailurus_bengalensis,CO3,C_H>T_H,C>T,K,0,0,0,212,0.0
Prionailurus_bengalensis,CO3,C_H>T_H,C>T,L,10,19,9,212,0.04245283018867924
Prionailurus_bengalensis,CO3,C_H>T_H,C>T,M,0,9,9,212,0.04245283018867924
Prionailurus_bengalensis,CO3,C_H>T_H,C>T,N,0,0,0,212,0.0
Prionailurus_bengalensis,CO3,C_H>T_H,C>T,P,22,0,-22,212,-0.10377358490566038
Prionailurus_bengalensis,CO3,C_H>T_H,C>T,Q,7,0,-7,212,-0.0330188679245283
Prionailurus_bengalensis,CO3,C_H>T_H,C>T,R,5,0,-5,212,-0.02358490566037736
Prionailurus_bengalensis,CO3,C_H>T_H,C>T,S,17,11,-6,212,-0.02830188679245283
Prionailurus_bengalensis,CO3,C_H>T_H,C>T,T,24,0,-24,212,-0.11320754716981132
Prionailurus_bengalensis,CO3,C_H>T_H,C>T,V,0,15,15,212,0.07075471698113207
Prionailurus_bengalensis,CO3,C_H>T_H,C>T,W,0,4,4,212,0.018867924528301886
Prionailurus_bengalensis,CO3,C_H>T_H,C>T,Y,0,16,16,212,0.07547169811320754
Prionailurus_bengalensis,Cytb,A_H>G_H,A>G,A,0,24,24,335,0.07164179104477612
Prionailurus_bengalensis,Cytb,A_H>G_H,A>G,C,0,16,16,335,0.04776119402985075
Prionailurus_bengalensis,Cytb,A_H>G_H,A>G,D,11,16,5,335,0.014925373134328358
Prionailurus_bengalensis,Cytb,A_H>G_H,A>G,E,6,9,3,335,0.008955223880597015
Prionailurus_bengalensis,Cytb,A_H>G_H,A>G,F,0,0,0,335,0.0
Prionailurus_bengalensis,Cytb,A_H>G_H,A>G,G,0,19,19,335,0.056716417910447764
Prionailurus_bengalensis,Cytb,A_H>G_H,A>G,H,12,0,-12,335,-0.03582089552238806
Prionailurus_bengalensis,Cytb,A_H>G_H,A>G,I,43,0,-43,335,-0.12835820895522387
Prionailurus_bengalensis,Cytb,A_H>G_H,A>G,K,18,0,-18,335,-0.05373134328358209
Prionailurus_bengalensis,Cytb,A_H>G_H,A>G,L,0,0,0,335,0.0
Prionailurus_bengalensis,Cytb,A_H>G_H,A>G,M,15,0,-15,335,-0.04477611940298507
Prionailurus_bengalensis,Cytb,A_H>G_H,A>G,N,32,0,-32,335,-0.0955223880597015
Prionailurus_bengalensis,Cytb,A_H>G_H,A>G,P,0,0,0,335,0.0
Prionailurus_bengalensis,Cytb,A_H>G_H,A>G,Q,6,0,-6,335,-0.01791044776119403
Prionailurus_bengalensis,Cytb,A_H>G_H,A>G,R,0,18,18,335,0.05373134328358209
Prionailurus_bengalensis,Cytb,A_H>G_H,A>G,S,1,16,15,335,0.04477611940298507
Prionailurus_bengalensis,Cytb,A_H>G_H,A>G,T,24,0,-24,335,-0.07164179104477612
Prionailurus_bengalensis,Cytb,A_H>G_H,A>G,V,0,58,58,335,0.17313432835820897
Prionailurus_bengalensis,Cytb,A_H>G_H,A>G,W,0,0,0,335,0.0
Prionailurus_bengalensis,Cytb,A_H>G_H,A>G,Y,16,0,-16,335,-0.04776119402985075
Prionailurus_bengalensis,Cytb,C_H>T_H,C>T,A,23,0,-23,351,-0.06552706552706553
Prionailurus_bengalensis,Cytb,C_H>T_H,C>T,C,0,3,3,351,0.008547008547008548
Prionailurus_bengalensis,Cytb,C_H>T_H,C>T,D,0,0,0,351,0.0
Prionailurus_bengalensis,Cytb,C_H>T_H,C>T,E,0,0,0,351,0.0
Prionailurus_bengalensis,Cytb,C_H>T_H,C>T,F,0,27,27,351,0.07692307692307693
Prionailurus_bengalensis,Cytb,C_H>T_H,C>T,G,0,0,0,351,0.0
Prionailurus_bengalensis,Cytb,C_H>T_H,C>T,H,12,0,-12,351,-0.03418803418803419
Prionailurus_bengalensis,Cytb,C_H>T_H,C>T,I,0,14,14,351,0.039886039886039885
Prionailurus_bengalensis,Cytb,C_H>T_H,C>T,K,0,0,0,351,0.0
Prionailurus_bengalensis,Cytb,C_H>T_H,C>T,L,17,38,21,351,0.05982905982905983
Prionailurus_bengalensis,Cytb,C_H>T_H,C>T,M,0,10,10,351,0.02849002849002849
Prionailurus_bengalensis,Cytb,C_H>T_H,C>T,N,0,0,0,351,0.0
Prionailurus_bengalensis,Cytb,C_H>T_H,C>T,P,44,0,-44,351,-0.12535612535612536
Prionailurus_bengalensis,Cytb,C_H>T_H,C>T,Q,6,0,-6,351,-0.017094017094017096
Prionailurus_bengalensis,Cytb,C_H>T_H,C>T,R,9,0,-9,351,-0.02564102564102564
Prionailurus_bengalensis,Cytb,C_H>T_H,C>T,S,26,22,-4,351,-0.011396011396011397
Prionailurus_bengalensis,Cytb,C_H>T_H,C>T,T,24,0,-24,351,-0.06837606837606838
Prionailurus_bengalensis,Cytb,C_H>T_H,C>T,V,0,23,23,351,0.06552706552706553
Prionailurus_bengalensis,Cytb,C_H>T_H,C>T,W,0,6,6,351,0.017094017094017096
Prionailurus_bengalensis,Cytb,C_H>T_H,C>T,Y,0,12,12,351,0.03418803418803419
Procyon_lotor,CO1,A_H>G_H,A>G,A,0,37,37,433,0.08545034642032333
Procyon_lotor,CO1,A_H>G_H,A>G,C,0,19,19,433,0.04387990762124711
Procyon_lotor,CO1,A_H>G_H,A>G,D,15,16,1,433,0.0023094688221709007
Procyon_lotor,CO1,A_H>G_H,A>G,E,10,9,-1,433,-0.0023094688221709007
Procyon_lotor,CO1,A_H>G_H,A>G,F,0,0,0,433,0.0
Procyon_lotor,CO1,A_H>G_H,A>G,G,0,28,28,433,0.06466512702078522
Procyon_lotor,CO1,A_H>G_H,A>G,H,18,0,-18,433,-0.04157043879907621
Procyon_lotor,CO1,A_H>G_H,A>G,I,38,0,-38,433,-0.08775981524249422
Procyon_lotor,CO1,A_H>G_H,A>G,K,18,0,-18,433,-0.04157043879907621
Procyon_lotor,CO1,A_H>G_H,A>G,L,0,0,0,433,0.0
Procyon_lotor,CO1,A_H>G_H,A>G,M,35,0,-35,433,-0.08083140877598152
Procyon_lotor,CO1,A_H>G_H,A>G,N,32,0,-32,433,-0.07390300230946882
Procyon_lotor,CO1,A_H>G_H,A>G,P,0,0,0,433,0.0
Procyon_lotor,CO1,A_H>G_H,A>G,Q,6,0,-6,433,-0.013856812933025405
Procyon_lotor,CO1,A_H>G_H,A>G,R,0,24,24,433,0.05542725173210162
Procyon_lotor,CO1,A_H>G_H,A>G,S,3,16,13,433,0.03002309468822171
Procyon_lotor,CO1,A_H>G_H,A>G,T,37,0,-37,433,-0.08545034642032333
Procyon_lotor,CO1,A_H>G_H,A>G,V,0,73,73,433,0.16859122401847576
Procyon_lotor,CO1,A_H>G_H,A>G,W,0,1,1,433,0.0023094688221709007
Procyon_lotor,CO1,A_H>G_H,A>G,Y,19,0,-19,433,-0.04387990762124711
Procyon_lotor,CO1,C_H>T_H,C>T,A,39,0,-39,358,-0.10893854748603352
Procyon_lotor,CO1,C_H>T_H,C>T,C,0,1,1,358,0.002793296089385475
Procyon_lotor,CO1,C_H>T_H,C>T,D,0,0,0,358,0.0
Procyon_lotor,CO1,C_H>T_H,C>T,E,0,0,0,358,0.0
Procyon_lotor,CO1,C_H>T_H,C>T,F,0,26,26,358,0.07262569832402235
Procyon_lotor,CO1,C_H>T_H,C>T,G,0,0,0,358,0.0
Procyon_lotor,CO1,C_H>T_H,C>T,H,18,0,-18,358,-0.05027932960893855
Procyon_lotor,CO1,C_H>T_H,C>T,I,0,20,20,358,0.055865921787709494
Procyon_lotor,CO1,C_H>T_H,C>T,K,0,0,0,358,0.0
Procyon_lotor,CO1,C_H>T_H,C>T,L,15,46,31,358,0.08659217877094973
Procyon_lotor,CO1,C_H>T_H,C>T,M,0,17,17,358,0.04748603351955307
Procyon_lotor,CO1,C_H>T_H,C>T,N,0,0,0,358,0.0
Procyon_lotor,CO1,C_H>T_H,C>T,P,56,0,-56,358,-0.1564245810055866
Procyon_lotor,CO1,C_H>T_H,C>T,Q,6,0,-6,358,-0.01675977653631285
Procyon_lotor,CO1,C_H>T_H,C>T,R,8,0,-8,358,-0.0223463687150838
Procyon_lotor,CO1,C_H>T_H,C>T,S,29,28,-1,358,-0.002793296089385475
Procyon_lotor,CO1,C_H>T_H,C>T,T,37,0,-37,358,-0.10335195530726257
Procyon_lotor,CO1,C_H>T_H,C>T,V,0,39,39,358,0.10893854748603352
Procyon_lotor,CO1,C_H>T_H,C>T,W,0,7,7,358,0.019553072625698324
Procyon_lotor,CO1,C_H>T_H,C>T,Y,0,18,18,358,0.05027932960893855
Procyon_lotor,CO3,A_H>G_H,A>G,A,0,20,20,218,0.09174311926605505
Procyon_lotor,CO3,A_H>G_H,A>G,C,0,12,12,218,0.05504587155963303
Procyon_lotor,CO3,A_H>G_H,A>G,D,3,8,5,218,0.022935779816513763
Procyon_lotor,CO3,A_H>G_H,A>G,E,8,1,-7,218,-0.03211009174311927
Procyon_lotor,CO3,A_H>G_H,A>G,F,0,0,0,218,0.0
Procyon_lotor,CO3,A_H>G_H,A>G,G,0,16,16,218,0.07339449541284404
Procyon_lotor,CO3,A_H>G_H,A>G,H,16,0,-16,218,-0.07339449541284404
Procyon_lotor,CO3,A_H>G_H,A>G,I,14,0,-14,218,-0.06422018348623854
Procyon_lotor,CO3,A_H>G_H,A>G,K,2,0,-2,218,-0.009174311926605505
Procyon_lotor,CO3,A_H>G_H,A>G,L,0,0,0,218,0.0
Procyon_lotor,CO3,A_H>G_H,A>G,M,12,0,-12,218,-0.05504587155963303
Procyon_lotor,CO3,A_H>G_H,A>G,N,16,0,-16,218,-0.07339449541284404
Procyon_lotor,CO3,A_H>G_H,A>G,P,0,0,0,218,0.0
Procyon_lotor,CO3,A_H>G_H,A>G,Q,7,0,-7,218,-0.03211009174311927
Procyon_lotor,CO3,A_H>G_H,A>G,R,0,23,23,218,0.10550458715596331
Procyon_lotor,CO3,A_H>G_H,A>G,S,5,8,3,218,0.013761467889908258
Procyon_lotor,CO3,A_H>G_H,A>G,T,20,0,-20,218,-0.09174311926605505
Procyon_lotor,CO3,A_H>G_H,A>G,V,0,26,26,218,0.11926605504587157
Procyon_lotor,CO3,A_H>G_H,A>G,W,0,0,0,218,0.0
Procyon_lotor,CO3,A_H>G_H,A>G,Y,12,0,-12,218,-0.05504587155963303
Procyon_lotor,CO3,C_H>T_H,C>T,A,14,0,-14,221,-0.06334841628959276
Procyon_lotor,CO3,C_H>T_H,C>T,C,0,2,2,221,0.00904977375565611
Procyon_lotor,CO3,C_H>T_H,C>T,D,0,0,0,221,0.0
Procyon_lotor,CO3,C_H>T_H,C>T,E,0,0,0,221,0.0
Procyon_lotor,CO3,C_H>T_H,C>T,F,0,19,19,221,0.08597285067873303
Procyon_lotor,CO3,C_H>T_H,C>T,G,0,0,0,221,0.0
Procyon_lotor,CO3,C_H>T_H,C>T,H,16,0,-16,221,-0.07239819004524888
Procyon_lotor,CO3,C_H>T_H,C>T,I,0,13,13,221,0.058823529411764705
Procyon_lotor,CO3,C_H>T_H,C>T,K,0,0,0,221,0.0
Procyon_lotor,CO3,C_H>T_H,C>T,L,8,18,10,221,0.04524886877828054
Procyon_lotor,CO3,C_H>T_H,C>T,M,0,7,7,221,0.03167420814479638
Procyon_lotor,CO3,C_H>T_H,C>T,N,0,0,0,221,0.0
Procyon_lotor,CO3,C_H>T_H,C>T,P,22,0,-22,221,-0.09954751131221719
Procyon_lotor,CO3,C_H>T_H,C>T,Q,7,0,-7,221,-0.03167420814479638
Procyon_lotor,CO3,C_H>T_H,C>T,R,5,0,-5,221,-0.02262443438914027
Procyon_lotor,CO3,C_H>T_H,C>T,S,18,11,-7,221,-0.03167420814479638
Procyon_lotor,CO3,C_H>T_H,C>T,T,20,0,-20,221,-0.09049773755656108
Procyon_lotor,CO3,C_H>T_H,C>T,V,0,14,14,221,0.06334841628959276
Procyon_lotor,CO3,C_H>T_H,C>T,W,0,3,3,221,0.013574660633484163
Procyon_lotor,CO3,C_H>T_H,C>T,Y,0,16,16,221,0.07239819004524888
Procyon_lotor,Cytb,A_H>G_H,A>G,A,0,27,27,348,0.07758620689655173
Procyon_lotor,Cytb,A_H>G_H,A>G,C,0,15,15,348,0.04310344827586207
Procyon_lotor,Cytb,A_H>G_H,A>G,D,10,19,9,348,0.02586206896551724
Procyon_lotor,Cytb,A_H>G_H,A>G,E,7,9,2,348,0.005747126436781609
Procyon_lotor,Cytb,A_H>G_H,A>G,F,0,0,0,348,0.0
Procyon_lotor,Cytb,A_H>G_H,A>G,G,0,20,20,348,0.05747126436781609
Procyon_lotor,Cytb,A_H>G_H,A>G,H,11,0,-11,348,-0.031609195402298854
Procyon_lotor,Cytb,A_H>G_H,A>G,I,42,0,-42,348,-0.1206896551724138
Procyon_lotor,Cytb,A_H>G_H,A>G,K,18,0,-18,348,-0.05172413793103448
Procyon_lotor,Cytb,A_H>G_H,A>G,L,0,0,0,348,0.0
Procyon_lotor,Cytb,A_H>G_H,A>G,M,15,0,-15,348,-0.04310344827586207
Procyon_lotor,Cytb,A_H>G_H,A>G,N,38,0,-38,348,-0.10919540229885058
Procyon_lotor,Cytb,A_H>G_H,A>G,P,0,0,0,348,0.0
Procyon_lotor,Cytb,A_H>G_H,A>G,Q,6,0,-6,348,-0.017241379310344827
Procyon_lotor,Cytb,A_H>G_H,A>G,R,0,17,17,348,0.04885057471264368
Procyon_lotor,Cytb,A_H>G_H,A>G,S,2,19,17,348,0.04885057471264368
Procyon_lotor,Cytb,A_H>G_H,A>G,T,27,0,-27,348,-0.07758620689655173
Procyon_lotor,Cytb,A_H>G_H,A>G,V,0,57,57,348,0.16379310344827586
Procyon_lotor,Cytb,A_H>G_H,A>G,W,0,0,0,348,0.0
Procyon_lotor,Cytb,A_H>G_H,A>G,Y,15,0,-15,348,-0.04310344827586207
Procyon_lotor,Cytb,C_H>T_H,C>T,A,21,0,-21,309,-0.06796116504854369
Procyon_lotor,Cytb,C_H>T_H,C>T,C,0,1,1,309,0.003236245954692557
Procyon_lotor,Cytb,C_H>T_H,C>T,D,0,0,0,309,0.0
Procyon_lotor,Cytb,C_H>T_H,C>T,E,0,0,0,309,0.0
Procyon_lotor,Cytb,C_H>T_H,C>T,F,0,26,26,309,0.08414239482200647
Procyon_lotor,Cytb,C_H>T_H,C>T,G,0,0,0,309,0.0
Procyon_lotor,Cytb,C_H>T_H,C>T,H,11,0,-11,309,-0.03559870550161812
Procyon_lotor,Cytb,C_H>T_H,C>T,I,0,10,10,309,0.032362459546925564
Procyon_lotor,Cytb,C_H>T_H,C>T,K,0,0,0,309,0.0
Procyon_lotor,Cytb,C_H>T_H,C>T,L,15,33,18,309,0.05825242718446602
Procyon_lotor,Cytb,C_H>T_H,C>T,M,0,17,17,309,0.05501618122977346
Procyon_lotor,Cytb,C_H>T_H,C>T,N,0,0,0,309,0.0
Procyon_lotor,Cytb,C_H>T_H,C>T,P,46,0,-46,309,-0.1488673139158576
Procyon_lotor,Cytb,C_H>T_H,C>T,Q,6,0,-6,309,-0.019417475728155338
Procyon_lotor,Cytb,C_H>T_H,C>T,R,8,0,-8,309,-0.025889967637540454
Procyon_lotor,Cytb,C_H>T_H,C>T,S,21,23,2,309,0.006472491909385114
Procyon_lotor,Cytb,C_H>T_H,C>T,T,27,0,-27,309,-0.08737864077669903
Procyon_lotor,Cytb,C_H>T_H,C>T,V,0,21,21,309,0.06796116504854369
Procyon_lotor,Cytb,C_H>T_H,C>T,W,0,7,7,309,0.022653721682847898
Procyon_lotor,Cytb,C_H>T_H,C>T,Y,0,11,11,309,0.03559870550161812
Proechimys_guyannensis,CO1,A_H>G_H,A>G,A,0,38,38,452,0.084070796460177
Proechimys_guyannensis,CO1,A_H>G_H,A>G,C,0,19,19,452,0.0420353982300885
Proechimys_guyannensis,CO1,A_H>G_H,A>G,D,14,18,4,452,0.008849557522123894
Proechimys_guyannensis,CO1,A_H>G_H,A>G,E,10,9,-1,452,-0.0022123893805309734
Proechimys_guyannensis,CO1,A_H>G_H,A>G,F,0,0,0,452,0.0
Proechimys_guyannensis,CO1,A_H>G_H,A>G,G,0,27,27,452,0.059734513274336286
Proechimys_guyannensis,CO1,A_H>G_H,A>G,H,18,0,-18,452,-0.03982300884955752
Proechimys_guyannensis,CO1,A_H>G_H,A>G,I,40,0,-40,452,-0.08849557522123894
Proechimys_guyannensis,CO1,A_H>G_H,A>G,K,18,0,-18,452,-0.03982300884955752
Proechimys_guyannensis,CO1,A_H>G_H,A>G,L,0,0,0,452,0.0
Proechimys_guyannensis,CO1,A_H>G_H,A>G,M,30,0,-30,452,-0.06637168141592921
Proechimys_guyannensis,CO1,A_H>G_H,A>G,N,36,0,-36,452,-0.07964601769911504
Proechimys_guyannensis,CO1,A_H>G_H,A>G,P,0,0,0,452,0.0
Proechimys_guyannensis,CO1,A_H>G_H,A>G,Q,7,0,-7,452,-0.015486725663716814
Proechimys_guyannensis,CO1,A_H>G_H,A>G,R,0,25,25,452,0.05530973451327434
Proechimys_guyannensis,CO1,A_H>G_H,A>G,S,3,18,15,452,0.033185840707964605
Proechimys_guyannensis,CO1,A_H>G_H,A>G,T,38,0,-38,452,-0.084070796460177
Proechimys_guyannensis,CO1,A_H>G_H,A>G,V,0,70,70,452,0.15486725663716813
Proechimys_guyannensis,CO1,A_H>G_H,A>G,W,0,1,1,452,0.0022123893805309734
Proechimys_guyannensis,CO1,A_H>G_H,A>G,Y,19,0,-19,452,-0.0420353982300885
Proechimys_guyannensis,CO1,C_H>T_H,C>T,A,41,0,-41,339,-0.12094395280235988
Proechimys_guyannensis,CO1,C_H>T_H,C>T,C,0,2,2,339,0.0058997050147492625
Proechimys_guyannensis,CO1,C_H>T_H,C>T,D,0,0,0,339,0.0
Proechimys_guyannensis,CO1,C_H>T_H,C>T,E,0,0,0,339,0.0
Proechimys_guyannensis,CO1,C_H>T_H,C>T,F,0,26,26,339,0.07669616519174041
Proechimys_guyannensis,CO1,C_H>T_H,C>T,G,0,0,0,339,0.0
Proechimys_guyannensis,CO1,C_H>T_H,C>T,H,18,0,-18,339,-0.05309734513274336
Proechimys_guyannensis,CO1,C_H>T_H,C>T,I,0,15,15,339,0.04424778761061947
Proechimys_guyannensis,CO1,C_H>T_H,C>T,K,0,0,0,339,0.0
Proechimys_guyannensis,CO1,C_H>T_H,C>T,L,14,43,29,339,0.0855457227138643
Proechimys_guyannensis,CO1,C_H>T_H,C>T,M,0,23,23,339,0.06784660766961652
Proechimys_guyannensis,CO1,C_H>T_H,C>T,N,0,0,0,339,0.0
Proechimys_guyannensis,CO1,C_H>T_H,C>T,P,56,0,-56,339,-0.16519174041297935
Proechimys_guyannensis,CO1,C_H>T_H,C>T,Q,7,0,-7,339,-0.02064896755162242
Proechimys_guyannensis,CO1,C_H>T_H,C>T,R,8,0,-8,339,-0.02359882005899705
Proechimys_guyannensis,CO1,C_H>T_H,C>T,S,27,28,1,339,0.0029498525073746312
Proechimys_guyannensis,CO1,C_H>T_H,C>T,T,38,0,-38,339,-0.11209439528023599
Proechimys_guyannensis,CO1,C_H>T_H,C>T,V,0,41,41,339,0.12094395280235988
Proechimys_guyannensis,CO1,C_H>T_H,C>T,W,0,6,6,339,0.017699115044247787
Proechimys_guyannensis,CO1,C_H>T_H,C>T,Y,0,18,18,339,0.05309734513274336
Proechimys_guyannensis,CO3,A_H>G_H,A>G,A,0,24,24,226,0.10619469026548672
Proechimys_guyannensis,CO3,A_H>G_H,A>G,C,0,14,14,226,0.061946902654867256
Proechimys_guyannensis,CO3,A_H>G_H,A>G,D,3,7,4,226,0.017699115044247787
Proechimys_guyannensis,CO3,A_H>G_H,A>G,E,8,3,-5,226,-0.022123893805309734
Proechimys_guyannensis,CO3,A_H>G_H,A>G,F,0,0,0,226,0.0
Proechimys_guyannensis,CO3,A_H>G_H,A>G,G,0,15,15,226,0.06637168141592921
Proechimys_guyannensis,CO3,A_H>G_H,A>G,H,15,0,-15,226,-0.06637168141592921
Proechimys_guyannensis,CO3,A_H>G_H,A>G,I,13,0,-13,226,-0.05752212389380531
Proechimys_guyannensis,CO3,A_H>G_H,A>G,K,6,0,-6,226,-0.02654867256637168
Proechimys_guyannensis,CO3,A_H>G_H,A>G,L,0,0,0,226,0.0
Proechimys_guyannensis,CO3,A_H>G_H,A>G,M,9,0,-9,226,-0.03982300884955752
Proechimys_guyannensis,CO3,A_H>G_H,A>G,N,14,0,-14,226,-0.061946902654867256
Proechimys_guyannensis,CO3,A_H>G_H,A>G,P,0,0,0,226,0.0
Proechimys_guyannensis,CO3,A_H>G_H,A>G,Q,8,0,-8,226,-0.035398230088495575
Proechimys_guyannensis,CO3,A_H>G_H,A>G,R,0,23,23,226,0.10176991150442478
Proechimys_guyannensis,CO3,A_H>G_H,A>G,S,4,7,3,226,0.01327433628318584
Proechimys_guyannensis,CO3,A_H>G_H,A>G,T,24,0,-24,226,-0.10619469026548672
Proechimys_guyannensis,CO3,A_H>G_H,A>G,V,0,22,22,226,0.09734513274336283
Proechimys_guyannensis,CO3,A_H>G_H,A>G,W,0,0,0,226,0.0
Proechimys_guyannensis,CO3,A_H>G_H,A>G,Y,14,0,-14,226,-0.061946902654867256
Proechimys_guyannensis,CO3,C_H>T_H,C>T,A,15,0,-15,209,-0.07177033492822966
Proechimys_guyannensis,CO3,C_H>T_H,C>T,C,0,3,3,209,0.014354066985645933
Proechimys_guyannensis,CO3,C_H>T_H,C>T,D,0,0,0,209,0.0
Proechimys_guyannensis,CO3,C_H>T_H,C>T,E,0,0,0,209,0.0
Proechimys_guyannensis,CO3,C_H>T_H,C>T,F,0,17,17,209,0.08133971291866028
Proechimys_guyannensis,CO3,C_H>T_H,C>T,G,0,0,0,209,0.0
Proechimys_guyannensis,CO3,C_H>T_H,C>T,H,15,0,-15,209,-0.07177033492822966
Proechimys_guyannensis,CO3,C_H>T_H,C>T,I,0,10,10,209,0.04784688995215311
Proechimys_guyannensis,CO3,C_H>T_H,C>T,K,0,0,0,209,0.0
Proechimys_guyannensis,CO3,C_H>T_H,C>T,L,12,23,11,209,0.05263157894736842
Proechimys_guyannensis,CO3,C_H>T_H,C>T,M,0,14,14,209,0.06698564593301436
Proechimys_guyannensis,CO3,C_H>T_H,C>T,N,0,0,0,209,0.0
Proechimys_guyannensis,CO3,C_H>T_H,C>T,P,22,0,-22,209,-0.10526315789473684
Proechimys_guyannensis,CO3,C_H>T_H,C>T,Q,8,0,-8,209,-0.03827751196172249
Proechimys_guyannensis,CO3,C_H>T_H,C>T,R,5,0,-5,209,-0.023923444976076555
Proechimys_guyannensis,CO3,C_H>T_H,C>T,S,17,11,-6,209,-0.028708133971291867
Proechimys_guyannensis,CO3,C_H>T_H,C>T,T,24,0,-24,209,-0.11483253588516747
Proechimys_guyannensis,CO3,C_H>T_H,C>T,V,0,15,15,209,0.07177033492822966
Proechimys_guyannensis,CO3,C_H>T_H,C>T,W,0,2,2,209,0.009569377990430622
Proechimys_guyannensis,CO3,C_H>T_H,C>T,Y,0,15,15,209,0.07177033492822966
Proechimys_guyannensis,Cytb,A_H>G_H,A>G,A,0,29,29,359,0.0807799442896936
Proechimys_guyannensis,Cytb,A_H>G_H,A>G,C,0,15,15,359,0.04178272980501393
Proechimys_guyannensis,Cytb,A_H>G_H,A>G,D,10,17,7,359,0.019498607242339833
Proechimys_guyannensis,Cytb,A_H>G_H,A>G,E,6,9,3,359,0.008356545961002786
Proechimys_guyannensis,Cytb,A_H>G_H,A>G,F,0,0,0,359,0.0
Proechimys_guyannensis,Cytb,A_H>G_H,A>G,G,0,20,20,359,0.055710306406685235
Proechimys_guyannensis,Cytb,A_H>G_H,A>G,H,13,0,-13,359,-0.036211699164345405
Proechimys_guyannensis,Cytb,A_H>G_H,A>G,I,41,0,-41,359,-0.11420612813370473
Proechimys_guyannensis,Cytb,A_H>G_H,A>G,K,18,0,-18,359,-0.05013927576601671
Proechimys_guyannensis,Cytb,A_H>G_H,A>G,L,0,0,0,359,0.0
Proechimys_guyannensis,Cytb,A_H>G_H,A>G,M,19,0,-19,359,-0.052924791086350974
Proechimys_guyannensis,Cytb,A_H>G_H,A>G,N,34,0,-34,359,-0.0947075208913649
Proechimys_guyannensis,Cytb,A_H>G_H,A>G,P,0,0,0,359,0.0
Proechimys_guyannensis,Cytb,A_H>G_H,A>G,Q,6,0,-6,359,-0.016713091922005572
Proechimys_guyannensis,Cytb,A_H>G_H,A>G,R,0,19,19,359,0.052924791086350974
Proechimys_guyannensis,Cytb,A_H>G_H,A>G,S,3,17,14,359,0.03899721448467967
Proechimys_guyannensis,Cytb,A_H>G_H,A>G,T,29,0,-29,359,-0.0807799442896936
Proechimys_guyannensis,Cytb,A_H>G_H,A>G,V,0,60,60,359,0.1671309192200557
Proechimys_guyannensis,Cytb,A_H>G_H,A>G,W,0,0,0,359,0.0
Proechimys_guyannensis,Cytb,A_H>G_H,A>G,Y,15,0,-15,359,-0.04178272980501393
Proechimys_guyannensis,Cytb,C_H>T_H,C>T,A,22,0,-22,291,-0.07560137457044673
Proechimys_guyannensis,Cytb,C_H>T_H,C>T,C,0,3,3,291,0.010309278350515464
Proechimys_guyannensis,Cytb,C_H>T_H,C>T,D,0,0,0,291,0.0
Proechimys_guyannensis,Cytb,C_H>T_H,C>T,E,0,0,0,291,0.0
Proechimys_guyannensis,Cytb,C_H>T_H,C>T,F,0,21,21,291,0.07216494845360824
Proechimys_guyannensis,Cytb,C_H>T_H,C>T,G,0,0,0,291,0.0
Proechimys_guyannensis,Cytb,C_H>T_H,C>T,H,13,0,-13,291,-0.044673539518900345
Proechimys_guyannensis,Cytb,C_H>T_H,C>T,I,0,14,14,291,0.048109965635738834
Proechimys_guyannensis,Cytb,C_H>T_H,C>T,K,0,0,0,291,0.0
Proechimys_guyannensis,Cytb,C_H>T_H,C>T,L,9,34,25,291,0.0859106529209622
Proechimys_guyannensis,Cytb,C_H>T_H,C>T,M,0,15,15,291,0.05154639175257732
Proechimys_guyannensis,Cytb,C_H>T_H,C>T,N,0,0,0,291,0.0
Proechimys_guyannensis,Cytb,C_H>T_H,C>T,P,46,0,-46,291,-0.15807560137457044
Proechimys_guyannensis,Cytb,C_H>T_H,C>T,Q,6,0,-6,291,-0.020618556701030927
Proechimys_guyannensis,Cytb,C_H>T_H,C>T,R,8,0,-8,291,-0.027491408934707903
Proechimys_guyannensis,Cytb,C_H>T_H,C>T,S,23,23,0,291,0.0
Proechimys_guyannensis,Cytb,C_H>T_H,C>T,T,29,0,-29,291,-0.09965635738831616
Proechimys_guyannensis,Cytb,C_H>T_H,C>T,V,0,22,22,291,0.07560137457044673
Proechimys_guyannensis,Cytb,C_H>T_H,C>T,W,0,5,5,291,0.01718213058419244
Proechimys_guyannensis,Cytb,C_H>T_H,C>T,Y,0,13,13,291,0.044673539518900345
Rusa_unicolor,CO1,A_H>G_H,A>G,A,0,38,38,449,0.08463251670378619
Rusa_unicolor,CO1,A_H>G_H,A>G,C,0,19,19,449,0.042316258351893093
Rusa_unicolor,CO1,A_H>G_H,A>G,D,15,19,4,449,0.008908685968819599
Rusa_unicolor,CO1,A_H>G_H,A>G,E,10,9,-1,449,-0.0022271714922048997
Rusa_unicolor,CO1,A_H>G_H,A>G,F,0,0,0,449,0.0
Rusa_unicolor,CO1,A_H>G_H,A>G,G,0,28,28,449,0.062360801781737196
Rusa_unicolor,CO1,A_H>G_H,A>G,H,17,0,-17,449,-0.0378619153674833
Rusa_unicolor,CO1,A_H>G_H,A>G,I,38,0,-38,449,-0.08463251670378619
Rusa_unicolor,CO1,A_H>G_H,A>G,K,18,0,-18,449,-0.0400890868596882
Rusa_unicolor,CO1,A_H>G_H,A>G,L,0,0,0,449,0.0
Rusa_unicolor,CO1,A_H>G_H,A>G,M,33,0,-33,449,-0.07349665924276169
Rusa_unicolor,CO1,A_H>G_H,A>G,N,38,0,-38,449,-0.08463251670378619
Rusa_unicolor,CO1,A_H>G_H,A>G,P,0,0,0,449,0.0
Rusa_unicolor,CO1,A_H>G_H,A>G,Q,6,0,-6,449,-0.013363028953229399
Rusa_unicolor,CO1,A_H>G_H,A>G,R,0,23,23,449,0.051224944320712694
Rusa_unicolor,CO1,A_H>G_H,A>G,S,3,19,16,449,0.035634743875278395
Rusa_unicolor,CO1,A_H>G_H,A>G,T,38,0,-38,449,-0.08463251670378619
Rusa_unicolor,CO1,A_H>G_H,A>G,V,0,71,71,449,0.15812917594654788
Rusa_unicolor,CO1,A_H>G_H,A>G,W,0,1,1,449,0.0022271714922048997
Rusa_unicolor,CO1,A_H>G_H,A>G,Y,19,0,-19,449,-0.042316258351893093
Rusa_unicolor,CO1,C_H>T_H,C>T,A,39,0,-39,350,-0.11142857142857143
Rusa_unicolor,CO1,C_H>T_H,C>T,C,0,3,3,350,0.008571428571428572
Rusa_unicolor,CO1,C_H>T_H,C>T,D,0,0,0,350,0.0
Rusa_unicolor,CO1,C_H>T_H,C>T,E,0,0,0,350,0.0
Rusa_unicolor,CO1,C_H>T_H,C>T,F,0,27,27,350,0.07714285714285714
Rusa_unicolor,CO1,C_H>T_H,C>T,G,0,0,0,350,0.0
Rusa_unicolor,CO1,C_H>T_H,C>T,H,17,0,-17,350,-0.04857142857142857
Rusa_unicolor,CO1,C_H>T_H,C>T,I,0,16,16,350,0.045714285714285714
Rusa_unicolor,CO1,C_H>T_H,C>T,K,0,0,0,350,0.0
Rusa_unicolor,CO1,C_H>T_H,C>T,L,14,43,29,350,0.08285714285714285
Rusa_unicolor,CO1,C_H>T_H,C>T,M,0,22,22,350,0.06285714285714286
Rusa_unicolor,CO1,C_H>T_H,C>T,N,0,0,0,350,0.0
Rusa_unicolor,CO1,C_H>T_H,C>T,P,56,0,-56,350,-0.16
Rusa_unicolor,CO1,C_H>T_H,C>T,Q,6,0,-6,350,-0.017142857142857144
Rusa_unicolor,CO1,C_H>T_H,C>T,R,8,0,-8,350,-0.022857142857142857
Rusa_unicolor,CO1,C_H>T_H,C>T,S,28,28,0,350,0.0
Rusa_unicolor,CO1,C_H>T_H,C>T,T,38,0,-38,350,-0.10857142857142857
Rusa_unicolor,CO1,C_H>T_H,C>T,V,0,39,39,350,0.11142857142857143
Rusa_unicolor,CO1,C_H>T_H,C>T,W,0,5,5,350,0.014285714285714285
Rusa_unicolor,CO1,C_H>T_H,C>T,Y,0,17,17,350,0.04857142857142857
Rusa_unicolor,CO3,A_H>G_H,A>G,A,0,23,23,217,0.10599078341013825
Rusa_unicolor,CO3,A_H>G_H,A>G,C,0,11,11,217,0.05069124423963134
Rusa_unicolor,CO3,A_H>G_H,A>G,D,3,7,4,217,0.018433179723502304
Rusa_unicolor,CO3,A_H>G_H,A>G,E,8,2,-6,217,-0.027649769585253458
Rusa_unicolor,CO3,A_H>G_H,A>G,F,0,0,0,217,0.0
Rusa_unicolor,CO3,A_H>G_H,A>G,G,0,16,16,217,0.07373271889400922
Rusa_unicolor,CO3,A_H>G_H,A>G,H,17,0,-17,217,-0.07834101382488479
Rusa_unicolor,CO3,A_H>G_H,A>G,I,16,0,-16,217,-0.07373271889400922
Rusa_unicolor,CO3,A_H>G_H,A>G,K,4,0,-4,217,-0.018433179723502304
Rusa_unicolor,CO3,A_H>G_H,A>G,L,0,0,0,217,0.0
Rusa_unicolor,CO3,A_H>G_H,A>G,M,10,0,-10,217,-0.04608294930875576
Rusa_unicolor,CO3,A_H>G_H,A>G,N,14,0,-14,217,-0.06451612903225806
Rusa_unicolor,CO3,A_H>G_H,A>G,P,0,0,0,217,0.0
Rusa_unicolor,CO3,A_H>G_H,A>G,Q,7,0,-7,217,-0.03225806451612903
Rusa_unicolor,CO3,A_H>G_H,A>G,R,0,24,24,217,0.11059907834101383
Rusa_unicolor,CO3,A_H>G_H,A>G,S,5,7,2,217,0.009216589861751152
Rusa_unicolor,CO3,A_H>G_H,A>G,T,23,0,-23,217,-0.10599078341013825
Rusa_unicolor,CO3,A_H>G_H,A>G,V,0,26,26,217,0.11981566820276497
Rusa_unicolor,CO3,A_H>G_H,A>G,W,0,0,0,217,0.0
Rusa_unicolor,CO3,A_H>G_H,A>G,Y,11,0,-11,217,-0.05069124423963134
Rusa_unicolor,CO3,C_H>T_H,C>T,A,15,0,-15,217,-0.06912442396313365
Rusa_unicolor,CO3,C_H>T_H,C>T,C,0,3,3,217,0.013824884792626729
Rusa_unicolor,CO3,C_H>T_H,C>T,D,0,0,0,217,0.0
Rusa_unicolor,CO3,C_H>T_H,C>T,E,0,0,0,217,0.0
Rusa_unicolor,CO3,C_H>T_H,C>T,F,0,16,16,217,0.07373271889400922
Rusa_unicolor,CO3,C_H>T_H,C>T,G,0,0,0,217,0.0
Rusa_unicolor,CO3,C_H>T_H,C>T,H,17,0,-17,217,-0.07834101382488479
Rusa_unicolor,CO3,C_H>T_H,C>T,I,0,13,13,217,0.059907834101382486
Rusa_unicolor,CO3,C_H>T_H,C>T,K,0,0,0,217,0.0
Rusa_unicolor,CO3,C_H>T_H,C>T,L,9,20,11,217,0.05069124423963134
Rusa_unicolor,CO3,C_H>T_H,C>T,M,0,10,10,217,0.04608294930875576
Rusa_unicolor,CO3,C_H>T_H,C>T,N,0,0,0,217,0.0
Rusa_unicolor,CO3,C_H>T_H,C>T,P,24,0,-24,217,-0.11059907834101383
Rusa_unicolor,CO3,C_H>T_H,C>T,Q,7,0,-7,217,-0.03225806451612903
Rusa_unicolor,CO3,C_H>T_H,C>T,R,5,0,-5,217,-0.02304147465437788
Rusa_unicolor,CO3,C_H>T_H,C>T,S,15,12,-3,217,-0.013824884792626729
Rusa_unicolor,CO3,C_H>T_H,C>T,T,23,0,-23,217,-0.10599078341013825
Rusa_unicolor,CO3,C_H>T_H,C>T,V,0,15,15,217,0.06912442396313365
Rusa_unicolor,CO3,C_H>T_H,C>T,W,0,2,2,217,0.009216589861751152
Rusa_unicolor,CO3,C_H>T_H,C>T,Y,0,17,17,217,0.07834101382488479
Rusa_unicolor,Cytb,A_H>G_H,A>G,A,0,26,26,356,0.07303370786516854
Rusa_unicolor,Cytb,A_H>G_H,A>G,C,0,15,15,356,0.042134831460674156
Rusa_unicolor,Cytb,A_H>G_H,A>G,D,11,18,7,356,0.019662921348314606
Rusa_unicolor,Cytb,A_H>G_H,A>G,E,6,9,3,356,0.008426966292134831
Rusa_unicolor,Cytb,A_H>G_H,A>G,F,0,0,0,356,0.0
Rusa_unicolor,Cytb,A_H>G_H,A>G,G,0,21,21,356,0.05898876404494382
Rusa_unicolor,Cytb,A_H>G_H,A>G,H,11,0,-11,356,-0.03089887640449438
Rusa_unicolor,Cytb,A_H>G_H,A>G,I,42,0,-42,356,-0.11797752808988764
Rusa_unicolor,Cytb,A_H>G_H,A>G,K,18,0,-18,356,-0.05056179775280899
Rusa_unicolor,Cytb,A_H>G_H,A>G,L,0,0,0,356,0.0
Rusa_unicolor,Cytb,A_H>G_H,A>G,M,16,0,-16,356,-0.0449438202247191
Rusa_unicolor,Cytb,A_H>G_H,A>G,N,36,0,-36,356,-0.10112359550561797
Rusa_unicolor,Cytb,A_H>G_H,A>G,P,0,0,0,356,0.0
Rusa_unicolor,Cytb,A_H>G_H,A>G,Q,6,0,-6,356,-0.016853932584269662
Rusa_unicolor,Cytb,A_H>G_H,A>G,R,0,17,17,356,0.047752808988764044
Rusa_unicolor,Cytb,A_H>G_H,A>G,S,3,18,15,356,0.042134831460674156
Rusa_unicolor,Cytb,A_H>G_H,A>G,T,26,0,-26,356,-0.07303370786516854
Rusa_unicolor,Cytb,A_H>G_H,A>G,V,0,58,58,356,0.16292134831460675
Rusa_unicolor,Cytb,A_H>G_H,A>G,W,0,0,0,356,0.0
Rusa_unicolor,Cytb,A_H>G_H,A>G,Y,15,0,-15,356,-0.042134831460674156
Rusa_unicolor,Cytb,C_H>T_H,C>T,A,23,0,-23,308,-0.07467532467532467
Rusa_unicolor,Cytb,C_H>T_H,C>T,C,0,1,1,308,0.003246753246753247
Rusa_unicolor,Cytb,C_H>T_H,C>T,D,0,0,0,308,0.0
Rusa_unicolor,Cytb,C_H>T_H,C>T,E,0,0,0,308,0.0
Rusa_unicolor,Cytb,C_H>T_H,C>T,F,0,26,26,308,0.08441558441558442
Rusa_unicolor,Cytb,C_H>T_H,C>T,G,0,0,0,308,0.0
Rusa_unicolor,Cytb,C_H>T_H,C>T,H,11,0,-11,308,-0.03571428571428571
Rusa_unicolor,Cytb,C_H>T_H,C>T,I,0,10,10,308,0.032467532467532464
Rusa_unicolor,Cytb,C_H>T_H,C>T,K,0,0,0,308,0.0
Rusa_unicolor,Cytb,C_H>T_H,C>T,L,17,33,16,308,0.05194805194805195
Rusa_unicolor,Cytb,C_H>T_H,C>T,M,0,16,16,308,0.05194805194805195
Rusa_unicolor,Cytb,C_H>T_H,C>T,N,0,0,0,308,0.0
Rusa_unicolor,Cytb,C_H>T_H,C>T,P,46,0,-46,308,-0.14935064935064934
Rusa_unicolor,Cytb,C_H>T_H,C>T,Q,6,0,-6,308,-0.01948051948051948
Rusa_unicolor,Cytb,C_H>T_H,C>T,R,8,0,-8,308,-0.025974025974025976
Rusa_unicolor,Cytb,C_H>T_H,C>T,S,19,23,4,308,0.012987012987012988
Rusa_unicolor,Cytb,C_H>T_H,C>T,T,26,0,-26,308,-0.08441558441558442
Rusa_unicolor,Cytb,C_H>T_H,C>T,V,0,23,23,308,0.07467532467532467
Rusa_unicolor,Cytb,C_H>T_H,C>T,W,0,7,7,308,0.022727272727272728
Rusa_unicolor,Cytb,C_H>T_H,C>T,Y,0,11,11,308,0.03571428571428571
Sicista_betulina,CO1,A_H>G_H,A>G,A,0,35,35,402,0.08706467661691543
Sicista_betulina,CO1,A_H>G_H,A>G,C,0,18,18,402,0.04477611940298507
Sicista_betulina,CO1,A_H>G_H,A>G,D,16,15,-1,402,-0.0024875621890547263
Sicista_betulina,CO1,A_H>G_H,A>G,E,10,9,-1,402,-0.0024875621890547263
Sicista_betulina,CO1,A_H>G_H,A>G,F,0,0,0,402,0.0
Sicista_betulina,CO1,A_H>G_H,A>G,G,0,29,29,402,0.07213930348258707
Sicista_betulina,CO1,A_H>G_H,A>G,H,18,0,-18,402,-0.04477611940298507
Sicista_betulina,CO1,A_H>G_H,A>G,I,39,0,-39,402,-0.09701492537313433
Sicista_betulina,CO1,A_H>G_H,A>G,K,18,0,-18,402,-0.04477611940298507
Sicista_betulina,CO1,A_H>G_H,A>G,L,0,0,0,402,0.0
Sicista_betulina,CO1,A_H>G_H,A>G,M,32,0,-32,402,-0.07960199004975124
Sicista_betulina,CO1,A_H>G_H,A>G,N,30,0,-30,402,-0.07462686567164178
Sicista_betulina,CO1,A_H>G_H,A>G,P,0,0,0,402,0.0
Sicista_betulina,CO1,A_H>G_H,A>G,Q,6,0,-6,402,-0.014925373134328358
Sicista_betulina,CO1,A_H>G_H,A>G,R,0,24,24,402,0.05970149253731343
Sicista_betulina,CO1,A_H>G_H,A>G,S,3,15,12,402,0.029850746268656716
Sicista_betulina,CO1,A_H>G_H,A>G,T,35,0,-35,402,-0.08706467661691543
Sicista_betulina,CO1,A_H>G_H,A>G,V,0,71,71,402,0.17661691542288557
Sicista_betulina,CO1,A_H>G_H,A>G,W,0,1,1,402,0.0024875621890547263
Sicista_betulina,CO1,A_H>G_H,A>G,Y,18,0,-18,402,-0.04477611940298507
Sicista_betulina,CO1,C_H>T_H,C>T,A,44,0,-44,391,-0.11253196930946291
Sicista_betulina,CO1,C_H>T_H,C>T,C,0,2,2,391,0.005115089514066497
Sicista_betulina,CO1,C_H>T_H,C>T,D,0,0,0,391,0.0
Sicista_betulina,CO1,C_H>T_H,C>T,E,0,0,0,391,0.0
Sicista_betulina,CO1,C_H>T_H,C>T,F,0,44,44,391,0.11253196930946291
Sicista_betulina,CO1,C_H>T_H,C>T,G,0,0,0,391,0.0
Sicista_betulina,CO1,C_H>T_H,C>T,H,18,0,-18,391,-0.04603580562659847
Sicista_betulina,CO1,C_H>T_H,C>T,I,0,19,19,391,0.04859335038363171
Sicista_betulina,CO1,C_H>T_H,C>T,K,0,0,0,391,0.0
Sicista_betulina,CO1,C_H>T_H,C>T,L,23,37,14,391,0.03580562659846547
Sicista_betulina,CO1,C_H>T_H,C>T,M,0,16,16,391,0.04092071611253197
Sicista_betulina,CO1,C_H>T_H,C>T,N,0,0,0,391,0.0
Sicista_betulina,CO1,C_H>T_H,C>T,P,56,0,-56,391,-0.1432225063938619
Sicista_betulina,CO1,C_H>T_H,C>T,Q,6,0,-6,391,-0.015345268542199489
Sicista_betulina,CO1,C_H>T_H,C>T,R,8,0,-8,391,-0.020460358056265986
Sicista_betulina,CO1,C_H>T_H,C>T,S,30,28,-2,391,-0.005115089514066497
Sicista_betulina,CO1,C_H>T_H,C>T,T,35,0,-35,391,-0.08951406649616368
Sicista_betulina,CO1,C_H>T_H,C>T,V,0,44,44,391,0.11253196930946291
Sicista_betulina,CO1,C_H>T_H,C>T,W,0,6,6,391,0.015345268542199489
Sicista_betulina,CO1,C_H>T_H,C>T,Y,0,18,18,391,0.04603580562659847
Sicista_betulina,CO3,A_H>G_H,A>G,A,0,24,24,209,0.11483253588516747
Sicista_betulina,CO3,A_H>G_H,A>G,C,0,11,11,209,0.05263157894736842
Sicista_betulina,CO3,A_H>G_H,A>G,D,3,8,5,209,0.023923444976076555
Sicista_betulina,CO3,A_H>G_H,A>G,E,8,2,-6,209,-0.028708133971291867
Sicista_betulina,CO3,A_H>G_H,A>G,F,0,0,0,209,0.0
Sicista_betulina,CO3,A_H>G_H,A>G,G,0,15,15,209,0.07177033492822966
Sicista_betulina,CO3,A_H>G_H,A>G,H,17,0,-17,209,-0.08133971291866028
Sicista_betulina,CO3,A_H>G_H,A>G,I,14,0,-14,209,-0.06698564593301436
Sicista_betulina,CO3,A_H>G_H,A>G,K,4,0,-4,209,-0.019138755980861243
Sicista_betulina,CO3,A_H>G_H,A>G,L,0,0,0,209,0.0
Sicista_betulina,CO3,A_H>G_H,A>G,M,11,0,-11,209,-0.05263157894736842
Sicista_betulina,CO3,A_H>G_H,A>G,N,16,0,-16,209,-0.07655502392344497
Sicista_betulina,CO3,A_H>G_H,A>G,P,0,0,0,209,0.0
Sicista_betulina,CO3,A_H>G_H,A>G,Q,7,0,-7,209,-0.03349282296650718
Sicista_betulina,CO3,A_H>G_H,A>G,R,0,24,24,209,0.11483253588516747
Sicista_betulina,CO3,A_H>G_H,A>G,S,4,8,4,209,0.019138755980861243
Sicista_betulina,CO3,A_H>G_H,A>G,T,24,0,-24,209,-0.11483253588516747
Sicista_betulina,CO3,A_H>G_H,A>G,V,0,25,25,209,0.11961722488038277
Sicista_betulina,CO3,A_H>G_H,A>G,W,0,0,0,209,0.0
Sicista_betulina,CO3,A_H>G_H,A>G,Y,11,0,-11,209,-0.05263157894736842
Sicista_betulina,CO3,C_H>T_H,C>T,A,12,0,-12,217,-0.055299539170506916
Sicista_betulina,CO3,C_H>T_H,C>T,C,0,3,3,217,0.013824884792626729
Sicista_betulina,CO3,C_H>T_H,C>T,D,0,0,0,217,0.0
Sicista_betulina,CO3,C_H>T_H,C>T,E,0,0,0,217,0.0
Sicista_betulina,CO3,C_H>T_H,C>T,F,0,25,25,217,0.1152073732718894
Sicista_betulina,CO3,C_H>T_H,C>T,G,0,0,0,217,0.0
Sicista_betulina,CO3,C_H>T_H,C>T,H,17,0,-17,217,-0.07834101382488479
Sicista_betulina,CO3,C_H>T_H,C>T,I,0,14,14,217,0.06451612903225806
Sicista_betulina,CO3,C_H>T_H,C>T,K,0,0,0,217,0.0
Sicista_betulina,CO3,C_H>T_H,C>T,L,12,15,3,217,0.013824884792626729
Sicista_betulina,CO3,C_H>T_H,C>T,M,0,10,10,217,0.04608294930875576
Sicista_betulina,CO3,C_H>T_H,C>T,N,0,0,0,217,0.0
Sicista_betulina,CO3,C_H>T_H,C>T,P,26,0,-26,217,-0.11981566820276497
Sicista_betulina,CO3,C_H>T_H,C>T,Q,7,0,-7,217,-0.03225806451612903
Sicista_betulina,CO3,C_H>T_H,C>T,R,5,0,-5,217,-0.02304147465437788
Sicista_betulina,CO3,C_H>T_H,C>T,S,15,13,-2,217,-0.009216589861751152
Sicista_betulina,CO3,C_H>T_H,C>T,T,24,0,-24,217,-0.11059907834101383
Sicista_betulina,CO3,C_H>T_H,C>T,V,0,12,12,217,0.055299539170506916
Sicista_betulina,CO3,C_H>T_H,C>T,W,0,2,2,217,0.009216589861751152
Sicista_betulina,CO3,C_H>T_H,C>T,Y,0,17,17,217,0.07834101382488479
Sicista_betulina,Cytb,A_H>G_H,A>G,A,0,25,25,317,0.07886435331230283
Sicista_betulina,Cytb,A_H>G_H,A>G,C,0,14,14,317,0.04416403785488959
Sicista_betulina,Cytb,A_H>G_H,A>G,D,13,16,3,317,0.00946372239747634
Sicista_betulina,Cytb,A_H>G_H,A>G,E,6,11,5,317,0.015772870662460567
Sicista_betulina,Cytb,A_H>G_H,A>G,F,0,0,0,317,0.0
Sicista_betulina,Cytb,A_H>G_H,A>G,G,0,23,23,317,0.07255520504731862
Sicista_betulina,Cytb,A_H>G_H,A>G,H,13,0,-13,317,-0.04100946372239748
Sicista_betulina,Cytb,A_H>G_H,A>G,I,38,0,-38,317,-0.11987381703470032
Sicista_betulina,Cytb,A_H>G_H,A>G,K,22,0,-22,317,-0.0694006309148265
Sicista_betulina,Cytb,A_H>G_H,A>G,L,0,0,0,317,0.0
Sicista_betulina,Cytb,A_H>G_H,A>G,M,12,0,-12,317,-0.03785488958990536
Sicista_betulina,Cytb,A_H>G_H,A>G,N,32,0,-32,317,-0.10094637223974763
Sicista_betulina,Cytb,A_H>G_H,A>G,P,0,0,0,317,0.0
Sicista_betulina,Cytb,A_H>G_H,A>G,Q,6,0,-6,317,-0.01892744479495268
Sicista_betulina,Cytb,A_H>G_H,A>G,R,0,19,19,317,0.05993690851735016
Sicista_betulina,Cytb,A_H>G_H,A>G,S,4,16,12,317,0.03785488958990536
Sicista_betulina,Cytb,A_H>G_H,A>G,T,25,0,-25,317,-0.07886435331230283
Sicista_betulina,Cytb,A_H>G_H,A>G,V,0,50,50,317,0.15772870662460567
Sicista_betulina,Cytb,A_H>G_H,A>G,W,0,1,1,317,0.0031545741324921135
Sicista_betulina,Cytb,A_H>G_H,A>G,Y,14,0,-14,317,-0.04416403785488959
Sicista_betulina,Cytb,C_H>T_H,C>T,A,21,0,-21,312,-0.0673076923076923
Sicista_betulina,Cytb,C_H>T_H,C>T,C,0,4,4,312,0.01282051282051282
Sicista_betulina,Cytb,C_H>T_H,C>T,D,0,0,0,312,0.0
Sicista_betulina,Cytb,C_H>T_H,C>T,E,0,0,0,312,0.0
Sicista_betulina,Cytb,C_H>T_H,C>T,F,0,30,30,312,0.09615384615384616
Sicista_betulina,Cytb,C_H>T_H,C>T,G,0,0,0,312,0.0
Sicista_betulina,Cytb,C_H>T_H,C>T,H,13,0,-13,312,-0.041666666666666664
Sicista_betulina,Cytb,C_H>T_H,C>T,I,0,16,16,312,0.05128205128205128
Sicista_betulina,Cytb,C_H>T_H,C>T,K,0,0,0,312,0.0
Sicista_betulina,Cytb,C_H>T_H,C>T,L,16,30,14,312,0.04487179487179487
Sicista_betulina,Cytb,C_H>T_H,C>T,M,0,9,9,312,0.028846153846153848
Sicista_betulina,Cytb,C_H>T_H,C>T,N,0,0,0,312,0.0
Sicista_betulina,Cytb,C_H>T_H,C>T,P,42,0,-42,312,-0.1346153846153846
Sicista_betulina,Cytb,C_H>T_H,C>T,Q,6,0,-6,312,-0.019230769230769232
Sicista_betulina,Cytb,C_H>T_H,C>T,R,9,0,-9,312,-0.028846153846153848
Sicista_betulina,Cytb,C_H>T_H,C>T,S,23,21,-2,312,-0.00641025641025641
Sicista_betulina,Cytb,C_H>T_H,C>T,T,25,0,-25,312,-0.08012820512820513
Sicista_betulina,Cytb,C_H>T_H,C>T,V,0,21,21,312,0.0673076923076923
Sicista_betulina,Cytb,C_H>T_H,C>T,W,0,5,5,312,0.016025641025641024
Sicista_betulina,Cytb,C_H>T_H,C>T,Y,0,13,13,312,0.041666666666666664
Spilogale_gracilis,CO1,A_H>G_H,A>G,A,0,38,38,466,0.0815450643776824
Spilogale_gracilis,CO1,A_H>G_H,A>G,C,0,20,20,466,0.04291845493562232
Spilogale_gracilis,CO1,A_H>G_H,A>G,D,15,17,2,466,0.004291845493562232
Spilogale_gracilis,CO1,A_H>G_H,A>G,E,9,9,0,466,0.0
Spilogale_gracilis,CO1,A_H>G_H,A>G,F,0,0,0,466,0.0
Spilogale_gracilis,CO1,A_H>G_H,A>G,G,0,28,28,466,0.060085836909871244
Spilogale_gracilis,CO1,A_H>G_H,A>G,H,18,0,-18,466,-0.03862660944206009
Spilogale_gracilis,CO1,A_H>G_H,A>G,I,37,0,-37,466,-0.07939914163090128
Spilogale_gracilis,CO1,A_H>G_H,A>G,K,18,0,-18,466,-0.03862660944206009
Spilogale_gracilis,CO1,A_H>G_H,A>G,L,0,0,0,466,0.0
Spilogale_gracilis,CO1,A_H>G_H,A>G,M,33,0,-33,466,-0.07081545064377683
Spilogale_gracilis,CO1,A_H>G_H,A>G,N,34,0,-34,466,-0.07296137339055794
Spilogale_gracilis,CO1,A_H>G_H,A>G,P,0,0,0,466,0.0
Spilogale_gracilis,CO1,A_H>G_H,A>G,Q,6,0,-6,466,-0.012875536480686695
Spilogale_gracilis,CO1,A_H>G_H,A>G,R,0,24,24,466,0.05150214592274678
Spilogale_gracilis,CO1,A_H>G_H,A>G,S,4,17,13,466,0.027896995708154508
Spilogale_gracilis,CO1,A_H>G_H,A>G,T,38,0,-38,466,-0.0815450643776824
Spilogale_gracilis,CO1,A_H>G_H,A>G,V,0,70,70,466,0.15021459227467812
Spilogale_gracilis,CO1,A_H>G_H,A>G,W,0,1,1,466,0.002145922746781116
Spilogale_gracilis,CO1,A_H>G_H,A>G,Y,20,0,-20,466,-0.04291845493562232
Spilogale_gracilis,CO1,C_H>T_H,C>T,A,41,0,-41,331,-0.12386706948640483
Spilogale_gracilis,CO1,C_H>T_H,C>T,C,0,1,1,331,0.0030211480362537764
Spilogale_gracilis,CO1,C_H>T_H,C>T,D,0,0,0,331,0.0
Spilogale_gracilis,CO1,C_H>T_H,C>T,E,0,0,0,331,0.0
Spilogale_gracilis,CO1,C_H>T_H,C>T,F,0,28,28,331,0.08459214501510574
Spilogale_gracilis,CO1,C_H>T_H,C>T,G,0,0,0,331,0.0
Spilogale_gracilis,CO1,C_H>T_H,C>T,H,18,0,-18,331,-0.054380664652567974
Spilogale_gracilis,CO1,C_H>T_H,C>T,I,0,13,13,331,0.03927492447129909
Spilogale_gracilis,CO1,C_H>T_H,C>T,K,0,0,0,331,0.0
Spilogale_gracilis,CO1,C_H>T_H,C>T,L,14,43,29,331,0.08761329305135952
Spilogale_gracilis,CO1,C_H>T_H,C>T,M,0,25,25,331,0.0755287009063444
Spilogale_gracilis,CO1,C_H>T_H,C>T,N,0,0,0,331,0.0
Spilogale_gracilis,CO1,C_H>T_H,C>T,P,56,0,-56,331,-0.1691842900302115
Spilogale_gracilis,CO1,C_H>T_H,C>T,Q,6,0,-6,331,-0.01812688821752266
Spilogale_gracilis,CO1,C_H>T_H,C>T,R,8,0,-8,331,-0.02416918429003021
Spilogale_gracilis,CO1,C_H>T_H,C>T,S,29,28,-1,331,-0.0030211480362537764
Spilogale_gracilis,CO1,C_H>T_H,C>T,T,38,0,-38,331,-0.1148036253776435
Spilogale_gracilis,CO1,C_H>T_H,C>T,V,0,41,41,331,0.12386706948640483
Spilogale_gracilis,CO1,C_H>T_H,C>T,W,0,7,7,331,0.021148036253776436
Spilogale_gracilis,CO1,C_H>T_H,C>T,Y,0,18,18,331,0.054380664652567974
Spilogale_gracilis,CO3,A_H>G_H,A>G,A,0,24,24,235,0.10212765957446808
Spilogale_gracilis,CO3,A_H>G_H,A>G,C,0,12,12,235,0.05106382978723404
Spilogale_gracilis,CO3,A_H>G_H,A>G,D,5,8,3,235,0.01276595744680851
Spilogale_gracilis,CO3,A_H>G_H,A>G,E,6,2,-4,235,-0.01702127659574468
Spilogale_gracilis,CO3,A_H>G_H,A>G,F,0,0,0,235,0.0
Spilogale_gracilis,CO3,A_H>G_H,A>G,G,0,15,15,235,0.06382978723404255
Spilogale_gracilis,CO3,A_H>G_H,A>G,H,17,0,-17,235,-0.07234042553191489
Spilogale_gracilis,CO3,A_H>G_H,A>G,I,14,0,-14,235,-0.059574468085106386
Spilogale_gracilis,CO3,A_H>G_H,A>G,K,4,0,-4,235,-0.01702127659574468
Spilogale_gracilis,CO3,A_H>G_H,A>G,L,0,0,0,235,0.0
Spilogale_gracilis,CO3,A_H>G_H,A>G,M,9,0,-9,235,-0.03829787234042553
Spilogale_gracilis,CO3,A_H>G_H,A>G,N,16,0,-16,235,-0.06808510638297872
Spilogale_gracilis,CO3,A_H>G_H,A>G,P,0,0,0,235,0.0
Spilogale_gracilis,CO3,A_H>G_H,A>G,Q,7,0,-7,235,-0.029787234042553193
Spilogale_gracilis,CO3,A_H>G_H,A>G,R,0,24,24,235,0.10212765957446808
Spilogale_gracilis,CO3,A_H>G_H,A>G,S,4,8,4,235,0.01702127659574468
Spilogale_gracilis,CO3,A_H>G_H,A>G,T,24,0,-24,235,-0.10212765957446808
Spilogale_gracilis,CO3,A_H>G_H,A>G,V,0,23,23,235,0.09787234042553192
Spilogale_gracilis,CO3,A_H>G_H,A>G,W,0,0,0,235,0.0
Spilogale_gracilis,CO3,A_H>G_H,A>G,Y,12,0,-12,235,-0.05106382978723404
Spilogale_gracilis,CO3,C_H>T_H,C>T,A,15,0,-15,193,-0.07772020725388601
Spilogale_gracilis,CO3,C_H>T_H,C>T,C,0,1,1,193,0.0051813471502590676
Spilogale_gracilis,CO3,C_H>T_H,C>T,D,0,0,0,193,0.0
Spilogale_gracilis,CO3,C_H>T_H,C>T,E,0,0,0,193,0.0
Spilogale_gracilis,CO3,C_H>T_H,C>T,F,0,14,14,193,0.07253886010362694
Spilogale_gracilis,CO3,C_H>T_H,C>T,G,0,0,0,193,0.0
Spilogale_gracilis,CO3,C_H>T_H,C>T,H,17,0,-17,193,-0.08808290155440414
Spilogale_gracilis,CO3,C_H>T_H,C>T,I,0,11,11,193,0.05699481865284974
Spilogale_gracilis,CO3,C_H>T_H,C>T,K,0,0,0,193,0.0
Spilogale_gracilis,CO3,C_H>T_H,C>T,L,6,19,13,193,0.06735751295336788
Spilogale_gracilis,CO3,C_H>T_H,C>T,M,0,13,13,193,0.06735751295336788
Spilogale_gracilis,CO3,C_H>T_H,C>T,N,0,0,0,193,0.0
Spilogale_gracilis,CO3,C_H>T_H,C>T,P,22,0,-22,193,-0.11398963730569948
Spilogale_gracilis,CO3,C_H>T_H,C>T,Q,7,0,-7,193,-0.03626943005181347
Spilogale_gracilis,CO3,C_H>T_H,C>T,R,5,0,-5,193,-0.025906735751295335
Spilogale_gracilis,CO3,C_H>T_H,C>T,S,16,11,-5,193,-0.025906735751295335
Spilogale_gracilis,CO3,C_H>T_H,C>T,T,24,0,-24,193,-0.12435233160621761
Spilogale_gracilis,CO3,C_H>T_H,C>T,V,0,15,15,193,0.07772020725388601
Spilogale_gracilis,CO3,C_H>T_H,C>T,W,0,4,4,193,0.02072538860103627
Spilogale_gracilis,CO3,C_H>T_H,C>T,Y,0,17,17,193,0.08808290155440414
Spilogale_gracilis,Cytb,A_H>G_H,A>G,A,0,27,27,349,0.07736389684813753
Spilogale_gracilis,Cytb,A_H>G_H,A>G,C,0,16,16,349,0.045845272206303724
Spilogale_gracilis,Cytb,A_H>G_H,A>G,D,12,17,5,349,0.014326647564469915
Spilogale_gracilis,Cytb,A_H>G_H,A>G,E,6,9,3,349,0.008595988538681949
Spilogale_gracilis,Cytb,A_H>G_H,A>G,F,0,0,0,349,0.0
Spilogale_gracilis,Cytb,A_H>G_H,A>G,G,0,23,23,349,0.0659025787965616
Spilogale_gracilis,Cytb,A_H>G_H,A>G,H,11,0,-11,349,-0.03151862464183381
Spilogale_gracilis,Cytb,A_H>G_H,A>G,I,41,0,-41,349,-0.1174785100286533
Spilogale_gracilis,Cytb,A_H>G_H,A>G,K,18,0,-18,349,-0.05157593123209169
Spilogale_gracilis,Cytb,A_H>G_H,A>G,L,0,0,0,349,0.0
Spilogale_gracilis,Cytb,A_H>G_H,A>G,M,16,0,-16,349,-0.045845272206303724
Spilogale_gracilis,Cytb,A_H>G_H,A>G,N,34,0,-34,349,-0.09742120343839542
Spilogale_gracilis,Cytb,A_H>G_H,A>G,P,0,0,0,349,0.0
Spilogale_gracilis,Cytb,A_H>G_H,A>G,Q,6,0,-6,349,-0.017191977077363897
Spilogale_gracilis,Cytb,A_H>G_H,A>G,R,0,17,17,349,0.04871060171919771
Spilogale_gracilis,Cytb,A_H>G_H,A>G,S,4,17,13,349,0.03724928366762178
Spilogale_gracilis,Cytb,A_H>G_H,A>G,T,27,0,-27,349,-0.07736389684813753
Spilogale_gracilis,Cytb,A_H>G_H,A>G,V,0,57,57,349,0.16332378223495703
Spilogale_gracilis,Cytb,A_H>G_H,A>G,W,0,0,0,349,0.0
Spilogale_gracilis,Cytb,A_H>G_H,A>G,Y,16,0,-16,349,-0.045845272206303724
Spilogale_gracilis,Cytb,C_H>T_H,C>T,A,22,0,-22,308,-0.07142857142857142
Spilogale_gracilis,Cytb,C_H>T_H,C>T,C,0,0,0,308,0.0
Spilogale_gracilis,Cytb,C_H>T_H,C>T,D,0,0,0,308,0.0
Spilogale_gracilis,Cytb,C_H>T_H,C>T,E,0,0,0,308,0.0
Spilogale_gracilis,Cytb,C_H>T_H,C>T,F,0,21,21,308,0.06818181818181818
Spilogale_gracilis,Cytb,C_H>T_H,C>T,G,0,0,0,308,0.0
Spilogale_gracilis,Cytb,C_H>T_H,C>T,H,11,0,-11,308,-0.03571428571428571
Spilogale_gracilis,Cytb,C_H>T_H,C>T,I,0,15,15,308,0.048701298701298704
Spilogale_gracilis,Cytb,C_H>T_H,C>T,K,0,0,0,308,0.0
Spilogale_gracilis,Cytb,C_H>T_H,C>T,L,12,35,23,308,0.07467532467532467
Spilogale_gracilis,Cytb,C_H>T_H,C>T,M,0,12,12,308,0.03896103896103896
Spilogale_gracilis,Cytb,C_H>T_H,C>T,N,0,0,0,308,0.0
Spilogale_gracilis,Cytb,C_H>T_H,C>T,P,44,0,-44,308,-0.14285714285714285
Spilogale_gracilis,Cytb,C_H>T_H,C>T,Q,6,0,-6,308,-0.01948051948051948
Spilogale_gracilis,Cytb,C_H>T_H,C>T,R,8,0,-8,308,-0.025974025974025976
Spilogale_gracilis,Cytb,C_H>T_H,C>T,S,22,22,0,308,0.0
Spilogale_gracilis,Cytb,C_H>T_H,C>T,T,27,0,-27,308,-0.08766233766233766
Spilogale_gracilis,Cytb,C_H>T_H,C>T,V,0,22,22,308,0.07142857142857142
Spilogale_gracilis,Cytb,C_H>T_H,C>T,W,0,8,8,308,0.025974025974025976
Spilogale_gracilis,Cytb,C_H>T_H,C>T,Y,0,11,11,308,0.03571428571428571
Stenella_attenuata,CO1,A_H>G_H,A>G,A,0,38,38,450,0.08444444444444445
Stenella_attenuata,CO1,A_H>G_H,A>G,C,0,20,20,450,0.044444444444444446
Stenella_attenuata,CO1,A_H>G_H,A>G,D,15,19,4,450,0.008888888888888889
Stenella_attenuata,CO1,A_H>G_H,A>G,E,9,9,0,450,0.0
Stenella_attenuata,CO1,A_H>G_H,A>G,F,0,0,0,450,0.0
Stenella_attenuata,CO1,A_H>G_H,A>G,G,0,28,28,450,0.06222222222222222
Stenella_attenuata,CO1,A_H>G_H,A>G,H,16,0,-16,450,-0.035555555555555556
Stenella_attenuata,CO1,A_H>G_H,A>G,I,38,0,-38,450,-0.08444444444444445
Stenella_attenuata,CO1,A_H>G_H,A>G,K,18,0,-18,450,-0.04
Stenella_attenuata,CO1,A_H>G_H,A>G,L,0,0,0,450,0.0
Stenella_attenuata,CO1,A_H>G_H,A>G,M,31,0,-31,450,-0.06888888888888889
Stenella_attenuata,CO1,A_H>G_H,A>G,N,38,0,-38,450,-0.08444444444444445
Stenella_attenuata,CO1,A_H>G_H,A>G,P,0,0,0,450,0.0
Stenella_attenuata,CO1,A_H>G_H,A>G,Q,7,0,-7,450,-0.015555555555555555
Stenella_attenuata,CO1,A_H>G_H,A>G,R,0,23,23,450,0.051111111111111114
Stenella_attenuata,CO1,A_H>G_H,A>G,S,3,19,16,450,0.035555555555555556
Stenella_attenuata,CO1,A_H>G_H,A>G,T,38,0,-38,450,-0.08444444444444445
Stenella_attenuata,CO1,A_H>G_H,A>G,V,0,69,69,450,0.15333333333333332
Stenella_attenuata,CO1,A_H>G_H,A>G,W,0,0,0,450,0.0
Stenella_attenuata,CO1,A_H>G_H,A>G,Y,20,0,-20,450,-0.044444444444444446
Stenella_attenuata,CO1,C_H>T_H,C>T,A,38,0,-38,361,-0.10526315789473684
Stenella_attenuata,CO1,C_H>T_H,C>T,C,0,3,3,361,0.008310249307479225
Stenella_attenuata,CO1,C_H>T_H,C>T,D,0,0,0,361,0.0
Stenella_attenuata,CO1,C_H>T_H,C>T,E,0,0,0,361,0.0
Stenella_attenuata,CO1,C_H>T_H,C>T,F,0,25,25,361,0.06925207756232687
Stenella_attenuata,CO1,C_H>T_H,C>T,G,0,0,0,361,0.0
Stenella_attenuata,CO1,C_H>T_H,C>T,H,16,0,-16,361,-0.0443213296398892
Stenella_attenuata,CO1,C_H>T_H,C>T,I,0,16,16,361,0.0443213296398892
Stenella_attenuata,CO1,C_H>T_H,C>T,K,0,0,0,361,0.0
Stenella_attenuata,CO1,C_H>T_H,C>T,L,13,45,32,361,0.0886426592797784
Stenella_attenuata,CO1,C_H>T_H,C>T,M,0,22,22,361,0.060941828254847646
Stenella_attenuata,CO1,C_H>T_H,C>T,N,0,0,0,361,0.0
Stenella_attenuata,CO1,C_H>T_H,C>T,P,58,0,-58,361,-0.16066481994459833
Stenella_attenuata,CO1,C_H>T_H,C>T,Q,7,0,-7,361,-0.019390581717451522
Stenella_attenuata,CO1,C_H>T_H,C>T,R,8,0,-8,361,-0.0221606648199446
Stenella_attenuata,CO1,C_H>T_H,C>T,S,28,29,1,361,0.002770083102493075
Stenella_attenuata,CO1,C_H>T_H,C>T,T,38,0,-38,361,-0.10526315789473684
Stenella_attenuata,CO1,C_H>T_H,C>T,V,0,38,38,361,0.10526315789473684
Stenella_attenuata,CO1,C_H>T_H,C>T,W,0,5,5,361,0.013850415512465374
Stenella_attenuata,CO1,C_H>T_H,C>T,Y,0,16,16,361,0.0443213296398892
Stenella_attenuata,CO3,A_H>G_H,A>G,A,0,22,22,221,0.09954751131221719
Stenella_attenuata,CO3,A_H>G_H,A>G,C,0,11,11,221,0.049773755656108594
Stenella_attenuata,CO3,A_H>G_H,A>G,D,3,7,4,221,0.01809954751131222
Stenella_attenuata,CO3,A_H>G_H,A>G,E,8,2,-6,221,-0.027149321266968326
Stenella_attenuata,CO3,A_H>G_H,A>G,F,0,0,0,221,0.0
Stenella_attenuata,CO3,A_H>G_H,A>G,G,0,16,16,221,0.07239819004524888
Stenella_attenuata,CO3,A_H>G_H,A>G,H,17,0,-17,221,-0.07692307692307693
Stenella_attenuata,CO3,A_H>G_H,A>G,I,16,0,-16,221,-0.07239819004524888
Stenella_attenuata,CO3,A_H>G_H,A>G,K,4,0,-4,221,-0.01809954751131222
Stenella_attenuata,CO3,A_H>G_H,A>G,L,0,0,0,221,0.0
Stenella_attenuata,CO3,A_H>G_H,A>G,M,13,0,-13,221,-0.058823529411764705
Stenella_attenuata,CO3,A_H>G_H,A>G,N,14,0,-14,221,-0.06334841628959276
Stenella_attenuata,CO3,A_H>G_H,A>G,P,0,0,0,221,0.0
Stenella_attenuata,CO3,A_H>G_H,A>G,Q,7,0,-7,221,-0.03167420814479638
Stenella_attenuata,CO3,A_H>G_H,A>G,R,0,24,24,221,0.1085972850678733
Stenella_attenuata,CO3,A_H>G_H,A>G,S,5,7,2,221,0.00904977375565611
Stenella_attenuata,CO3,A_H>G_H,A>G,T,22,0,-22,221,-0.09954751131221719
Stenella_attenuata,CO3,A_H>G_H,A>G,V,0,29,29,221,0.13122171945701358
Stenella_attenuata,CO3,A_H>G_H,A>G,W,0,0,0,221,0.0
Stenella_attenuata,CO3,A_H>G_H,A>G,Y,11,0,-11,221,-0.049773755656108594
Stenella_attenuata,CO3,C_H>T_H,C>T,A,13,0,-13,228,-0.05701754385964912
Stenella_attenuata,CO3,C_H>T_H,C>T,C,0,2,2,228,0.008771929824561403
Stenella_attenuata,CO3,C_H>T_H,C>T,D,0,0,0,228,0.0
Stenella_attenuata,CO3,C_H>T_H,C>T,E,0,0,0,228,0.0
Stenella_attenuata,CO3,C_H>T_H,C>T,F,0,22,22,228,0.09649122807017543
Stenella_attenuata,CO3,C_H>T_H,C>T,G,0,0,0,228,0.0
Stenella_attenuata,CO3,C_H>T_H,C>T,H,17,0,-17,228,-0.07456140350877193
Stenella_attenuata,CO3,C_H>T_H,C>T,I,0,11,11,228,0.04824561403508772
Stenella_attenuata,CO3,C_H>T_H,C>T,K,0,0,0,228,0.0
Stenella_attenuata,CO3,C_H>T_H,C>T,L,15,22,7,228,0.03070175438596491
Stenella_attenuata,CO3,C_H>T_H,C>T,M,0,11,11,228,0.04824561403508772
Stenella_attenuata,CO3,C_H>T_H,C>T,N,0,0,0,228,0.0
Stenella_attenuata,CO3,C_H>T_H,C>T,P,24,0,-24,228,-0.10526315789473684
Stenella_attenuata,CO3,C_H>T_H,C>T,Q,7,0,-7,228,-0.03070175438596491
Stenella_attenuata,CO3,C_H>T_H,C>T,R,5,0,-5,228,-0.021929824561403508
Stenella_attenuata,CO3,C_H>T_H,C>T,S,17,12,-5,228,-0.021929824561403508
Stenella_attenuata,CO3,C_H>T_H,C>T,T,22,0,-22,228,-0.09649122807017543
Stenella_attenuata,CO3,C_H>T_H,C>T,V,0,13,13,228,0.05701754385964912
Stenella_attenuata,CO3,C_H>T_H,C>T,W,0,3,3,228,0.013157894736842105
Stenella_attenuata,CO3,C_H>T_H,C>T,Y,0,17,17,228,0.07456140350877193
Stenella_attenuata,Cytb,A_H>G_H,A>G,A,0,30,30,348,0.08620689655172414
Stenella_attenuata,Cytb,A_H>G_H,A>G,C,0,16,16,348,0.04597701149425287
Stenella_attenuata,Cytb,A_H>G_H,A>G,D,11,15,4,348,0.011494252873563218
Stenella_attenuata,Cytb,A_H>G_H,A>G,E,6,9,3,348,0.008620689655172414
Stenella_attenuata,Cytb,A_H>G_H,A>G,F,0,0,0,348,0.0
Stenella_attenuata,Cytb,A_H>G_H,A>G,G,0,21,21,348,0.0603448275862069
Stenella_attenuata,Cytb,A_H>G_H,A>G,H,11,0,-11,348,-0.031609195402298854
Stenella_attenuata,Cytb,A_H>G_H,A>G,I,36,0,-36,348,-0.10344827586206896
Stenella_attenuata,Cytb,A_H>G_H,A>G,K,18,0,-18,348,-0.05172413793103448
Stenella_attenuata,Cytb,A_H>G_H,A>G,L,0,0,0,348,0.0
Stenella_attenuata,Cytb,A_H>G_H,A>G,M,14,0,-14,348,-0.040229885057471264
Stenella_attenuata,Cytb,A_H>G_H,A>G,N,30,0,-30,348,-0.08620689655172414
Stenella_attenuata,Cytb,A_H>G_H,A>G,P,0,0,0,348,0.0
Stenella_attenuata,Cytb,A_H>G_H,A>G,Q,8,0,-8,348,-0.022988505747126436
Stenella_attenuata,Cytb,A_H>G_H,A>G,R,0,19,19,348,0.05459770114942529
Stenella_attenuata,Cytb,A_H>G_H,A>G,S,3,15,12,348,0.034482758620689655
Stenella_attenuata,Cytb,A_H>G_H,A>G,T,30,0,-30,348,-0.08620689655172414
Stenella_attenuata,Cytb,A_H>G_H,A>G,V,0,50,50,348,0.14367816091954022
Stenella_attenuata,Cytb,A_H>G_H,A>G,W,0,0,0,348,0.0
Stenella_attenuata,Cytb,A_H>G_H,A>G,Y,16,0,-16,348,-0.04597701149425287
Stenella_attenuata,Cytb,C_H>T_H,C>T,A,25,0,-25,337,-0.07418397626112759
Stenella_attenuata,Cytb,C_H>T_H,C>T,C,0,3,3,337,0.008902077151335312
Stenella_attenuata,Cytb,C_H>T_H,C>T,D,0,0,0,337,0.0
Stenella_attenuata,Cytb,C_H>T_H,C>T,E,0,0,0,337,0.0
Stenella_attenuata,Cytb,C_H>T_H,C>T,F,0,28,28,337,0.0830860534124629
Stenella_attenuata,Cytb,C_H>T_H,C>T,G,0,0,0,337,0.0
Stenella_attenuata,Cytb,C_H>T_H,C>T,H,11,0,-11,337,-0.032640949554896145
Stenella_attenuata,Cytb,C_H>T_H,C>T,I,0,16,16,337,0.04747774480712166
Stenella_attenuata,Cytb,C_H>T_H,C>T,K,0,0,0,337,0.0
Stenella_attenuata,Cytb,C_H>T_H,C>T,L,16,30,14,337,0.04154302670623145
Stenella_attenuata,Cytb,C_H>T_H,C>T,M,0,14,14,337,0.04154302670623145
Stenella_attenuata,Cytb,C_H>T_H,C>T,N,0,0,0,337,0.0
Stenella_attenuata,Cytb,C_H>T_H,C>T,P,46,0,-46,337,-0.13649851632047477
Stenella_attenuata,Cytb,C_H>T_H,C>T,Q,8,0,-8,337,-0.02373887240356083
Stenella_attenuata,Cytb,C_H>T_H,C>T,R,8,0,-8,337,-0.02373887240356083
Stenella_attenuata,Cytb,C_H>T_H,C>T,S,19,23,4,337,0.011869436201780416
Stenella_attenuata,Cytb,C_H>T_H,C>T,T,30,0,-30,337,-0.08902077151335312
Stenella_attenuata,Cytb,C_H>T_H,C>T,V,0,25,25,337,0.07418397626112759
Stenella_attenuata,Cytb,C_H>T_H,C>T,W,0,5,5,337,0.01483679525222552
Stenella_attenuata,Cytb,C_H>T_H,C>T,Y,0,11,11,337,0.032640949554896145
Stenella_longirostris,CO1,A_H>G_H,A>G,A,0,38,38,448,0.08482142857142858
Stenella_longirostris,CO1,A_H>G_H,A>G,C,0,20,20,448,0.044642857142857144
Stenella_longirostris,CO1,A_H>G_H,A>G,D,15,19,4,448,0.008928571428571428
Stenella_longirostris,CO1,A_H>G_H,A>G,E,9,9,0,448,0.0
Stenella_longirostris,CO1,A_H>G_H,A>G,F,0,0,0,448,0.0
Stenella_longirostris,CO1,A_H>G_H,A>G,G,0,28,28,448,0.0625
Stenella_longirostris,CO1,A_H>G_H,A>G,H,16,0,-16,448,-0.03571428571428571
Stenella_longirostris,CO1,A_H>G_H,A>G,I,38,0,-38,448,-0.08482142857142858
Stenella_longirostris,CO1,A_H>G_H,A>G,K,18,0,-18,448,-0.04017857142857143
Stenella_longirostris,CO1,A_H>G_H,A>G,L,0,0,0,448,0.0
Stenella_longirostris,CO1,A_H>G_H,A>G,M,31,0,-31,448,-0.06919642857142858
Stenella_longirostris,CO1,A_H>G_H,A>G,N,38,0,-38,448,-0.08482142857142858
Stenella_longirostris,CO1,A_H>G_H,A>G,P,0,0,0,448,0.0
Stenella_longirostris,CO1,A_H>G_H,A>G,Q,7,0,-7,448,-0.015625
Stenella_longirostris,CO1,A_H>G_H,A>G,R,0,23,23,448,0.05133928571428571
Stenella_longirostris,CO1,A_H>G_H,A>G,S,3,19,16,448,0.03571428571428571
Stenella_longirostris,CO1,A_H>G_H,A>G,T,38,0,-38,448,-0.08482142857142858
Stenella_longirostris,CO1,A_H>G_H,A>G,V,0,69,69,448,0.15401785714285715
Stenella_longirostris,CO1,A_H>G_H,A>G,W,0,0,0,448,0.0
Stenella_longirostris,CO1,A_H>G_H,A>G,Y,20,0,-20,448,-0.044642857142857144
Stenella_longirostris,CO1,C_H>T_H,C>T,A,38,0,-38,355,-0.10704225352112676
Stenella_longirostris,CO1,C_H>T_H,C>T,C,0,3,3,355,0.008450704225352112
Stenella_longirostris,CO1,C_H>T_H,C>T,D,0,0,0,355,0.0
Stenella_longirostris,CO1,C_H>T_H,C>T,E,0,0,0,355,0.0
Stenella_longirostris,CO1,C_H>T_H,C>T,F,0,25,25,355,0.07042253521126761
Stenella_longirostris,CO1,C_H>T_H,C>T,G,0,0,0,355,0.0
Stenella_longirostris,CO1,C_H>T_H,C>T,H,16,0,-16,355,-0.04507042253521127
Stenella_longirostris,CO1,C_H>T_H,C>T,I,0,16,16,355,0.04507042253521127
Stenella_longirostris,CO1,C_H>T_H,C>T,K,0,0,0,355,0.0
Stenella_longirostris,CO1,C_H>T_H,C>T,L,13,45,32,355,0.09014084507042254
Stenella_longirostris,CO1,C_H>T_H,C>T,M,0,22,22,355,0.061971830985915494
Stenella_longirostris,CO1,C_H>T_H,C>T,N,0,0,0,355,0.0
Stenella_longirostris,CO1,C_H>T_H,C>T,P,58,0,-58,355,-0.16338028169014085
Stenella_longirostris,CO1,C_H>T_H,C>T,Q,7,0,-7,355,-0.01971830985915493
Stenella_longirostris,CO1,C_H>T_H,C>T,R,8,0,-8,355,-0.022535211267605635
Stenella_longirostris,CO1,C_H>T_H,C>T,S,28,29,1,355,0.0028169014084507044
Stenella_longirostris,CO1,C_H>T_H,C>T,T,38,0,-38,355,-0.10704225352112676
Stenella_longirostris,CO1,C_H>T_H,C>T,V,0,38,38,355,0.10704225352112676
Stenella_longirostris,CO1,C_H>T_H,C>T,W,0,5,5,355,0.014084507042253521
Stenella_longirostris,CO1,C_H>T_H,C>T,Y,0,16,16,355,0.04507042253521127
Stenella_longirostris,CO3,A_H>G_H,A>G,A,0,22,22,219,0.1004566210045662
Stenella_longirostris,CO3,A_H>G_H,A>G,C,0,11,11,219,0.0502283105022831
Stenella_longirostris,CO3,A_H>G_H,A>G,D,3,7,4,219,0.0182648401826484
Stenella_longirostris,CO3,A_H>G_H,A>G,E,8,2,-6,219,-0.0273972602739726
Stenella_longirostris,CO3,A_H>G_H,A>G,F,0,0,0,219,0.0
Stenella_longirostris,CO3,A_H>G_H,A>G,G,0,16,16,219,0.0730593607305936
Stenella_longirostris,CO3,A_H>G_H,A>G,H,17,0,-17,219,-0.0776255707762557
Stenella_longirostris,CO3,A_H>G_H,A>G,I,16,0,-16,219,-0.0730593607305936
Stenella_longirostris,CO3,A_H>G_H,A>G,K,4,0,-4,219,-0.0182648401826484
Stenella_longirostris,CO3,A_H>G_H,A>G,L,0,0,0,219,0.0
Stenella_longirostris,CO3,A_H>G_H,A>G,M,13,0,-13,219,-0.0593607305936073
Stenella_longirostris,CO3,A_H>G_H,A>G,N,14,0,-14,219,-0.0639269406392694
Stenella_longirostris,CO3,A_H>G_H,A>G,P,0,0,0,219,0.0
Stenella_longirostris,CO3,A_H>G_H,A>G,Q,7,0,-7,219,-0.0319634703196347
Stenella_longirostris,CO3,A_H>G_H,A>G,R,0,24,24,219,0.1095890410958904
Stenella_longirostris,CO3,A_H>G_H,A>G,S,5,7,2,219,0.0091324200913242
Stenella_longirostris,CO3,A_H>G_H,A>G,T,22,0,-22,219,-0.1004566210045662
Stenella_longirostris,CO3,A_H>G_H,A>G,V,0,29,29,219,0.1324200913242009
Stenella_longirostris,CO3,A_H>G_H,A>G,W,0,0,0,219,0.0
Stenella_longirostris,CO3,A_H>G_H,A>G,Y,11,0,-11,219,-0.0502283105022831
Stenella_longirostris,CO3,C_H>T_H,C>T,A,13,0,-13,225,-0.057777777777777775
Stenella_longirostris,CO3,C_H>T_H,C>T,C,0,2,2,225,0.008888888888888889
Stenella_longirostris,CO3,C_H>T_H,C>T,D,0,0,0,225,0.0
Stenella_longirostris,CO3,C_H>T_H,C>T,E,0,0,0,225,0.0
Stenella_longirostris,CO3,C_H>T_H,C>T,F,0,21,21,225,0.09333333333333334
Stenella_longirostris,CO3,C_H>T_H,C>T,G,0,0,0,225,0.0
Stenella_longirostris,CO3,C_H>T_H,C>T,H,17,0,-17,225,-0.07555555555555556
Stenella_longirostris,CO3,C_H>T_H,C>T,I,0,11,11,225,0.04888888888888889
Stenella_longirostris,CO3,C_H>T_H,C>T,K,0,0,0,225,0.0
Stenella_longirostris,CO3,C_H>T_H,C>T,L,15,23,8,225,0.035555555555555556
Stenella_longirostris,CO3,C_H>T_H,C>T,M,0,11,11,225,0.04888888888888889
Stenella_longirostris,CO3,C_H>T_H,C>T,N,0,0,0,225,0.0
Stenella_longirostris,CO3,C_H>T_H,C>T,P,24,0,-24,225,-0.10666666666666667
Stenella_longirostris,CO3,C_H>T_H,C>T,Q,7,0,-7,225,-0.03111111111111111
Stenella_longirostris,CO3,C_H>T_H,C>T,R,5,0,-5,225,-0.022222222222222223
Stenella_longirostris,CO3,C_H>T_H,C>T,S,17,12,-5,225,-0.022222222222222223
Stenella_longirostris,CO3,C_H>T_H,C>T,T,22,0,-22,225,-0.09777777777777778
Stenella_longirostris,CO3,C_H>T_H,C>T,V,0,13,13,225,0.057777777777777775
Stenella_longirostris,CO3,C_H>T_H,C>T,W,0,3,3,225,0.013333333333333334
Stenella_longirostris,CO3,C_H>T_H,C>T,Y,0,17,17,225,0.07555555555555556
Stenella_longirostris,Cytb,A_H>G_H,A>G,A,0,30,30,347,0.08645533141210375
Stenella_longirostris,Cytb,A_H>G_H,A>G,C,0,16,16,347,0.04610951008645533
Stenella_longirostris,Cytb,A_H>G_H,A>G,D,11,15,4,347,0.011527377521613832
Stenella_longirostris,Cytb,A_H>G_H,A>G,E,6,9,3,347,0.008645533141210375
Stenella_longirostris,Cytb,A_H>G_H,A>G,F,0,0,0,347,0.0
Stenella_longirostris,Cytb,A_H>G_H,A>G,G,0,21,21,347,0.06051873198847262
Stenella_longirostris,Cytb,A_H>G_H,A>G,H,11,0,-11,347,-0.03170028818443804
Stenella_longirostris,Cytb,A_H>G_H,A>G,I,36,0,-36,347,-0.1037463976945245
Stenella_longirostris,Cytb,A_H>G_H,A>G,K,18,0,-18,347,-0.05187319884726225
Stenella_longirostris,Cytb,A_H>G_H,A>G,L,0,0,0,347,0.0
Stenella_longirostris,Cytb,A_H>G_H,A>G,M,14,0,-14,347,-0.040345821325648415
Stenella_longirostris,Cytb,A_H>G_H,A>G,N,30,0,-30,347,-0.08645533141210375
Stenella_longirostris,Cytb,A_H>G_H,A>G,P,0,0,0,347,0.0
Stenella_longirostris,Cytb,A_H>G_H,A>G,Q,8,0,-8,347,-0.023054755043227664
Stenella_longirostris,Cytb,A_H>G_H,A>G,R,0,19,19,347,0.05475504322766571
Stenella_longirostris,Cytb,A_H>G_H,A>G,S,3,15,12,347,0.0345821325648415
Stenella_longirostris,Cytb,A_H>G_H,A>G,T,30,0,-30,347,-0.08645533141210375
Stenella_longirostris,Cytb,A_H>G_H,A>G,V,0,50,50,347,0.1440922190201729
Stenella_longirostris,Cytb,A_H>G_H,A>G,W,0,0,0,347,0.0
Stenella_longirostris,Cytb,A_H>G_H,A>G,Y,16,0,-16,347,-0.04610951008645533
Stenella_longirostris,Cytb,C_H>T_H,C>T,A,25,0,-25,338,-0.07396449704142012
Stenella_longirostris,Cytb,C_H>T_H,C>T,C,0,3,3,338,0.008875739644970414
Stenella_longirostris,Cytb,C_H>T_H,C>T,D,0,0,0,338,0.0
Stenella_longirostris,Cytb,C_H>T_H,C>T,E,0,0,0,338,0.0
Stenella_longirostris,Cytb,C_H>T_H,C>T,F,0,26,26,338,0.07692307692307693
Stenella_longirostris,Cytb,C_H>T_H,C>T,G,0,0,0,338,0.0
Stenella_longirostris,Cytb,C_H>T_H,C>T,H,11,0,-11,338,-0.03254437869822485
Stenella_longirostris,Cytb,C_H>T_H,C>T,I,0,16,16,338,0.047337278106508875
Stenella_longirostris,Cytb,C_H>T_H,C>T,K,0,0,0,338,0.0
Stenella_longirostris,Cytb,C_H>T_H,C>T,L,15,30,15,338,0.04437869822485207
Stenella_longirostris,Cytb,C_H>T_H,C>T,M,0,14,14,338,0.04142011834319527
Stenella_longirostris,Cytb,C_H>T_H,C>T,N,0,0,0,338,0.0
Stenella_longirostris,Cytb,C_H>T_H,C>T,P,46,0,-46,338,-0.13609467455621302
Stenella_longirostris,Cytb,C_H>T_H,C>T,Q,8,0,-8,338,-0.023668639053254437
Stenella_longirostris,Cytb,C_H>T_H,C>T,R,8,0,-8,338,-0.023668639053254437
Stenella_longirostris,Cytb,C_H>T_H,C>T,S,18,23,5,338,0.014792899408284023
Stenella_longirostris,Cytb,C_H>T_H,C>T,T,30,0,-30,338,-0.08875739644970414
Stenella_longirostris,Cytb,C_H>T_H,C>T,V,0,25,25,338,0.07396449704142012
Stenella_longirostris,Cytb,C_H>T_H,C>T,W,0,5,5,338,0.014792899408284023
Stenella_longirostris,Cytb,C_H>T_H,C>T,Y,0,11,11,338,0.03254437869822485
Stenocephalemys_albipes,CO1,A_H>G_H,A>G,A,0,35,35,467,0.07494646680942184
Stenocephalemys_albipes,CO1,A_H>G_H,A>G,C,0,20,20,467,0.042826552462526764
Stenocephalemys_albipes,CO1,A_H>G_H,A>G,D,15,17,2,467,0.004282655246252677
Stenocephalemys_albipes,CO1,A_H>G_H,A>G,E,9,10,1,467,0.0021413276231263384
Stenocephalemys_albipes,CO1,A_H>G_H,A>G,F,0,0,0,467,0.0
Stenocephalemys_albipes,CO1,A_H>G_H,A>G,G,0,27,27,467,0.057815845824411134
Stenocephalemys_albipes,CO1,A_H>G_H,A>G,H,18,0,-18,467,-0.03854389721627409
Stenocephalemys_albipes,CO1,A_H>G_H,A>G,I,36,0,-36,467,-0.07708779443254818
Stenocephalemys_albipes,CO1,A_H>G_H,A>G,K,20,0,-20,467,-0.042826552462526764
Stenocephalemys_albipes,CO1,A_H>G_H,A>G,L,0,0,0,467,0.0
Stenocephalemys_albipes,CO1,A_H>G_H,A>G,M,31,0,-31,467,-0.06638115631691649
Stenocephalemys_albipes,CO1,A_H>G_H,A>G,N,34,0,-34,467,-0.0728051391862955
Stenocephalemys_albipes,CO1,A_H>G_H,A>G,P,0,0,0,467,0.0
Stenocephalemys_albipes,CO1,A_H>G_H,A>G,Q,6,0,-6,467,-0.01284796573875803
Stenocephalemys_albipes,CO1,A_H>G_H,A>G,R,0,24,24,467,0.05139186295503212
Stenocephalemys_albipes,CO1,A_H>G_H,A>G,S,3,17,14,467,0.029978586723768737
Stenocephalemys_albipes,CO1,A_H>G_H,A>G,T,35,0,-35,467,-0.07494646680942184
Stenocephalemys_albipes,CO1,A_H>G_H,A>G,V,0,67,67,467,0.14346895074946467
Stenocephalemys_albipes,CO1,A_H>G_H,A>G,W,0,1,1,467,0.0021413276231263384
Stenocephalemys_albipes,CO1,A_H>G_H,A>G,Y,20,0,-20,467,-0.042826552462526764
Stenocephalemys_albipes,CO1,C_H>T_H,C>T,A,41,0,-41,336,-0.12202380952380952
Stenocephalemys_albipes,CO1,C_H>T_H,C>T,C,0,1,1,336,0.002976190476190476
Stenocephalemys_albipes,CO1,C_H>T_H,C>T,D,0,0,0,336,0.0
Stenocephalemys_albipes,CO1,C_H>T_H,C>T,E,0,0,0,336,0.0
Stenocephalemys_albipes,CO1,C_H>T_H,C>T,F,0,36,36,336,0.10714285714285714
Stenocephalemys_albipes,CO1,C_H>T_H,C>T,G,0,0,0,336,0.0
Stenocephalemys_albipes,CO1,C_H>T_H,C>T,H,18,0,-18,336,-0.05357142857142857
Stenocephalemys_albipes,CO1,C_H>T_H,C>T,I,0,13,13,336,0.03869047619047619
Stenocephalemys_albipes,CO1,C_H>T_H,C>T,K,0,0,0,336,0.0
Stenocephalemys_albipes,CO1,C_H>T_H,C>T,L,19,43,24,336,0.07142857142857142
Stenocephalemys_albipes,CO1,C_H>T_H,C>T,M,0,22,22,336,0.06547619047619048
Stenocephalemys_albipes,CO1,C_H>T_H,C>T,N,0,0,0,336,0.0
Stenocephalemys_albipes,CO1,C_H>T_H,C>T,P,56,0,-56,336,-0.16666666666666666
Stenocephalemys_albipes,CO1,C_H>T_H,C>T,Q,6,0,-6,336,-0.017857142857142856
Stenocephalemys_albipes,CO1,C_H>T_H,C>T,R,8,0,-8,336,-0.023809523809523808
Stenocephalemys_albipes,CO1,C_H>T_H,C>T,S,32,28,-4,336,-0.011904761904761904
Stenocephalemys_albipes,CO1,C_H>T_H,C>T,T,35,0,-35,336,-0.10416666666666667
Stenocephalemys_albipes,CO1,C_H>T_H,C>T,V,0,41,41,336,0.12202380952380952
Stenocephalemys_albipes,CO1,C_H>T_H,C>T,W,0,7,7,336,0.020833333333333332
Stenocephalemys_albipes,CO1,C_H>T_H,C>T,Y,0,18,18,336,0.05357142857142857
Stenocephalemys_albipes,CO3,A_H>G_H,A>G,A,0,22,22,236,0.09322033898305085
Stenocephalemys_albipes,CO3,A_H>G_H,A>G,C,0,12,12,236,0.05084745762711865
Stenocephalemys_albipes,CO3,A_H>G_H,A>G,D,4,7,3,236,0.012711864406779662
Stenocephalemys_albipes,CO3,A_H>G_H,A>G,E,7,4,-3,236,-0.012711864406779662
Stenocephalemys_albipes,CO3,A_H>G_H,A>G,F,0,0,0,236,0.0
Stenocephalemys_albipes,CO3,A_H>G_H,A>G,G,0,14,14,236,0.059322033898305086
Stenocephalemys_albipes,CO3,A_H>G_H,A>G,H,17,0,-17,236,-0.07203389830508475
Stenocephalemys_albipes,CO3,A_H>G_H,A>G,I,17,0,-17,236,-0.07203389830508475
Stenocephalemys_albipes,CO3,A_H>G_H,A>G,K,8,0,-8,236,-0.03389830508474576
Stenocephalemys_albipes,CO3,A_H>G_H,A>G,L,0,0,0,236,0.0
Stenocephalemys_albipes,CO3,A_H>G_H,A>G,M,8,0,-8,236,-0.03389830508474576
Stenocephalemys_albipes,CO3,A_H>G_H,A>G,N,14,0,-14,236,-0.059322033898305086
Stenocephalemys_albipes,CO3,A_H>G_H,A>G,P,0,0,0,236,0.0
Stenocephalemys_albipes,CO3,A_H>G_H,A>G,Q,7,0,-7,236,-0.029661016949152543
Stenocephalemys_albipes,CO3,A_H>G_H,A>G,R,0,24,24,236,0.1016949152542373
Stenocephalemys_albipes,CO3,A_H>G_H,A>G,S,3,7,4,236,0.01694915254237288
Stenocephalemys_albipes,CO3,A_H>G_H,A>G,T,22,0,-22,236,-0.09322033898305085
Stenocephalemys_albipes,CO3,A_H>G_H,A>G,V,0,25,25,236,0.1059322033898305
Stenocephalemys_albipes,CO3,A_H>G_H,A>G,W,0,0,0,236,0.0
Stenocephalemys_albipes,CO3,A_H>G_H,A>G,Y,12,0,-12,236,-0.05084745762711865
Stenocephalemys_albipes,CO3,C_H>T_H,C>T,A,13,0,-13,194,-0.06701030927835051
Stenocephalemys_albipes,CO3,C_H>T_H,C>T,C,0,1,1,194,0.005154639175257732
Stenocephalemys_albipes,CO3,C_H>T_H,C>T,D,0,0,0,194,0.0
Stenocephalemys_albipes,CO3,C_H>T_H,C>T,E,0,0,0,194,0.0
Stenocephalemys_albipes,CO3,C_H>T_H,C>T,F,0,23,23,194,0.11855670103092783
Stenocephalemys_albipes,CO3,C_H>T_H,C>T,G,0,0,0,194,0.0
Stenocephalemys_albipes,CO3,C_H>T_H,C>T,H,17,0,-17,194,-0.08762886597938144
Stenocephalemys_albipes,CO3,C_H>T_H,C>T,I,0,9,9,194,0.04639175257731959
Stenocephalemys_albipes,CO3,C_H>T_H,C>T,K,0,0,0,194,0.0
Stenocephalemys_albipes,CO3,C_H>T_H,C>T,L,13,18,5,194,0.02577319587628866
Stenocephalemys_albipes,CO3,C_H>T_H,C>T,M,0,13,13,194,0.06701030927835051
Stenocephalemys_albipes,CO3,C_H>T_H,C>T,N,0,0,0,194,0.0
Stenocephalemys_albipes,CO3,C_H>T_H,C>T,P,20,0,-20,194,-0.10309278350515463
Stenocephalemys_albipes,CO3,C_H>T_H,C>T,Q,7,0,-7,194,-0.03608247422680412
Stenocephalemys_albipes,CO3,C_H>T_H,C>T,R,5,0,-5,194,-0.02577319587628866
Stenocephalemys_albipes,CO3,C_H>T_H,C>T,S,18,10,-8,194,-0.041237113402061855
Stenocephalemys_albipes,CO3,C_H>T_H,C>T,T,22,0,-22,194,-0.1134020618556701
Stenocephalemys_albipes,CO3,C_H>T_H,C>T,V,0,13,13,194,0.06701030927835051
Stenocephalemys_albipes,CO3,C_H>T_H,C>T,W,0,4,4,194,0.020618556701030927
Stenocephalemys_albipes,CO3,C_H>T_H,C>T,Y,0,17,17,194,0.08762886597938144
Stenocephalemys_albipes,Cytb,A_H>G_H,A>G,A,0,25,25,372,0.06720430107526881
Stenocephalemys_albipes,Cytb,A_H>G_H,A>G,C,0,15,15,372,0.04032258064516129
Stenocephalemys_albipes,Cytb,A_H>G_H,A>G,D,11,18,7,372,0.01881720430107527
Stenocephalemys_albipes,Cytb,A_H>G_H,A>G,E,6,9,3,372,0.008064516129032258
Stenocephalemys_albipes,Cytb,A_H>G_H,A>G,F,0,0,0,372,0.0
Stenocephalemys_albipes,Cytb,A_H>G_H,A>G,G,0,19,19,372,0.051075268817204304
Stenocephalemys_albipes,Cytb,A_H>G_H,A>G,H,13,0,-13,372,-0.03494623655913978
Stenocephalemys_albipes,Cytb,A_H>G_H,A>G,I,41,0,-41,372,-0.11021505376344086
Stenocephalemys_albipes,Cytb,A_H>G_H,A>G,K,18,0,-18,372,-0.04838709677419355
Stenocephalemys_albipes,Cytb,A_H>G_H,A>G,L,0,0,0,372,0.0
Stenocephalemys_albipes,Cytb,A_H>G_H,A>G,M,16,0,-16,372,-0.043010752688172046
Stenocephalemys_albipes,Cytb,A_H>G_H,A>G,N,36,0,-36,372,-0.0967741935483871
Stenocephalemys_albipes,Cytb,A_H>G_H,A>G,P,0,0,0,372,0.0
Stenocephalemys_albipes,Cytb,A_H>G_H,A>G,Q,6,0,-6,372,-0.016129032258064516
Stenocephalemys_albipes,Cytb,A_H>G_H,A>G,R,0,19,19,372,0.051075268817204304
Stenocephalemys_albipes,Cytb,A_H>G_H,A>G,S,2,18,16,372,0.043010752688172046
Stenocephalemys_albipes,Cytb,A_H>G_H,A>G,T,25,0,-25,372,-0.06720430107526881
Stenocephalemys_albipes,Cytb,A_H>G_H,A>G,V,0,57,57,372,0.1532258064516129
Stenocephalemys_albipes,Cytb,A_H>G_H,A>G,W,0,0,0,372,0.0
Stenocephalemys_albipes,Cytb,A_H>G_H,A>G,Y,15,0,-15,372,-0.04032258064516129
Stenocephalemys_albipes,Cytb,C_H>T_H,C>T,A,22,0,-22,289,-0.07612456747404844
Stenocephalemys_albipes,Cytb,C_H>T_H,C>T,C,0,2,2,289,0.006920415224913495
Stenocephalemys_albipes,Cytb,C_H>T_H,C>T,D,0,0,0,289,0.0
Stenocephalemys_albipes,Cytb,C_H>T_H,C>T,E,0,0,0,289,0.0
Stenocephalemys_albipes,Cytb,C_H>T_H,C>T,F,0,19,19,289,0.0657439446366782
Stenocephalemys_albipes,Cytb,C_H>T_H,C>T,G,0,0,0,289,0.0
Stenocephalemys_albipes,Cytb,C_H>T_H,C>T,H,13,0,-13,289,-0.04498269896193772
Stenocephalemys_albipes,Cytb,C_H>T_H,C>T,I,0,7,7,289,0.02422145328719723
Stenocephalemys_albipes,Cytb,C_H>T_H,C>T,K,0,0,0,289,0.0
Stenocephalemys_albipes,Cytb,C_H>T_H,C>T,L,13,39,26,289,0.08996539792387544
Stenocephalemys_albipes,Cytb,C_H>T_H,C>T,M,0,18,18,289,0.06228373702422145
Stenocephalemys_albipes,Cytb,C_H>T_H,C>T,N,0,0,0,289,0.0
Stenocephalemys_albipes,Cytb,C_H>T_H,C>T,P,44,0,-44,289,-0.1522491349480969
Stenocephalemys_albipes,Cytb,C_H>T_H,C>T,Q,6,0,-6,289,-0.020761245674740483
Stenocephalemys_albipes,Cytb,C_H>T_H,C>T,R,8,0,-8,289,-0.02768166089965398
Stenocephalemys_albipes,Cytb,C_H>T_H,C>T,S,23,22,-1,289,-0.0034602076124567475
Stenocephalemys_albipes,Cytb,C_H>T_H,C>T,T,25,0,-25,289,-0.08650519031141868
Stenocephalemys_albipes,Cytb,C_H>T_H,C>T,V,0,22,22,289,0.07612456747404844
Stenocephalemys_albipes,Cytb,C_H>T_H,C>T,W,0,6,6,289,0.020761245674740483
Stenocephalemys_albipes,Cytb,C_H>T_H,C>T,Y,0,13,13,289,0.04498269896193772
Sus_scrofa,CO1,A_H>G_H,A>G,A,0,35,35,451,0.07760532150776053
Sus_scrofa,CO1,A_H>G_H,A>G,C,0,20,20,451,0.04434589800443459
Sus_scrofa,CO1,A_H>G_H,A>G,D,14,18,4,451,0.008869179600886918
Sus_scrofa,CO1,A_H>G_H,A>G,E,10,9,-1,451,-0.0022172949002217295
Sus_scrofa,CO1,A_H>G_H,A>G,F,0,0,0,451,0.0
Sus_scrofa,CO1,A_H>G_H,A>G,G,0,28,28,451,0.06208425720620843
Sus_scrofa,CO1,A_H>G_H,A>G,H,17,0,-17,451,-0.037694013303769404
Sus_scrofa,CO1,A_H>G_H,A>G,I,39,0,-39,451,-0.08647450110864745
Sus_scrofa,CO1,A_H>G_H,A>G,K,18,0,-18,451,-0.03991130820399113
Sus_scrofa,CO1,A_H>G_H,A>G,L,0,0,0,451,0.0
Sus_scrofa,CO1,A_H>G_H,A>G,M,31,0,-31,451,-0.06873614190687362
Sus_scrofa,CO1,A_H>G_H,A>G,N,36,0,-36,451,-0.07982261640798226
Sus_scrofa,CO1,A_H>G_H,A>G,P,0,0,0,451,0.0
Sus_scrofa,CO1,A_H>G_H,A>G,Q,7,0,-7,451,-0.015521064301552107
Sus_scrofa,CO1,A_H>G_H,A>G,R,0,24,24,451,0.05321507760532151
Sus_scrofa,CO1,A_H>G_H,A>G,S,4,18,14,451,0.031042128603104215
Sus_scrofa,CO1,A_H>G_H,A>G,T,35,0,-35,451,-0.07760532150776053
Sus_scrofa,CO1,A_H>G_H,A>G,V,0,70,70,451,0.15521064301552107
Sus_scrofa,CO1,A_H>G_H,A>G,W,0,1,1,451,0.0022172949002217295
Sus_scrofa,CO1,A_H>G_H,A>G,Y,20,0,-20,451,-0.04434589800443459
Sus_scrofa,CO1,C_H>T_H,C>T,A,42,0,-42,386,-0.10880829015544041
Sus_scrofa,CO1,C_H>T_H,C>T,C,0,4,4,386,0.010362694300518135
Sus_scrofa,CO1,C_H>T_H,C>T,D,0,0,0,386,0.0
Sus_scrofa,CO1,C_H>T_H,C>T,E,0,0,0,386,0.0
Sus_scrofa,CO1,C_H>T_H,C>T,F,0,24,24,386,0.06217616580310881
Sus_scrofa,CO1,C_H>T_H,C>T,G,0,0,0,386,0.0
Sus_scrofa,CO1,C_H>T_H,C>T,H,17,0,-17,386,-0.04404145077720207
Sus_scrofa,CO1,C_H>T_H,C>T,I,0,15,15,386,0.038860103626943004
Sus_scrofa,CO1,C_H>T_H,C>T,K,0,0,0,386,0.0
Sus_scrofa,CO1,C_H>T_H,C>T,L,8,41,33,386,0.08549222797927461
Sus_scrofa,CO1,C_H>T_H,C>T,M,0,20,20,386,0.05181347150259067
Sus_scrofa,CO1,C_H>T_H,C>T,N,0,0,0,386,0.0
Sus_scrofa,CO1,C_H>T_H,C>T,P,58,0,-58,386,-0.15025906735751296
Sus_scrofa,CO1,C_H>T_H,C>T,Q,7,0,-7,386,-0.018134715025906734
Sus_scrofa,CO1,C_H>T_H,C>T,R,8,0,-8,386,-0.02072538860103627
Sus_scrofa,CO1,C_H>T_H,C>T,S,28,29,1,386,0.0025906735751295338
Sus_scrofa,CO1,C_H>T_H,C>T,T,35,0,-35,386,-0.09067357512953368
Sus_scrofa,CO1,C_H>T_H,C>T,V,0,42,42,386,0.10880829015544041
Sus_scrofa,CO1,C_H>T_H,C>T,W,0,4,4,386,0.010362694300518135
Sus_scrofa,CO1,C_H>T_H,C>T,Y,0,17,17,386,0.04404145077720207
Sus_scrofa,CO3,A_H>G_H,A>G,A,0,20,20,236,0.0847457627118644
Sus_scrofa,CO3,A_H>G_H,A>G,C,0,12,12,236,0.05084745762711865
Sus_scrofa,CO3,A_H>G_H,A>G,D,4,6,2,236,0.00847457627118644
Sus_scrofa,CO3,A_H>G_H,A>G,E,8,4,-4,236,-0.01694915254237288
Sus_scrofa,CO3,A_H>G_H,A>G,F,0,0,0,236,0.0
Sus_scrofa,CO3,A_H>G_H,A>G,G,0,17,17,236,0.07203389830508475
Sus_scrofa,CO3,A_H>G_H,A>G,H,17,0,-17,236,-0.07203389830508475
Sus_scrofa,CO3,A_H>G_H,A>G,I,17,0,-17,236,-0.07203389830508475
Sus_scrofa,CO3,A_H>G_H,A>G,K,8,0,-8,236,-0.03389830508474576
Sus_scrofa,CO3,A_H>G_H,A>G,L,0,0,0,236,0.0
Sus_scrofa,CO3,A_H>G_H,A>G,M,9,0,-9,236,-0.038135593220338986
Sus_scrofa,CO3,A_H>G_H,A>G,N,12,0,-12,236,-0.05084745762711865
Sus_scrofa,CO3,A_H>G_H,A>G,P,0,0,0,236,0.0
Sus_scrofa,CO3,A_H>G_H,A>G,Q,7,0,-7,236,-0.029661016949152543
Sus_scrofa,CO3,A_H>G_H,A>G,R,0,24,24,236,0.1016949152542373
Sus_scrofa,CO3,A_H>G_H,A>G,S,5,6,1,236,0.00423728813559322
Sus_scrofa,CO3,A_H>G_H,A>G,T,20,0,-20,236,-0.0847457627118644
Sus_scrofa,CO3,A_H>G_H,A>G,V,0,26,26,236,0.11016949152542373
Sus_scrofa,CO3,A_H>G_H,A>G,W,0,1,1,236,0.00423728813559322
Sus_scrofa,CO3,A_H>G_H,A>G,Y,12,0,-12,236,-0.05084745762711865
Sus_scrofa,CO3,C_H>T_H,C>T,A,17,0,-17,225,-0.07555555555555556
Sus_scrofa,CO3,C_H>T_H,C>T,C,0,0,0,225,0.0
Sus_scrofa,CO3,C_H>T_H,C>T,D,0,0,0,225,0.0
Sus_scrofa,CO3,C_H>T_H,C>T,E,0,0,0,225,0.0
Sus_scrofa,CO3,C_H>T_H,C>T,F,0,19,19,225,0.08444444444444445
Sus_scrofa,CO3,C_H>T_H,C>T,G,0,0,0,225,0.0
Sus_scrofa,CO3,C_H>T_H,C>T,H,17,0,-17,225,-0.07555555555555556
Sus_scrofa,CO3,C_H>T_H,C>T,I,0,12,12,225,0.05333333333333334
Sus_scrofa,CO3,C_H>T_H,C>T,K,0,0,0,225,0.0
Sus_scrofa,CO3,C_H>T_H,C>T,L,8,18,10,225,0.044444444444444446
Sus_scrofa,CO3,C_H>T_H,C>T,M,0,8,8,225,0.035555555555555556
Sus_scrofa,CO3,C_H>T_H,C>T,N,0,0,0,225,0.0
Sus_scrofa,CO3,C_H>T_H,C>T,P,22,0,-22,225,-0.09777777777777778
Sus_scrofa,CO3,C_H>T_H,C>T,Q,7,0,-7,225,-0.03111111111111111
Sus_scrofa,CO3,C_H>T_H,C>T,R,5,0,-5,225,-0.022222222222222223
Sus_scrofa,CO3,C_H>T_H,C>T,S,18,11,-7,225,-0.03111111111111111
Sus_scrofa,CO3,C_H>T_H,C>T,T,20,0,-20,225,-0.08888888888888889
Sus_scrofa,CO3,C_H>T_H,C>T,V,0,17,17,225,0.07555555555555556
Sus_scrofa,CO3,C_H>T_H,C>T,W,0,5,5,225,0.022222222222222223
Sus_scrofa,CO3,C_H>T_H,C>T,Y,0,17,17,225,0.07555555555555556
Sus_scrofa,Cytb,A_H>G_H,A>G,A,0,24,24,359,0.06685236768802229
Sus_scrofa,Cytb,A_H>G_H,A>G,C,0,14,14,359,0.03899721448467967
Sus_scrofa,Cytb,A_H>G_H,A>G,D,12,17,5,359,0.013927576601671309
Sus_scrofa,Cytb,A_H>G_H,A>G,E,6,9,3,359,0.008356545961002786
Sus_scrofa,Cytb,A_H>G_H,A>G,F,0,0,0,359,0.0
Sus_scrofa,Cytb,A_H>G_H,A>G,G,0,22,22,359,0.06128133704735376
Sus_scrofa,Cytb,A_H>G_H,A>G,H,12,0,-12,359,-0.033426183844011144
Sus_scrofa,Cytb,A_H>G_H,A>G,I,44,0,-44,359,-0.12256267409470752
Sus_scrofa,Cytb,A_H>G_H,A>G,K,18,0,-18,359,-0.05013927576601671
Sus_scrofa,Cytb,A_H>G_H,A>G,L,0,0,0,359,0.0
Sus_scrofa,Cytb,A_H>G_H,A>G,M,17,0,-17,359,-0.04735376044568245
Sus_scrofa,Cytb,A_H>G_H,A>G,N,34,0,-34,359,-0.0947075208913649
Sus_scrofa,Cytb,A_H>G_H,A>G,P,0,0,0,359,0.0
Sus_scrofa,Cytb,A_H>G_H,A>G,Q,6,0,-6,359,-0.016713091922005572
Sus_scrofa,Cytb,A_H>G_H,A>G,R,0,18,18,359,0.05013927576601671
Sus_scrofa,Cytb,A_H>G_H,A>G,S,3,17,14,359,0.03899721448467967
Sus_scrofa,Cytb,A_H>G_H,A>G,T,24,0,-24,359,-0.06685236768802229
Sus_scrofa,Cytb,A_H>G_H,A>G,V,0,61,61,359,0.16991643454038996
Sus_scrofa,Cytb,A_H>G_H,A>G,W,0,0,0,359,0.0
Sus_scrofa,Cytb,A_H>G_H,A>G,Y,14,0,-14,359,-0.03899721448467967
Sus_scrofa,Cytb,C_H>T_H,C>T,A,23,0,-23,327,-0.07033639143730887
Sus_scrofa,Cytb,C_H>T_H,C>T,C,0,2,2,327,0.0061162079510703364
Sus_scrofa,Cytb,C_H>T_H,C>T,D,0,0,0,327,0.0
Sus_scrofa,Cytb,C_H>T_H,C>T,E,0,0,0,327,0.0
Sus_scrofa,Cytb,C_H>T_H,C>T,F,0,16,16,327,0.04892966360856269
Sus_scrofa,Cytb,C_H>T_H,C>T,G,0,0,0,327,0.0
Sus_scrofa,Cytb,C_H>T_H,C>T,H,12,0,-12,327,-0.03669724770642202
Sus_scrofa,Cytb,C_H>T_H,C>T,I,0,9,9,327,0.027522935779816515
Sus_scrofa,Cytb,C_H>T_H,C>T,K,0,0,0,327,0.0
Sus_scrofa,Cytb,C_H>T_H,C>T,L,8,35,27,327,0.08256880733944955
Sus_scrofa,Cytb,C_H>T_H,C>T,M,0,15,15,327,0.045871559633027525
Sus_scrofa,Cytb,C_H>T_H,C>T,N,0,0,0,327,0.0
Sus_scrofa,Cytb,C_H>T_H,C>T,P,46,0,-46,327,-0.14067278287461774
Sus_scrofa,Cytb,C_H>T_H,C>T,Q,6,0,-6,327,-0.01834862385321101
Sus_scrofa,Cytb,C_H>T_H,C>T,R,8,0,-8,327,-0.024464831804281346
Sus_scrofa,Cytb,C_H>T_H,C>T,S,20,23,3,327,0.009174311926605505
Sus_scrofa,Cytb,C_H>T_H,C>T,T,24,0,-24,327,-0.07339449541284404
Sus_scrofa,Cytb,C_H>T_H,C>T,V,0,23,23,327,0.07033639143730887
Sus_scrofa,Cytb,C_H>T_H,C>T,W,0,6,6,327,0.01834862385321101
Sus_scrofa,Cytb,C_H>T_H,C>T,Y,0,12,12,327,0.03669724770642202
Syncerus_caffer,CO1,A_H>G_H,A>G,A,0,38,38,440,0.08636363636363636
Syncerus_caffer,CO1,A_H>G_H,A>G,C,0,19,19,440,0.04318181818181818
Syncerus_caffer,CO1,A_H>G_H,A>G,D,16,19,3,440,0.006818181818181818
Syncerus_caffer,CO1,A_H>G_H,A>G,E,9,9,0,440,0.0
Syncerus_caffer,CO1,A_H>G_H,A>G,F,0,0,0,440,0.0
Syncerus_caffer,CO1,A_H>G_H,A>G,G,0,28,28,440,0.06363636363636363
Syncerus_caffer,CO1,A_H>G_H,A>G,H,17,0,-17,440,-0.038636363636363635
Syncerus_caffer,CO1,A_H>G_H,A>G,I,37,0,-37,440,-0.08409090909090909
Syncerus_caffer,CO1,A_H>G_H,A>G,K,18,0,-18,440,-0.04090909090909091
Syncerus_caffer,CO1,A_H>G_H,A>G,L,0,0,0,440,0.0
Syncerus_caffer,CO1,A_H>G_H,A>G,M,34,0,-34,440,-0.07727272727272727
Syncerus_caffer,CO1,A_H>G_H,A>G,N,38,0,-38,440,-0.08636363636363636
Syncerus_caffer,CO1,A_H>G_H,A>G,P,0,0,0,440,0.0
Syncerus_caffer,CO1,A_H>G_H,A>G,Q,6,0,-6,440,-0.013636363636363636
Syncerus_caffer,CO1,A_H>G_H,A>G,R,0,23,23,440,0.05227272727272727
Syncerus_caffer,CO1,A_H>G_H,A>G,S,3,19,16,440,0.03636363636363636
Syncerus_caffer,CO1,A_H>G_H,A>G,T,38,0,-38,440,-0.08636363636363636
Syncerus_caffer,CO1,A_H>G_H,A>G,V,0,71,71,440,0.16136363636363638
Syncerus_caffer,CO1,A_H>G_H,A>G,W,0,1,1,440,0.0022727272727272726
Syncerus_caffer,CO1,A_H>G_H,A>G,Y,19,0,-19,440,-0.04318181818181818
Syncerus_caffer,CO1,C_H>T_H,C>T,A,40,0,-40,388,-0.10309278350515463
Syncerus_caffer,CO1,C_H>T_H,C>T,C,0,2,2,388,0.005154639175257732
Syncerus_caffer,CO1,C_H>T_H,C>T,D,0,0,0,388,0.0
Syncerus_caffer,CO1,C_H>T_H,C>T,E,0,0,0,388,0.0
Syncerus_caffer,CO1,C_H>T_H,C>T,F,0,29,29,388,0.07474226804123711
Syncerus_caffer,CO1,C_H>T_H,C>T,G,0,0,0,388,0.0
Syncerus_caffer,CO1,C_H>T_H,C>T,H,17,0,-17,388,-0.04381443298969072
Syncerus_caffer,CO1,C_H>T_H,C>T,I,0,18,18,388,0.04639175257731959
Syncerus_caffer,CO1,C_H>T_H,C>T,K,0,0,0,388,0.0
Syncerus_caffer,CO1,C_H>T_H,C>T,L,16,43,27,388,0.06958762886597938
Syncerus_caffer,CO1,C_H>T_H,C>T,M,0,20,20,388,0.05154639175257732
Syncerus_caffer,CO1,C_H>T_H,C>T,N,0,0,0,388,0.0
Syncerus_caffer,CO1,C_H>T_H,C>T,P,56,0,-56,388,-0.14432989690721648
Syncerus_caffer,CO1,C_H>T_H,C>T,Q,6,0,-6,388,-0.015463917525773196
Syncerus_caffer,CO1,C_H>T_H,C>T,R,8,0,-8,388,-0.020618556701030927
Syncerus_caffer,CO1,C_H>T_H,C>T,S,28,28,0,388,0.0
Syncerus_caffer,CO1,C_H>T_H,C>T,T,38,0,-38,388,-0.0979381443298969
Syncerus_caffer,CO1,C_H>T_H,C>T,V,0,40,40,388,0.10309278350515463
Syncerus_caffer,CO1,C_H>T_H,C>T,W,0,6,6,388,0.015463917525773196
Syncerus_caffer,CO1,C_H>T_H,C>T,Y,0,17,17,388,0.04381443298969072
Syncerus_caffer,CO3,A_H>G_H,A>G,A,0,23,23,206,0.11165048543689321
Syncerus_caffer,CO3,A_H>G_H,A>G,C,0,11,11,206,0.05339805825242718
Syncerus_caffer,CO3,A_H>G_H,A>G,D,3,8,5,206,0.024271844660194174
Syncerus_caffer,CO3,A_H>G_H,A>G,E,8,2,-6,206,-0.02912621359223301
Syncerus_caffer,CO3,A_H>G_H,A>G,F,0,0,0,206,0.0
Syncerus_caffer,CO3,A_H>G_H,A>G,G,0,16,16,206,0.07766990291262135
Syncerus_caffer,CO3,A_H>G_H,A>G,H,16,0,-16,206,-0.07766990291262135
Syncerus_caffer,CO3,A_H>G_H,A>G,I,15,0,-15,206,-0.07281553398058252
Syncerus_caffer,CO3,A_H>G_H,A>G,K,4,0,-4,206,-0.019417475728155338
Syncerus_caffer,CO3,A_H>G_H,A>G,L,0,0,0,206,0.0
Syncerus_caffer,CO3,A_H>G_H,A>G,M,10,0,-10,206,-0.04854368932038835
Syncerus_caffer,CO3,A_H>G_H,A>G,N,16,0,-16,206,-0.07766990291262135
Syncerus_caffer,CO3,A_H>G_H,A>G,P,0,0,0,206,0.0
Syncerus_caffer,CO3,A_H>G_H,A>G,Q,7,0,-7,206,-0.03398058252427184
Syncerus_caffer,CO3,A_H>G_H,A>G,R,0,23,23,206,0.11165048543689321
Syncerus_caffer,CO3,A_H>G_H,A>G,S,5,8,3,206,0.014563106796116505
Syncerus_caffer,CO3,A_H>G_H,A>G,T,23,0,-23,206,-0.11165048543689321
Syncerus_caffer,CO3,A_H>G_H,A>G,V,0,25,25,206,0.12135922330097088
Syncerus_caffer,CO3,A_H>G_H,A>G,W,0,0,0,206,0.0
Syncerus_caffer,CO3,A_H>G_H,A>G,Y,11,0,-11,206,-0.05339805825242718
Syncerus_caffer,CO3,C_H>T_H,C>T,A,15,0,-15,230,-0.06521739130434782
Syncerus_caffer,CO3,C_H>T_H,C>T,C,0,2,2,230,0.008695652173913044
Syncerus_caffer,CO3,C_H>T_H,C>T,D,0,0,0,230,0.0
Syncerus_caffer,CO3,C_H>T_H,C>T,E,0,0,0,230,0.0
Syncerus_caffer,CO3,C_H>T_H,C>T,F,0,19,19,230,0.08260869565217391
Syncerus_caffer,CO3,C_H>T_H,C>T,G,0,0,0,230,0.0
Syncerus_caffer,CO3,C_H>T_H,C>T,H,16,0,-16,230,-0.06956521739130435
Syncerus_caffer,CO3,C_H>T_H,C>T,I,0,11,11,230,0.04782608695652174
Syncerus_caffer,CO3,C_H>T_H,C>T,K,0,0,0,230,0.0
Syncerus_caffer,CO3,C_H>T_H,C>T,L,11,18,7,230,0.030434782608695653
Syncerus_caffer,CO3,C_H>T_H,C>T,M,0,12,12,230,0.05217391304347826
Syncerus_caffer,CO3,C_H>T_H,C>T,N,0,0,0,230,0.0
Syncerus_caffer,CO3,C_H>T_H,C>T,P,24,0,-24,230,-0.10434782608695652
Syncerus_caffer,CO3,C_H>T_H,C>T,Q,7,0,-7,230,-0.030434782608695653
Syncerus_caffer,CO3,C_H>T_H,C>T,R,5,0,-5,230,-0.021739130434782608
Syncerus_caffer,CO3,C_H>T_H,C>T,S,14,12,-2,230,-0.008695652173913044
Syncerus_caffer,CO3,C_H>T_H,C>T,T,23,0,-23,230,-0.1
Syncerus_caffer,CO3,C_H>T_H,C>T,V,0,15,15,230,0.06521739130434782
Syncerus_caffer,CO3,C_H>T_H,C>T,W,0,3,3,230,0.013043478260869565
Syncerus_caffer,CO3,C_H>T_H,C>T,Y,0,16,16,230,0.06956521739130435
Syncerus_caffer,Cytb,A_H>G_H,A>G,A,0,27,27,362,0.07458563535911603
Syncerus_caffer,Cytb,A_H>G_H,A>G,C,0,16,16,362,0.04419889502762431
Syncerus_caffer,Cytb,A_H>G_H,A>G,D,11,17,6,362,0.016574585635359115
Syncerus_caffer,Cytb,A_H>G_H,A>G,E,6,9,3,362,0.008287292817679558
Syncerus_caffer,Cytb,A_H>G_H,A>G,F,0,0,0,362,0.0
Syncerus_caffer,Cytb,A_H>G_H,A>G,G,0,21,21,362,0.058011049723756904
Syncerus_caffer,Cytb,A_H>G_H,A>G,H,13,0,-13,362,-0.03591160220994475
Syncerus_caffer,Cytb,A_H>G_H,A>G,I,40,0,-40,362,-0.11049723756906077
Syncerus_caffer,Cytb,A_H>G_H,A>G,K,18,0,-18,362,-0.049723756906077346
Syncerus_caffer,Cytb,A_H>G_H,A>G,L,0,0,0,362,0.0
Syncerus_caffer,Cytb,A_H>G_H,A>G,M,16,0,-16,362,-0.04419889502762431
Syncerus_caffer,Cytb,A_H>G_H,A>G,N,34,0,-34,362,-0.09392265193370165
Syncerus_caffer,Cytb,A_H>G_H,A>G,P,0,0,0,362,0.0
Syncerus_caffer,Cytb,A_H>G_H,A>G,Q,6,0,-6,362,-0.016574585635359115
Syncerus_caffer,Cytb,A_H>G_H,A>G,R,0,19,19,362,0.052486187845303865
Syncerus_caffer,Cytb,A_H>G_H,A>G,S,3,17,14,362,0.03867403314917127
Syncerus_caffer,Cytb,A_H>G_H,A>G,T,27,0,-27,362,-0.07458563535911603
Syncerus_caffer,Cytb,A_H>G_H,A>G,V,0,56,56,362,0.15469613259668508
Syncerus_caffer,Cytb,A_H>G_H,A>G,W,0,0,0,362,0.0
Syncerus_caffer,Cytb,A_H>G_H,A>G,Y,16,0,-16,362,-0.04419889502762431
Syncerus_caffer,Cytb,C_H>T_H,C>T,A,25,0,-25,334,-0.0748502994011976
Syncerus_caffer,Cytb,C_H>T_H,C>T,C,0,0,0,334,0.0
Syncerus_caffer,Cytb,C_H>T_H,C>T,D,0,0,0,334,0.0
Syncerus_caffer,Cytb,C_H>T_H,C>T,E,0,0,0,334,0.0
Syncerus_caffer,Cytb,C_H>T_H,C>T,F,0,29,29,334,0.08682634730538923
Syncerus_caffer,Cytb,C_H>T_H,C>T,G,0,0,0,334,0.0
Syncerus_caffer,Cytb,C_H>T_H,C>T,H,13,0,-13,334,-0.038922155688622756
Syncerus_caffer,Cytb,C_H>T_H,C>T,I,0,8,8,334,0.023952095808383235
Syncerus_caffer,Cytb,C_H>T_H,C>T,K,0,0,0,334,0.0
Syncerus_caffer,Cytb,C_H>T_H,C>T,L,20,34,14,334,0.041916167664670656
Syncerus_caffer,Cytb,C_H>T_H,C>T,M,0,19,19,334,0.05688622754491018
Syncerus_caffer,Cytb,C_H>T_H,C>T,N,0,0,0,334,0.0
Syncerus_caffer,Cytb,C_H>T_H,C>T,P,44,0,-44,334,-0.1317365269461078
Syncerus_caffer,Cytb,C_H>T_H,C>T,Q,6,0,-6,334,-0.017964071856287425
Syncerus_caffer,Cytb,C_H>T_H,C>T,R,8,0,-8,334,-0.023952095808383235
Syncerus_caffer,Cytb,C_H>T_H,C>T,S,21,22,1,334,0.0029940119760479044
Syncerus_caffer,Cytb,C_H>T_H,C>T,T,27,0,-27,334,-0.08083832335329341
Syncerus_caffer,Cytb,C_H>T_H,C>T,V,0,25,25,334,0.0748502994011976
Syncerus_caffer,Cytb,C_H>T_H,C>T,W,0,8,8,334,0.023952095808383235
Syncerus_caffer,Cytb,C_H>T_H,C>T,Y,0,13,13,334,0.038922155688622756
Trachypithecus_phayrei,CO1,A_H>G_H,A>G,A,0,33,33,428,0.07710280373831775
Trachypithecus_phayrei,CO1,A_H>G_H,A>G,C,0,20,20,428,0.04672897196261682
Trachypithecus_phayrei,CO1,A_H>G_H,A>G,D,15,18,3,428,0.007009345794392523
Trachypithecus_phayrei,CO1,A_H>G_H,A>G,E,8,11,3,428,0.007009345794392523
Trachypithecus_phayrei,CO1,A_H>G_H,A>G,F,0,0,0,428,0.0
Trachypithecus_phayrei,CO1,A_H>G_H,A>G,G,0,26,26,428,0.06074766355140187
Trachypithecus_phayrei,CO1,A_H>G_H,A>G,H,19,0,-19,428,-0.04439252336448598
Trachypithecus_phayrei,CO1,A_H>G_H,A>G,I,40,0,-40,428,-0.09345794392523364
Trachypithecus_phayrei,CO1,A_H>G_H,A>G,K,22,0,-22,428,-0.0514018691588785
Trachypithecus_phayrei,CO1,A_H>G_H,A>G,L,0,0,0,428,0.0
Trachypithecus_phayrei,CO1,A_H>G_H,A>G,M,30,0,-30,428,-0.07009345794392523
Trachypithecus_phayrei,CO1,A_H>G_H,A>G,N,36,0,-36,428,-0.08411214953271028
Trachypithecus_phayrei,CO1,A_H>G_H,A>G,P,0,0,0,428,0.0
Trachypithecus_phayrei,CO1,A_H>G_H,A>G,Q,7,0,-7,428,-0.016355140186915886
Trachypithecus_phayrei,CO1,A_H>G_H,A>G,R,0,26,26,428,0.06074766355140187
Trachypithecus_phayrei,CO1,A_H>G_H,A>G,S,3,18,15,428,0.035046728971962614
Trachypithecus_phayrei,CO1,A_H>G_H,A>G,T,33,0,-33,428,-0.07710280373831775
Trachypithecus_phayrei,CO1,A_H>G_H,A>G,V,0,70,70,428,0.16355140186915887
Trachypithecus_phayrei,CO1,A_H>G_H,A>G,W,0,1,1,428,0.002336448598130841
Trachypithecus_phayrei,CO1,A_H>G_H,A>G,Y,20,0,-20,428,-0.04672897196261682
Trachypithecus_phayrei,CO1,C_H>T_H,C>T,A,40,0,-40,392,-0.10204081632653061
Trachypithecus_phayrei,CO1,C_H>T_H,C>T,C,0,5,5,392,0.012755102040816327
Trachypithecus_phayrei,CO1,C_H>T_H,C>T,D,0,0,0,392,0.0
Trachypithecus_phayrei,CO1,C_H>T_H,C>T,E,0,0,0,392,0.0
Trachypithecus_phayrei,CO1,C_H>T_H,C>T,F,0,31,31,392,0.07908163265306123
Trachypithecus_phayrei,CO1,C_H>T_H,C>T,G,0,0,0,392,0.0
Trachypithecus_phayrei,CO1,C_H>T_H,C>T,H,19,0,-19,392,-0.04846938775510204
Trachypithecus_phayrei,CO1,C_H>T_H,C>T,I,0,19,19,392,0.04846938775510204
Trachypithecus_phayrei,CO1,C_H>T_H,C>T,K,0,0,0,392,0.0
Trachypithecus_phayrei,CO1,C_H>T_H,C>T,L,15,42,27,392,0.06887755102040816
Trachypithecus_phayrei,CO1,C_H>T_H,C>T,M,0,14,14,392,0.03571428571428571
Trachypithecus_phayrei,CO1,C_H>T_H,C>T,N,0,0,0,392,0.0
Trachypithecus_phayrei,CO1,C_H>T_H,C>T,P,58,0,-58,392,-0.14795918367346939
Trachypithecus_phayrei,CO1,C_H>T_H,C>T,Q,7,0,-7,392,-0.017857142857142856
Trachypithecus_phayrei,CO1,C_H>T_H,C>T,R,8,0,-8,392,-0.02040816326530612
Trachypithecus_phayrei,CO1,C_H>T_H,C>T,S,29,29,0,392,0.0
Trachypithecus_phayrei,CO1,C_H>T_H,C>T,T,33,0,-33,392,-0.08418367346938775
Trachypithecus_phayrei,CO1,C_H>T_H,C>T,V,0,40,40,392,0.10204081632653061
Trachypithecus_phayrei,CO1,C_H>T_H,C>T,W,0,3,3,392,0.007653061224489796
Trachypithecus_phayrei,CO1,C_H>T_H,C>T,Y,0,19,19,392,0.04846938775510204
Trachypithecus_phayrei,CO3,A_H>G_H,A>G,A,0,24,24,223,0.10762331838565023
Trachypithecus_phayrei,CO3,A_H>G_H,A>G,C,0,14,14,223,0.06278026905829596
Trachypithecus_phayrei,CO3,A_H>G_H,A>G,D,3,5,2,223,0.008968609865470852
Trachypithecus_phayrei,CO3,A_H>G_H,A>G,E,7,3,-4,223,-0.017937219730941704
Trachypithecus_phayrei,CO3,A_H>G_H,A>G,F,0,0,0,223,0.0
Trachypithecus_phayrei,CO3,A_H>G_H,A>G,G,0,15,15,223,0.06726457399103139
Trachypithecus_phayrei,CO3,A_H>G_H,A>G,H,17,0,-17,223,-0.07623318385650224
Trachypithecus_phayrei,CO3,A_H>G_H,A>G,I,16,0,-16,223,-0.07174887892376682
Trachypithecus_phayrei,CO3,A_H>G_H,A>G,K,6,0,-6,223,-0.026905829596412557
Trachypithecus_phayrei,CO3,A_H>G_H,A>G,L,0,0,0,223,0.0
Trachypithecus_phayrei,CO3,A_H>G_H,A>G,M,11,0,-11,223,-0.04932735426008968
Trachypithecus_phayrei,CO3,A_H>G_H,A>G,N,10,0,-10,223,-0.04484304932735426
Trachypithecus_phayrei,CO3,A_H>G_H,A>G,P,0,0,0,223,0.0
Trachypithecus_phayrei,CO3,A_H>G_H,A>G,Q,8,0,-8,223,-0.03587443946188341
Trachypithecus_phayrei,CO3,A_H>G_H,A>G,R,0,25,25,223,0.11210762331838565
Trachypithecus_phayrei,CO3,A_H>G_H,A>G,S,5,5,0,223,0.0
Trachypithecus_phayrei,CO3,A_H>G_H,A>G,T,24,0,-24,223,-0.10762331838565023
Trachypithecus_phayrei,CO3,A_H>G_H,A>G,V,0,27,27,223,0.1210762331838565
Trachypithecus_phayrei,CO3,A_H>G_H,A>G,W,0,0,0,223,0.0
Trachypithecus_phayrei,CO3,A_H>G_H,A>G,Y,14,0,-14,223,-0.06278026905829596
Trachypithecus_phayrei,CO3,C_H>T_H,C>T,A,13,0,-13,213,-0.06103286384976526
Trachypithecus_phayrei,CO3,C_H>T_H,C>T,C,0,3,3,213,0.014084507042253521
Trachypithecus_phayrei,CO3,C_H>T_H,C>T,D,0,0,0,213,0.0
Trachypithecus_phayrei,CO3,C_H>T_H,C>T,E,0,0,0,213,0.0
Trachypithecus_phayrei,CO3,C_H>T_H,C>T,F,0,20,20,213,0.09389671361502347
Trachypithecus_phayrei,CO3,C_H>T_H,C>T,G,0,0,0,213,0.0
Trachypithecus_phayrei,CO3,C_H>T_H,C>T,H,17,0,-17,213,-0.07981220657276995
Trachypithecus_phayrei,CO3,C_H>T_H,C>T,I,0,13,13,213,0.06103286384976526
Trachypithecus_phayrei,CO3,C_H>T_H,C>T,K,0,0,0,213,0.0
Trachypithecus_phayrei,CO3,C_H>T_H,C>T,L,12,19,7,213,0.03286384976525822
Trachypithecus_phayrei,CO3,C_H>T_H,C>T,M,0,11,11,213,0.051643192488262914
Trachypithecus_phayrei,CO3,C_H>T_H,C>T,N,0,0,0,213,0.0
Trachypithecus_phayrei,CO3,C_H>T_H,C>T,P,26,0,-26,213,-0.12206572769953052
Trachypithecus_phayrei,CO3,C_H>T_H,C>T,Q,8,0,-8,213,-0.03755868544600939
Trachypithecus_phayrei,CO3,C_H>T_H,C>T,R,5,0,-5,213,-0.023474178403755867
Trachypithecus_phayrei,CO3,C_H>T_H,C>T,S,14,13,-1,213,-0.004694835680751174
Trachypithecus_phayrei,CO3,C_H>T_H,C>T,T,24,0,-24,213,-0.11267605633802817
Trachypithecus_phayrei,CO3,C_H>T_H,C>T,V,0,13,13,213,0.06103286384976526
Trachypithecus_phayrei,CO3,C_H>T_H,C>T,W,0,2,2,213,0.009389671361502348
Trachypithecus_phayrei,CO3,C_H>T_H,C>T,Y,0,17,17,213,0.07981220657276995
Trachypithecus_phayrei,Cytb,A_H>G_H,A>G,A,0,33,33,334,0.09880239520958084
Trachypithecus_phayrei,Cytb,A_H>G_H,A>G,C,0,14,14,334,0.041916167664670656
Trachypithecus_phayrei,Cytb,A_H>G_H,A>G,D,9,20,11,334,0.03293413173652695
Trachypithecus_phayrei,Cytb,A_H>G_H,A>G,E,4,9,5,334,0.014970059880239521
Trachypithecus_phayrei,Cytb,A_H>G_H,A>G,F,0,0,0,334,0.0
Trachypithecus_phayrei,Cytb,A_H>G_H,A>G,G,0,17,17,334,0.05089820359281437
Trachypithecus_phayrei,Cytb,A_H>G_H,A>G,H,11,0,-11,334,-0.03293413173652695
Trachypithecus_phayrei,Cytb,A_H>G_H,A>G,I,36,0,-36,334,-0.10778443113772455
Trachypithecus_phayrei,Cytb,A_H>G_H,A>G,K,18,0,-18,334,-0.05389221556886228
Trachypithecus_phayrei,Cytb,A_H>G_H,A>G,L,0,0,0,334,0.0
Trachypithecus_phayrei,Cytb,A_H>G_H,A>G,M,16,0,-16,334,-0.04790419161676647
Trachypithecus_phayrei,Cytb,A_H>G_H,A>G,N,40,0,-40,334,-0.11976047904191617
Trachypithecus_phayrei,Cytb,A_H>G_H,A>G,P,0,0,0,334,0.0
Trachypithecus_phayrei,Cytb,A_H>G_H,A>G,Q,9,0,-9,334,-0.02694610778443114
Trachypithecus_phayrei,Cytb,A_H>G_H,A>G,R,0,20,20,334,0.059880239520958084
Trachypithecus_phayrei,Cytb,A_H>G_H,A>G,S,4,20,16,334,0.04790419161676647
Trachypithecus_phayrei,Cytb,A_H>G_H,A>G,T,33,0,-33,334,-0.09880239520958084
Trachypithecus_phayrei,Cytb,A_H>G_H,A>G,V,0,52,52,334,0.15568862275449102
Trachypithecus_phayrei,Cytb,A_H>G_H,A>G,W,0,0,0,334,0.0
Trachypithecus_phayrei,Cytb,A_H>G_H,A>G,Y,14,0,-14,334,-0.041916167664670656
Trachypithecus_phayrei,Cytb,C_H>T_H,C>T,A,22,0,-22,337,-0.06528189910979229
Trachypithecus_phayrei,Cytb,C_H>T_H,C>T,C,0,3,3,337,0.008902077151335312
Trachypithecus_phayrei,Cytb,C_H>T_H,C>T,D,0,0,0,337,0.0
Trachypithecus_phayrei,Cytb,C_H>T_H,C>T,E,0,0,0,337,0.0
Trachypithecus_phayrei,Cytb,C_H>T_H,C>T,F,0,42,42,337,0.12462908011869436
Trachypithecus_phayrei,Cytb,C_H>T_H,C>T,G,0,0,0,337,0.0
Trachypithecus_phayrei,Cytb,C_H>T_H,C>T,H,11,0,-11,337,-0.032640949554896145
Trachypithecus_phayrei,Cytb,C_H>T_H,C>T,I,0,21,21,337,0.06231454005934718
Trachypithecus_phayrei,Cytb,C_H>T_H,C>T,K,0,0,0,337,0.0
Trachypithecus_phayrei,Cytb,C_H>T_H,C>T,L,25,33,8,337,0.02373887240356083
Trachypithecus_phayrei,Cytb,C_H>T_H,C>T,M,0,12,12,337,0.03560830860534125
Trachypithecus_phayrei,Cytb,C_H>T_H,C>T,N,0,0,0,337,0.0
Trachypithecus_phayrei,Cytb,C_H>T_H,C>T,P,52,0,-52,337,-0.1543026706231454
Trachypithecus_phayrei,Cytb,C_H>T_H,C>T,Q,9,0,-9,337,-0.026706231454005934
Trachypithecus_phayrei,Cytb,C_H>T_H,C>T,R,7,0,-7,337,-0.020771513353115726
Trachypithecus_phayrei,Cytb,C_H>T_H,C>T,S,24,26,2,337,0.005934718100890208
Trachypithecus_phayrei,Cytb,C_H>T_H,C>T,T,33,0,-33,337,-0.09792284866468842
Trachypithecus_phayrei,Cytb,C_H>T_H,C>T,V,0,22,22,337,0.06528189910979229
Trachypithecus_phayrei,Cytb,C_H>T_H,C>T,W,0,4,4,337,0.011869436201780416
Trachypithecus_phayrei,Cytb,C_H>T_H,C>T,Y,0,11,11,337,0.032640949554896145
Tursiops_truncatus,CO1,A_H>G_H,A>G,A,0,38,38,447,0.08501118568232663
Tursiops_truncatus,CO1,A_H>G_H,A>G,C,0,20,20,447,0.0447427293064877
Tursiops_truncatus,CO1,A_H>G_H,A>G,D,15,19,4,447,0.008948545861297539
Tursiops_truncatus,CO1,A_H>G_H,A>G,E,9,9,0,447,0.0
Tursiops_truncatus,CO1,A_H>G_H,A>G,F,0,0,0,447,0.0
Tursiops_truncatus,CO1,A_H>G_H,A>G,G,0,28,28,447,0.06263982102908278
Tursiops_truncatus,CO1,A_H>G_H,A>G,H,16,0,-16,447,-0.035794183445190156
Tursiops_truncatus,CO1,A_H>G_H,A>G,I,40,0,-40,447,-0.0894854586129754
Tursiops_truncatus,CO1,A_H>G_H,A>G,K,18,0,-18,447,-0.040268456375838924
Tursiops_truncatus,CO1,A_H>G_H,A>G,L,0,0,0,447,0.0
Tursiops_truncatus,CO1,A_H>G_H,A>G,M,30,0,-30,447,-0.06711409395973154
Tursiops_truncatus,CO1,A_H>G_H,A>G,N,38,0,-38,447,-0.08501118568232663
Tursiops_truncatus,CO1,A_H>G_H,A>G,P,0,0,0,447,0.0
Tursiops_truncatus,CO1,A_H>G_H,A>G,Q,7,0,-7,447,-0.015659955257270694
Tursiops_truncatus,CO1,A_H>G_H,A>G,R,0,23,23,447,0.05145413870246085
Tursiops_truncatus,CO1,A_H>G_H,A>G,S,3,19,16,447,0.035794183445190156
Tursiops_truncatus,CO1,A_H>G_H,A>G,T,38,0,-38,447,-0.08501118568232663
Tursiops_truncatus,CO1,A_H>G_H,A>G,V,0,70,70,447,0.15659955257270694
Tursiops_truncatus,CO1,A_H>G_H,A>G,W,0,0,0,447,0.0
Tursiops_truncatus,CO1,A_H>G_H,A>G,Y,20,0,-20,447,-0.0447427293064877
Tursiops_truncatus,CO1,C_H>T_H,C>T,A,38,0,-38,367,-0.10354223433242507
Tursiops_truncatus,CO1,C_H>T_H,C>T,C,0,3,3,367,0.008174386920980926
Tursiops_truncatus,CO1,C_H>T_H,C>T,D,0,0,0,367,0.0
Tursiops_truncatus,CO1,C_H>T_H,C>T,E,0,0,0,367,0.0
Tursiops_truncatus,CO1,C_H>T_H,C>T,F,0,25,25,367,0.0681198910081744
Tursiops_truncatus,CO1,C_H>T_H,C>T,G,0,0,0,367,0.0
Tursiops_truncatus,CO1,C_H>T_H,C>T,H,16,0,-16,367,-0.043596730245231606
Tursiops_truncatus,CO1,C_H>T_H,C>T,I,0,16,16,367,0.043596730245231606
Tursiops_truncatus,CO1,C_H>T_H,C>T,K,0,0,0,367,0.0
Tursiops_truncatus,CO1,C_H>T_H,C>T,L,13,45,32,367,0.08719346049046321
Tursiops_truncatus,CO1,C_H>T_H,C>T,M,0,22,22,367,0.05994550408719346
Tursiops_truncatus,CO1,C_H>T_H,C>T,N,0,0,0,367,0.0
Tursiops_truncatus,CO1,C_H>T_H,C>T,P,58,0,-58,367,-0.15803814713896458
Tursiops_truncatus,CO1,C_H>T_H,C>T,Q,7,0,-7,367,-0.01907356948228883
Tursiops_truncatus,CO1,C_H>T_H,C>T,R,8,0,-8,367,-0.021798365122615803
Tursiops_truncatus,CO1,C_H>T_H,C>T,S,28,29,1,367,0.0027247956403269754
Tursiops_truncatus,CO1,C_H>T_H,C>T,T,38,0,-38,367,-0.10354223433242507
Tursiops_truncatus,CO1,C_H>T_H,C>T,V,0,38,38,367,0.10354223433242507
Tursiops_truncatus,CO1,C_H>T_H,C>T,W,0,5,5,367,0.013623978201634877
Tursiops_truncatus,CO1,C_H>T_H,C>T,Y,0,16,16,367,0.043596730245231606
Tursiops_truncatus,CO3,A_H>G_H,A>G,A,0,22,22,221,0.09954751131221719
Tursiops_truncatus,CO3,A_H>G_H,A>G,C,0,11,11,221,0.049773755656108594
Tursiops_truncatus,CO3,A_H>G_H,A>G,D,3,7,4,221,0.01809954751131222
Tursiops_truncatus,CO3,A_H>G_H,A>G,E,8,2,-6,221,-0.027149321266968326
Tursiops_truncatus,CO3,A_H>G_H,A>G,F,0,0,0,221,0.0
Tursiops_truncatus,CO3,A_H>G_H,A>G,G,0,16,16,221,0.07239819004524888
Tursiops_truncatus,CO3,A_H>G_H,A>G,H,17,0,-17,221,-0.07692307692307693
Tursiops_truncatus,CO3,A_H>G_H,A>G,I,16,0,-16,221,-0.07239819004524888
Tursiops_truncatus,CO3,A_H>G_H,A>G,K,4,0,-4,221,-0.01809954751131222
Tursiops_truncatus,CO3,A_H>G_H,A>G,L,0,0,0,221,0.0
Tursiops_truncatus,CO3,A_H>G_H,A>G,M,13,0,-13,221,-0.058823529411764705
Tursiops_truncatus,CO3,A_H>G_H,A>G,N,14,0,-14,221,-0.06334841628959276
Tursiops_truncatus,CO3,A_H>G_H,A>G,P,0,0,0,221,0.0
Tursiops_truncatus,CO3,A_H>G_H,A>G,Q,7,0,-7,221,-0.03167420814479638
Tursiops_truncatus,CO3,A_H>G_H,A>G,R,0,24,24,221,0.1085972850678733
Tursiops_truncatus,CO3,A_H>G_H,A>G,S,5,7,2,221,0.00904977375565611
Tursiops_truncatus,CO3,A_H>G_H,A>G,T,22,0,-22,221,-0.09954751131221719
Tursiops_truncatus,CO3,A_H>G_H,A>G,V,0,29,29,221,0.13122171945701358
Tursiops_truncatus,CO3,A_H>G_H,A>G,W,0,0,0,221,0.0
Tursiops_truncatus,CO3,A_H>G_H,A>G,Y,11,0,-11,221,-0.049773755656108594
Tursiops_truncatus,CO3,C_H>T_H,C>T,A,13,0,-13,222,-0.05855855855855856
Tursiops_truncatus,CO3,C_H>T_H,C>T,C,0,2,2,222,0.009009009009009009
Tursiops_truncatus,CO3,C_H>T_H,C>T,D,0,0,0,222,0.0
Tursiops_truncatus,CO3,C_H>T_H,C>T,E,0,0,0,222,0.0
Tursiops_truncatus,CO3,C_H>T_H,C>T,F,0,21,21,222,0.0945945945945946
Tursiops_truncatus,CO3,C_H>T_H,C>T,G,0,0,0,222,0.0
Tursiops_truncatus,CO3,C_H>T_H,C>T,H,17,0,-17,222,-0.07657657657657657
Tursiops_truncatus,CO3,C_H>T_H,C>T,I,0,11,11,222,0.04954954954954955
Tursiops_truncatus,CO3,C_H>T_H,C>T,K,0,0,0,222,0.0
Tursiops_truncatus,CO3,C_H>T_H,C>T,L,15,23,8,222,0.036036036036036036
Tursiops_truncatus,CO3,C_H>T_H,C>T,M,0,11,11,222,0.04954954954954955
Tursiops_truncatus,CO3,C_H>T_H,C>T,N,0,0,0,222,0.0
Tursiops_truncatus,CO3,C_H>T_H,C>T,P,24,0,-24,222,-0.10810810810810811
Tursiops_truncatus,CO3,C_H>T_H,C>T,Q,7,0,-7,222,-0.03153153153153153
Tursiops_truncatus,CO3,C_H>T_H,C>T,R,5,0,-5,222,-0.02252252252252252
Tursiops_truncatus,CO3,C_H>T_H,C>T,S,17,12,-5,222,-0.02252252252252252
Tursiops_truncatus,CO3,C_H>T_H,C>T,T,22,0,-22,222,-0.0990990990990991
Tursiops_truncatus,CO3,C_H>T_H,C>T,V,0,13,13,222,0.05855855855855856
Tursiops_truncatus,CO3,C_H>T_H,C>T,W,0,3,3,222,0.013513513513513514
Tursiops_truncatus,CO3,C_H>T_H,C>T,Y,0,17,17,222,0.07657657657657657
Tursiops_truncatus,Cytb,A_H>G_H,A>G,A,0,29,29,346,0.0838150289017341
Tursiops_truncatus,Cytb,A_H>G_H,A>G,C,0,16,16,346,0.046242774566473986
Tursiops_truncatus,Cytb,A_H>G_H,A>G,D,11,15,4,346,0.011560693641618497
Tursiops_truncatus,Cytb,A_H>G_H,A>G,E,6,9,3,346,0.008670520231213872
Tursiops_truncatus,Cytb,A_H>G_H,A>G,F,0,0,0,346,0.0
Tursiops_truncatus,Cytb,A_H>G_H,A>G,G,0,21,21,346,0.06069364161849711
Tursiops_truncatus,Cytb,A_H>G_H,A>G,H,11,0,-11,346,-0.031791907514450865
Tursiops_truncatus,Cytb,A_H>G_H,A>G,I,37,0,-37,346,-0.1069364161849711
Tursiops_truncatus,Cytb,A_H>G_H,A>G,K,18,0,-18,346,-0.05202312138728324
Tursiops_truncatus,Cytb,A_H>G_H,A>G,L,0,0,0,346,0.0
Tursiops_truncatus,Cytb,A_H>G_H,A>G,M,14,0,-14,346,-0.04046242774566474
Tursiops_truncatus,Cytb,A_H>G_H,A>G,N,30,0,-30,346,-0.08670520231213873
Tursiops_truncatus,Cytb,A_H>G_H,A>G,P,0,0,0,346,0.0
Tursiops_truncatus,Cytb,A_H>G_H,A>G,Q,8,0,-8,346,-0.023121387283236993
Tursiops_truncatus,Cytb,A_H>G_H,A>G,R,0,19,19,346,0.05491329479768786
Tursiops_truncatus,Cytb,A_H>G_H,A>G,S,3,15,12,346,0.03468208092485549
Tursiops_truncatus,Cytb,A_H>G_H,A>G,T,29,0,-29,346,-0.0838150289017341
Tursiops_truncatus,Cytb,A_H>G_H,A>G,V,0,51,51,346,0.14739884393063585
Tursiops_truncatus,Cytb,A_H>G_H,A>G,W,0,0,0,346,0.0
Tursiops_truncatus,Cytb,A_H>G_H,A>G,Y,16,0,-16,346,-0.046242774566473986
Tursiops_truncatus,Cytb,C_H>T_H,C>T,A,26,0,-26,339,-0.07669616519174041
Tursiops_truncatus,Cytb,C_H>T_H,C>T,C,0,3,3,339,0.008849557522123894
Tursiops_truncatus,Cytb,C_H>T_H,C>T,D,0,0,0,339,0.0
Tursiops_truncatus,Cytb,C_H>T_H,C>T,E,0,0,0,339,0.0
Tursiops_truncatus,Cytb,C_H>T_H,C>T,F,0,27,27,339,0.07964601769911504
Tursiops_truncatus,Cytb,C_H>T_H,C>T,G,0,0,0,339,0.0
Tursiops_truncatus,Cytb,C_H>T_H,C>T,H,11,0,-11,339,-0.032448377581120944
Tursiops_truncatus,Cytb,C_H>T_H,C>T,I,0,15,15,339,0.04424778761061947
Tursiops_truncatus,Cytb,C_H>T_H,C>T,K,0,0,0,339,0.0
Tursiops_truncatus,Cytb,C_H>T_H,C>T,L,15,29,14,339,0.04129793510324484
Tursiops_truncatus,Cytb,C_H>T_H,C>T,M,0,14,14,339,0.04129793510324484
Tursiops_truncatus,Cytb,C_H>T_H,C>T,N,0,0,0,339,0.0
Tursiops_truncatus,Cytb,C_H>T_H,C>T,P,46,0,-46,339,-0.13569321533923304
Tursiops_truncatus,Cytb,C_H>T_H,C>T,Q,8,0,-8,339,-0.02359882005899705
Tursiops_truncatus,Cytb,C_H>T_H,C>T,R,8,0,-8,339,-0.02359882005899705
Tursiops_truncatus,Cytb,C_H>T_H,C>T,S,18,23,5,339,0.014749262536873156
Tursiops_truncatus,Cytb,C_H>T_H,C>T,T,29,0,-29,339,-0.0855457227138643
Tursiops_truncatus,Cytb,C_H>T_H,C>T,V,0,26,26,339,0.07669616519174041
Tursiops_truncatus,Cytb,C_H>T_H,C>T,W,0,5,5,339,0.014749262536873156
Tursiops_truncatus,Cytb,C_H>T_H,C>T,Y,0,11,11,339,0.032448377581120944
Urocyon_cinereoargenteus,CO1,A_H>G_H,A>G,A,0,38,38,395,0.09620253164556962
Urocyon_cinereoargenteus,CO1,A_H>G_H,A>G,C,0,19,19,395,0.04810126582278481
Urocyon_cinereoargenteus,CO1,A_H>G_H,A>G,D,15,17,2,395,0.005063291139240506
Urocyon_cinereoargenteus,CO1,A_H>G_H,A>G,E,10,9,-1,395,-0.002531645569620253
Urocyon_cinereoargenteus,CO1,A_H>G_H,A>G,F,0,0,0,395,0.0
Urocyon_cinereoargenteus,CO1,A_H>G_H,A>G,G,0,28,28,395,0.07088607594936709
Urocyon_cinereoargenteus,CO1,A_H>G_H,A>G,H,18,0,-18,395,-0.04556962025316456
Urocyon_cinereoargenteus,CO1,A_H>G_H,A>G,I,37,0,-37,395,-0.09367088607594937
Urocyon_cinereoargenteus,CO1,A_H>G_H,A>G,K,18,0,-18,395,-0.04556962025316456
Urocyon_cinereoargenteus,CO1,A_H>G_H,A>G,L,0,0,0,395,0.0
Urocyon_cinereoargenteus,CO1,A_H>G_H,A>G,M,33,0,-33,395,-0.08354430379746836
Urocyon_cinereoargenteus,CO1,A_H>G_H,A>G,N,34,0,-34,395,-0.08607594936708861
Urocyon_cinereoargenteus,CO1,A_H>G_H,A>G,P,0,0,0,395,0.0
Urocyon_cinereoargenteus,CO1,A_H>G_H,A>G,Q,7,0,-7,395,-0.017721518987341773
Urocyon_cinereoargenteus,CO1,A_H>G_H,A>G,R,0,25,25,395,0.06329113924050633
Urocyon_cinereoargenteus,CO1,A_H>G_H,A>G,S,3,17,14,395,0.035443037974683546
Urocyon_cinereoargenteus,CO1,A_H>G_H,A>G,T,38,0,-38,395,-0.09620253164556962
Urocyon_cinereoargenteus,CO1,A_H>G_H,A>G,V,0,70,70,395,0.17721518987341772
Urocyon_cinereoargenteus,CO1,A_H>G_H,A>G,W,0,1,1,395,0.002531645569620253
Urocyon_cinereoargenteus,CO1,A_H>G_H,A>G,Y,19,0,-19,395,-0.04810126582278481
Urocyon_cinereoargenteus,CO1,C_H>T_H,C>T,A,42,0,-42,378,-0.1111111111111111
Urocyon_cinereoargenteus,CO1,C_H>T_H,C>T,C,0,0,0,378,0.0
Urocyon_cinereoargenteus,CO1,C_H>T_H,C>T,D,0,0,0,378,0.0
Urocyon_cinereoargenteus,CO1,C_H>T_H,C>T,E,0,0,0,378,0.0
Urocyon_cinereoargenteus,CO1,C_H>T_H,C>T,F,0,31,31,378,0.082010582010582
Urocyon_cinereoargenteus,CO1,C_H>T_H,C>T,G,0,0,0,378,0.0
Urocyon_cinereoargenteus,CO1,C_H>T_H,C>T,H,18,0,-18,378,-0.047619047619047616
Urocyon_cinereoargenteus,CO1,C_H>T_H,C>T,I,0,19,19,378,0.05026455026455026
Urocyon_cinereoargenteus,CO1,C_H>T_H,C>T,K,0,0,0,378,0.0
Urocyon_cinereoargenteus,CO1,C_H>T_H,C>T,L,15,39,24,378,0.06349206349206349
Urocyon_cinereoargenteus,CO1,C_H>T_H,C>T,M,0,19,19,378,0.05026455026455026
Urocyon_cinereoargenteus,CO1,C_H>T_H,C>T,N,0,0,0,378,0.0
Urocyon_cinereoargenteus,CO1,C_H>T_H,C>T,P,56,0,-56,378,-0.14814814814814814
Urocyon_cinereoargenteus,CO1,C_H>T_H,C>T,Q,7,0,-7,378,-0.018518518518518517
Urocyon_cinereoargenteus,CO1,C_H>T_H,C>T,R,8,0,-8,378,-0.021164021164021163
Urocyon_cinereoargenteus,CO1,C_H>T_H,C>T,S,27,28,1,378,0.0026455026455026454
Urocyon_cinereoargenteus,CO1,C_H>T_H,C>T,T,38,0,-38,378,-0.10052910052910052
Urocyon_cinereoargenteus,CO1,C_H>T_H,C>T,V,0,42,42,378,0.1111111111111111
Urocyon_cinereoargenteus,CO1,C_H>T_H,C>T,W,0,8,8,378,0.021164021164021163
Urocyon_cinereoargenteus,CO1,C_H>T_H,C>T,Y,0,18,18,378,0.047619047619047616
Urocyon_cinereoargenteus,CO3,A_H>G_H,A>G,A,0,21,21,201,0.1044776119402985
Urocyon_cinereoargenteus,CO3,A_H>G_H,A>G,C,0,14,14,201,0.06965174129353234
Urocyon_cinereoargenteus,CO3,A_H>G_H,A>G,D,3,6,3,201,0.014925373134328358
Urocyon_cinereoargenteus,CO3,A_H>G_H,A>G,E,8,2,-6,201,-0.029850746268656716
Urocyon_cinereoargenteus,CO3,A_H>G_H,A>G,F,0,0,0,201,0.0
Urocyon_cinereoargenteus,CO3,A_H>G_H,A>G,G,0,15,15,201,0.07462686567164178
Urocyon_cinereoargenteus,CO3,A_H>G_H,A>G,H,16,0,-16,201,-0.07960199004975124
Urocyon_cinereoargenteus,CO3,A_H>G_H,A>G,I,12,0,-12,201,-0.05970149253731343
Urocyon_cinereoargenteus,CO3,A_H>G_H,A>G,K,4,0,-4,201,-0.01990049751243781
Urocyon_cinereoargenteus,CO3,A_H>G_H,A>G,L,0,0,0,201,0.0
Urocyon_cinereoargenteus,CO3,A_H>G_H,A>G,M,10,0,-10,201,-0.04975124378109453
Urocyon_cinereoargenteus,CO3,A_H>G_H,A>G,N,12,0,-12,201,-0.05970149253731343
Urocyon_cinereoargenteus,CO3,A_H>G_H,A>G,P,0,0,0,201,0.0
Urocyon_cinereoargenteus,CO3,A_H>G_H,A>G,Q,7,0,-7,201,-0.03482587064676617
Urocyon_cinereoargenteus,CO3,A_H>G_H,A>G,R,0,23,23,201,0.11442786069651742
Urocyon_cinereoargenteus,CO3,A_H>G_H,A>G,S,4,6,2,201,0.009950248756218905
Urocyon_cinereoargenteus,CO3,A_H>G_H,A>G,T,21,0,-21,201,-0.1044776119402985
Urocyon_cinereoargenteus,CO3,A_H>G_H,A>G,V,0,22,22,201,0.10945273631840796
Urocyon_cinereoargenteus,CO3,A_H>G_H,A>G,W,0,0,0,201,0.0
Urocyon_cinereoargenteus,CO3,A_H>G_H,A>G,Y,14,0,-14,201,-0.06965174129353234
Urocyon_cinereoargenteus,CO3,C_H>T_H,C>T,A,15,0,-15,214,-0.07009345794392523
Urocyon_cinereoargenteus,CO3,C_H>T_H,C>T,C,0,1,1,214,0.004672897196261682
Urocyon_cinereoargenteus,CO3,C_H>T_H,C>T,D,0,0,0,214,0.0
Urocyon_cinereoargenteus,CO3,C_H>T_H,C>T,E,0,0,0,214,0.0
Urocyon_cinereoargenteus,CO3,C_H>T_H,C>T,F,0,24,24,214,0.11214953271028037
Urocyon_cinereoargenteus,CO3,C_H>T_H,C>T,G,0,0,0,214,0.0
Urocyon_cinereoargenteus,CO3,C_H>T_H,C>T,H,16,0,-16,214,-0.07476635514018691
Urocyon_cinereoargenteus,CO3,C_H>T_H,C>T,I,0,9,9,214,0.04205607476635514
Urocyon_cinereoargenteus,CO3,C_H>T_H,C>T,K,0,0,0,214,0.0
Urocyon_cinereoargenteus,CO3,C_H>T_H,C>T,L,13,18,5,214,0.02336448598130841
Urocyon_cinereoargenteus,CO3,C_H>T_H,C>T,M,0,12,12,214,0.056074766355140186
Urocyon_cinereoargenteus,CO3,C_H>T_H,C>T,N,0,0,0,214,0.0
Urocyon_cinereoargenteus,CO3,C_H>T_H,C>T,P,20,0,-20,214,-0.09345794392523364
Urocyon_cinereoargenteus,CO3,C_H>T_H,C>T,Q,7,0,-7,214,-0.03271028037383177
Urocyon_cinereoargenteus,CO3,C_H>T_H,C>T,R,5,0,-5,214,-0.02336448598130841
Urocyon_cinereoargenteus,CO3,C_H>T_H,C>T,S,19,10,-9,214,-0.04205607476635514
Urocyon_cinereoargenteus,CO3,C_H>T_H,C>T,T,21,0,-21,214,-0.09813084112149532
Urocyon_cinereoargenteus,CO3,C_H>T_H,C>T,V,0,15,15,214,0.07009345794392523
Urocyon_cinereoargenteus,CO3,C_H>T_H,C>T,W,0,4,4,214,0.018691588785046728
Urocyon_cinereoargenteus,CO3,C_H>T_H,C>T,Y,0,16,16,214,0.07476635514018691
Urocyon_cinereoargenteus,Cytb,A_H>G_H,A>G,A,0,26,26,326,0.07975460122699386
Urocyon_cinereoargenteus,Cytb,A_H>G_H,A>G,C,0,15,15,326,0.046012269938650305
Urocyon_cinereoargenteus,Cytb,A_H>G_H,A>G,D,11,17,6,326,0.018404907975460124
Urocyon_cinereoargenteus,Cytb,A_H>G_H,A>G,E,6,9,3,326,0.009202453987730062
Urocyon_cinereoargenteus,Cytb,A_H>G_H,A>G,F,0,0,0,326,0.0
Urocyon_cinereoargenteus,Cytb,A_H>G_H,A>G,G,0,21,21,326,0.06441717791411043
Urocyon_cinereoargenteus,Cytb,A_H>G_H,A>G,H,12,0,-12,326,-0.03680981595092025
Urocyon_cinereoargenteus,Cytb,A_H>G_H,A>G,I,41,0,-41,326,-0.12576687116564417
Urocyon_cinereoargenteus,Cytb,A_H>G_H,A>G,K,18,0,-18,326,-0.05521472392638037
Urocyon_cinereoargenteus,Cytb,A_H>G_H,A>G,L,0,0,0,326,0.0
Urocyon_cinereoargenteus,Cytb,A_H>G_H,A>G,M,14,0,-14,326,-0.04294478527607362
Urocyon_cinereoargenteus,Cytb,A_H>G_H,A>G,N,34,0,-34,326,-0.10429447852760736
Urocyon_cinereoargenteus,Cytb,A_H>G_H,A>G,P,0,0,0,326,0.0
Urocyon_cinereoargenteus,Cytb,A_H>G_H,A>G,Q,6,0,-6,326,-0.018404907975460124
Urocyon_cinereoargenteus,Cytb,A_H>G_H,A>G,R,0,18,18,326,0.05521472392638037
Urocyon_cinereoargenteus,Cytb,A_H>G_H,A>G,S,3,17,14,326,0.04294478527607362
Urocyon_cinereoargenteus,Cytb,A_H>G_H,A>G,T,26,0,-26,326,-0.07975460122699386
Urocyon_cinereoargenteus,Cytb,A_H>G_H,A>G,V,0,55,55,326,0.1687116564417178
Urocyon_cinereoargenteus,Cytb,A_H>G_H,A>G,W,0,0,0,326,0.0
Urocyon_cinereoargenteus,Cytb,A_H>G_H,A>G,Y,15,0,-15,326,-0.046012269938650305
Urocyon_cinereoargenteus,Cytb,C_H>T_H,C>T,A,26,0,-26,334,-0.07784431137724551
Urocyon_cinereoargenteus,Cytb,C_H>T_H,C>T,C,0,2,2,334,0.005988023952095809
Urocyon_cinereoargenteus,Cytb,C_H>T_H,C>T,D,0,0,0,334,0.0
Urocyon_cinereoargenteus,Cytb,C_H>T_H,C>T,E,0,0,0,334,0.0
Urocyon_cinereoargenteus,Cytb,C_H>T_H,C>T,F,0,24,24,334,0.0718562874251497
Urocyon_cinereoargenteus,Cytb,C_H>T_H,C>T,G,0,0,0,334,0.0
Urocyon_cinereoargenteus,Cytb,C_H>T_H,C>T,H,12,0,-12,334,-0.03592814371257485
Urocyon_cinereoargenteus,Cytb,C_H>T_H,C>T,I,0,14,14,334,0.041916167664670656
Urocyon_cinereoargenteus,Cytb,C_H>T_H,C>T,K,0,0,0,334,0.0
Urocyon_cinereoargenteus,Cytb,C_H>T_H,C>T,L,16,37,21,334,0.06287425149700598
Urocyon_cinereoargenteus,Cytb,C_H>T_H,C>T,M,0,12,12,334,0.03592814371257485
Urocyon_cinereoargenteus,Cytb,C_H>T_H,C>T,N,0,0,0,334,0.0
Urocyon_cinereoargenteus,Cytb,C_H>T_H,C>T,P,44,0,-44,334,-0.1317365269461078
Urocyon_cinereoargenteus,Cytb,C_H>T_H,C>T,Q,6,0,-6,334,-0.017964071856287425
Urocyon_cinereoargenteus,Cytb,C_H>T_H,C>T,R,8,0,-8,334,-0.023952095808383235
Urocyon_cinereoargenteus,Cytb,C_H>T_H,C>T,S,23,22,-1,334,-0.0029940119760479044
Urocyon_cinereoargenteus,Cytb,C_H>T_H,C>T,T,26,0,-26,334,-0.07784431137724551
Urocyon_cinereoargenteus,Cytb,C_H>T_H,C>T,V,0,26,26,334,0.07784431137724551
Urocyon_cinereoargenteus,Cytb,C_H>T_H,C>T,W,0,6,6,334,0.017964071856287425
Urocyon_cinereoargenteus,Cytb,C_H>T_H,C>T,Y,0,12,12,334,0.03592814371257485
Ursus_arctos,CO1,A_H>G_H,A>G,A,0,35,35,400,0.0875
Ursus_arctos,CO1,A_H>G_H,A>G,C,0,19,19,400,0.0475
Ursus_arctos,CO1,A_H>G_H,A>G,D,14,18,4,400,0.01
Ursus_arctos,CO1,A_H>G_H,A>G,E,10,9,-1,400,-0.0025
Ursus_arctos,CO1,A_H>G_H,A>G,F,0,0,0,400,0.0
Ursus_arctos,CO1,A_H>G_H,A>G,G,0,27,27,400,0.0675
Ursus_arctos,CO1,A_H>G_H,A>G,H,18,0,-18,400,-0.045
Ursus_arctos,CO1,A_H>G_H,A>G,I,37,0,-37,400,-0.0925
Ursus_arctos,CO1,A_H>G_H,A>G,K,18,0,-18,400,-0.045
Ursus_arctos,CO1,A_H>G_H,A>G,L,0,0,0,400,0.0
Ursus_arctos,CO1,A_H>G_H,A>G,M,36,0,-36,400,-0.09
Ursus_arctos,CO1,A_H>G_H,A>G,N,36,0,-36,400,-0.09
Ursus_arctos,CO1,A_H>G_H,A>G,P,0,0,0,400,0.0
Ursus_arctos,CO1,A_H>G_H,A>G,Q,6,0,-6,400,-0.015
Ursus_arctos,CO1,A_H>G_H,A>G,R,0,24,24,400,0.06
Ursus_arctos,CO1,A_H>G_H,A>G,S,3,18,15,400,0.0375
Ursus_arctos,CO1,A_H>G_H,A>G,T,35,0,-35,400,-0.0875
Ursus_arctos,CO1,A_H>G_H,A>G,V,0,73,73,400,0.1825
Ursus_arctos,CO1,A_H>G_H,A>G,W,0,1,1,400,0.0025
Ursus_arctos,CO1,A_H>G_H,A>G,Y,19,0,-19,400,-0.0475
Ursus_arctos,CO1,C_H>T_H,C>T,A,42,0,-42,370,-0.11351351351351352
Ursus_arctos,CO1,C_H>T_H,C>T,C,0,1,1,370,0.002702702702702703
Ursus_arctos,CO1,C_H>T_H,C>T,D,0,0,0,370,0.0
Ursus_arctos,CO1,C_H>T_H,C>T,E,0,0,0,370,0.0
Ursus_arctos,CO1,C_H>T_H,C>T,F,0,31,31,370,0.08378378378378379
Ursus_arctos,CO1,C_H>T_H,C>T,G,0,0,0,370,0.0
Ursus_arctos,CO1,C_H>T_H,C>T,H,18,0,-18,370,-0.04864864864864865
Ursus_arctos,CO1,C_H>T_H,C>T,I,0,18,18,370,0.04864864864864865
Ursus_arctos,CO1,C_H>T_H,C>T,K,0,0,0,370,0.0
Ursus_arctos,CO1,C_H>T_H,C>T,L,15,40,25,370,0.06756756756756757
Ursus_arctos,CO1,C_H>T_H,C>T,M,0,17,17,370,0.04594594594594595
Ursus_arctos,CO1,C_H>T_H,C>T,N,0,0,0,370,0.0
Ursus_arctos,CO1,C_H>T_H,C>T,P,56,0,-56,370,-0.15135135135135136
Ursus_arctos,CO1,C_H>T_H,C>T,Q,6,0,-6,370,-0.016216216216216217
Ursus_arctos,CO1,C_H>T_H,C>T,R,8,0,-8,370,-0.021621621621621623
Ursus_arctos,CO1,C_H>T_H,C>T,S,28,28,0,370,0.0
Ursus_arctos,CO1,C_H>T_H,C>T,T,35,0,-35,370,-0.0945945945945946
Ursus_arctos,CO1,C_H>T_H,C>T,V,0,42,42,370,0.11351351351351352
Ursus_arctos,CO1,C_H>T_H,C>T,W,0,7,7,370,0.01891891891891892
Ursus_arctos,CO1,C_H>T_H,C>T,Y,0,18,18,370,0.04864864864864865
Ursus_arctos,CO3,A_H>G_H,A>G,A,0,22,22,209,0.10526315789473684
Ursus_arctos,CO3,A_H>G_H,A>G,C,0,11,11,209,0.05263157894736842
Ursus_arctos,CO3,A_H>G_H,A>G,D,3,5,2,209,0.009569377990430622
Ursus_arctos,CO3,A_H>G_H,A>G,E,8,2,-6,209,-0.028708133971291867
Ursus_arctos,CO3,A_H>G_H,A>G,F,0,0,0,209,0.0
Ursus_arctos,CO3,A_H>G_H,A>G,G,0,17,17,209,0.08133971291866028
Ursus_arctos,CO3,A_H>G_H,A>G,H,17,0,-17,209,-0.08133971291866028
Ursus_arctos,CO3,A_H>G_H,A>G,I,12,0,-12,209,-0.05741626794258373
Ursus_arctos,CO3,A_H>G_H,A>G,K,4,0,-4,209,-0.019138755980861243
Ursus_arctos,CO3,A_H>G_H,A>G,L,0,0,0,209,0.0
Ursus_arctos,CO3,A_H>G_H,A>G,M,11,0,-11,209,-0.05263157894736842
Ursus_arctos,CO3,A_H>G_H,A>G,N,10,0,-10,209,-0.04784688995215311
Ursus_arctos,CO3,A_H>G_H,A>G,P,0,0,0,209,0.0
Ursus_arctos,CO3,A_H>G_H,A>G,Q,7,0,-7,209,-0.03349282296650718
Ursus_arctos,CO3,A_H>G_H,A>G,R,0,24,24,209,0.11483253588516747
Ursus_arctos,CO3,A_H>G_H,A>G,S,6,5,-1,209,-0.004784688995215311
Ursus_arctos,CO3,A_H>G_H,A>G,T,22,0,-22,209,-0.10526315789473684
Ursus_arctos,CO3,A_H>G_H,A>G,V,0,23,23,209,0.11004784688995216
Ursus_arctos,CO3,A_H>G_H,A>G,W,0,0,0,209,0.0
Ursus_arctos,CO3,A_H>G_H,A>G,Y,11,0,-11,209,-0.05263157894736842
Ursus_arctos,CO3,C_H>T_H,C>T,A,16,0,-16,209,-0.07655502392344497
Ursus_arctos,CO3,C_H>T_H,C>T,C,0,1,1,209,0.004784688995215311
Ursus_arctos,CO3,C_H>T_H,C>T,D,0,0,0,209,0.0
Ursus_arctos,CO3,C_H>T_H,C>T,E,0,0,0,209,0.0
Ursus_arctos,CO3,C_H>T_H,C>T,F,0,21,21,209,0.10047846889952153
Ursus_arctos,CO3,C_H>T_H,C>T,G,0,0,0,209,0.0
Ursus_arctos,CO3,C_H>T_H,C>T,H,17,0,-17,209,-0.08133971291866028
Ursus_arctos,CO3,C_H>T_H,C>T,I,0,13,13,209,0.06220095693779904
Ursus_arctos,CO3,C_H>T_H,C>T,K,0,0,0,209,0.0
Ursus_arctos,CO3,C_H>T_H,C>T,L,14,21,7,209,0.03349282296650718
Ursus_arctos,CO3,C_H>T_H,C>T,M,0,9,9,209,0.0430622009569378
Ursus_arctos,CO3,C_H>T_H,C>T,N,0,0,0,209,0.0
Ursus_arctos,CO3,C_H>T_H,C>T,P,22,0,-22,209,-0.10526315789473684
Ursus_arctos,CO3,C_H>T_H,C>T,Q,7,0,-7,209,-0.03349282296650718
Ursus_arctos,CO3,C_H>T_H,C>T,R,5,0,-5,209,-0.023923444976076555
Ursus_arctos,CO3,C_H>T_H,C>T,S,17,11,-6,209,-0.028708133971291867
Ursus_arctos,CO3,C_H>T_H,C>T,T,22,0,-22,209,-0.10526315789473684
Ursus_arctos,CO3,C_H>T_H,C>T,V,0,16,16,209,0.07655502392344497
Ursus_arctos,CO3,C_H>T_H,C>T,W,0,4,4,209,0.019138755980861243
Ursus_arctos,CO3,C_H>T_H,C>T,Y,0,17,17,209,0.08133971291866028
Ursus_arctos,Cytb,A_H>G_H,A>G,A,0,27,27,327,0.08256880733944955
Ursus_arctos,Cytb,A_H>G_H,A>G,C,0,14,14,327,0.04281345565749235
Ursus_arctos,Cytb,A_H>G_H,A>G,D,12,15,3,327,0.009174311926605505
Ursus_arctos,Cytb,A_H>G_H,A>G,E,6,9,3,327,0.009174311926605505
Ursus_arctos,Cytb,A_H>G_H,A>G,F,0,0,0,327,0.0
Ursus_arctos,Cytb,A_H>G_H,A>G,G,0,21,21,327,0.06422018348623854
Ursus_arctos,Cytb,A_H>G_H,A>G,H,13,0,-13,327,-0.039755351681957186
Ursus_arctos,Cytb,A_H>G_H,A>G,I,43,0,-43,327,-0.13149847094801223
Ursus_arctos,Cytb,A_H>G_H,A>G,K,18,0,-18,327,-0.05504587155963303
Ursus_arctos,Cytb,A_H>G_H,A>G,L,0,0,0,327,0.0
Ursus_arctos,Cytb,A_H>G_H,A>G,M,9,0,-9,327,-0.027522935779816515
Ursus_arctos,Cytb,A_H>G_H,A>G,N,30,0,-30,327,-0.09174311926605505
Ursus_arctos,Cytb,A_H>G_H,A>G,P,0,0,0,327,0.0
Ursus_arctos,Cytb,A_H>G_H,A>G,Q,6,0,-6,327,-0.01834862385321101
Ursus_arctos,Cytb,A_H>G_H,A>G,R,0,19,19,327,0.0581039755351682
Ursus_arctos,Cytb,A_H>G_H,A>G,S,2,15,13,327,0.039755351681957186
Ursus_arctos,Cytb,A_H>G_H,A>G,T,27,0,-27,327,-0.08256880733944955
Ursus_arctos,Cytb,A_H>G_H,A>G,V,0,52,52,327,0.15902140672782875
Ursus_arctos,Cytb,A_H>G_H,A>G,W,0,0,0,327,0.0
Ursus_arctos,Cytb,A_H>G_H,A>G,Y,14,0,-14,327,-0.04281345565749235
Ursus_arctos,Cytb,C_H>T_H,C>T,A,26,0,-26,337,-0.0771513353115727
Ursus_arctos,Cytb,C_H>T_H,C>T,C,0,0,0,337,0.0
Ursus_arctos,Cytb,C_H>T_H,C>T,D,0,0,0,337,0.0
Ursus_arctos,Cytb,C_H>T_H,C>T,E,0,0,0,337,0.0
Ursus_arctos,Cytb,C_H>T_H,C>T,F,0,23,23,337,0.06824925816023739
Ursus_arctos,Cytb,C_H>T_H,C>T,G,0,0,0,337,0.0
Ursus_arctos,Cytb,C_H>T_H,C>T,H,13,0,-13,337,-0.03857566765578635
Ursus_arctos,Cytb,C_H>T_H,C>T,I,0,12,12,337,0.03560830860534125
Ursus_arctos,Cytb,C_H>T_H,C>T,K,0,0,0,337,0.0
Ursus_arctos,Cytb,C_H>T_H,C>T,L,12,35,23,337,0.06824925816023739
Ursus_arctos,Cytb,C_H>T_H,C>T,M,0,15,15,337,0.04451038575667656
Ursus_arctos,Cytb,C_H>T_H,C>T,N,0,0,0,337,0.0
Ursus_arctos,Cytb,C_H>T_H,C>T,P,52,0,-52,337,-0.1543026706231454
Ursus_arctos,Cytb,C_H>T_H,C>T,Q,6,0,-6,337,-0.017804154302670624
Ursus_arctos,Cytb,C_H>T_H,C>T,R,8,0,-8,337,-0.02373887240356083
Ursus_arctos,Cytb,C_H>T_H,C>T,S,20,26,6,337,0.017804154302670624
Ursus_arctos,Cytb,C_H>T_H,C>T,T,27,0,-27,337,-0.08011869436201781
Ursus_arctos,Cytb,C_H>T_H,C>T,V,0,26,26,337,0.0771513353115727
Ursus_arctos,Cytb,C_H>T_H,C>T,W,0,8,8,337,0.02373887240356083
Ursus_arctos,Cytb,C_H>T_H,C>T,Y,0,13,13,337,0.03857566765578635
