Species,Gene,amino_acid,aa_count,protein_length,aa_fraction
Balaenoptera_physalus,CO1,A,39,516,0.0755813953488372
Balaenoptera_physalus,CO1,C,1,516,0.001937984496124031
Balaenoptera_physalus,CO1,D,15,516,0.029069767441860465
Balaenoptera_physalus,CO1,E,9,516,0.01744186046511628
Balaenoptera_physalus,CO1,F,43,516,0.08333333333333333
Balaenoptera_physalus,CO1,G,48,516,0.09302325581395349
Balaenoptera_physalus,CO1,H,17,516,0.03294573643410853
Balaenoptera_physalus,CO1,I,37,516,0.07170542635658915
Balaenoptera_physalus,CO1,K,9,516,0.01744186046511628
Balaenoptera_physalus,CO1,L,60,516,0.11627906976744186
Balaenoptera_physalus,CO1,M,32,516,0.06201550387596899
Balaenoptera_physalus,CO1,N,19,516,0.03682170542635659
Balaenoptera_physalus,CO1,P,29,516,0.0562015503875969
Balaenoptera_physalus,CO1,Q,6,516,0.011627906976744186
Balaenoptera_physalus,CO1,R,8,516,0.015503875968992248
Balaenoptera_physalus,CO1,S,31,516,0.060077519379844964
Balaenoptera_physalus,CO1,T,39,516,0.0755813953488372
Balaenoptera_physalus,CO1,V,38,516,0.07364341085271318
Balaenoptera_physalus,CO1,W,18,516,0.03488372093023256
Balaenoptera_physalus,CO1,Y,18,516,0.03488372093023256
Balaenoptera_physalus,CO3,A,14,261,0.05363984674329502
Balaenoptera_physalus,CO3,C,2,261,0.007662835249042145
Balaenoptera_physalus,CO3,D,3,261,0.011494252873563218
Balaenoptera_physalus,CO3,E,8,261,0.03065134099616858
Balaenoptera_physalus,CO3,F,23,261,0.08812260536398467
Balaenoptera_physalus,CO3,G,20,261,0.07662835249042145
Balaenoptera_physalus,CO3,H,16,261,0.06130268199233716
Balaenoptera_physalus,CO3,I,16,261,0.06130268199233716
Balaenoptera_physalus,CO3,K,3,261,0.011494252873563218
Balaenoptera_physalus,CO3,L,34,261,0.13026819923371646
Balaenoptera_physalus,CO3,M,9,261,0.034482758620689655
Balaenoptera_physalus,CO3,N,7,261,0.02681992337164751
Balaenoptera_physalus,CO3,P,12,261,0.04597701149425287
Balaenoptera_physalus,CO3,Q,7,261,0.02681992337164751
Balaenoptera_physalus,CO3,R,6,261,0.022988505747126436
Balaenoptera_physalus,CO3,S,21,261,0.08045977011494253
Balaenoptera_physalus,CO3,T,22,261,0.0842911877394636
Balaenoptera_physalus,CO3,V,15,261,0.05747126436781609
Balaenoptera_physalus,CO3,W,12,261,0.04597701149425287
Balaenoptera_physalus,CO3,Y,11,261,0.0421455938697318
Balaenoptera_physalus,Cytb,A,25,379,0.06596306068601583
Balaenoptera_physalus,Cytb,C,3,379,0.0079155672823219
Balaenoptera_physalus,Cytb,D,12,379,0.0316622691292876
Balaenoptera_physalus,Cytb,E,6,379,0.0158311345646438
Balaenoptera_physalus,Cytb,F,27,379,0.0712401055408971
Balaenoptera_physalus,Cytb,G,24,379,0.0633245382585752
Balaenoptera_physalus,Cytb,H,13,379,0.03430079155672823
Balaenoptera_physalus,Cytb,I,37,379,0.09762532981530343
Balaenoptera_physalus,Cytb,K,9,379,0.023746701846965697
Balaenoptera_physalus,Cytb,L,59,379,0.15567282321899736
Balaenoptera_physalus,Cytb,M,16,379,0.04221635883905013
Balaenoptera_physalus,Cytb,N,15,379,0.0395778364116095
Balaenoptera_physalus,Cytb,P,23,379,0.06068601583113457
Balaenoptera_physalus,Cytb,Q,6,379,0.0158311345646438
Balaenoptera_physalus,Cytb,R,9,379,0.023746701846965697
Balaenoptera_physalus,Cytb,S,21,379,0.055408970976253295
Balaenoptera_physalus,Cytb,T,28,379,0.07387862796833773
Balaenoptera_physalus,Cytb,V,19,379,0.05013192612137203
Balaenoptera_physalus,Cytb,W,12,379,0.0316622691292876
Balaenoptera_physalus,Cytb,Y,15,379,0.0395778364116095
Bison_priscus,CO1,A,40,514,0.07782101167315175
Bison_priscus,CO1,C,1,514,0.0019455252918287938
Bison_priscus,CO1,D,16,514,0.0311284046692607
Bison_priscus,CO1,E,9,514,0.017509727626459144
Bison_priscus,CO1,F,42,514,0.08171206225680934
Bison_priscus,CO1,G,47,514,0.0914396887159533
Bison_priscus,CO1,H,17,514,0.033073929961089495
Bison_priscus,CO1,I,36,514,0.07003891050583658
Bison_priscus,CO1,K,9,514,0.017509727626459144
Bison_priscus,CO1,L,59,514,0.11478599221789883
Bison_priscus,CO1,M,34,514,0.06614785992217899
Bison_priscus,CO1,N,19,514,0.03696498054474708
Bison_priscus,CO1,P,28,514,0.054474708171206226
Bison_priscus,CO1,Q,6,514,0.011673151750972763
Bison_priscus,CO1,R,8,514,0.01556420233463035
Bison_priscus,CO1,S,30,514,0.058365758754863814
Bison_priscus,CO1,T,38,514,0.07392996108949416
Bison_priscus,CO1,V,39,514,0.07587548638132295
Bison_priscus,CO1,W,17,514,0.033073929961089495
Bison_priscus,CO1,Y,19,514,0.03696498054474708
Bison_priscus,CO3,A,17,260,0.06538461538461539
Bison_priscus,CO3,C,2,260,0.007692307692307693
Bison_priscus,CO3,D,4,260,0.015384615384615385
Bison_priscus,CO3,E,8,260,0.03076923076923077
Bison_priscus,CO3,F,24,260,0.09230769230769231
Bison_priscus,CO3,G,20,260,0.07692307692307693
Bison_priscus,CO3,H,17,260,0.06538461538461539
Bison_priscus,CO3,I,16,260,0.06153846153846154
Bison_priscus,CO3,K,2,260,0.007692307692307693
Bison_priscus,CO3,L,31,260,0.11923076923076924
Bison_priscus,CO3,M,10,260,0.038461538461538464
Bison_priscus,CO3,N,7,260,0.026923076923076925
Bison_priscus,CO3,P,12,260,0.046153846153846156
Bison_priscus,CO3,Q,7,260,0.026923076923076925
Bison_priscus,CO3,R,5,260,0.019230769230769232
Bison_priscus,CO3,S,18,260,0.06923076923076923
Bison_priscus,CO3,T,23,260,0.08846153846153847
Bison_priscus,CO3,V,14,260,0.05384615384615385
Bison_priscus,CO3,W,12,260,0.046153846153846156
Bison_priscus,CO3,Y,11,260,0.04230769230769231
Bison_priscus,Cytb,A,26,379,0.06860158311345646
Bison_priscus,Cytb,C,4,379,0.010554089709762533
Bison_priscus,Cytb,D,11,379,0.029023746701846966
Bison_priscus,Cytb,E,6,379,0.0158311345646438
Bison_priscus,Cytb,F,24,379,0.0633245382585752
Bison_priscus,Cytb,G,25,379,0.06596306068601583
Bison_priscus,Cytb,H,12,379,0.0316622691292876
Bison_priscus,Cytb,I,38,379,0.10026385224274406
Bison_priscus,Cytb,K,10,379,0.026385224274406333
Bison_priscus,Cytb,L,59,379,0.15567282321899736
Bison_priscus,Cytb,M,18,379,0.047493403693931395
Bison_priscus,Cytb,N,17,379,0.044854881266490766
Bison_priscus,Cytb,P,22,379,0.05804749340369393
Bison_priscus,Cytb,Q,6,379,0.0158311345646438
Bison_priscus,Cytb,R,8,379,0.021108179419525065
Bison_priscus,Cytb,S,22,379,0.05804749340369393
Bison_priscus,Cytb,T,27,379,0.0712401055408971
Bison_priscus,Cytb,V,16,379,0.04221635883905013
Bison_priscus,Cytb,W,12,379,0.0316622691292876
Bison_priscus,Cytb,Y,16,379,0.04221635883905013
Bos_taurus,CO1,A,40,514,0.07782101167315175
Bos_taurus,CO1,C,1,514,0.0019455252918287938
Bos_taurus,CO1,D,16,514,0.0311284046692607
Bos_taurus,CO1,E,9,514,0.017509727626459144
Bos_taurus,CO1,F,42,514,0.08171206225680934
Bos_taurus,CO1,G,47,514,0.0914396887159533
Bos_taurus,CO1,H,17,514,0.033073929961089495
Bos_taurus,CO1,I,37,514,0.07198443579766536
Bos_taurus,CO1,K,9,514,0.017509727626459144
Bos_taurus,CO1,L,59,514,0.11478599221789883
Bos_taurus,CO1,M,34,514,0.06614785992217899
Bos_taurus,CO1,N,19,514,0.03696498054474708
Bos_taurus,CO1,P,28,514,0.054474708171206226
Bos_taurus,CO1,Q,6,514,0.011673151750972763
Bos_taurus,CO1,R,8,514,0.01556420233463035
Bos_taurus,CO1,S,30,514,0.058365758754863814
Bos_taurus,CO1,T,38,514,0.07392996108949416
Bos_taurus,CO1,V,38,514,0.07392996108949416
Bos_taurus,CO1,W,17,514,0.033073929961089495
Bos_taurus,CO1,Y,19,514,0.03696498054474708
Bos_taurus,CO3,A,14,260,0.05384615384615385
Bos_taurus,CO3,C,2,260,0.007692307692307693
Bos_taurus,CO3,D,4,260,0.015384615384615385
Bos_taurus,CO3,E,8,260,0.03076923076923077
Bos_taurus,CO3,F,24,260,0.09230769230769231
Bos_taurus,CO3,G,21,260,0.08076923076923077
Bos_taurus,CO3,H,17,260,0.06538461538461539
Bos_taurus,CO3,I,14,260,0.05384615384615385
Bos_taurus,CO3,K,3,260,0.011538461538461539
Bos_taurus,CO3,L,31,260,0.11923076923076924
Bos_taurus,CO3,M,11,260,0.04230769230769231
Bos_taurus,CO3,N,6,260,0.023076923076923078
Bos_taurus,CO3,P,12,260,0.046153846153846156
Bos_taurus,CO3,Q,7,260,0.026923076923076925
Bos_taurus,CO3,R,5,260,0.019230769230769232
Bos_taurus,CO3,S,18,260,0.06923076923076923
Bos_taurus,CO3,T,24,260,0.09230769230769231
Bos_taurus,CO3,V,16,260,0.06153846153846154
Bos_taurus,CO3,W,12,260,0.046153846153846156
Bos_taurus,CO3,Y,11,260,0.04230769230769231
Bos_taurus,Cytb,A,27,379,0.0712401055408971
Bos_taurus,Cytb,C,4,379,0.010554089709762533
Bos_taurus,Cytb,D,11,379,0.029023746701846966
Bos_taurus,Cytb,E,6,379,0.0158311345646438
Bos_taurus,Cytb,F,24,379,0.0633245382585752
Bos_taurus,Cytb,G,25,379,0.06596306068601583
Bos_taurus,Cytb,H,12,379,0.0316622691292876
Bos_taurus,Cytb,I,37,379,0.09762532981530343
Bos_taurus,Cytb,K,10,379,0.026385224274406333
Bos_taurus,Cytb,L,60,379,0.158311345646438
Bos_taurus,Cytb,M,15,379,0.0395778364116095
Bos_taurus,Cytb,N,17,379,0.044854881266490766
Bos_taurus,Cytb,P,22,379,0.05804749340369393
Bos_taurus,Cytb,Q,6,379,0.0158311345646438
Bos_taurus,Cytb,R,8,379,0.021108179419525065
Bos_taurus,Cytb,S,22,379,0.05804749340369393
Bos_taurus,Cytb,T,27,379,0.0712401055408971
Bos_taurus,Cytb,V,18,379,0.047493403693931395
Bos_taurus,Cytb,W,12,379,0.0316622691292876
Bos_taurus,Cytb,Y,16,379,0.04221635883905013
Camelus_dromedarius,CO1,A,40,514,0.07782101167315175
Camelus_dromedarius,CO1,C,1,514,0.0019455252918287938
Camelus_dromedarius,CO1,D,16,514,0.0311284046692607
Camelus_dromedarius,CO1,E,10,514,0.019455252918287938
Camelus_dromedarius,CO1,F,42,514,0.08171206225680934
Camelus_dromedarius,CO1,G,48,514,0.0933852140077821
Camelus_dromedarius,CO1,H,17,514,0.033073929961089495
Camelus_dromedarius,CO1,I,38,514,0.07392996108949416
Camelus_dromedarius,CO1,K,9,514,0.017509727626459144
Camelus_dromedarius,CO1,L,60,514,0.11673151750972763
Camelus_dromedarius,CO1,M,30,514,0.058365758754863814
Camelus_dromedarius,CO1,N,16,514,0.0311284046692607
Camelus_dromedarius,CO1,P,28,514,0.054474708171206226
Camelus_dromedarius,CO1,Q,7,514,0.013618677042801557
Camelus_dromedarius,CO1,R,8,514,0.01556420233463035
Camelus_dromedarius,CO1,S,30,514,0.058365758754863814
Camelus_dromedarius,CO1,T,39,514,0.07587548638132295
Camelus_dromedarius,CO1,V,39,514,0.07587548638132295
Camelus_dromedarius,CO1,W,17,514,0.033073929961089495
Camelus_dromedarius,CO1,Y,19,514,0.03696498054474708
Camelus_dromedarius,CO3,A,17,261,0.06513409961685823
Camelus_dromedarius,CO3,C,2,261,0.007662835249042145
Camelus_dromedarius,CO3,D,3,261,0.011494252873563218
Camelus_dromedarius,CO3,E,8,261,0.03065134099616858
Camelus_dromedarius,CO3,F,23,261,0.08812260536398467
Camelus_dromedarius,CO3,G,20,261,0.07662835249042145
Camelus_dromedarius,CO3,H,17,261,0.06513409961685823
Camelus_dromedarius,CO3,I,11,261,0.0421455938697318
Camelus_dromedarius,CO3,K,2,261,0.007662835249042145
Camelus_dromedarius,CO3,L,34,261,0.13026819923371646
Camelus_dromedarius,CO3,M,9,261,0.034482758620689655
Camelus_dromedarius,CO3,N,6,261,0.022988505747126436
Camelus_dromedarius,CO3,P,12,261,0.04597701149425287
Camelus_dromedarius,CO3,Q,7,261,0.02681992337164751
Camelus_dromedarius,CO3,R,5,261,0.019157088122605363
Camelus_dromedarius,CO3,S,21,261,0.08045977011494253
Camelus_dromedarius,CO3,T,22,261,0.0842911877394636
Camelus_dromedarius,CO3,V,19,261,0.07279693486590039
Camelus_dromedarius,CO3,W,12,261,0.04597701149425287
Camelus_dromedarius,CO3,Y,11,261,0.0421455938697318
Camelus_dromedarius,Cytb,A,26,379,0.06860158311345646
Camelus_dromedarius,Cytb,C,4,379,0.010554089709762533
Camelus_dromedarius,Cytb,D,12,379,0.0316622691292876
Camelus_dromedarius,Cytb,E,6,379,0.0158311345646438
Camelus_dromedarius,Cytb,F,26,379,0.06860158311345646
Camelus_dromedarius,Cytb,G,25,379,0.06596306068601583
Camelus_dromedarius,Cytb,H,11,379,0.029023746701846966
Camelus_dromedarius,Cytb,I,40,379,0.10554089709762533
Camelus_dromedarius,Cytb,K,9,379,0.023746701846965697
Camelus_dromedarius,Cytb,L,55,379,0.14511873350923482
Camelus_dromedarius,Cytb,M,13,379,0.03430079155672823
Camelus_dromedarius,Cytb,N,15,379,0.0395778364116095
Camelus_dromedarius,Cytb,P,23,379,0.06068601583113457
Camelus_dromedarius,Cytb,Q,6,379,0.0158311345646438
Camelus_dromedarius,Cytb,R,9,379,0.023746701846965697
Camelus_dromedarius,Cytb,S,25,379,0.06596306068601583
Camelus_dromedarius,Cytb,T,26,379,0.06860158311345646
Camelus_dromedarius,Cytb,V,21,379,0.055408970976253295
Camelus_dromedarius,Cytb,W,12,379,0.0316622691292876
Camelus_dromedarius,Cytb,Y,15,379,0.0395778364116095
Canis_latrans,CO1,A,41,514,0.07976653696498054
Canis_latrans,CO1,C,1,514,0.0019455252918287938
Canis_latrans,CO1,D,15,514,0.029182879377431907
Canis_latrans,CO1,E,10,514,0.019455252918287938
Canis_latrans,CO1,F,42,514,0.08171206225680934
Canis_latrans,CO1,G,47,514,0.0914396887159533
Canis_latrans,CO1,H,18,514,0.03501945525291829
Canis_latrans,CO1,I,38,514,0.07392996108949416
Canis_latrans,CO1,K,9,514,0.017509727626459144
Canis_latrans,CO1,L,58,514,0.11284046692607004
Canis_latrans,CO1,M,33,514,0.06420233463035019
Canis_latrans,CO1,N,17,514,0.033073929961089495
Canis_latrans,CO1,P,28,514,0.054474708171206226
Canis_latrans,CO1,Q,7,514,0.013618677042801557
Canis_latrans,CO1,R,8,514,0.01556420233463035
Canis_latrans,CO1,S,30,514,0.058365758754863814
Canis_latrans,CO1,T,39,514,0.07587548638132295
Canis_latrans,CO1,V,37,514,0.07198443579766536
Canis_latrans,CO1,W,17,514,0.033073929961089495
Canis_latrans,CO1,Y,19,514,0.03696498054474708
Canis_latrans,CO3,A,14,261,0.05363984674329502
Canis_latrans,CO3,C,2,261,0.007662835249042145
Canis_latrans,CO3,D,3,261,0.011494252873563218
Canis_latrans,CO3,E,8,261,0.03065134099616858
Canis_latrans,CO3,F,22,261,0.0842911877394636
Canis_latrans,CO3,G,21,261,0.08045977011494253
Canis_latrans,CO3,H,16,261,0.06130268199233716
Canis_latrans,CO3,I,14,261,0.05363984674329502
Canis_latrans,CO3,K,2,261,0.007662835249042145
Canis_latrans,CO3,L,33,261,0.12643678160919541
Canis_latrans,CO3,M,10,261,0.038314176245210725
Canis_latrans,CO3,N,7,261,0.02681992337164751
Canis_latrans,CO3,P,11,261,0.0421455938697318
Canis_latrans,CO3,Q,7,261,0.02681992337164751
Canis_latrans,CO3,R,5,261,0.019157088122605363
Canis_latrans,CO3,S,21,261,0.08045977011494253
Canis_latrans,CO3,T,22,261,0.0842911877394636
Canis_latrans,CO3,V,17,261,0.06513409961685823
Canis_latrans,CO3,W,12,261,0.04597701149425287
Canis_latrans,CO3,Y,14,261,0.05363984674329502
Canis_latrans,Cytb,A,28,379,0.07387862796833773
Canis_latrans,Cytb,C,4,379,0.010554089709762533
Canis_latrans,Cytb,D,11,379,0.029023746701846966
Canis_latrans,Cytb,E,6,379,0.0158311345646438
Canis_latrans,Cytb,F,29,379,0.07651715039577836
Canis_latrans,Cytb,G,24,379,0.0633245382585752
Canis_latrans,Cytb,H,12,379,0.0316622691292876
Canis_latrans,Cytb,I,36,379,0.09498680738786279
Canis_latrans,Cytb,K,9,379,0.023746701846965697
Canis_latrans,Cytb,L,56,379,0.14775725593667546
Canis_latrans,Cytb,M,15,379,0.0395778364116095
Canis_latrans,Cytb,N,18,379,0.047493403693931395
Canis_latrans,Cytb,P,22,379,0.05804749340369393
Canis_latrans,Cytb,Q,6,379,0.0158311345646438
Canis_latrans,Cytb,R,8,379,0.021108179419525065
Canis_latrans,Cytb,S,25,379,0.06596306068601583
Canis_latrans,Cytb,T,24,379,0.0633245382585752
Canis_latrans,Cytb,V,20,379,0.052770448548812667
Canis_latrans,Cytb,W,12,379,0.0316622691292876
Canis_latrans,Cytb,Y,14,379,0.036939313984168866
Canis_lupus,CO1,A,41,514,0.07976653696498054
Canis_lupus,CO1,C,1,514,0.0019455252918287938
Canis_lupus,CO1,D,15,514,0.029182879377431907
Canis_lupus,CO1,E,10,514,0.019455252918287938
Canis_lupus,CO1,F,42,514,0.08171206225680934
Canis_lupus,CO1,G,47,514,0.0914396887159533
Canis_lupus,CO1,H,18,514,0.03501945525291829
Canis_lupus,CO1,I,39,514,0.07587548638132295
Canis_lupus,CO1,K,9,514,0.017509727626459144
Canis_lupus,CO1,L,58,514,0.11284046692607004
Canis_lupus,CO1,M,33,514,0.06420233463035019
Canis_lupus,CO1,N,17,514,0.033073929961089495
Canis_lupus,CO1,P,28,514,0.054474708171206226
Canis_lupus,CO1,Q,7,514,0.013618677042801557
Canis_lupus,CO1,R,8,514,0.01556420233463035
Canis_lupus,CO1,S,30,514,0.058365758754863814
Canis_lupus,CO1,T,39,514,0.07587548638132295
Canis_lupus,CO1,V,36,514,0.07003891050583658
Canis_lupus,CO1,W,17,514,0.033073929961089495
Canis_lupus,CO1,Y,19,514,0.03696498054474708
Canis_lupus,CO3,A,14,261,0.05363984674329502
Canis_lupus,CO3,C,2,261,0.007662835249042145
Canis_lupus,CO3,D,3,261,0.011494252873563218
Canis_lupus,CO3,E,8,261,0.03065134099616858
Canis_lupus,CO3,F,24,261,0.09195402298850575
Canis_lupus,CO3,G,21,261,0.08045977011494253
Canis_lupus,CO3,H,16,261,0.06130268199233716
Canis_lupus,CO3,I,14,261,0.05363984674329502
Canis_lupus,CO3,K,2,261,0.007662835249042145
Canis_lupus,CO3,L,32,261,0.12260536398467432
Canis_lupus,CO3,M,10,261,0.038314176245210725
Canis_lupus,CO3,N,7,261,0.02681992337164751
Canis_lupus,CO3,P,11,261,0.0421455938697318
Canis_lupus,CO3,Q,7,261,0.02681992337164751
Canis_lupus,CO3,R,5,261,0.019157088122605363
Canis_lupus,CO3,S,20,261,0.07662835249042145
Canis_lupus,CO3,T,22,261,0.0842911877394636
Canis_lupus,CO3,V,17,261,0.06513409961685823
Canis_lupus,CO3,W,12,261,0.04597701149425287
Canis_lupus,CO3,Y,14,261,0.05363984674329502
Canis_lupus,Cytb,A,26,379,0.06860158311345646
Canis_lupus,Cytb,C,4,379,0.010554089709762533
Canis_lupus,Cytb,D,12,379,0.0316622691292876
Canis_lupus,Cytb,E,6,379,0.0158311345646438
Canis_lupus,Cytb,F,28,379,0.07387862796833773
Canis_lupus,Cytb,G,24,379,0.0633245382585752
Canis_lupus,Cytb,H,12,379,0.0316622691292876
Canis_lupus,Cytb,I,39,379,0.10290237467018469
Canis_lupus,Cytb,K,9,379,0.023746701846965697
Canis_lupus,Cytb,L,58,379,0.15303430079155672
Canis_lupus,Cytb,M,13,379,0.03430079155672823
Canis_lupus,Cytb,N,17,379,0.044854881266490766
Canis_lupus,Cytb,P,22,379,0.05804749340369393
Canis_lupus,Cytb,Q,6,379,0.0158311345646438
Canis_lupus,Cytb,R,8,379,0.021108179419525065
Canis_lupus,Cytb,S,25,379,0.06596306068601583
Canis_lupus,Cytb,T,26,379,0.06860158311345646
Canis_lupus,Cytb,V,18,379,0.047493403693931395
Canis_lupus,Cytb,W,12,379,0.0316622691292876
Canis_lupus,Cytb,Y,14,379,0.036939313984168866
Capra_hircus,CO1,A,40,514,0.07782101167315175
Capra_hircus,CO1,C,1,514,0.0019455252918287938
Capra_hircus,CO1,D,16,514,0.0311284046692607
Capra_hircus,CO1,E,9,514,0.017509727626459144
Capra_hircus,CO1,F,42,514,0.08171206225680934
Capra_hircus,CO1,G,47,514,0.0914396887159533
Capra_hircus,CO1,H,17,514,0.033073929961089495
Capra_hircus,CO1,I,40,514,0.07782101167315175
Capra_hircus,CO1,K,9,514,0.017509727626459144
Capra_hircus,CO1,L,60,514,0.11673151750972763
Capra_hircus,CO1,M,33,514,0.06420233463035019
Capra_hircus,CO1,N,18,514,0.03501945525291829
Capra_hircus,CO1,P,28,514,0.054474708171206226
Capra_hircus,CO1,Q,6,514,0.011673151750972763
Capra_hircus,CO1,R,8,514,0.01556420233463035
Capra_hircus,CO1,S,31,514,0.06031128404669261
Capra_hircus,CO1,T,38,514,0.07392996108949416
Capra_hircus,CO1,V,35,514,0.06809338521400778
Capra_hircus,CO1,W,17,514,0.033073929961089495
Capra_hircus,CO1,Y,19,514,0.03696498054474708
Capra_hircus,CO3,A,15,261,0.05747126436781609
Capra_hircus,CO3,C,2,261,0.007662835249042145
Capra_hircus,CO3,D,4,261,0.01532567049808429
Capra_hircus,CO3,E,8,261,0.03065134099616858
Capra_hircus,CO3,F,24,261,0.09195402298850575
Capra_hircus,CO3,G,20,261,0.07662835249042145
Capra_hircus,CO3,H,17,261,0.06513409961685823
Capra_hircus,CO3,I,13,261,0.04980842911877394
Capra_hircus,CO3,K,2,261,0.007662835249042145
Capra_hircus,CO3,L,34,261,0.13026819923371646
Capra_hircus,CO3,M,9,261,0.034482758620689655
Capra_hircus,CO3,N,7,261,0.02681992337164751
Capra_hircus,CO3,P,12,261,0.04597701149425287
Capra_hircus,CO3,Q,7,261,0.02681992337164751
Capra_hircus,CO3,R,5,261,0.019157088122605363
Capra_hircus,CO3,S,19,261,0.07279693486590039
Capra_hircus,CO3,T,24,261,0.09195402298850575
Capra_hircus,CO3,V,16,261,0.06130268199233716
Capra_hircus,CO3,W,12,261,0.04597701149425287
Capra_hircus,CO3,Y,11,261,0.0421455938697318
Capra_hircus,Cytb,A,23,379,0.06068601583113457
Capra_hircus,Cytb,C,4,379,0.010554089709762533
Capra_hircus,Cytb,D,11,379,0.029023746701846966
Capra_hircus,Cytb,E,6,379,0.0158311345646438
Capra_hircus,Cytb,F,25,379,0.06596306068601583
Capra_hircus,Cytb,G,24,379,0.0633245382585752
Capra_hircus,Cytb,H,12,379,0.0316622691292876
Capra_hircus,Cytb,I,42,379,0.11081794195250659
Capra_hircus,Cytb,K,9,379,0.023746701846965697
Capra_hircus,Cytb,L,55,379,0.14511873350923482
Capra_hircus,Cytb,M,19,379,0.05013192612137203
Capra_hircus,Cytb,N,18,379,0.047493403693931395
Capra_hircus,Cytb,P,23,379,0.06068601583113457
Capra_hircus,Cytb,Q,6,379,0.0158311345646438
Capra_hircus,Cytb,R,8,379,0.021108179419525065
Capra_hircus,Cytb,S,21,379,0.055408970976253295
Capra_hircus,Cytb,T,28,379,0.07387862796833773
Capra_hircus,Cytb,V,18,379,0.047493403693931395
Capra_hircus,Cytb,W,12,379,0.0316622691292876
Capra_hircus,Cytb,Y,15,379,0.0395778364116095
Cervus_elaphus,CO1,A,39,514,0.07587548638132295
Cervus_elaphus,CO1,C,1,514,0.0019455252918287938
Cervus_elaphus,CO1,D,15,514,0.029182879377431907
Cervus_elaphus,CO1,E,10,514,0.019455252918287938
Cervus_elaphus,CO1,F,42,514,0.08171206225680934
Cervus_elaphus,CO1,G,47,514,0.0914396887159533
Cervus_elaphus,CO1,H,17,514,0.033073929961089495
Cervus_elaphus,CO1,I,38,514,0.07392996108949416
Cervus_elaphus,CO1,K,9,514,0.017509727626459144
Cervus_elaphus,CO1,L,59,514,0.11478599221789883
Cervus_elaphus,CO1,M,33,514,0.06420233463035019
Cervus_elaphus,CO1,N,19,514,0.03696498054474708
Cervus_elaphus,CO1,P,28,514,0.054474708171206226
Cervus_elaphus,CO1,Q,6,514,0.011673151750972763
Cervus_elaphus,CO1,R,8,514,0.01556420233463035
Cervus_elaphus,CO1,S,31,514,0.06031128404669261
Cervus_elaphus,CO1,T,38,514,0.07392996108949416
Cervus_elaphus,CO1,V,38,514,0.07392996108949416
Cervus_elaphus,CO1,W,17,514,0.033073929961089495
Cervus_elaphus,CO1,Y,19,514,0.03696498054474708
Cervus_elaphus,CO3,A,15,261,0.05747126436781609
Cervus_elaphus,CO3,C,2,261,0.007662835249042145
Cervus_elaphus,CO3,D,3,261,0.011494252873563218
Cervus_elaphus,CO3,E,8,261,0.03065134099616858
Cervus_elaphus,CO3,F,24,261,0.09195402298850575
Cervus_elaphus,CO3,G,20,261,0.07662835249042145
Cervus_elaphus,CO3,H,17,261,0.06513409961685823
Cervus_elaphus,CO3,I,15,261,0.05747126436781609
Cervus_elaphus,CO3,K,2,261,0.007662835249042145
Cervus_elaphus,CO3,L,32,261,0.12260536398467432
Cervus_elaphus,CO3,M,10,261,0.038314176245210725
Cervus_elaphus,CO3,N,7,261,0.02681992337164751
Cervus_elaphus,CO3,P,12,261,0.04597701149425287
Cervus_elaphus,CO3,Q,7,261,0.02681992337164751
Cervus_elaphus,CO3,R,5,261,0.019157088122605363
Cervus_elaphus,CO3,S,20,261,0.07662835249042145
Cervus_elaphus,CO3,T,24,261,0.09195402298850575
Cervus_elaphus,CO3,V,15,261,0.05747126436781609
Cervus_elaphus,CO3,W,12,261,0.04597701149425287
Cervus_elaphus,CO3,Y,11,261,0.0421455938697318
Cervus_elaphus,Cytb,A,23,379,0.06068601583113457
Cervus_elaphus,Cytb,C,4,379,0.010554089709762533
Cervus_elaphus,Cytb,D,11,379,0.029023746701846966
Cervus_elaphus,Cytb,E,6,379,0.0158311345646438
Cervus_elaphus,Cytb,F,29,379,0.07651715039577836
Cervus_elaphus,Cytb,G,24,379,0.0633245382585752
Cervus_elaphus,Cytb,H,11,379,0.029023746701846966
Cervus_elaphus,Cytb,I,40,379,0.10554089709762533
Cervus_elaphus,Cytb,K,9,379,0.023746701846965697
Cervus_elaphus,Cytb,L,57,379,0.1503957783641161
Cervus_elaphus,Cytb,M,15,379,0.0395778364116095
Cervus_elaphus,Cytb,N,18,379,0.047493403693931395
Cervus_elaphus,Cytb,P,23,379,0.06068601583113457
Cervus_elaphus,Cytb,Q,6,379,0.0158311345646438
Cervus_elaphus,Cytb,R,8,379,0.021108179419525065
Cervus_elaphus,Cytb,S,22,379,0.05804749340369393
Cervus_elaphus,Cytb,T,26,379,0.06860158311345646
Cervus_elaphus,Cytb,V,20,379,0.052770448548812667
Cervus_elaphus,Cytb,W,12,379,0.0316622691292876
Cervus_elaphus,Cytb,Y,15,379,0.0395778364116095
Crocidura_suaveolens,CO1,A,44,514,0.08560311284046693
Crocidura_suaveolens,CO1,C,2,514,0.0038910505836575876
Crocidura_suaveolens,CO1,D,14,514,0.027237354085603113
Crocidura_suaveolens,CO1,E,10,514,0.019455252918287938
Crocidura_suaveolens,CO1,F,42,514,0.08171206225680934
Crocidura_suaveolens,CO1,G,46,514,0.08949416342412451
Crocidura_suaveolens,CO1,H,17,514,0.033073929961089495
Crocidura_suaveolens,CO1,I,44,514,0.08560311284046693
Crocidura_suaveolens,CO1,K,9,514,0.017509727626459144
Crocidura_suaveolens,CO1,L,55,514,0.10700389105058365
Crocidura_suaveolens,CO1,M,29,514,0.05642023346303502
Crocidura_suaveolens,CO1,N,16,514,0.0311284046692607
Crocidura_suaveolens,CO1,P,28,514,0.054474708171206226
Crocidura_suaveolens,CO1,Q,6,514,0.011673151750972763
Crocidura_suaveolens,CO1,R,8,514,0.01556420233463035
Crocidura_suaveolens,CO1,S,35,514,0.06809338521400778
Crocidura_suaveolens,CO1,T,36,514,0.07003891050583658
Crocidura_suaveolens,CO1,V,36,514,0.07003891050583658
Crocidura_suaveolens,CO1,W,17,514,0.033073929961089495
Crocidura_suaveolens,CO1,Y,20,514,0.038910505836575876
Crocidura_suaveolens,CO3,A,16,261,0.06130268199233716
Crocidura_suaveolens,CO3,C,1,261,0.0038314176245210726
Crocidura_suaveolens,CO3,D,3,261,0.011494252873563218
Crocidura_suaveolens,CO3,E,8,261,0.03065134099616858
Crocidura_suaveolens,CO3,F,24,261,0.09195402298850575
Crocidura_suaveolens,CO3,G,21,261,0.08045977011494253
Crocidura_suaveolens,CO3,H,17,261,0.06513409961685823
Crocidura_suaveolens,CO3,I,14,261,0.05363984674329502
Crocidura_suaveolens,CO3,K,4,261,0.01532567049808429
Crocidura_suaveolens,CO3,L,31,261,0.11877394636015326
Crocidura_suaveolens,CO3,M,12,261,0.04597701149425287
Crocidura_suaveolens,CO3,N,8,261,0.03065134099616858
Crocidura_suaveolens,CO3,P,11,261,0.0421455938697318
Crocidura_suaveolens,CO3,Q,7,261,0.02681992337164751
Crocidura_suaveolens,CO3,R,5,261,0.019157088122605363
Crocidura_suaveolens,CO3,S,19,261,0.07279693486590039
Crocidura_suaveolens,CO3,T,17,261,0.06513409961685823
Crocidura_suaveolens,CO3,V,18,261,0.06896551724137931
Crocidura_suaveolens,CO3,W,12,261,0.04597701149425287
Crocidura_suaveolens,CO3,Y,13,261,0.04980842911877394
Crocidura_suaveolens,Cytb,A,23,379,0.06068601583113457
Crocidura_suaveolens,Cytb,C,4,379,0.010554089709762533
Crocidura_suaveolens,Cytb,D,11,379,0.029023746701846966
Crocidura_suaveolens,Cytb,E,6,379,0.0158311345646438
Crocidura_suaveolens,Cytb,F,27,379,0.0712401055408971
Crocidura_suaveolens,Cytb,G,25,379,0.06596306068601583
Crocidura_suaveolens,Cytb,H,11,379,0.029023746701846966
Crocidura_suaveolens,Cytb,I,39,379,0.10290237467018469
Crocidura_suaveolens,Cytb,K,9,379,0.023746701846965697
Crocidura_suaveolens,Cytb,L,53,379,0.13984168865435356
Crocidura_suaveolens,Cytb,M,20,379,0.052770448548812667
Crocidura_suaveolens,Cytb,N,17,379,0.044854881266490766
Crocidura_suaveolens,Cytb,P,22,379,0.05804749340369393
Crocidura_suaveolens,Cytb,Q,7,379,0.018469656992084433
Crocidura_suaveolens,Cytb,R,8,379,0.021108179419525065
Crocidura_suaveolens,Cytb,S,27,379,0.0712401055408971
Crocidura_suaveolens,Cytb,T,22,379,0.05804749340369393
Crocidura_suaveolens,Cytb,V,20,379,0.052770448548812667
Crocidura_suaveolens,Cytb,W,12,379,0.0316622691292876
Crocidura_suaveolens,Cytb,Y,16,379,0.04221635883905013
Crocuta_crocuta,CO1,A,40,514,0.07782101167315175
Crocuta_crocuta,CO1,C,1,514,0.0019455252918287938
Crocuta_crocuta,CO1,D,17,514,0.033073929961089495
Crocuta_crocuta,CO1,E,10,514,0.019455252918287938
Crocuta_crocuta,CO1,F,42,514,0.08171206225680934
Crocuta_crocuta,CO1,G,47,514,0.0914396887159533
Crocuta_crocuta,CO1,H,18,514,0.03501945525291829
Crocuta_crocuta,CO1,I,36,514,0.07003891050583658
Crocuta_crocuta,CO1,K,9,514,0.017509727626459144
Crocuta_crocuta,CO1,L,61,514,0.11867704280155641
Crocuta_crocuta,CO1,M,32,514,0.0622568093385214
Crocuta_crocuta,CO1,N,15,514,0.029182879377431907
Crocuta_crocuta,CO1,P,28,514,0.054474708171206226
Crocuta_crocuta,CO1,Q,6,514,0.011673151750972763
Crocuta_crocuta,CO1,R,8,514,0.01556420233463035
Crocuta_crocuta,CO1,S,32,514,0.0622568093385214
Crocuta_crocuta,CO1,T,38,514,0.07392996108949416
Crocuta_crocuta,CO1,V,38,514,0.07392996108949416
Crocuta_crocuta,CO1,W,17,514,0.033073929961089495
Crocuta_crocuta,CO1,Y,19,514,0.03696498054474708
Crocuta_crocuta,CO3,A,13,261,0.04980842911877394
Crocuta_crocuta,CO3,C,2,261,0.007662835249042145
Crocuta_crocuta,CO3,D,3,261,0.011494252873563218
Crocuta_crocuta,CO3,E,8,261,0.03065134099616858
Crocuta_crocuta,CO3,F,22,261,0.0842911877394636
Crocuta_crocuta,CO3,G,20,261,0.07662835249042145
Crocuta_crocuta,CO3,H,16,261,0.06130268199233716
Crocuta_crocuta,CO3,I,15,261,0.05747126436781609
Crocuta_crocuta,CO3,K,3,261,0.011494252873563218
Crocuta_crocuta,CO3,L,33,261,0.12643678160919541
Crocuta_crocuta,CO3,M,12,261,0.04597701149425287
Crocuta_crocuta,CO3,N,7,261,0.02681992337164751
Crocuta_crocuta,CO3,P,11,261,0.0421455938697318
Crocuta_crocuta,CO3,Q,7,261,0.02681992337164751
Crocuta_crocuta,CO3,R,5,261,0.019157088122605363
Crocuta_crocuta,CO3,S,22,261,0.0842911877394636
Crocuta_crocuta,CO3,T,24,261,0.09195402298850575
Crocuta_crocuta,CO3,V,15,261,0.05747126436781609
Crocuta_crocuta,CO3,W,12,261,0.04597701149425287
Crocuta_crocuta,CO3,Y,11,261,0.0421455938697318
Crocuta_crocuta,Cytb,A,18,379,0.047493403693931395
Crocuta_crocuta,Cytb,C,4,379,0.010554089709762533
Crocuta_crocuta,Cytb,D,11,379,0.029023746701846966
Crocuta_crocuta,Cytb,E,6,379,0.0158311345646438
Crocuta_crocuta,Cytb,F,22,379,0.05804749340369393
Crocuta_crocuta,Cytb,G,26,379,0.06860158311345646
Crocuta_crocuta,Cytb,H,13,379,0.03430079155672823
Crocuta_crocuta,Cytb,I,42,379,0.11081794195250659
Crocuta_crocuta,Cytb,K,10,379,0.026385224274406333
Crocuta_crocuta,Cytb,L,60,379,0.158311345646438
Crocuta_crocuta,Cytb,M,14,379,0.036939313984168866
Crocuta_crocuta,Cytb,N,15,379,0.0395778364116095
Crocuta_crocuta,Cytb,P,23,379,0.06068601583113457
Crocuta_crocuta,Cytb,Q,6,379,0.0158311345646438
Crocuta_crocuta,Cytb,R,8,379,0.021108179419525065
Crocuta_crocuta,Cytb,S,26,379,0.06860158311345646
Crocuta_crocuta,Cytb,T,33,379,0.0870712401055409
Crocuta_crocuta,Cytb,V,14,379,0.036939313984168866
Crocuta_crocuta,Cytb,W,12,379,0.0316622691292876
Crocuta_crocuta,Cytb,Y,16,379,0.04221635883905013
Dicrostonyx_torquatus,CO1,A,42,514,0.08171206225680934
Dicrostonyx_torquatus,CO1,C,1,514,0.0019455252918287938
Dicrostonyx_torquatus,CO1,D,17,514,0.033073929961089495
Dicrostonyx_torquatus,CO1,E,9,514,0.017509727626459144
Dicrostonyx_torquatus,CO1,F,43,514,0.08365758754863813
Dicrostonyx_torquatus,CO1,G,46,514,0.08949416342412451
Dicrostonyx_torquatus,CO1,H,20,514,0.038910505836575876
Dicrostonyx_torquatus,CO1,I,38,514,0.07392996108949416
Dicrostonyx_torquatus,CO1,K,10,514,0.019455252918287938
Dicrostonyx_torquatus,CO1,L,60,514,0.11673151750972763
Dicrostonyx_torquatus,CO1,M,30,514,0.058365758754863814
Dicrostonyx_torquatus,CO1,N,16,514,0.0311284046692607
Dicrostonyx_torquatus,CO1,P,28,514,0.054474708171206226
Dicrostonyx_torquatus,CO1,Q,6,514,0.011673151750972763
Dicrostonyx_torquatus,CO1,R,8,514,0.01556420233463035
Dicrostonyx_torquatus,CO1,S,29,514,0.05642023346303502
Dicrostonyx_torquatus,CO1,T,37,514,0.07198443579766536
Dicrostonyx_torquatus,CO1,V,39,514,0.07587548638132295
Dicrostonyx_torquatus,CO1,W,17,514,0.033073929961089495
Dicrostonyx_torquatus,CO1,Y,18,514,0.03501945525291829
Dicrostonyx_torquatus,CO3,A,13,261,0.04980842911877394
Dicrostonyx_torquatus,CO3,C,2,261,0.007662835249042145
Dicrostonyx_torquatus,CO3,D,4,261,0.01532567049808429
Dicrostonyx_torquatus,CO3,E,7,261,0.02681992337164751
Dicrostonyx_torquatus,CO3,F,23,261,0.08812260536398467
Dicrostonyx_torquatus,CO3,G,21,261,0.08045977011494253
Dicrostonyx_torquatus,CO3,H,16,261,0.06130268199233716
Dicrostonyx_torquatus,CO3,I,19,261,0.07279693486590039
Dicrostonyx_torquatus,CO3,K,4,261,0.01532567049808429
Dicrostonyx_torquatus,CO3,L,34,261,0.13026819923371646
Dicrostonyx_torquatus,CO3,M,9,261,0.034482758620689655
Dicrostonyx_torquatus,CO3,N,8,261,0.03065134099616858
Dicrostonyx_torquatus,CO3,P,10,261,0.038314176245210725
Dicrostonyx_torquatus,CO3,Q,7,261,0.02681992337164751
Dicrostonyx_torquatus,CO3,R,5,261,0.019157088122605363
Dicrostonyx_torquatus,CO3,S,22,261,0.0842911877394636
Dicrostonyx_torquatus,CO3,T,21,261,0.08045977011494253
Dicrostonyx_torquatus,CO3,V,14,261,0.05363984674329502
Dicrostonyx_torquatus,CO3,W,12,261,0.04597701149425287
Dicrostonyx_torquatus,CO3,Y,10,261,0.038314176245210725
Dicrostonyx_torquatus,Cytb,A,25,380,0.06578947368421052
Dicrostonyx_torquatus,Cytb,C,3,380,0.007894736842105263
Dicrostonyx_torquatus,Cytb,D,13,380,0.034210526315789476
Dicrostonyx_torquatus,Cytb,E,6,380,0.015789473684210527
Dicrostonyx_torquatus,Cytb,F,27,380,0.07105263157894737
Dicrostonyx_torquatus,Cytb,G,26,380,0.06842105263157895
Dicrostonyx_torquatus,Cytb,H,12,380,0.031578947368421054
Dicrostonyx_torquatus,Cytb,I,48,380,0.12631578947368421
Dicrostonyx_torquatus,Cytb,K,9,380,0.02368421052631579
Dicrostonyx_torquatus,Cytb,L,53,380,0.1394736842105263
Dicrostonyx_torquatus,Cytb,M,15,380,0.039473684210526314
Dicrostonyx_torquatus,Cytb,N,16,380,0.042105263157894736
Dicrostonyx_torquatus,Cytb,P,22,380,0.05789473684210526
Dicrostonyx_torquatus,Cytb,Q,6,380,0.015789473684210527
Dicrostonyx_torquatus,Cytb,R,8,380,0.021052631578947368
Dicrostonyx_torquatus,Cytb,S,22,380,0.05789473684210526
Dicrostonyx_torquatus,Cytb,T,25,380,0.06578947368421052
Dicrostonyx_torquatus,Cytb,V,17,380,0.04473684210526316
Dicrostonyx_torquatus,Cytb,W,11,380,0.02894736842105263
Dicrostonyx_torquatus,Cytb,Y,16,380,0.042105263157894736
Equus_caballus,CO1,A,40,514,0.07782101167315175
Equus_caballus,CO1,C,1,514,0.0019455252918287938
Equus_caballus,CO1,D,14,514,0.027237354085603113
Equus_caballus,CO1,E,10,514,0.019455252918287938
Equus_caballus,CO1,F,42,514,0.08171206225680934
Equus_caballus,CO1,G,47,514,0.0914396887159533
Equus_caballus,CO1,H,18,514,0.03501945525291829
Equus_caballus,CO1,I,39,514,0.07587548638132295
Equus_caballus,CO1,K,9,514,0.017509727626459144
Equus_caballus,CO1,L,61,514,0.11867704280155641
Equus_caballus,CO1,M,31,514,0.06031128404669261
Equus_caballus,CO1,N,18,514,0.03501945525291829
Equus_caballus,CO1,P,28,514,0.054474708171206226
Equus_caballus,CO1,Q,7,514,0.013618677042801557
Equus_caballus,CO1,R,8,514,0.01556420233463035
Equus_caballus,CO1,S,31,514,0.06031128404669261
Equus_caballus,CO1,T,39,514,0.07587548638132295
Equus_caballus,CO1,V,35,514,0.06809338521400778
Equus_caballus,CO1,W,17,514,0.033073929961089495
Equus_caballus,CO1,Y,19,514,0.03696498054474708
Equus_caballus,CO3,A,15,261,0.05747126436781609
Equus_caballus,CO3,C,2,261,0.007662835249042145
Equus_caballus,CO3,D,3,261,0.011494252873563218
Equus_caballus,CO3,E,8,261,0.03065134099616858
Equus_caballus,CO3,F,24,261,0.09195402298850575
Equus_caballus,CO3,G,21,261,0.08045977011494253
Equus_caballus,CO3,H,16,261,0.06130268199233716
Equus_caballus,CO3,I,16,261,0.06130268199233716
Equus_caballus,CO3,K,3,261,0.011494252873563218
Equus_caballus,CO3,L,33,261,0.12643678160919541
Equus_caballus,CO3,M,9,261,0.034482758620689655
Equus_caballus,CO3,N,7,261,0.02681992337164751
Equus_caballus,CO3,P,10,261,0.038314176245210725
Equus_caballus,CO3,Q,7,261,0.02681992337164751
Equus_caballus,CO3,R,5,261,0.019157088122605363
Equus_caballus,CO3,S,24,261,0.09195402298850575
Equus_caballus,CO3,T,20,261,0.07662835249042145
Equus_caballus,CO3,V,15,261,0.05747126436781609
Equus_caballus,CO3,W,12,261,0.04597701149425287
Equus_caballus,CO3,Y,11,261,0.0421455938697318
Equus_caballus,Cytb,A,20,379,0.052770448548812667
Equus_caballus,Cytb,C,4,379,0.010554089709762533
Equus_caballus,Cytb,D,10,379,0.026385224274406333
Equus_caballus,Cytb,E,6,379,0.0158311345646438
Equus_caballus,Cytb,F,26,379,0.06860158311345646
Equus_caballus,Cytb,G,24,379,0.0633245382585752
Equus_caballus,Cytb,H,13,379,0.03430079155672823
Equus_caballus,Cytb,I,43,379,0.11345646437994723
Equus_caballus,Cytb,K,9,379,0.023746701846965697
Equus_caballus,Cytb,L,62,379,0.16358839050131926
Equus_caballus,Cytb,M,11,379,0.029023746701846966
Equus_caballus,Cytb,N,16,379,0.04221635883905013
Equus_caballus,Cytb,P,23,379,0.06068601583113457
Equus_caballus,Cytb,Q,6,379,0.0158311345646438
Equus_caballus,Cytb,R,8,379,0.021108179419525065
Equus_caballus,Cytb,S,27,379,0.0712401055408971
Equus_caballus,Cytb,T,27,379,0.0712401055408971
Equus_caballus,Cytb,V,17,379,0.044854881266490766
Equus_caballus,Cytb,W,12,379,0.0316622691292876
Equus_caballus,Cytb,Y,15,379,0.0395778364116095
Guerlinguetus_brasiliensis,CO1,A,41,513,0.07992202729044834
Guerlinguetus_brasiliensis,CO1,C,1,513,0.001949317738791423
Guerlinguetus_brasiliensis,CO1,D,15,513,0.029239766081871343
Guerlinguetus_brasiliensis,CO1,E,10,513,0.01949317738791423
Guerlinguetus_brasiliensis,CO1,F,41,513,0.07992202729044834
Guerlinguetus_brasiliensis,CO1,G,47,513,0.09161793372319688
Guerlinguetus_brasiliensis,CO1,H,18,513,0.03508771929824561
Guerlinguetus_brasiliensis,CO1,I,37,513,0.07212475633528265
Guerlinguetus_brasiliensis,CO1,K,9,513,0.017543859649122806
Guerlinguetus_brasiliensis,CO1,L,61,513,0.1189083820662768
Guerlinguetus_brasiliensis,CO1,M,30,513,0.05847953216374269
Guerlinguetus_brasiliensis,CO1,N,17,513,0.03313840155945419
Guerlinguetus_brasiliensis,CO1,P,28,513,0.05458089668615984
Guerlinguetus_brasiliensis,CO1,Q,6,513,0.011695906432748537
Guerlinguetus_brasiliensis,CO1,R,8,513,0.015594541910331383
Guerlinguetus_brasiliensis,CO1,S,30,513,0.05847953216374269
Guerlinguetus_brasiliensis,CO1,T,39,513,0.07602339181286549
Guerlinguetus_brasiliensis,CO1,V,39,513,0.07602339181286549
Guerlinguetus_brasiliensis,CO1,W,17,513,0.03313840155945419
Guerlinguetus_brasiliensis,CO1,Y,19,513,0.037037037037037035
Guerlinguetus_brasiliensis,CO3,A,14,261,0.05363984674329502
Guerlinguetus_brasiliensis,CO3,C,2,261,0.007662835249042145
Guerlinguetus_brasiliensis,CO3,D,3,261,0.011494252873563218
Guerlinguetus_brasiliensis,CO3,E,8,261,0.03065134099616858
Guerlinguetus_brasiliensis,CO3,F,23,261,0.08812260536398467
Guerlinguetus_brasiliensis,CO3,G,21,261,0.08045977011494253
Guerlinguetus_brasiliensis,CO3,H,16,261,0.06130268199233716
Guerlinguetus_brasiliensis,CO3,I,16,261,0.06130268199233716
Guerlinguetus_brasiliensis,CO3,K,3,261,0.011494252873563218
Guerlinguetus_brasiliensis,CO3,L,35,261,0.13409961685823754
Guerlinguetus_brasiliensis,CO3,M,11,261,0.0421455938697318
Guerlinguetus_brasiliensis,CO3,N,9,261,0.034482758620689655
Guerlinguetus_brasiliensis,CO3,P,10,261,0.038314176245210725
Guerlinguetus_brasiliensis,CO3,Q,7,261,0.02681992337164751
Guerlinguetus_brasiliensis,CO3,R,5,261,0.019157088122605363
Guerlinguetus_brasiliensis,CO3,S,21,261,0.08045977011494253
Guerlinguetus_brasiliensis,CO3,T,21,261,0.08045977011494253
Guerlinguetus_brasiliensis,CO3,V,14,261,0.05363984674329502
Guerlinguetus_brasiliensis,CO3,W,12,261,0.04597701149425287
Guerlinguetus_brasiliensis,CO3,Y,10,261,0.038314176245210725
Guerlinguetus_brasiliensis,Cytb,A,22,379,0.05804749340369393
Guerlinguetus_brasiliensis,Cytb,C,4,379,0.010554089709762533
Guerlinguetus_brasiliensis,Cytb,D,11,379,0.029023746701846966
Guerlinguetus_brasiliensis,Cytb,E,6,379,0.0158311345646438
Guerlinguetus_brasiliensis,Cytb,F,30,379,0.079155672823219
Guerlinguetus_brasiliensis,Cytb,G,24,379,0.0633245382585752
Guerlinguetus_brasiliensis,Cytb,H,13,379,0.03430079155672823
Guerlinguetus_brasiliensis,Cytb,I,35,379,0.09234828496042216
Guerlinguetus_brasiliensis,Cytb,K,10,379,0.026385224274406333
Guerlinguetus_brasiliensis,Cytb,L,62,379,0.16358839050131926
Guerlinguetus_brasiliensis,Cytb,M,13,379,0.03430079155672823
Guerlinguetus_brasiliensis,Cytb,N,15,379,0.0395778364116095
Guerlinguetus_brasiliensis,Cytb,P,22,379,0.05804749340369393
Guerlinguetus_brasiliensis,Cytb,Q,6,379,0.0158311345646438
Guerlinguetus_brasiliensis,Cytb,R,8,379,0.021108179419525065
Guerlinguetus_brasiliensis,Cytb,S,24,379,0.0633245382585752
Guerlinguetus_brasiliensis,Cytb,T,27,379,0.0712401055408971
Guerlinguetus_brasiliensis,Cytb,V,20,379,0.052770448548812667
Guerlinguetus_brasiliensis,Cytb,W,12,379,0.0316622691292876
Guerlinguetus_brasiliensis,Cytb,Y,15,379,0.0395778364116095
Helarctos_malayanus,CO1,A,40,514,0.07782101167315175
Helarctos_malayanus,CO1,C,1,514,0.0019455252918287938
Helarctos_malayanus,CO1,D,14,514,0.027237354085603113
Helarctos_malayanus,CO1,E,10,514,0.019455252918287938
Helarctos_malayanus,CO1,F,42,514,0.08171206225680934
Helarctos_malayanus,CO1,G,47,514,0.0914396887159533
Helarctos_malayanus,CO1,H,18,514,0.03501945525291829
Helarctos_malayanus,CO1,I,39,514,0.07587548638132295
Helarctos_malayanus,CO1,K,9,514,0.017509727626459144
Helarctos_malayanus,CO1,L,58,514,0.11284046692607004
Helarctos_malayanus,CO1,M,35,514,0.06809338521400778
Helarctos_malayanus,CO1,N,18,514,0.03501945525291829
Helarctos_malayanus,CO1,P,28,514,0.054474708171206226
Helarctos_malayanus,CO1,Q,6,514,0.011673151750972763
Helarctos_malayanus,CO1,R,8,514,0.01556420233463035
Helarctos_malayanus,CO1,S,31,514,0.06031128404669261
Helarctos_malayanus,CO1,T,38,514,0.07392996108949416
Helarctos_malayanus,CO1,V,36,514,0.07003891050583658
Helarctos_malayanus,CO1,W,17,514,0.033073929961089495
Helarctos_malayanus,CO1,Y,19,514,0.03696498054474708
Helarctos_malayanus,CO3,A,16,261,0.06130268199233716
Helarctos_malayanus,CO3,C,2,261,0.007662835249042145
Helarctos_malayanus,CO3,D,3,261,0.011494252873563218
Helarctos_malayanus,CO3,E,8,261,0.03065134099616858
Helarctos_malayanus,CO3,F,25,261,0.09578544061302682
Helarctos_malayanus,CO3,G,19,261,0.07279693486590039
Helarctos_malayanus,CO3,H,17,261,0.06513409961685823
Helarctos_malayanus,CO3,I,13,261,0.04980842911877394
Helarctos_malayanus,CO3,K,2,261,0.007662835249042145
Helarctos_malayanus,CO3,L,32,261,0.12260536398467432
Helarctos_malayanus,CO3,M,11,261,0.0421455938697318
Helarctos_malayanus,CO3,N,5,261,0.019157088122605363
Helarctos_malayanus,CO3,P,11,261,0.0421455938697318
Helarctos_malayanus,CO3,Q,7,261,0.02681992337164751
Helarctos_malayanus,CO3,R,5,261,0.019157088122605363
Helarctos_malayanus,CO3,S,24,261,0.09195402298850575
Helarctos_malayanus,CO3,T,22,261,0.0842911877394636
Helarctos_malayanus,CO3,V,16,261,0.06130268199233716
Helarctos_malayanus,CO3,W,12,261,0.04597701149425287
Helarctos_malayanus,CO3,Y,11,261,0.0421455938697318
Helarctos_malayanus,Cytb,A,25,379,0.06596306068601583
Helarctos_malayanus,Cytb,C,4,379,0.010554089709762533
Helarctos_malayanus,Cytb,D,12,379,0.0316622691292876
Helarctos_malayanus,Cytb,E,6,379,0.0158311345646438
Helarctos_malayanus,Cytb,F,28,379,0.07387862796833773
Helarctos_malayanus,Cytb,G,26,379,0.06860158311345646
Helarctos_malayanus,Cytb,H,13,379,0.03430079155672823
Helarctos_malayanus,Cytb,I,41,379,0.10817941952506596
Helarctos_malayanus,Cytb,K,9,379,0.023746701846965697
Helarctos_malayanus,Cytb,L,56,379,0.14775725593667546
Helarctos_malayanus,Cytb,M,13,379,0.03430079155672823
Helarctos_malayanus,Cytb,N,15,379,0.0395778364116095
Helarctos_malayanus,Cytb,P,23,379,0.06068601583113457
Helarctos_malayanus,Cytb,Q,6,379,0.0158311345646438
Helarctos_malayanus,Cytb,R,8,379,0.021108179419525065
Helarctos_malayanus,Cytb,S,25,379,0.06596306068601583
Helarctos_malayanus,Cytb,T,27,379,0.0712401055408971
Helarctos_malayanus,Cytb,V,16,379,0.04221635883905013
Helarctos_malayanus,Cytb,W,12,379,0.0316622691292876
Helarctos_malayanus,Cytb,Y,14,379,0.036939313984168866
Hippotragus_equinus,CO1,A,41,514,0.07976653696498054
Hippotragus_equinus,CO1,C,1,514,0.0019455252918287938
Hippotragus_equinus,CO1,D,15,514,0.029182879377431907
Hippotragus_equinus,CO1,E,9,514,0.017509727626459144
Hippotragus_equinus,CO1,F,42,514,0.08171206225680934
Hippotragus_equinus,CO1,G,47,514,0.0914396887159533
Hippotragus_equinus,CO1,H,17,514,0.033073929961089495
Hippotragus_equinus,CO1,I,38,514,0.07392996108949416
Hippotragus_equinus,CO1,K,9,514,0.017509727626459144
Hippotragus_equinus,CO1,L,59,514,0.11478599221789883
Hippotragus_equinus,CO1,M,33,514,0.06420233463035019
Hippotragus_equinus,CO1,N,18,514,0.03501945525291829
Hippotragus_equinus,CO1,P,28,514,0.054474708171206226
Hippotragus_equinus,CO1,Q,6,514,0.011673151750972763
Hippotragus_equinus,CO1,R,8,514,0.01556420233463035
Hippotragus_equinus,CO1,S,31,514,0.06031128404669261
Hippotragus_equinus,CO1,T,39,514,0.07587548638132295
Hippotragus_equinus,CO1,V,37,514,0.07198443579766536
Hippotragus_equinus,CO1,W,17,514,0.033073929961089495
Hippotragus_equinus,CO1,Y,19,514,0.03696498054474708
Hippotragus_equinus,CO3,A,16,261,0.06130268199233716
Hippotragus_equinus,CO3,C,2,261,0.007662835249042145
Hippotragus_equinus,CO3,D,3,261,0.011494252873563218
Hippotragus_equinus,CO3,E,8,261,0.03065134099616858
Hippotragus_equinus,CO3,F,24,261,0.09195402298850575
Hippotragus_equinus,CO3,G,20,261,0.07662835249042145
Hippotragus_equinus,CO3,H,17,261,0.06513409961685823
Hippotragus_equinus,CO3,I,15,261,0.05747126436781609
Hippotragus_equinus,CO3,K,2,261,0.007662835249042145
Hippotragus_equinus,CO3,L,31,261,0.11877394636015326
Hippotragus_equinus,CO3,M,11,261,0.0421455938697318
Hippotragus_equinus,CO3,N,7,261,0.02681992337164751
Hippotragus_equinus,CO3,P,12,261,0.04597701149425287
Hippotragus_equinus,CO3,Q,7,261,0.02681992337164751
Hippotragus_equinus,CO3,R,5,261,0.019157088122605363
Hippotragus_equinus,CO3,S,19,261,0.07279693486590039
Hippotragus_equinus,CO3,T,24,261,0.09195402298850575
Hippotragus_equinus,CO3,V,15,261,0.05747126436781609
Hippotragus_equinus,CO3,W,12,261,0.04597701149425287
Hippotragus_equinus,CO3,Y,11,261,0.0421455938697318
Hippotragus_equinus,Cytb,A,27,379,0.0712401055408971
Hippotragus_equinus,Cytb,C,4,379,0.010554089709762533
Hippotragus_equinus,Cytb,D,11,379,0.029023746701846966
Hippotragus_equinus,Cytb,E,6,379,0.0158311345646438
Hippotragus_equinus,Cytb,F,25,379,0.06596306068601583
Hippotragus_equinus,Cytb,G,24,379,0.0633245382585752
Hippotragus_equinus,Cytb,H,12,379,0.0316622691292876
Hippotragus_equinus,Cytb,I,40,379,0.10554089709762533
Hippotragus_equinus,Cytb,K,9,379,0.023746701846965697
Hippotragus_equinus,Cytb,L,57,379,0.1503957783641161
Hippotragus_equinus,Cytb,M,17,379,0.044854881266490766
Hippotragus_equinus,Cytb,N,17,379,0.044854881266490766
Hippotragus_equinus,Cytb,P,22,379,0.05804749340369393
Hippotragus_equinus,Cytb,Q,6,379,0.0158311345646438
Hippotragus_equinus,Cytb,R,8,379,0.021108179419525065
Hippotragus_equinus,Cytb,S,23,379,0.06068601583113457
Hippotragus_equinus,Cytb,T,28,379,0.07387862796833773
Hippotragus_equinus,Cytb,V,16,379,0.04221635883905013
Hippotragus_equinus,Cytb,W,12,379,0.0316622691292876
Hippotragus_equinus,Cytb,Y,15,379,0.0395778364116095
Homo_sapiens,CO1,A,40,513,0.07797270955165692
Homo_sapiens,CO1,C,1,513,0.001949317738791423
Homo_sapiens,CO1,D,14,513,0.02729044834307992
Homo_sapiens,CO1,E,10,513,0.01949317738791423
Homo_sapiens,CO1,F,41,513,0.07992202729044834
Homo_sapiens,CO1,G,46,513,0.08966861598440545
Homo_sapiens,CO1,H,18,513,0.03508771929824561
Homo_sapiens,CO1,I,38,513,0.07407407407407407
Homo_sapiens,CO1,K,10,513,0.01949317738791423
Homo_sapiens,CO1,L,62,513,0.12085769980506822
Homo_sapiens,CO1,M,32,513,0.06237816764132553
Homo_sapiens,CO1,N,18,513,0.03508771929824561
Homo_sapiens,CO1,P,29,513,0.056530214424951264
Homo_sapiens,CO1,Q,6,513,0.011695906432748537
Homo_sapiens,CO1,R,8,513,0.015594541910331383
Homo_sapiens,CO1,S,32,513,0.06237816764132553
Homo_sapiens,CO1,T,34,513,0.06627680311890838
Homo_sapiens,CO1,V,36,513,0.07017543859649122
Homo_sapiens,CO1,W,16,513,0.031189083820662766
Homo_sapiens,CO1,Y,22,513,0.042884990253411304
Homo_sapiens,CO3,A,15,262,0.05725190839694656
Homo_sapiens,CO3,C,1,262,0.003816793893129771
Homo_sapiens,CO3,D,3,262,0.011450381679389313
Homo_sapiens,CO3,E,7,262,0.026717557251908396
Homo_sapiens,CO3,F,23,262,0.08778625954198473
Homo_sapiens,CO3,G,19,262,0.07251908396946564
Homo_sapiens,CO3,H,17,262,0.0648854961832061
Homo_sapiens,CO3,I,14,262,0.05343511450381679
Homo_sapiens,CO3,K,3,262,0.011450381679389313
Homo_sapiens,CO3,L,34,262,0.1297709923664122
Homo_sapiens,CO3,M,11,262,0.04198473282442748
Homo_sapiens,CO3,N,6,262,0.022900763358778626
Homo_sapiens,CO3,P,13,262,0.04961832061068702
Homo_sapiens,CO3,Q,9,262,0.03435114503816794
Homo_sapiens,CO3,R,5,262,0.019083969465648856
Homo_sapiens,CO3,S,21,262,0.08015267175572519
Homo_sapiens,CO3,T,24,262,0.0916030534351145
Homo_sapiens,CO3,V,13,262,0.04961832061068702
Homo_sapiens,CO3,W,12,262,0.04580152671755725
Homo_sapiens,CO3,Y,12,262,0.04580152671755725
Homo_sapiens,Cytb,A,26,380,0.06842105263157895
Homo_sapiens,Cytb,C,2,380,0.005263157894736842
Homo_sapiens,Cytb,D,11,380,0.02894736842105263
Homo_sapiens,Cytb,E,4,380,0.010526315789473684
Homo_sapiens,Cytb,F,24,380,0.06315789473684211
Homo_sapiens,Cytb,G,24,380,0.06315789473684211
Homo_sapiens,Cytb,H,12,380,0.031578947368421054
Homo_sapiens,Cytb,I,39,380,0.10263157894736842
Homo_sapiens,Cytb,K,9,380,0.02368421052631579
Homo_sapiens,Cytb,L,64,380,0.16842105263157894
Homo_sapiens,Cytb,M,15,380,0.039473684210526314
Homo_sapiens,Cytb,N,15,380,0.039473684210526314
Homo_sapiens,Cytb,P,23,380,0.060526315789473685
Homo_sapiens,Cytb,Q,8,380,0.021052631578947368
Homo_sapiens,Cytb,R,7,380,0.018421052631578946
Homo_sapiens,Cytb,S,29,380,0.07631578947368421
Homo_sapiens,Cytb,T,29,380,0.07631578947368421
Homo_sapiens,Cytb,V,10,380,0.02631578947368421
Homo_sapiens,Cytb,W,12,380,0.031578947368421054
Homo_sapiens,Cytb,Y,17,380,0.04473684210526316
Hylomyscus_walterverheyeni,CO1,A,42,514,0.08171206225680934
Hylomyscus_walterverheyeni,CO1,C,1,514,0.0019455252918287938
Hylomyscus_walterverheyeni,CO1,D,15,514,0.029182879377431907
Hylomyscus_walterverheyeni,CO1,E,9,514,0.017509727626459144
Hylomyscus_walterverheyeni,CO1,F,42,514,0.08171206225680934
Hylomyscus_walterverheyeni,CO1,G,46,514,0.08949416342412451
Hylomyscus_walterverheyeni,CO1,H,18,514,0.03501945525291829
Hylomyscus_walterverheyeni,CO1,I,35,514,0.06809338521400778
Hylomyscus_walterverheyeni,CO1,K,10,514,0.019455252918287938
Hylomyscus_walterverheyeni,CO1,L,58,514,0.11284046692607004
Hylomyscus_walterverheyeni,CO1,M,31,514,0.06031128404669261
Hylomyscus_walterverheyeni,CO1,N,17,514,0.033073929961089495
Hylomyscus_walterverheyeni,CO1,P,28,514,0.054474708171206226
Hylomyscus_walterverheyeni,CO1,Q,6,514,0.011673151750972763
Hylomyscus_walterverheyeni,CO1,R,8,514,0.01556420233463035
Hylomyscus_walterverheyeni,CO1,S,35,514,0.06809338521400778
Hylomyscus_walterverheyeni,CO1,T,35,514,0.06809338521400778
Hylomyscus_walterverheyeni,CO1,V,41,514,0.07976653696498054
Hylomyscus_walterverheyeni,CO1,W,17,514,0.033073929961089495
Hylomyscus_walterverheyeni,CO1,Y,20,514,0.038910505836575876
Hylomyscus_walterverheyeni,CO3,A,14,261,0.05363984674329502
Hylomyscus_walterverheyeni,CO3,C,2,261,0.007662835249042145
Hylomyscus_walterverheyeni,CO3,D,4,261,0.01532567049808429
Hylomyscus_walterverheyeni,CO3,E,7,261,0.02681992337164751
Hylomyscus_walterverheyeni,CO3,F,23,261,0.08812260536398467
Hylomyscus_walterverheyeni,CO3,G,21,261,0.08045977011494253
Hylomyscus_walterverheyeni,CO3,H,17,261,0.06513409961685823
Hylomyscus_walterverheyeni,CO3,I,15,261,0.05747126436781609
Hylomyscus_walterverheyeni,CO3,K,4,261,0.01532567049808429
Hylomyscus_walterverheyeni,CO3,L,36,261,0.13793103448275862
Hylomyscus_walterverheyeni,CO3,M,10,261,0.038314176245210725
Hylomyscus_walterverheyeni,CO3,N,7,261,0.02681992337164751
Hylomyscus_walterverheyeni,CO3,P,10,261,0.038314176245210725
Hylomyscus_walterverheyeni,CO3,Q,7,261,0.02681992337164751
Hylomyscus_walterverheyeni,CO3,R,5,261,0.019157088122605363
Hylomyscus_walterverheyeni,CO3,S,21,261,0.08045977011494253
Hylomyscus_walterverheyeni,CO3,T,20,261,0.07662835249042145
Hylomyscus_walterverheyeni,CO3,V,15,261,0.05747126436781609
Hylomyscus_walterverheyeni,CO3,W,12,261,0.04597701149425287
Hylomyscus_walterverheyeni,CO3,Y,11,261,0.0421455938697318
Hylomyscus_walterverheyeni,Cytb,A,20,380,0.05263157894736842
Hylomyscus_walterverheyeni,Cytb,C,3,380,0.007894736842105263
Hylomyscus_walterverheyeni,Cytb,D,11,380,0.02894736842105263
Hylomyscus_walterverheyeni,Cytb,E,6,380,0.015789473684210527
Hylomyscus_walterverheyeni,Cytb,F,31,380,0.08157894736842106
Hylomyscus_walterverheyeni,Cytb,G,25,380,0.06578947368421052
Hylomyscus_walterverheyeni,Cytb,H,13,380,0.034210526315789476
Hylomyscus_walterverheyeni,Cytb,I,41,380,0.10789473684210527
Hylomyscus_walterverheyeni,Cytb,K,9,380,0.02368421052631579
Hylomyscus_walterverheyeni,Cytb,L,53,380,0.1394736842105263
Hylomyscus_walterverheyeni,Cytb,M,16,380,0.042105263157894736
Hylomyscus_walterverheyeni,Cytb,N,17,380,0.04473684210526316
Hylomyscus_walterverheyeni,Cytb,P,22,380,0.05789473684210526
Hylomyscus_walterverheyeni,Cytb,Q,5,380,0.013157894736842105
Hylomyscus_walterverheyeni,Cytb,R,8,380,0.021052631578947368
Hylomyscus_walterverheyeni,Cytb,S,24,380,0.06315789473684211
Hylomyscus_walterverheyeni,Cytb,T,28,380,0.07368421052631578
Hylomyscus_walterverheyeni,Cytb,V,22,380,0.05789473684210526
Hylomyscus_walterverheyeni,Cytb,W,11,380,0.02894736842105263
Hylomyscus_walterverheyeni,Cytb,Y,15,380,0.039473684210526314
Lasiopodomys_anglicus,CO1,A,42,514,0.08171206225680934
Lasiopodomys_anglicus,CO1,C,1,514,0.0019455252918287938
Lasiopodomys_anglicus,CO1,D,16,514,0.0311284046692607
Lasiopodomys_anglicus,CO1,E,9,514,0.017509727626459144
Lasiopodomys_anglicus,CO1,F,43,514,0.08365758754863813
Lasiopodomys_anglicus,CO1,G,46,514,0.08949416342412451
Lasiopodomys_anglicus,CO1,H,19,514,0.03696498054474708
Lasiopodomys_anglicus,CO1,I,38,514,0.07392996108949416
Lasiopodomys_anglicus,CO1,K,10,514,0.019455252918287938
Lasiopodomys_anglicus,CO1,L,59,514,0.11478599221789883
Lasiopodomys_anglicus,CO1,M,30,514,0.058365758754863814
Lasiopodomys_anglicus,CO1,N,17,514,0.033073929961089495
Lasiopodomys_anglicus,CO1,P,28,514,0.054474708171206226
Lasiopodomys_anglicus,CO1,Q,7,514,0.013618677042801557
Lasiopodomys_anglicus,CO1,R,8,514,0.01556420233463035
Lasiopodomys_anglicus,CO1,S,30,514,0.058365758754863814
Lasiopodomys_anglicus,CO1,T,38,514,0.07392996108949416
Lasiopodomys_anglicus,CO1,V,38,514,0.07392996108949416
Lasiopodomys_anglicus,CO1,W,17,514,0.033073929961089495
Lasiopodomys_anglicus,CO1,Y,18,514,0.03501945525291829
Lasiopodomys_anglicus,CO3,A,13,261,0.04980842911877394
Lasiopodomys_anglicus,CO3,C,2,261,0.007662835249042145
Lasiopodomys_anglicus,CO3,D,4,261,0.01532567049808429
Lasiopodomys_anglicus,CO3,E,7,261,0.02681992337164751
Lasiopodomys_anglicus,CO3,F,22,261,0.0842911877394636
Lasiopodomys_anglicus,CO3,G,22,261,0.0842911877394636
Lasiopodomys_anglicus,CO3,H,16,261,0.06130268199233716
Lasiopodomys_anglicus,CO3,I,13,261,0.04980842911877394
Lasiopodomys_anglicus,CO3,K,4,261,0.01532567049808429
Lasiopodomys_anglicus,CO3,L,34,261,0.13026819923371646
Lasiopodomys_anglicus,CO3,M,10,261,0.038314176245210725
Lasiopodomys_anglicus,CO3,N,8,261,0.03065134099616858
Lasiopodomys_anglicus,CO3,P,10,261,0.038314176245210725
Lasiopodomys_anglicus,CO3,Q,7,261,0.02681992337164751
Lasiopodomys_anglicus,CO3,R,5,261,0.019157088122605363
Lasiopodomys_anglicus,CO3,S,21,261,0.08045977011494253
Lasiopodomys_anglicus,CO3,T,21,261,0.08045977011494253
Lasiopodomys_anglicus,CO3,V,18,261,0.06896551724137931
Lasiopodomys_anglicus,CO3,W,12,261,0.04597701149425287
Lasiopodomys_anglicus,CO3,Y,12,261,0.04597701149425287
Lasiopodomys_anglicus,Cytb,A,28,380,0.07368421052631578
Lasiopodomys_anglicus,Cytb,C,3,380,0.007894736842105263
Lasiopodomys_anglicus,Cytb,D,13,380,0.034210526315789476
Lasiopodomys_anglicus,Cytb,E,6,380,0.015789473684210527
Lasiopodomys_anglicus,Cytb,F,28,380,0.07368421052631578
Lasiopodomys_anglicus,Cytb,G,25,380,0.06578947368421052
Lasiopodomys_anglicus,Cytb,H,12,380,0.031578947368421054
Lasiopodomys_anglicus,Cytb,I,43,380,0.11315789473684211
Lasiopodomys_anglicus,Cytb,K,8,380,0.021052631578947368
Lasiopodomys_anglicus,Cytb,L,52,380,0.1368421052631579
Lasiopodomys_anglicus,Cytb,M,18,380,0.04736842105263158
Lasiopodomys_anglicus,Cytb,N,17,380,0.04473684210526316
Lasiopodomys_anglicus,Cytb,P,22,380,0.05789473684210526
Lasiopodomys_anglicus,Cytb,Q,6,380,0.015789473684210527
Lasiopodomys_anglicus,Cytb,R,8,380,0.021052631578947368
Lasiopodomys_anglicus,Cytb,S,21,380,0.05526315789473684
Lasiopodomys_anglicus,Cytb,T,25,380,0.06578947368421052
Lasiopodomys_anglicus,Cytb,V,19,380,0.05
Lasiopodomys_anglicus,Cytb,W,11,380,0.02894736842105263
Lasiopodomys_anglicus,Cytb,Y,15,380,0.039473684210526314
Lasiopodomys_gregalis,CO1,A,42,514,0.08171206225680934
Lasiopodomys_gregalis,CO1,C,1,514,0.0019455252918287938
Lasiopodomys_gregalis,CO1,D,16,514,0.0311284046692607
Lasiopodomys_gregalis,CO1,E,9,514,0.017509727626459144
Lasiopodomys_gregalis,CO1,F,43,514,0.08365758754863813
Lasiopodomys_gregalis,CO1,G,46,514,0.08949416342412451
Lasiopodomys_gregalis,CO1,H,19,514,0.03696498054474708
Lasiopodomys_gregalis,CO1,I,37,514,0.07198443579766536
Lasiopodomys_gregalis,CO1,K,10,514,0.019455252918287938
Lasiopodomys_gregalis,CO1,L,59,514,0.11478599221789883
Lasiopodomys_gregalis,CO1,M,30,514,0.058365758754863814
Lasiopodomys_gregalis,CO1,N,17,514,0.033073929961089495
Lasiopodomys_gregalis,CO1,P,28,514,0.054474708171206226
Lasiopodomys_gregalis,CO1,Q,7,514,0.013618677042801557
Lasiopodomys_gregalis,CO1,R,8,514,0.01556420233463035
Lasiopodomys_gregalis,CO1,S,30,514,0.058365758754863814
Lasiopodomys_gregalis,CO1,T,38,514,0.07392996108949416
Lasiopodomys_gregalis,CO1,V,39,514,0.07587548638132295
Lasiopodomys_gregalis,CO1,W,17,514,0.033073929961089495
Lasiopodomys_gregalis,CO1,Y,18,514,0.03501945525291829
Lasiopodomys_gregalis,CO3,A,13,261,0.04980842911877394
Lasiopodomys_gregalis,CO3,C,2,261,0.007662835249042145
Lasiopodomys_gregalis,CO3,D,4,261,0.01532567049808429
Lasiopodomys_gregalis,CO3,E,7,261,0.02681992337164751
Lasiopodomys_gregalis,CO3,F,22,261,0.0842911877394636
Lasiopodomys_gregalis,CO3,G,22,261,0.0842911877394636
Lasiopodomys_gregalis,CO3,H,16,261,0.06130268199233716
Lasiopodomys_gregalis,CO3,I,14,261,0.05363984674329502
Lasiopodomys_gregalis,CO3,K,4,261,0.01532567049808429
Lasiopodomys_gregalis,CO3,L,34,261,0.13026819923371646
Lasiopodomys_gregalis,CO3,M,9,261,0.034482758620689655
Lasiopodomys_gregalis,CO3,N,7,261,0.02681992337164751
Lasiopodomys_gregalis,CO3,P,11,261,0.0421455938697318
Lasiopodomys_gregalis,CO3,Q,7,261,0.02681992337164751
Lasiopodomys_gregalis,CO3,R,5,261,0.019157088122605363
Lasiopodomys_gregalis,CO3,S,21,261,0.08045977011494253
Lasiopodomys_gregalis,CO3,T,22,261,0.0842911877394636
Lasiopodomys_gregalis,CO3,V,17,261,0.06513409961685823
Lasiopodomys_gregalis,CO3,W,12,261,0.04597701149425287
Lasiopodomys_gregalis,CO3,Y,12,261,0.04597701149425287
Lasiopodomys_gregalis,Cytb,A,24,380,0.06315789473684211
Lasiopodomys_gregalis,Cytb,C,3,380,0.007894736842105263
Lasiopodomys_gregalis,Cytb,D,13,380,0.034210526315789476
Lasiopodomys_gregalis,Cytb,E,6,380,0.015789473684210527
Lasiopodomys_gregalis,Cytb,F,26,380,0.06842105263157895
Lasiopodomys_gregalis,Cytb,G,25,380,0.06578947368421052
Lasiopodomys_gregalis,Cytb,H,12,380,0.031578947368421054
Lasiopodomys_gregalis,Cytb,I,42,380,0.11052631578947368
Lasiopodomys_gregalis,Cytb,K,8,380,0.021052631578947368
Lasiopodomys_gregalis,Cytb,L,53,380,0.1394736842105263
Lasiopodomys_gregalis,Cytb,M,18,380,0.04736842105263158
Lasiopodomys_gregalis,Cytb,N,17,380,0.04473684210526316
Lasiopodomys_gregalis,Cytb,P,22,380,0.05789473684210526
Lasiopodomys_gregalis,Cytb,Q,6,380,0.015789473684210527
Lasiopodomys_gregalis,Cytb,R,8,380,0.021052631578947368
Lasiopodomys_gregalis,Cytb,S,21,380,0.05526315789473684
Lasiopodomys_gregalis,Cytb,T,28,380,0.07368421052631578
Lasiopodomys_gregalis,Cytb,V,21,380,0.05526315789473684
Lasiopodomys_gregalis,Cytb,W,11,380,0.02894736842105263
Lasiopodomys_gregalis,Cytb,Y,16,380,0.042105263157894736
Macaca_fascicularis,CO1,A,40,522,0.07662835249042145
Macaca_fascicularis,CO1,C,1,522,0.0019157088122605363
Macaca_fascicularis,CO1,D,15,522,0.028735632183908046
Macaca_fascicularis,CO1,E,11,522,0.0210727969348659
Macaca_fascicularis,CO1,F,41,522,0.07854406130268199
Macaca_fascicularis,CO1,G,48,522,0.09195402298850575
Macaca_fascicularis,CO1,H,18,522,0.034482758620689655
Macaca_fascicularis,CO1,I,45,522,0.08620689655172414
Macaca_fascicularis,CO1,K,11,522,0.0210727969348659
Macaca_fascicularis,CO1,L,64,522,0.12260536398467432
Macaca_fascicularis,CO1,M,29,522,0.05555555555555555
Macaca_fascicularis,CO1,N,18,522,0.034482758620689655
Macaca_fascicularis,CO1,P,31,522,0.05938697318007663
Macaca_fascicularis,CO1,Q,7,522,0.013409961685823755
Macaca_fascicularis,CO1,R,9,522,0.017241379310344827
Macaca_fascicularis,CO1,S,32,522,0.06130268199233716
Macaca_fascicularis,CO1,T,32,522,0.06130268199233716
Macaca_fascicularis,CO1,V,33,522,0.06321839080459771
Macaca_fascicularis,CO1,W,16,522,0.03065134099616858
Macaca_fascicularis,CO1,Y,21,522,0.040229885057471264
Macaca_fascicularis,CO3,A,14,261,0.05363984674329502
Macaca_fascicularis,CO3,C,2,261,0.007662835249042145
Macaca_fascicularis,CO3,D,3,261,0.011494252873563218
Macaca_fascicularis,CO3,E,6,261,0.022988505747126436
Macaca_fascicularis,CO3,F,22,261,0.0842911877394636
Macaca_fascicularis,CO3,G,18,261,0.06896551724137931
Macaca_fascicularis,CO3,H,16,261,0.06130268199233716
Macaca_fascicularis,CO3,I,20,261,0.07662835249042145
Macaca_fascicularis,CO3,K,3,261,0.011494252873563218
Macaca_fascicularis,CO3,L,35,261,0.13409961685823754
Macaca_fascicularis,CO3,M,9,261,0.034482758620689655
Macaca_fascicularis,CO3,N,6,261,0.022988505747126436
Macaca_fascicularis,CO3,P,12,261,0.04597701149425287
Macaca_fascicularis,CO3,Q,8,261,0.03065134099616858
Macaca_fascicularis,CO3,R,5,261,0.019157088122605363
Macaca_fascicularis,CO3,S,20,261,0.07662835249042145
Macaca_fascicularis,CO3,T,27,261,0.10344827586206896
Macaca_fascicularis,CO3,V,10,261,0.038314176245210725
Macaca_fascicularis,CO3,W,12,261,0.04597701149425287
Macaca_fascicularis,CO3,Y,13,261,0.04980842911877394
Macaca_fascicularis,Cytb,A,21,380,0.05526315789473684
Macaca_fascicularis,Cytb,C,3,380,0.007894736842105263
Macaca_fascicularis,Cytb,D,10,380,0.02631578947368421
Macaca_fascicularis,Cytb,E,4,380,0.010526315789473684
Macaca_fascicularis,Cytb,F,21,380,0.05526315789473684
Macaca_fascicularis,Cytb,G,21,380,0.05526315789473684
Macaca_fascicularis,Cytb,H,11,380,0.02894736842105263
Macaca_fascicularis,Cytb,I,43,380,0.11315789473684211
Macaca_fascicularis,Cytb,K,9,380,0.02368421052631579
Macaca_fascicularis,Cytb,L,66,380,0.1736842105263158
Macaca_fascicularis,Cytb,M,15,380,0.039473684210526314
Macaca_fascicularis,Cytb,N,18,380,0.04736842105263158
Macaca_fascicularis,Cytb,P,25,380,0.06578947368421052
Macaca_fascicularis,Cytb,Q,9,380,0.02368421052631579
Macaca_fascicularis,Cytb,R,7,380,0.018421052631578946
Macaca_fascicularis,Cytb,S,27,380,0.07105263157894737
Macaca_fascicularis,Cytb,T,33,380,0.0868421052631579
Macaca_fascicularis,Cytb,V,10,380,0.02631578947368421
Macaca_fascicularis,Cytb,W,12,380,0.031578947368421054
Macaca_fascicularis,Cytb,Y,15,380,0.039473684210526314
Macaca_mulatta,CO1,A,40,514,0.07782101167315175
Macaca_mulatta,CO1,C,2,514,0.0038910505836575876
Macaca_mulatta,CO1,D,13,514,0.02529182879377432
Macaca_mulatta,CO1,E,9,514,0.017509727626459144
Macaca_mulatta,CO1,F,41,514,0.07976653696498054
Macaca_mulatta,CO1,G,47,514,0.0914396887159533
Macaca_mulatta,CO1,H,18,514,0.03501945525291829
Macaca_mulatta,CO1,I,45,514,0.08754863813229571
Macaca_mulatta,CO1,K,10,514,0.019455252918287938
Macaca_mulatta,CO1,L,64,514,0.1245136186770428
Macaca_mulatta,CO1,M,28,514,0.054474708171206226
Macaca_mulatta,CO1,N,19,514,0.03696498054474708
Macaca_mulatta,CO1,P,30,514,0.058365758754863814
Macaca_mulatta,CO1,Q,7,514,0.013618677042801557
Macaca_mulatta,CO1,R,8,514,0.01556420233463035
Macaca_mulatta,CO1,S,31,514,0.06031128404669261
Macaca_mulatta,CO1,T,32,514,0.0622568093385214
Macaca_mulatta,CO1,V,34,514,0.06614785992217899
Macaca_mulatta,CO1,W,16,514,0.0311284046692607
Macaca_mulatta,CO1,Y,20,514,0.038910505836575876
Macaca_mulatta,CO3,A,12,261,0.04597701149425287
Macaca_mulatta,CO3,C,2,261,0.007662835249042145
Macaca_mulatta,CO3,D,4,261,0.01532567049808429
Macaca_mulatta,CO3,E,6,261,0.022988505747126436
Macaca_mulatta,CO3,F,23,261,0.08812260536398467
Macaca_mulatta,CO3,G,18,261,0.06896551724137931
Macaca_mulatta,CO3,H,17,261,0.06513409961685823
Macaca_mulatta,CO3,I,17,261,0.06513409961685823
Macaca_mulatta,CO3,K,3,261,0.011494252873563218
Macaca_mulatta,CO3,L,35,261,0.13409961685823754
Macaca_mulatta,CO3,M,8,261,0.03065134099616858
Macaca_mulatta,CO3,N,6,261,0.022988505747126436
Macaca_mulatta,CO3,P,12,261,0.04597701149425287
Macaca_mulatta,CO3,Q,8,261,0.03065134099616858
Macaca_mulatta,CO3,R,5,261,0.019157088122605363
Macaca_mulatta,CO3,S,19,261,0.07279693486590039
Macaca_mulatta,CO3,T,29,261,0.1111111111111111
Macaca_mulatta,CO3,V,13,261,0.04980842911877394
Macaca_mulatta,CO3,W,12,261,0.04597701149425287
Macaca_mulatta,CO3,Y,12,261,0.04597701149425287
Macaca_mulatta,Cytb,A,20,380,0.05263157894736842
Macaca_mulatta,Cytb,C,3,380,0.007894736842105263
Macaca_mulatta,Cytb,D,11,380,0.02894736842105263
Macaca_mulatta,Cytb,E,5,380,0.013157894736842105
Macaca_mulatta,Cytb,F,22,380,0.05789473684210526
Macaca_mulatta,Cytb,G,21,380,0.05526315789473684
Macaca_mulatta,Cytb,H,10,380,0.02631578947368421
Macaca_mulatta,Cytb,I,39,380,0.10263157894736842
Macaca_mulatta,Cytb,K,10,380,0.02631578947368421
Macaca_mulatta,Cytb,L,65,380,0.17105263157894737
Macaca_mulatta,Cytb,M,19,380,0.05
Macaca_mulatta,Cytb,N,16,380,0.042105263157894736
Macaca_mulatta,Cytb,P,25,380,0.06578947368421052
Macaca_mulatta,Cytb,Q,8,380,0.021052631578947368
Macaca_mulatta,Cytb,R,8,380,0.021052631578947368
Macaca_mulatta,Cytb,S,27,380,0.07105263157894737
Macaca_mulatta,Cytb,T,32,380,0.08421052631578947
Macaca_mulatta,Cytb,V,12,380,0.031578947368421054
Macaca_mulatta,Cytb,W,12,380,0.031578947368421054
Macaca_mulatta,Cytb,Y,15,380,0.039473684210526314
Mammuthus_primigenius,CO1,A,42,515,0.08155339805825243
Mammuthus_primigenius,CO1,C,1,515,0.001941747572815534
Mammuthus_primigenius,CO1,D,14,515,0.027184466019417475
Mammuthus_primigenius,CO1,E,10,515,0.019417475728155338
Mammuthus_primigenius,CO1,F,42,515,0.08155339805825243
Mammuthus_primigenius,CO1,G,46,515,0.08932038834951456
Mammuthus_primigenius,CO1,H,19,515,0.036893203883495145
Mammuthus_primigenius,CO1,I,39,515,0.07572815533980583
Mammuthus_primigenius,CO1,K,9,515,0.017475728155339806
Mammuthus_primigenius,CO1,L,57,515,0.11067961165048544
Mammuthus_primigenius,CO1,M,34,515,0.06601941747572816
Mammuthus_primigenius,CO1,N,19,515,0.036893203883495145
Mammuthus_primigenius,CO1,P,28,515,0.05436893203883495
Mammuthus_primigenius,CO1,Q,6,515,0.011650485436893204
Mammuthus_primigenius,CO1,R,8,515,0.015533980582524271
Mammuthus_primigenius,CO1,S,35,515,0.06796116504854369
Mammuthus_primigenius,CO1,T,34,515,0.06601941747572816
Mammuthus_primigenius,CO1,V,36,515,0.06990291262135923
Mammuthus_primigenius,CO1,W,17,515,0.03300970873786408
Mammuthus_primigenius,CO1,Y,19,515,0.036893203883495145
Mammuthus_primigenius,CO3,A,12,269,0.04460966542750929
Mammuthus_primigenius,CO3,C,1,269,0.0037174721189591076
Mammuthus_primigenius,CO3,D,4,269,0.01486988847583643
Mammuthus_primigenius,CO3,E,9,269,0.03345724907063197
Mammuthus_primigenius,CO3,F,26,269,0.09665427509293681
Mammuthus_primigenius,CO3,G,20,269,0.07434944237918216
Mammuthus_primigenius,CO3,H,16,269,0.05947955390334572
Mammuthus_primigenius,CO3,I,13,269,0.048327137546468404
Mammuthus_primigenius,CO3,K,2,269,0.007434944237918215
Mammuthus_primigenius,CO3,L,37,269,0.137546468401487
Mammuthus_primigenius,CO3,M,10,269,0.03717472118959108
Mammuthus_primigenius,CO3,N,7,269,0.026022304832713755
Mammuthus_primigenius,CO3,P,11,269,0.040892193308550186
Mammuthus_primigenius,CO3,Q,7,269,0.026022304832713755
Mammuthus_primigenius,CO3,R,5,269,0.01858736059479554
Mammuthus_primigenius,CO3,S,19,269,0.07063197026022305
Mammuthus_primigenius,CO3,T,25,269,0.09293680297397769
Mammuthus_primigenius,CO3,V,19,269,0.07063197026022305
Mammuthus_primigenius,CO3,W,12,269,0.04460966542750929
Mammuthus_primigenius,CO3,Y,14,269,0.05204460966542751
Mammuthus_primigenius,Cytb,A,21,378,0.05555555555555555
Mammuthus_primigenius,Cytb,C,3,378,0.007936507936507936
Mammuthus_primigenius,Cytb,D,13,378,0.03439153439153439
Mammuthus_primigenius,Cytb,E,6,378,0.015873015873015872
Mammuthus_primigenius,Cytb,F,23,378,0.06084656084656084
Mammuthus_primigenius,Cytb,G,25,378,0.06613756613756613
Mammuthus_primigenius,Cytb,H,13,378,0.03439153439153439
Mammuthus_primigenius,Cytb,I,39,378,0.10317460317460317
Mammuthus_primigenius,Cytb,K,10,378,0.026455026455026454
Mammuthus_primigenius,Cytb,L,64,378,0.1693121693121693
Mammuthus_primigenius,Cytb,M,16,378,0.042328042328042326
Mammuthus_primigenius,Cytb,N,15,378,0.03968253968253968
Mammuthus_primigenius,Cytb,P,22,378,0.0582010582010582
Mammuthus_primigenius,Cytb,Q,6,378,0.015873015873015872
Mammuthus_primigenius,Cytb,R,8,378,0.021164021164021163
Mammuthus_primigenius,Cytb,S,27,378,0.07142857142857142
Mammuthus_primigenius,Cytb,T,28,378,0.07407407407407407
Mammuthus_primigenius,Cytb,V,10,378,0.026455026455026454
Mammuthus_primigenius,Cytb,W,11,378,0.0291005291005291
Mammuthus_primigenius,Cytb,Y,18,378,0.047619047619047616
Martes_zibellina,CO1,A,39,514,0.07587548638132295
Martes_zibellina,CO1,C,1,514,0.0019455252918287938
Martes_zibellina,CO1,D,15,514,0.029182879377431907
Martes_zibellina,CO1,E,10,514,0.019455252918287938
Martes_zibellina,CO1,F,42,514,0.08171206225680934
Martes_zibellina,CO1,G,47,514,0.0914396887159533
Martes_zibellina,CO1,H,18,514,0.03501945525291829
Martes_zibellina,CO1,I,38,514,0.07392996108949416
Martes_zibellina,CO1,K,9,514,0.017509727626459144
Martes_zibellina,CO1,L,60,514,0.11673151750972763
Martes_zibellina,CO1,M,32,514,0.0622568093385214
Martes_zibellina,CO1,N,17,514,0.033073929961089495
Martes_zibellina,CO1,P,28,514,0.054474708171206226
Martes_zibellina,CO1,Q,6,514,0.011673151750972763
Martes_zibellina,CO1,R,8,514,0.01556420233463035
Martes_zibellina,CO1,S,32,514,0.0622568093385214
Martes_zibellina,CO1,T,38,514,0.07392996108949416
Martes_zibellina,CO1,V,38,514,0.07392996108949416
Martes_zibellina,CO1,W,17,514,0.033073929961089495
Martes_zibellina,CO1,Y,19,514,0.03696498054474708
Martes_zibellina,CO3,A,15,261,0.05747126436781609
Martes_zibellina,CO3,C,2,261,0.007662835249042145
Martes_zibellina,CO3,D,3,261,0.011494252873563218
Martes_zibellina,CO3,E,8,261,0.03065134099616858
Martes_zibellina,CO3,F,25,261,0.09578544061302682
Martes_zibellina,CO3,G,21,261,0.08045977011494253
Martes_zibellina,CO3,H,16,261,0.06130268199233716
Martes_zibellina,CO3,I,12,261,0.04597701149425287
Martes_zibellina,CO3,K,2,261,0.007662835249042145
Martes_zibellina,CO3,L,33,261,0.12643678160919541
Martes_zibellina,CO3,M,11,261,0.0421455938697318
Martes_zibellina,CO3,N,8,261,0.03065134099616858
Martes_zibellina,CO3,P,12,261,0.04597701149425287
Martes_zibellina,CO3,Q,7,261,0.02681992337164751
Martes_zibellina,CO3,R,5,261,0.019157088122605363
Martes_zibellina,CO3,S,20,261,0.07662835249042145
Martes_zibellina,CO3,T,23,261,0.08812260536398467
Martes_zibellina,CO3,V,16,261,0.06130268199233716
Martes_zibellina,CO3,W,12,261,0.04597701149425287
Martes_zibellina,CO3,Y,10,261,0.038314176245210725
Martes_zibellina,Cytb,A,28,379,0.07387862796833773
Martes_zibellina,Cytb,C,4,379,0.010554089709762533
Martes_zibellina,Cytb,D,11,379,0.029023746701846966
Martes_zibellina,Cytb,E,6,379,0.0158311345646438
Martes_zibellina,Cytb,F,27,379,0.0712401055408971
Martes_zibellina,Cytb,G,25,379,0.06596306068601583
Martes_zibellina,Cytb,H,12,379,0.0316622691292876
Martes_zibellina,Cytb,I,41,379,0.10817941952506596
Martes_zibellina,Cytb,K,9,379,0.023746701846965697
Martes_zibellina,Cytb,L,58,379,0.15303430079155672
Martes_zibellina,Cytb,M,13,379,0.03430079155672823
Martes_zibellina,Cytb,N,17,379,0.044854881266490766
Martes_zibellina,Cytb,P,24,379,0.0633245382585752
Martes_zibellina,Cytb,Q,6,379,0.0158311345646438
Martes_zibellina,Cytb,R,8,379,0.021108179419525065
Martes_zibellina,Cytb,S,24,379,0.0633245382585752
Martes_zibellina,Cytb,T,21,379,0.055408970976253295
Martes_zibellina,Cytb,V,18,379,0.047493403693931395
Martes_zibellina,Cytb,W,12,379,0.0316622691292876
Martes_zibellina,Cytb,Y,15,379,0.0395778364116095
Mesoplodon_grayi,CO1,A,39,516,0.0755813953488372
Mesoplodon_grayi,CO1,C,1,516,0.001937984496124031
Mesoplodon_grayi,CO1,D,15,516,0.029069767441860465
Mesoplodon_grayi,CO1,E,9,516,0.01744186046511628
Mesoplodon_grayi,CO1,F,43,516,0.08333333333333333
Mesoplodon_grayi,CO1,G,48,516,0.09302325581395349
Mesoplodon_grayi,CO1,H,17,516,0.03294573643410853
Mesoplodon_grayi,CO1,I,37,516,0.07170542635658915
Mesoplodon_grayi,CO1,K,9,516,0.01744186046511628
Mesoplodon_grayi,CO1,L,60,516,0.11627906976744186
Mesoplodon_grayi,CO1,M,31,516,0.060077519379844964
Mesoplodon_grayi,CO1,N,19,516,0.03682170542635659
Mesoplodon_grayi,CO1,P,29,516,0.0562015503875969
Mesoplodon_grayi,CO1,Q,6,516,0.011627906976744186
Mesoplodon_grayi,CO1,R,8,516,0.015503875968992248
Mesoplodon_grayi,CO1,S,33,516,0.06395348837209303
Mesoplodon_grayi,CO1,T,38,516,0.07364341085271318
Mesoplodon_grayi,CO1,V,38,516,0.07364341085271318
Mesoplodon_grayi,CO1,W,18,516,0.03488372093023256
Mesoplodon_grayi,CO1,Y,18,516,0.03488372093023256
Mesoplodon_grayi,CO3,A,14,261,0.05363984674329502
Mesoplodon_grayi,CO3,C,2,261,0.007662835249042145
Mesoplodon_grayi,CO3,D,3,261,0.011494252873563218
Mesoplodon_grayi,CO3,E,8,261,0.03065134099616858
Mesoplodon_grayi,CO3,F,23,261,0.08812260536398467
Mesoplodon_grayi,CO3,G,20,261,0.07662835249042145
Mesoplodon_grayi,CO3,H,16,261,0.06130268199233716
Mesoplodon_grayi,CO3,I,20,261,0.07662835249042145
Mesoplodon_grayi,CO3,K,3,261,0.011494252873563218
Mesoplodon_grayi,CO3,L,35,261,0.13409961685823754
Mesoplodon_grayi,CO3,M,9,261,0.034482758620689655
Mesoplodon_grayi,CO3,N,5,261,0.019157088122605363
Mesoplodon_grayi,CO3,P,12,261,0.04597701149425287
Mesoplodon_grayi,CO3,Q,7,261,0.02681992337164751
Mesoplodon_grayi,CO3,R,5,261,0.019157088122605363
Mesoplodon_grayi,CO3,S,22,261,0.0842911877394636
Mesoplodon_grayi,CO3,T,21,261,0.08045977011494253
Mesoplodon_grayi,CO3,V,13,261,0.04980842911877394
Mesoplodon_grayi,CO3,W,12,261,0.04597701149425287
Mesoplodon_grayi,CO3,Y,11,261,0.0421455938697318
Mesoplodon_grayi,Cytb,A,23,379,0.06068601583113457
Mesoplodon_grayi,Cytb,C,3,379,0.0079155672823219
Mesoplodon_grayi,Cytb,D,11,379,0.029023746701846966
Mesoplodon_grayi,Cytb,E,6,379,0.0158311345646438
Mesoplodon_grayi,Cytb,F,29,379,0.07651715039577836
Mesoplodon_grayi,Cytb,G,24,379,0.0633245382585752
Mesoplodon_grayi,Cytb,H,12,379,0.0316622691292876
Mesoplodon_grayi,Cytb,I,36,379,0.09498680738786279
Mesoplodon_grayi,Cytb,K,10,379,0.026385224274406333
Mesoplodon_grayi,Cytb,L,62,379,0.16358839050131926
Mesoplodon_grayi,Cytb,M,15,379,0.0395778364116095
Mesoplodon_grayi,Cytb,N,15,379,0.0395778364116095
Mesoplodon_grayi,Cytb,P,23,379,0.06068601583113457
Mesoplodon_grayi,Cytb,Q,7,379,0.018469656992084433
Mesoplodon_grayi,Cytb,R,8,379,0.021108179419525065
Mesoplodon_grayi,Cytb,S,21,379,0.055408970976253295
Mesoplodon_grayi,Cytb,T,29,379,0.07651715039577836
Mesoplodon_grayi,Cytb,V,17,379,0.044854881266490766
Mesoplodon_grayi,Cytb,W,12,379,0.0316622691292876
Mesoplodon_grayi,Cytb,Y,16,379,0.04221635883905013
Microtus_richardsoni,CO1,A,42,514,0.08171206225680934
Microtus_richardsoni,CO1,C,1,514,0.0019455252918287938
Microtus_richardsoni,CO1,D,16,514,0.0311284046692607
Microtus_richardsoni,CO1,E,10,514,0.019455252918287938
Microtus_richardsoni,CO1,F,43,514,0.08365758754863813
Microtus_richardsoni,CO1,G,46,514,0.08949416342412451
Microtus_richardsoni,CO1,H,19,514,0.03696498054474708
Microtus_richardsoni,CO1,I,37,514,0.07198443579766536
Microtus_richardsoni,CO1,K,10,514,0.019455252918287938
Microtus_richardsoni,CO1,L,59,514,0.11478599221789883
Microtus_richardsoni,CO1,M,30,514,0.058365758754863814
Microtus_richardsoni,CO1,N,16,514,0.0311284046692607
Microtus_richardsoni,CO1,P,28,514,0.054474708171206226
Microtus_richardsoni,CO1,Q,6,514,0.011673151750972763
Microtus_richardsoni,CO1,R,8,514,0.01556420233463035
Microtus_richardsoni,CO1,S,30,514,0.058365758754863814
Microtus_richardsoni,CO1,T,37,514,0.07198443579766536
Microtus_richardsoni,CO1,V,40,514,0.07782101167315175
Microtus_richardsoni,CO1,W,17,514,0.033073929961089495
Microtus_richardsoni,CO1,Y,19,514,0.03696498054474708
Microtus_richardsoni,CO3,A,15,261,0.05747126436781609
Microtus_richardsoni,CO3,C,2,261,0.007662835249042145
Microtus_richardsoni,CO3,D,4,261,0.01532567049808429
Microtus_richardsoni,CO3,E,7,261,0.02681992337164751
Microtus_richardsoni,CO3,F,24,261,0.09195402298850575
Microtus_richardsoni,CO3,G,22,261,0.0842911877394636
Microtus_richardsoni,CO3,H,16,261,0.06130268199233716
Microtus_richardsoni,CO3,I,18,261,0.06896551724137931
Microtus_richardsoni,CO3,K,4,261,0.01532567049808429
Microtus_richardsoni,CO3,L,33,261,0.12643678160919541
Microtus_richardsoni,CO3,M,8,261,0.03065134099616858
Microtus_richardsoni,CO3,N,7,261,0.02681992337164751
Microtus_richardsoni,CO3,P,11,261,0.0421455938697318
Microtus_richardsoni,CO3,Q,7,261,0.02681992337164751
Microtus_richardsoni,CO3,R,5,261,0.019157088122605363
Microtus_richardsoni,CO3,S,21,261,0.08045977011494253
Microtus_richardsoni,CO3,T,19,261,0.07279693486590039
Microtus_richardsoni,CO3,V,15,261,0.05747126436781609
Microtus_richardsoni,CO3,W,12,261,0.04597701149425287
Microtus_richardsoni,CO3,Y,11,261,0.0421455938697318
Microtus_richardsoni,Cytb,A,24,380,0.06315789473684211
Microtus_richardsoni,Cytb,C,3,380,0.007894736842105263
Microtus_richardsoni,Cytb,D,13,380,0.034210526315789476
Microtus_richardsoni,Cytb,E,6,380,0.015789473684210527
Microtus_richardsoni,Cytb,F,29,380,0.07631578947368421
Microtus_richardsoni,Cytb,G,25,380,0.06578947368421052
Microtus_richardsoni,Cytb,H,12,380,0.031578947368421054
Microtus_richardsoni,Cytb,I,46,380,0.12105263157894737
Microtus_richardsoni,Cytb,K,9,380,0.02368421052631579
Microtus_richardsoni,Cytb,L,51,380,0.13421052631578947
Microtus_richardsoni,Cytb,M,17,380,0.04473684210526316
Microtus_richardsoni,Cytb,N,17,380,0.04473684210526316
Microtus_richardsoni,Cytb,P,22,380,0.05789473684210526
Microtus_richardsoni,Cytb,Q,6,380,0.015789473684210527
Microtus_richardsoni,Cytb,R,8,380,0.021052631578947368
Microtus_richardsoni,Cytb,S,20,380,0.05263157894736842
Microtus_richardsoni,Cytb,T,30,380,0.07894736842105263
Microtus_richardsoni,Cytb,V,16,380,0.042105263157894736
Microtus_richardsoni,Cytb,W,11,380,0.02894736842105263
Microtus_richardsoni,Cytb,Y,15,380,0.039473684210526314
Mus_musculus,CO1,A,42,514,0.08171206225680934
Mus_musculus,CO1,C,1,514,0.0019455252918287938
Mus_musculus,CO1,D,16,514,0.0311284046692607
Mus_musculus,CO1,E,9,514,0.017509727626459144
Mus_musculus,CO1,F,43,514,0.08365758754863813
Mus_musculus,CO1,G,46,514,0.08949416342412451
Mus_musculus,CO1,H,17,514,0.033073929961089495
Mus_musculus,CO1,I,37,514,0.07198443579766536
Mus_musculus,CO1,K,10,514,0.019455252918287938
Mus_musculus,CO1,L,57,514,0.11089494163424124
Mus_musculus,CO1,M,31,514,0.06031128404669261
Mus_musculus,CO1,N,16,514,0.0311284046692607
Mus_musculus,CO1,P,29,514,0.05642023346303502
Mus_musculus,CO1,Q,6,514,0.011673151750972763
Mus_musculus,CO1,R,8,514,0.01556420233463035
Mus_musculus,CO1,S,33,514,0.06420233463035019
Mus_musculus,CO1,T,36,514,0.07003891050583658
Mus_musculus,CO1,V,40,514,0.07782101167315175
Mus_musculus,CO1,W,17,514,0.033073929961089495
Mus_musculus,CO1,Y,20,514,0.038910505836575876
Mus_musculus,CO3,A,13,261,0.04980842911877394
Mus_musculus,CO3,C,2,261,0.007662835249042145
Mus_musculus,CO3,D,4,261,0.01532567049808429
Mus_musculus,CO3,E,7,261,0.02681992337164751
Mus_musculus,CO3,F,22,261,0.0842911877394636
Mus_musculus,CO3,G,21,261,0.08045977011494253
Mus_musculus,CO3,H,17,261,0.06513409961685823
Mus_musculus,CO3,I,17,261,0.06513409961685823
Mus_musculus,CO3,K,4,261,0.01532567049808429
Mus_musculus,CO3,L,34,261,0.13026819923371646
Mus_musculus,CO3,M,9,261,0.034482758620689655
Mus_musculus,CO3,N,7,261,0.02681992337164751
Mus_musculus,CO3,P,10,261,0.038314176245210725
Mus_musculus,CO3,Q,7,261,0.02681992337164751
Mus_musculus,CO3,R,5,261,0.019157088122605363
Mus_musculus,CO3,S,21,261,0.08045977011494253
Mus_musculus,CO3,T,21,261,0.08045977011494253
Mus_musculus,CO3,V,16,261,0.06130268199233716
Mus_musculus,CO3,W,12,261,0.04597701149425287
Mus_musculus,CO3,Y,12,261,0.04597701149425287
Mus_musculus,Cytb,A,23,381,0.06036745406824147
Mus_musculus,Cytb,C,3,381,0.007874015748031496
Mus_musculus,Cytb,D,11,381,0.028871391076115485
Mus_musculus,Cytb,E,6,381,0.015748031496062992
Mus_musculus,Cytb,F,29,381,0.07611548556430446
Mus_musculus,Cytb,G,25,381,0.06561679790026247
Mus_musculus,Cytb,H,13,381,0.03412073490813648
Mus_musculus,Cytb,I,45,381,0.11811023622047244
Mus_musculus,Cytb,K,10,381,0.026246719160104987
Mus_musculus,Cytb,L,54,381,0.14173228346456693
Mus_musculus,Cytb,M,19,381,0.049868766404199474
Mus_musculus,Cytb,N,16,381,0.04199475065616798
Mus_musculus,Cytb,P,23,381,0.06036745406824147
Mus_musculus,Cytb,Q,6,381,0.015748031496062992
Mus_musculus,Cytb,R,8,381,0.02099737532808399
Mus_musculus,Cytb,S,23,381,0.06036745406824147
Mus_musculus,Cytb,T,24,381,0.06299212598425197
Mus_musculus,Cytb,V,16,381,0.04199475065616798
Mus_musculus,Cytb,W,11,381,0.028871391076115485
Mus_musculus,Cytb,Y,16,381,0.04199475065616798
Myodes_glareolus,CO1,A,41,514,0.07976653696498054
Myodes_glareolus,CO1,C,1,514,0.0019455252918287938
Myodes_glareolus,CO1,D,16,514,0.0311284046692607
Myodes_glareolus,CO1,E,10,514,0.019455252918287938
Myodes_glareolus,CO1,F,43,514,0.08365758754863813
Myodes_glareolus,CO1,G,46,514,0.08949416342412451
Myodes_glareolus,CO1,H,20,514,0.038910505836575876
Myodes_glareolus,CO1,I,37,514,0.07198443579766536
Myodes_glareolus,CO1,K,10,514,0.019455252918287938
Myodes_glareolus,CO1,L,59,514,0.11478599221789883
Myodes_glareolus,CO1,M,31,514,0.06031128404669261
Myodes_glareolus,CO1,N,16,514,0.0311284046692607
Myodes_glareolus,CO1,P,28,514,0.054474708171206226
Myodes_glareolus,CO1,Q,6,514,0.011673151750972763
Myodes_glareolus,CO1,R,8,514,0.01556420233463035
Myodes_glareolus,CO1,S,31,514,0.06031128404669261
Myodes_glareolus,CO1,T,37,514,0.07198443579766536
Myodes_glareolus,CO1,V,39,514,0.07587548638132295
Myodes_glareolus,CO1,W,17,514,0.033073929961089495
Myodes_glareolus,CO1,Y,18,514,0.03501945525291829
Myodes_glareolus,CO3,A,14,261,0.05363984674329502
Myodes_glareolus,CO3,C,2,261,0.007662835249042145
Myodes_glareolus,CO3,D,4,261,0.01532567049808429
Myodes_glareolus,CO3,E,7,261,0.02681992337164751
Myodes_glareolus,CO3,F,23,261,0.08812260536398467
Myodes_glareolus,CO3,G,21,261,0.08045977011494253
Myodes_glareolus,CO3,H,16,261,0.06130268199233716
Myodes_glareolus,CO3,I,17,261,0.06513409961685823
Myodes_glareolus,CO3,K,3,261,0.011494252873563218
Myodes_glareolus,CO3,L,34,261,0.13026819923371646
Myodes_glareolus,CO3,M,8,261,0.03065134099616858
Myodes_glareolus,CO3,N,9,261,0.034482758620689655
Myodes_glareolus,CO3,P,10,261,0.038314176245210725
Myodes_glareolus,CO3,Q,7,261,0.02681992337164751
Myodes_glareolus,CO3,R,5,261,0.019157088122605363
Myodes_glareolus,CO3,S,21,261,0.08045977011494253
Myodes_glareolus,CO3,T,22,261,0.0842911877394636
Myodes_glareolus,CO3,V,15,261,0.05747126436781609
Myodes_glareolus,CO3,W,12,261,0.04597701149425287
Myodes_glareolus,CO3,Y,11,261,0.0421455938697318
Myodes_glareolus,Cytb,A,25,380,0.06578947368421052
Myodes_glareolus,Cytb,C,3,380,0.007894736842105263
Myodes_glareolus,Cytb,D,13,380,0.034210526315789476
Myodes_glareolus,Cytb,E,6,380,0.015789473684210527
Myodes_glareolus,Cytb,F,27,380,0.07105263157894737
Myodes_glareolus,Cytb,G,27,380,0.07105263157894737
Myodes_glareolus,Cytb,H,12,380,0.031578947368421054
Myodes_glareolus,Cytb,I,46,380,0.12105263157894737
Myodes_glareolus,Cytb,K,9,380,0.02368421052631579
Myodes_glareolus,Cytb,L,54,380,0.14210526315789473
Myodes_glareolus,Cytb,M,17,380,0.04473684210526316
Myodes_glareolus,Cytb,N,17,380,0.04473684210526316
Myodes_glareolus,Cytb,P,21,380,0.05526315789473684
Myodes_glareolus,Cytb,Q,6,380,0.015789473684210527
Myodes_glareolus,Cytb,R,8,380,0.021052631578947368
Myodes_glareolus,Cytb,S,20,380,0.05263157894736842
Myodes_glareolus,Cytb,T,25,380,0.06578947368421052
Myodes_glareolus,Cytb,V,17,380,0.04473684210526316
Myodes_glareolus,Cytb,W,11,380,0.02894736842105263
Myodes_glareolus,Cytb,Y,16,380,0.042105263157894736
Ochotona_cansus,CO1,A,44,513,0.08576998050682261
Ochotona_cansus,CO1,C,1,513,0.001949317738791423
Ochotona_cansus,CO1,D,15,513,0.029239766081871343
Ochotona_cansus,CO1,E,10,513,0.01949317738791423
Ochotona_cansus,CO1,F,42,513,0.08187134502923976
Ochotona_cansus,CO1,G,47,513,0.09161793372319688
Ochotona_cansus,CO1,H,18,513,0.03508771929824561
Ochotona_cansus,CO1,I,37,513,0.07212475633528265
Ochotona_cansus,CO1,K,9,513,0.017543859649122806
Ochotona_cansus,CO1,L,58,513,0.11306042884990253
Ochotona_cansus,CO1,M,31,513,0.06042884990253411
Ochotona_cansus,CO1,N,16,513,0.031189083820662766
Ochotona_cansus,CO1,P,29,513,0.056530214424951264
Ochotona_cansus,CO1,Q,6,513,0.011695906432748537
Ochotona_cansus,CO1,R,8,513,0.015594541910331383
Ochotona_cansus,CO1,S,31,513,0.06042884990253411
Ochotona_cansus,CO1,T,35,513,0.0682261208576998
Ochotona_cansus,CO1,V,40,513,0.07797270955165692
Ochotona_cansus,CO1,W,17,513,0.03313840155945419
Ochotona_cansus,CO1,Y,19,513,0.037037037037037035
Ochotona_cansus,CO3,A,16,261,0.06130268199233716
Ochotona_cansus,CO3,C,2,261,0.007662835249042145
Ochotona_cansus,CO3,D,3,261,0.011494252873563218
Ochotona_cansus,CO3,E,8,261,0.03065134099616858
Ochotona_cansus,CO3,F,24,261,0.09195402298850575
Ochotona_cansus,CO3,G,21,261,0.08045977011494253
Ochotona_cansus,CO3,H,16,261,0.06130268199233716
Ochotona_cansus,CO3,I,13,261,0.04980842911877394
Ochotona_cansus,CO3,K,2,261,0.007662835249042145
Ochotona_cansus,CO3,L,34,261,0.13026819923371646
Ochotona_cansus,CO3,M,9,261,0.034482758620689655
Ochotona_cansus,CO3,N,8,261,0.03065134099616858
Ochotona_cansus,CO3,P,11,261,0.0421455938697318
Ochotona_cansus,CO3,Q,8,261,0.03065134099616858
Ochotona_cansus,CO3,R,5,261,0.019157088122605363
Ochotona_cansus,CO3,S,20,261,0.07662835249042145
Ochotona_cansus,CO3,T,22,261,0.0842911877394636
Ochotona_cansus,CO3,V,16,261,0.06130268199233716
Ochotona_cansus,CO3,W,12,261,0.04597701149425287
Ochotona_cansus,CO3,Y,11,261,0.0421455938697318
Ochotona_cansus,Cytb,A,25,379,0.06596306068601583
Ochotona_cansus,Cytb,C,5,379,0.013192612137203167
Ochotona_cansus,Cytb,D,12,379,0.0316622691292876
Ochotona_cansus,Cytb,E,5,379,0.013192612137203167
Ochotona_cansus,Cytb,F,27,379,0.0712401055408971
Ochotona_cansus,Cytb,G,25,379,0.06596306068601583
Ochotona_cansus,Cytb,H,13,379,0.03430079155672823
Ochotona_cansus,Cytb,I,39,379,0.10290237467018469
Ochotona_cansus,Cytb,K,10,379,0.026385224274406333
Ochotona_cansus,Cytb,L,60,379,0.158311345646438
Ochotona_cansus,Cytb,M,12,379,0.0316622691292876
Ochotona_cansus,Cytb,N,15,379,0.0395778364116095
Ochotona_cansus,Cytb,P,22,379,0.05804749340369393
Ochotona_cansus,Cytb,Q,7,379,0.018469656992084433
Ochotona_cansus,Cytb,R,8,379,0.021108179419525065
Ochotona_cansus,Cytb,S,24,379,0.0633245382585752
Ochotona_cansus,Cytb,T,25,379,0.06596306068601583
Ochotona_cansus,Cytb,V,18,379,0.047493403693931395
Ochotona_cansus,Cytb,W,12,379,0.0316622691292876
Ochotona_cansus,Cytb,Y,15,379,0.0395778364116095
Ochotona_thibetana,CO1,A,44,513,0.08576998050682261
Ochotona_thibetana,CO1,C,1,513,0.001949317738791423
Ochotona_thibetana,CO1,D,15,513,0.029239766081871343
Ochotona_thibetana,CO1,E,10,513,0.01949317738791423
Ochotona_thibetana,CO1,F,42,513,0.08187134502923976
Ochotona_thibetana,CO1,G,47,513,0.09161793372319688
Ochotona_thibetana,CO1,H,18,513,0.03508771929824561
Ochotona_thibetana,CO1,I,37,513,0.07212475633528265
Ochotona_thibetana,CO1,K,9,513,0.017543859649122806
Ochotona_thibetana,CO1,L,58,513,0.11306042884990253
Ochotona_thibetana,CO1,M,32,513,0.06237816764132553
Ochotona_thibetana,CO1,N,16,513,0.031189083820662766
Ochotona_thibetana,CO1,P,29,513,0.056530214424951264
Ochotona_thibetana,CO1,Q,6,513,0.011695906432748537
Ochotona_thibetana,CO1,R,8,513,0.015594541910331383
Ochotona_thibetana,CO1,S,31,513,0.06042884990253411
Ochotona_thibetana,CO1,T,34,513,0.06627680311890838
Ochotona_thibetana,CO1,V,40,513,0.07797270955165692
Ochotona_thibetana,CO1,W,17,513,0.03313840155945419
Ochotona_thibetana,CO1,Y,19,513,0.037037037037037035
Ochotona_thibetana,CO3,A,15,261,0.05747126436781609
Ochotona_thibetana,CO3,C,2,261,0.007662835249042145
Ochotona_thibetana,CO3,D,3,261,0.011494252873563218
Ochotona_thibetana,CO3,E,8,261,0.03065134099616858
Ochotona_thibetana,CO3,F,23,261,0.08812260536398467
Ochotona_thibetana,CO3,G,21,261,0.08045977011494253
Ochotona_thibetana,CO3,H,16,261,0.06130268199233716
Ochotona_thibetana,CO3,I,14,261,0.05363984674329502
Ochotona_thibetana,CO3,K,2,261,0.007662835249042145
Ochotona_thibetana,CO3,L,33,261,0.12643678160919541
Ochotona_thibetana,CO3,M,9,261,0.034482758620689655
Ochotona_thibetana,CO3,N,8,261,0.03065134099616858
Ochotona_thibetana,CO3,P,11,261,0.0421455938697318
Ochotona_thibetana,CO3,Q,8,261,0.03065134099616858
Ochotona_thibetana,CO3,R,5,261,0.019157088122605363
Ochotona_thibetana,CO3,S,20,261,0.07662835249042145
Ochotona_thibetana,CO3,T,22,261,0.0842911877394636
Ochotona_thibetana,CO3,V,18,261,0.06896551724137931
Ochotona_thibetana,CO3,W,12,261,0.04597701149425287
Ochotona_thibetana,CO3,Y,11,261,0.0421455938697318
Ochotona_thibetana,Cytb,A,26,379,0.06860158311345646
Ochotona_thibetana,Cytb,C,4,379,0.010554089709762533
Ochotona_thibetana,Cytb,D,12,379,0.0316622691292876
Ochotona_thibetana,Cytb,E,5,379,0.013192612137203167
Ochotona_thibetana,Cytb,F,29,379,0.07651715039577836
Ochotona_thibetana,Cytb,G,25,379,0.06596306068601583
Ochotona_thibetana,Cytb,H,13,379,0.03430079155672823
Ochotona_thibetana,Cytb,I,39,379,0.10290237467018469
Ochotona_thibetana,Cytb,K,10,379,0.026385224274406333
Ochotona_thibetana,Cytb,L,59,379,0.15567282321899736
Ochotona_thibetana,Cytb,M,12,379,0.0316622691292876
Ochotona_thibetana,Cytb,N,16,379,0.04221635883905013
Ochotona_thibetana,Cytb,P,22,379,0.05804749340369393
Ochotona_thibetana,Cytb,Q,7,379,0.018469656992084433
Ochotona_thibetana,Cytb,R,8,379,0.021108179419525065
Ochotona_thibetana,Cytb,S,23,379,0.06068601583113457
Ochotona_thibetana,Cytb,T,26,379,0.06860158311345646
Ochotona_thibetana,Cytb,V,16,379,0.04221635883905013
Ochotona_thibetana,Cytb,W,12,379,0.0316622691292876
Ochotona_thibetana,Cytb,Y,15,379,0.0395778364116095
Odocoileus_virginianus,CO1,A,39,514,0.07587548638132295
Odocoileus_virginianus,CO1,C,1,514,0.0019455252918287938
Odocoileus_virginianus,CO1,D,15,514,0.029182879377431907
Odocoileus_virginianus,CO1,E,10,514,0.019455252918287938
Odocoileus_virginianus,CO1,F,42,514,0.08171206225680934
Odocoileus_virginianus,CO1,G,47,514,0.0914396887159533
Odocoileus_virginianus,CO1,H,17,514,0.033073929961089495
Odocoileus_virginianus,CO1,I,40,514,0.07782101167315175
Odocoileus_virginianus,CO1,K,9,514,0.017509727626459144
Odocoileus_virginianus,CO1,L,59,514,0.11478599221789883
Odocoileus_virginianus,CO1,M,33,514,0.06420233463035019
Odocoileus_virginianus,CO1,N,19,514,0.03696498054474708
Odocoileus_virginianus,CO1,P,28,514,0.054474708171206226
Odocoileus_virginianus,CO1,Q,6,514,0.011673151750972763
Odocoileus_virginianus,CO1,R,8,514,0.01556420233463035
Odocoileus_virginianus,CO1,S,31,514,0.06031128404669261
Odocoileus_virginianus,CO1,T,38,514,0.07392996108949416
Odocoileus_virginianus,CO1,V,36,514,0.07003891050583658
Odocoileus_virginianus,CO1,W,17,514,0.033073929961089495
Odocoileus_virginianus,CO1,Y,19,514,0.03696498054474708
Odocoileus_virginianus,CO3,A,15,261,0.05747126436781609
Odocoileus_virginianus,CO3,C,2,261,0.007662835249042145
Odocoileus_virginianus,CO3,D,3,261,0.011494252873563218
Odocoileus_virginianus,CO3,E,8,261,0.03065134099616858
Odocoileus_virginianus,CO3,F,22,261,0.0842911877394636
Odocoileus_virginianus,CO3,G,20,261,0.07662835249042145
Odocoileus_virginianus,CO3,H,16,261,0.06130268199233716
Odocoileus_virginianus,CO3,I,17,261,0.06513409961685823
Odocoileus_virginianus,CO3,K,2,261,0.007662835249042145
Odocoileus_virginianus,CO3,L,32,261,0.12260536398467432
Odocoileus_virginianus,CO3,M,10,261,0.038314176245210725
Odocoileus_virginianus,CO3,N,8,261,0.03065134099616858
Odocoileus_virginianus,CO3,P,13,261,0.04980842911877394
Odocoileus_virginianus,CO3,Q,7,261,0.02681992337164751
Odocoileus_virginianus,CO3,R,5,261,0.019157088122605363
Odocoileus_virginianus,CO3,S,19,261,0.07279693486590039
Odocoileus_virginianus,CO3,T,23,261,0.08812260536398467
Odocoileus_virginianus,CO3,V,15,261,0.05747126436781609
Odocoileus_virginianus,CO3,W,12,261,0.04597701149425287
Odocoileus_virginianus,CO3,Y,12,261,0.04597701149425287
Odocoileus_virginianus,Cytb,A,23,379,0.06068601583113457
Odocoileus_virginianus,Cytb,C,4,379,0.010554089709762533
Odocoileus_virginianus,Cytb,D,11,379,0.029023746701846966
Odocoileus_virginianus,Cytb,E,6,379,0.0158311345646438
Odocoileus_virginianus,Cytb,F,27,379,0.0712401055408971
Odocoileus_virginianus,Cytb,G,24,379,0.0633245382585752
Odocoileus_virginianus,Cytb,H,12,379,0.0316622691292876
Odocoileus_virginianus,Cytb,I,39,379,0.10290237467018469
Odocoileus_virginianus,Cytb,K,9,379,0.023746701846965697
Odocoileus_virginianus,Cytb,L,59,379,0.15567282321899736
Odocoileus_virginianus,Cytb,M,15,379,0.0395778364116095
Odocoileus_virginianus,Cytb,N,18,379,0.047493403693931395
Odocoileus_virginianus,Cytb,P,23,379,0.06068601583113457
Odocoileus_virginianus,Cytb,Q,6,379,0.0158311345646438
Odocoileus_virginianus,Cytb,R,8,379,0.021108179419525065
Odocoileus_virginianus,Cytb,S,22,379,0.05804749340369393
Odocoileus_virginianus,Cytb,T,26,379,0.06860158311345646
Odocoileus_virginianus,Cytb,V,21,379,0.055408970976253295
Odocoileus_virginianus,Cytb,W,12,379,0.0316622691292876
Odocoileus_virginianus,Cytb,Y,14,379,0.036939313984168866
Ovis_ammon,CO1,A,40,514,0.07782101167315175
Ovis_ammon,CO1,C,1,514,0.0019455252918287938
Ovis_ammon,CO1,D,16,514,0.0311284046692607
Ovis_ammon,CO1,E,9,514,0.017509727626459144
Ovis_ammon,CO1,F,42,514,0.08171206225680934
Ovis_ammon,CO1,G,47,514,0.0914396887159533
Ovis_ammon,CO1,H,17,514,0.033073929961089495
Ovis_ammon,CO1,I,39,514,0.07587548638132295
Ovis_ammon,CO1,K,9,514,0.017509727626459144
Ovis_ammon,CO1,L,60,514,0.11673151750972763
Ovis_ammon,CO1,M,33,514,0.06420233463035019
Ovis_ammon,CO1,N,19,514,0.03696498054474708
Ovis_ammon,CO1,P,28,514,0.054474708171206226
Ovis_ammon,CO1,Q,6,514,0.011673151750972763
Ovis_ammon,CO1,R,8,514,0.01556420233463035
Ovis_ammon,CO1,S,30,514,0.058365758754863814
Ovis_ammon,CO1,T,38,514,0.07392996108949416
Ovis_ammon,CO1,V,36,514,0.07003891050583658
Ovis_ammon,CO1,W,17,514,0.033073929961089495
Ovis_ammon,CO1,Y,19,514,0.03696498054474708
Ovis_ammon,CO3,A,17,261,0.06513409961685823
Ovis_ammon,CO3,C,2,261,0.007662835249042145
Ovis_ammon,CO3,D,3,261,0.011494252873563218
Ovis_ammon,CO3,E,8,261,0.03065134099616858
Ovis_ammon,CO3,F,24,261,0.09195402298850575
Ovis_ammon,CO3,G,20,261,0.07662835249042145
Ovis_ammon,CO3,H,17,261,0.06513409961685823
Ovis_ammon,CO3,I,14,261,0.05363984674329502
Ovis_ammon,CO3,K,2,261,0.007662835249042145
Ovis_ammon,CO3,L,32,261,0.12260536398467432
Ovis_ammon,CO3,M,10,261,0.038314176245210725
Ovis_ammon,CO3,N,6,261,0.022988505747126436
Ovis_ammon,CO3,P,12,261,0.04597701149425287
Ovis_ammon,CO3,Q,7,261,0.02681992337164751
Ovis_ammon,CO3,R,5,261,0.019157088122605363
Ovis_ammon,CO3,S,20,261,0.07662835249042145
Ovis_ammon,CO3,T,22,261,0.0842911877394636
Ovis_ammon,CO3,V,16,261,0.06130268199233716
Ovis_ammon,CO3,W,12,261,0.04597701149425287
Ovis_ammon,CO3,Y,12,261,0.04597701149425287
Ovis_ammon,Cytb,A,23,379,0.06068601583113457
Ovis_ammon,Cytb,C,4,379,0.010554089709762533
Ovis_ammon,Cytb,D,11,379,0.029023746701846966
Ovis_ammon,Cytb,E,6,379,0.0158311345646438
Ovis_ammon,Cytb,F,26,379,0.06860158311345646
Ovis_ammon,Cytb,G,24,379,0.0633245382585752
Ovis_ammon,Cytb,H,12,379,0.0316622691292876
Ovis_ammon,Cytb,I,43,379,0.11345646437994723
Ovis_ammon,Cytb,K,9,379,0.023746701846965697
Ovis_ammon,Cytb,L,53,379,0.13984168865435356
Ovis_ammon,Cytb,M,19,379,0.05013192612137203
Ovis_ammon,Cytb,N,18,379,0.047493403693931395
Ovis_ammon,Cytb,P,24,379,0.0633245382585752
Ovis_ammon,Cytb,Q,6,379,0.0158311345646438
Ovis_ammon,Cytb,R,8,379,0.021108179419525065
Ovis_ammon,Cytb,S,20,379,0.052770448548812667
Ovis_ammon,Cytb,T,28,379,0.07387862796833773
Ovis_ammon,Cytb,V,18,379,0.047493403693931395
Ovis_ammon,Cytb,W,12,379,0.0316622691292876
Ovis_ammon,Cytb,Y,15,379,0.0395778364116095
Ovis_aries,CO1,A,40,514,0.07782101167315175
Ovis_aries,CO1,C,1,514,0.0019455252918287938
Ovis_aries,CO1,D,16,514,0.0311284046692607
Ovis_aries,CO1,E,9,514,0.017509727626459144
Ovis_aries,CO1,F,42,514,0.08171206225680934
Ovis_aries,CO1,G,47,514,0.0914396887159533
Ovis_aries,CO1,H,17,514,0.033073929961089495
Ovis_aries,CO1,I,39,514,0.07587548638132295
Ovis_aries,CO1,K,9,514,0.017509727626459144
Ovis_aries,CO1,L,60,514,0.11673151750972763
Ovis_aries,CO1,M,33,514,0.06420233463035019
Ovis_aries,CO1,N,19,514,0.03696498054474708
Ovis_aries,CO1,P,28,514,0.054474708171206226
Ovis_aries,CO1,Q,6,514,0.011673151750972763
Ovis_aries,CO1,R,8,514,0.01556420233463035
Ovis_aries,CO1,S,30,514,0.058365758754863814
Ovis_aries,CO1,T,38,514,0.07392996108949416
Ovis_aries,CO1,V,36,514,0.07003891050583658
Ovis_aries,CO1,W,17,514,0.033073929961089495
Ovis_aries,CO1,Y,19,514,0.03696498054474708
Ovis_aries,CO3,A,17,261,0.06513409961685823
Ovis_aries,CO3,C,2,261,0.007662835249042145
Ovis_aries,CO3,D,3,261,0.011494252873563218
Ovis_aries,CO3,E,8,261,0.03065134099616858
Ovis_aries,CO3,F,24,261,0.09195402298850575
Ovis_aries,CO3,G,20,261,0.07662835249042145
Ovis_aries,CO3,H,17,261,0.06513409961685823
Ovis_aries,CO3,I,14,261,0.05363984674329502
Ovis_aries,CO3,K,2,261,0.007662835249042145
Ovis_aries,CO3,L,32,261,0.12260536398467432
Ovis_aries,CO3,M,10,261,0.038314176245210725
Ovis_aries,CO3,N,6,261,0.022988505747126436
Ovis_aries,CO3,P,12,261,0.04597701149425287
Ovis_aries,CO3,Q,7,261,0.02681992337164751
Ovis_aries,CO3,R,5,261,0.019157088122605363
Ovis_aries,CO3,S,20,261,0.07662835249042145
Ovis_aries,CO3,T,23,261,0.08812260536398467
Ovis_aries,CO3,V,15,261,0.05747126436781609
Ovis_aries,CO3,W,12,261,0.04597701149425287
Ovis_aries,CO3,Y,12,261,0.04597701149425287
Ovis_aries,Cytb,A,24,379,0.0633245382585752
Ovis_aries,Cytb,C,4,379,0.010554089709762533
Ovis_aries,Cytb,D,11,379,0.029023746701846966
Ovis_aries,Cytb,E,6,379,0.0158311345646438
Ovis_aries,Cytb,F,26,379,0.06860158311345646
Ovis_aries,Cytb,G,24,379,0.0633245382585752
Ovis_aries,Cytb,H,12,379,0.0316622691292876
Ovis_aries,Cytb,I,45,379,0.11873350923482849
Ovis_aries,Cytb,K,9,379,0.023746701846965697
Ovis_aries,Cytb,L,53,379,0.13984168865435356
Ovis_aries,Cytb,M,18,379,0.047493403693931395
Ovis_aries,Cytb,N,18,379,0.047493403693931395
Ovis_aries,Cytb,P,24,379,0.0633245382585752
Ovis_aries,Cytb,Q,6,379,0.0158311345646438
Ovis_aries,Cytb,R,8,379,0.021108179419525065
Ovis_aries,Cytb,S,20,379,0.052770448548812667
Ovis_aries,Cytb,T,26,379,0.06860158311345646
Ovis_aries,Cytb,V,18,379,0.047493403693931395
Ovis_aries,Cytb,W,12,379,0.0316622691292876
Ovis_aries,Cytb,Y,15,379,0.0395778364116095
Pan_troglodytes,CO1,A,41,513,0.07992202729044834
Pan_troglodytes,CO1,C,1,513,0.001949317738791423
Pan_troglodytes,CO1,D,15,513,0.029239766081871343
Pan_troglodytes,CO1,E,10,513,0.01949317738791423
Pan_troglodytes,CO1,F,41,513,0.07992202729044834
Pan_troglodytes,CO1,G,46,513,0.08966861598440545
Pan_troglodytes,CO1,H,17,513,0.03313840155945419
Pan_troglodytes,CO1,I,38,513,0.07407407407407407
Pan_troglodytes,CO1,K,10,513,0.01949317738791423
Pan_troglodytes,CO1,L,62,513,0.12085769980506822
Pan_troglodytes,CO1,M,31,513,0.06042884990253411
Pan_troglodytes,CO1,N,17,513,0.03313840155945419
Pan_troglodytes,CO1,P,29,513,0.056530214424951264
Pan_troglodytes,CO1,Q,7,513,0.01364522417153996
Pan_troglodytes,CO1,R,8,513,0.015594541910331383
Pan_troglodytes,CO1,S,32,513,0.06237816764132553
Pan_troglodytes,CO1,T,34,513,0.06627680311890838
Pan_troglodytes,CO1,V,36,513,0.07017543859649122
Pan_troglodytes,CO1,W,16,513,0.031189083820662766
Pan_troglodytes,CO1,Y,22,513,0.042884990253411304
Pan_troglodytes,CO3,A,15,261,0.05747126436781609
Pan_troglodytes,CO3,C,1,261,0.0038314176245210726
Pan_troglodytes,CO3,D,3,261,0.011494252873563218
Pan_troglodytes,CO3,E,6,261,0.022988505747126436
Pan_troglodytes,CO3,F,22,261,0.0842911877394636
Pan_troglodytes,CO3,G,20,261,0.07662835249042145
Pan_troglodytes,CO3,H,16,261,0.06130268199233716
Pan_troglodytes,CO3,I,14,261,0.05363984674329502
Pan_troglodytes,CO3,K,3,261,0.011494252873563218
Pan_troglodytes,CO3,L,35,261,0.13409961685823754
Pan_troglodytes,CO3,M,10,261,0.038314176245210725
Pan_troglodytes,CO3,N,6,261,0.022988505747126436
Pan_troglodytes,CO3,P,13,261,0.04980842911877394
Pan_troglodytes,CO3,Q,10,261,0.038314176245210725
Pan_troglodytes,CO3,R,5,261,0.019157088122605363
Pan_troglodytes,CO3,S,20,261,0.07662835249042145
Pan_troglodytes,CO3,T,25,261,0.09578544061302682
Pan_troglodytes,CO3,V,13,261,0.04980842911877394
Pan_troglodytes,CO3,W,12,261,0.04597701149425287
Pan_troglodytes,CO3,Y,12,261,0.04597701149425287
Pan_troglodytes,Cytb,A,20,380,0.05263157894736842
Pan_troglodytes,Cytb,C,2,380,0.005263157894736842
Pan_troglodytes,Cytb,D,10,380,0.02631578947368421
Pan_troglodytes,Cytb,E,5,380,0.013157894736842105
Pan_troglodytes,Cytb,F,25,380,0.06578947368421052
Pan_troglodytes,Cytb,G,25,380,0.06578947368421052
Pan_troglodytes,Cytb,H,12,380,0.031578947368421054
Pan_troglodytes,Cytb,I,40,380,0.10526315789473684
Pan_troglodytes,Cytb,K,8,380,0.021052631578947368
Pan_troglodytes,Cytb,L,65,380,0.17105263157894737
Pan_troglodytes,Cytb,M,13,380,0.034210526315789476
Pan_troglodytes,Cytb,N,15,380,0.039473684210526314
Pan_troglodytes,Cytb,P,23,380,0.060526315789473685
Pan_troglodytes,Cytb,Q,8,380,0.021052631578947368
Pan_troglodytes,Cytb,R,7,380,0.018421052631578946
Pan_troglodytes,Cytb,S,26,380,0.06842105263157895
Pan_troglodytes,Cytb,T,37,380,0.09736842105263158
Pan_troglodytes,Cytb,V,10,380,0.02631578947368421
Pan_troglodytes,Cytb,W,12,380,0.031578947368421054
Pan_troglodytes,Cytb,Y,17,380,0.04473684210526316
Papio_anubis,CO1,A,38,522,0.07279693486590039
Papio_anubis,CO1,C,2,522,0.0038314176245210726
Papio_anubis,CO1,D,14,522,0.02681992337164751
Papio_anubis,CO1,E,10,522,0.019157088122605363
Papio_anubis,CO1,F,40,522,0.07662835249042145
Papio_anubis,CO1,G,49,522,0.09386973180076628
Papio_anubis,CO1,H,21,522,0.040229885057471264
Papio_anubis,CO1,I,44,522,0.0842911877394636
Papio_anubis,CO1,K,11,522,0.0210727969348659
Papio_anubis,CO1,L,64,522,0.12260536398467432
Papio_anubis,CO1,M,29,522,0.05555555555555555
Papio_anubis,CO1,N,18,522,0.034482758620689655
Papio_anubis,CO1,P,31,522,0.05938697318007663
Papio_anubis,CO1,Q,6,522,0.011494252873563218
Papio_anubis,CO1,R,9,522,0.017241379310344827
Papio_anubis,CO1,S,35,522,0.06704980842911877
Papio_anubis,CO1,T,37,522,0.07088122605363985
Papio_anubis,CO1,V,30,522,0.05747126436781609
Papio_anubis,CO1,W,16,522,0.03065134099616858
Papio_anubis,CO1,Y,18,522,0.034482758620689655
Papio_anubis,CO3,A,15,261,0.05747126436781609
Papio_anubis,CO3,C,2,261,0.007662835249042145
Papio_anubis,CO3,D,4,261,0.01532567049808429
Papio_anubis,CO3,E,6,261,0.022988505747126436
Papio_anubis,CO3,F,23,261,0.08812260536398467
Papio_anubis,CO3,G,19,261,0.07279693486590039
Papio_anubis,CO3,H,16,261,0.06130268199233716
Papio_anubis,CO3,I,18,261,0.06896551724137931
Papio_anubis,CO3,K,3,261,0.011494252873563218
Papio_anubis,CO3,L,36,261,0.13793103448275862
Papio_anubis,CO3,M,7,261,0.02681992337164751
Papio_anubis,CO3,N,5,261,0.019157088122605363
Papio_anubis,CO3,P,13,261,0.04980842911877394
Papio_anubis,CO3,Q,8,261,0.03065134099616858
Papio_anubis,CO3,R,6,261,0.022988505747126436
Papio_anubis,CO3,S,17,261,0.06513409961685823
Papio_anubis,CO3,T,26,261,0.09961685823754789
Papio_anubis,CO3,V,12,261,0.04597701149425287
Papio_anubis,CO3,W,12,261,0.04597701149425287
Papio_anubis,CO3,Y,13,261,0.04980842911877394
Papio_anubis,Cytb,A,21,380,0.05526315789473684
Papio_anubis,Cytb,C,3,380,0.007894736842105263
Papio_anubis,Cytb,D,10,380,0.02631578947368421
Papio_anubis,Cytb,E,3,380,0.007894736842105263
Papio_anubis,Cytb,F,22,380,0.05789473684210526
Papio_anubis,Cytb,G,22,380,0.05789473684210526
Papio_anubis,Cytb,H,11,380,0.02894736842105263
Papio_anubis,Cytb,I,31,380,0.08157894736842106
Papio_anubis,Cytb,K,10,380,0.02631578947368421
Papio_anubis,Cytb,L,63,380,0.16578947368421051
Papio_anubis,Cytb,M,20,380,0.05263157894736842
Papio_anubis,Cytb,N,19,380,0.05
Papio_anubis,Cytb,P,25,380,0.06578947368421052
Papio_anubis,Cytb,Q,10,380,0.02631578947368421
Papio_anubis,Cytb,R,7,380,0.018421052631578946
Papio_anubis,Cytb,S,27,380,0.07105263157894737
Papio_anubis,Cytb,T,34,380,0.08947368421052632
Papio_anubis,Cytb,V,16,380,0.042105263157894736
Papio_anubis,Cytb,W,12,380,0.031578947368421054
Papio_anubis,Cytb,Y,14,380,0.03684210526315789
Phoca_groenlandica,CO1,A,42,514,0.08171206225680934
Phoca_groenlandica,CO1,C,1,514,0.0019455252918287938
Phoca_groenlandica,CO1,D,15,514,0.029182879377431907
Phoca_groenlandica,CO1,E,10,514,0.019455252918287938
Phoca_groenlandica,CO1,F,42,514,0.08171206225680934
Phoca_groenlandica,CO1,G,47,514,0.0914396887159533
Phoca_groenlandica,CO1,H,18,514,0.03501945525291829
Phoca_groenlandica,CO1,I,36,514,0.07003891050583658
Phoca_groenlandica,CO1,K,9,514,0.017509727626459144
Phoca_groenlandica,CO1,L,59,514,0.11478599221789883
Phoca_groenlandica,CO1,M,33,514,0.06420233463035019
Phoca_groenlandica,CO1,N,17,514,0.033073929961089495
Phoca_groenlandica,CO1,P,28,514,0.054474708171206226
Phoca_groenlandica,CO1,Q,6,514,0.011673151750972763
Phoca_groenlandica,CO1,R,8,514,0.01556420233463035
Phoca_groenlandica,CO1,S,30,514,0.058365758754863814
Phoca_groenlandica,CO1,T,38,514,0.07392996108949416
Phoca_groenlandica,CO1,V,39,514,0.07587548638132295
Phoca_groenlandica,CO1,W,17,514,0.033073929961089495
Phoca_groenlandica,CO1,Y,19,514,0.03696498054474708
Phoca_groenlandica,CO3,A,14,261,0.05363984674329502
Phoca_groenlandica,CO3,C,2,261,0.007662835249042145
Phoca_groenlandica,CO3,D,3,261,0.011494252873563218
Phoca_groenlandica,CO3,E,8,261,0.03065134099616858
Phoca_groenlandica,CO3,F,24,261,0.09195402298850575
Phoca_groenlandica,CO3,G,20,261,0.07662835249042145
Phoca_groenlandica,CO3,H,16,261,0.06130268199233716
Phoca_groenlandica,CO3,I,16,261,0.06130268199233716
Phoca_groenlandica,CO3,K,3,261,0.011494252873563218
Phoca_groenlandica,CO3,L,30,261,0.11494252873563218
Phoca_groenlandica,CO3,M,13,261,0.04980842911877394
Phoca_groenlandica,CO3,N,7,261,0.02681992337164751
Phoca_groenlandica,CO3,P,12,261,0.04597701149425287
Phoca_groenlandica,CO3,Q,7,261,0.02681992337164751
Phoca_groenlandica,CO3,R,5,261,0.019157088122605363
Phoca_groenlandica,CO3,S,20,261,0.07662835249042145
Phoca_groenlandica,CO3,T,23,261,0.08812260536398467
Phoca_groenlandica,CO3,V,14,261,0.05363984674329502
Phoca_groenlandica,CO3,W,12,261,0.04597701149425287
Phoca_groenlandica,CO3,Y,12,261,0.04597701149425287
Phoca_groenlandica,Cytb,A,24,380,0.06315789473684211
Phoca_groenlandica,Cytb,C,4,380,0.010526315789473684
Phoca_groenlandica,Cytb,D,12,380,0.031578947368421054
Phoca_groenlandica,Cytb,E,6,380,0.015789473684210527
Phoca_groenlandica,Cytb,F,23,380,0.060526315789473685
Phoca_groenlandica,Cytb,G,24,380,0.06315789473684211
Phoca_groenlandica,Cytb,H,12,380,0.031578947368421054
Phoca_groenlandica,Cytb,I,44,380,0.11578947368421053
Phoca_groenlandica,Cytb,K,9,380,0.02368421052631579
Phoca_groenlandica,Cytb,L,60,380,0.15789473684210525
Phoca_groenlandica,Cytb,M,12,380,0.031578947368421054
Phoca_groenlandica,Cytb,N,16,380,0.042105263157894736
Phoca_groenlandica,Cytb,P,22,380,0.05789473684210526
Phoca_groenlandica,Cytb,Q,7,380,0.018421052631578946
Phoca_groenlandica,Cytb,R,8,380,0.021052631578947368
Phoca_groenlandica,Cytb,S,23,380,0.060526315789473685
Phoca_groenlandica,Cytb,T,25,380,0.06578947368421052
Phoca_groenlandica,Cytb,V,21,380,0.05526315789473684
Phoca_groenlandica,Cytb,W,12,380,0.031578947368421054
Phoca_groenlandica,Cytb,Y,16,380,0.042105263157894736
Plecotus_macrobullaris,CO1,A,43,514,0.08365758754863813
Plecotus_macrobullaris,CO1,C,1,514,0.0019455252918287938
Plecotus_macrobullaris,CO1,D,14,514,0.027237354085603113
Plecotus_macrobullaris,CO1,E,10,514,0.019455252918287938
Plecotus_macrobullaris,CO1,F,42,514,0.08171206225680934
Plecotus_macrobullaris,CO1,G,46,514,0.08949416342412451
Plecotus_macrobullaris,CO1,H,18,514,0.03501945525291829
Plecotus_macrobullaris,CO1,I,36,514,0.07003891050583658
Plecotus_macrobullaris,CO1,K,9,514,0.017509727626459144
Plecotus_macrobullaris,CO1,L,62,514,0.12062256809338522
Plecotus_macrobullaris,CO1,M,29,514,0.05642023346303502
Plecotus_macrobullaris,CO1,N,17,514,0.033073929961089495
Plecotus_macrobullaris,CO1,P,29,514,0.05642023346303502
Plecotus_macrobullaris,CO1,Q,6,514,0.011673151750972763
Plecotus_macrobullaris,CO1,R,9,514,0.017509727626459144
Plecotus_macrobullaris,CO1,S,32,514,0.0622568093385214
Plecotus_macrobullaris,CO1,T,34,514,0.06614785992217899
Plecotus_macrobullaris,CO1,V,41,514,0.07976653696498054
Plecotus_macrobullaris,CO1,W,17,514,0.033073929961089495
Plecotus_macrobullaris,CO1,Y,19,514,0.03696498054474708
Plecotus_macrobullaris,CO3,A,15,261,0.05747126436781609
Plecotus_macrobullaris,CO3,C,1,261,0.0038314176245210726
Plecotus_macrobullaris,CO3,D,3,261,0.011494252873563218
Plecotus_macrobullaris,CO3,E,8,261,0.03065134099616858
Plecotus_macrobullaris,CO3,F,24,261,0.09195402298850575
Plecotus_macrobullaris,CO3,G,20,261,0.07662835249042145
Plecotus_macrobullaris,CO3,H,16,261,0.06130268199233716
Plecotus_macrobullaris,CO3,I,15,261,0.05747126436781609
Plecotus_macrobullaris,CO3,K,2,261,0.007662835249042145
Plecotus_macrobullaris,CO3,L,34,261,0.13026819923371646
Plecotus_macrobullaris,CO3,M,11,261,0.0421455938697318
Plecotus_macrobullaris,CO3,N,7,261,0.02681992337164751
Plecotus_macrobullaris,CO3,P,11,261,0.0421455938697318
Plecotus_macrobullaris,CO3,Q,7,261,0.02681992337164751
Plecotus_macrobullaris,CO3,R,5,261,0.019157088122605363
Plecotus_macrobullaris,CO3,S,21,261,0.08045977011494253
Plecotus_macrobullaris,CO3,T,22,261,0.0842911877394636
Plecotus_macrobullaris,CO3,V,15,261,0.05747126436781609
Plecotus_macrobullaris,CO3,W,12,261,0.04597701149425287
Plecotus_macrobullaris,CO3,Y,12,261,0.04597701149425287
Plecotus_macrobullaris,Cytb,A,23,379,0.06068601583113457
Plecotus_macrobullaris,Cytb,C,4,379,0.010554089709762533
Plecotus_macrobullaris,Cytb,D,10,379,0.026385224274406333
Plecotus_macrobullaris,Cytb,E,6,379,0.0158311345646438
Plecotus_macrobullaris,Cytb,F,23,379,0.06068601583113457
Plecotus_macrobullaris,Cytb,G,24,379,0.0633245382585752
Plecotus_macrobullaris,Cytb,H,12,379,0.0316622691292876
Plecotus_macrobullaris,Cytb,I,37,379,0.09762532981530343
Plecotus_macrobullaris,Cytb,K,8,379,0.021108179419525065
Plecotus_macrobullaris,Cytb,L,59,379,0.15567282321899736
Plecotus_macrobullaris,Cytb,M,19,379,0.05013192612137203
Plecotus_macrobullaris,Cytb,N,18,379,0.047493403693931395
Plecotus_macrobullaris,Cytb,P,23,379,0.06068601583113457
Plecotus_macrobullaris,Cytb,Q,6,379,0.0158311345646438
Plecotus_macrobullaris,Cytb,R,9,379,0.023746701846965697
Plecotus_macrobullaris,Cytb,S,25,379,0.06596306068601583
Plecotus_macrobullaris,Cytb,T,26,379,0.06860158311345646
Plecotus_macrobullaris,Cytb,V,18,379,0.047493403693931395
Plecotus_macrobullaris,Cytb,W,12,379,0.0316622691292876
Plecotus_macrobullaris,Cytb,Y,17,379,0.044854881266490766
Prionailurus_bengalensis,CO1,A,40,514,0.07782101167315175
Prionailurus_bengalensis,CO1,C,1,514,0.0019455252918287938
Prionailurus_bengalensis,CO1,D,15,514,0.029182879377431907
Prionailurus_bengalensis,CO1,E,10,514,0.019455252918287938
Prionailurus_bengalensis,CO1,F,42,514,0.08171206225680934
Prionailurus_bengalensis,CO1,G,47,514,0.0914396887159533
Prionailurus_bengalensis,CO1,H,18,514,0.03501945525291829
Prionailurus_bengalensis,CO1,I,35,514,0.06809338521400778
Prionailurus_bengalensis,CO1,K,9,514,0.017509727626459144
Prionailurus_bengalensis,CO1,L,61,514,0.11867704280155641
Prionailurus_bengalensis,CO1,M,34,514,0.06614785992217899
Prionailurus_bengalensis,CO1,N,17,514,0.033073929961089495
Prionailurus_bengalensis,CO1,P,28,514,0.054474708171206226
Prionailurus_bengalensis,CO1,Q,6,514,0.011673151750972763
Prionailurus_bengalensis,CO1,R,8,514,0.01556420233463035
Prionailurus_bengalensis,CO1,S,30,514,0.058365758754863814
Prionailurus_bengalensis,CO1,T,39,514,0.07587548638132295
Prionailurus_bengalensis,CO1,V,38,514,0.07392996108949416
Prionailurus_bengalensis,CO1,W,17,514,0.033073929961089495
Prionailurus_bengalensis,CO1,Y,19,514,0.03696498054474708
Prionailurus_bengalensis,CO3,A,15,261,0.05747126436781609
Prionailurus_bengalensis,CO3,C,2,261,0.007662835249042145
Prionailurus_bengalensis,CO3,D,3,261,0.011494252873563218
Prionailurus_bengalensis,CO3,E,8,261,0.03065134099616858
Prionailurus_bengalensis,CO3,F,22,261,0.0842911877394636
Prionailurus_bengalensis,CO3,G,20,261,0.07662835249042145
Prionailurus_bengalensis,CO3,H,16,261,0.06130268199233716
Prionailurus_bengalensis,CO3,I,16,261,0.06130268199233716
Prionailurus_bengalensis,CO3,K,3,261,0.011494252873563218
Prionailurus_bengalensis,CO3,L,33,261,0.12643678160919541
Prionailurus_bengalensis,CO3,M,9,261,0.034482758620689655
Prionailurus_bengalensis,CO3,N,7,261,0.02681992337164751
Prionailurus_bengalensis,CO3,P,11,261,0.0421455938697318
Prionailurus_bengalensis,CO3,Q,7,261,0.02681992337164751
Prionailurus_bengalensis,CO3,R,5,261,0.019157088122605363
Prionailurus_bengalensis,CO3,S,21,261,0.08045977011494253
Prionailurus_bengalensis,CO3,T,24,261,0.09195402298850575
Prionailurus_bengalensis,CO3,V,14,261,0.05363984674329502
Prionailurus_bengalensis,CO3,W,12,261,0.04597701149425287
Prionailurus_bengalensis,CO3,Y,13,261,0.04980842911877394
Prionailurus_bengalensis,Cytb,A,23,379,0.06068601583113457
Prionailurus_bengalensis,Cytb,C,4,379,0.010554089709762533
Prionailurus_bengalensis,Cytb,D,11,379,0.029023746701846966
Prionailurus_bengalensis,Cytb,E,6,379,0.0158311345646438
Prionailurus_bengalensis,Cytb,F,25,379,0.06596306068601583
Prionailurus_bengalensis,Cytb,G,26,379,0.06860158311345646
Prionailurus_bengalensis,Cytb,H,12,379,0.0316622691292876
Prionailurus_bengalensis,Cytb,I,43,379,0.11345646437994723
Prionailurus_bengalensis,Cytb,K,9,379,0.023746701846965697
Prionailurus_bengalensis,Cytb,L,57,379,0.1503957783641161
Prionailurus_bengalensis,Cytb,M,15,379,0.0395778364116095
Prionailurus_bengalensis,Cytb,N,16,379,0.04221635883905013
Prionailurus_bengalensis,Cytb,P,22,379,0.05804749340369393
Prionailurus_bengalensis,Cytb,Q,6,379,0.0158311345646438
Prionailurus_bengalensis,Cytb,R,9,379,0.023746701846965697
Prionailurus_bengalensis,Cytb,S,27,379,0.0712401055408971
Prionailurus_bengalensis,Cytb,T,24,379,0.0633245382585752
Prionailurus_bengalensis,Cytb,V,16,379,0.04221635883905013
Prionailurus_bengalensis,Cytb,W,12,379,0.0316622691292876
Prionailurus_bengalensis,Cytb,Y,16,379,0.04221635883905013
Procyon_lotor,CO1,A,39,514,0.07587548638132295
Procyon_lotor,CO1,C,1,514,0.0019455252918287938
Procyon_lotor,CO1,D,15,514,0.029182879377431907
Procyon_lotor,CO1,E,10,514,0.019455252918287938
Procyon_lotor,CO1,F,42,514,0.08171206225680934
Procyon_lotor,CO1,G,47,514,0.0914396887159533
Procyon_lotor,CO1,H,18,514,0.03501945525291829
Procyon_lotor,CO1,I,38,514,0.07392996108949416
Procyon_lotor,CO1,K,9,514,0.017509727626459144
Procyon_lotor,CO1,L,60,514,0.11673151750972763
Procyon_lotor,CO1,M,35,514,0.06809338521400778
Procyon_lotor,CO1,N,16,514,0.0311284046692607
Procyon_lotor,CO1,P,28,514,0.054474708171206226
Procyon_lotor,CO1,Q,6,514,0.011673151750972763
Procyon_lotor,CO1,R,8,514,0.01556420233463035
Procyon_lotor,CO1,S,32,514,0.0622568093385214
Procyon_lotor,CO1,T,37,514,0.07198443579766536
Procyon_lotor,CO1,V,37,514,0.07198443579766536
Procyon_lotor,CO1,W,17,514,0.033073929961089495
Procyon_lotor,CO1,Y,19,514,0.03696498054474708
Procyon_lotor,CO3,A,14,261,0.05363984674329502
Procyon_lotor,CO3,C,2,261,0.007662835249042145
Procyon_lotor,CO3,D,3,261,0.011494252873563218
Procyon_lotor,CO3,E,8,261,0.03065134099616858
Procyon_lotor,CO3,F,23,261,0.08812260536398467
Procyon_lotor,CO3,G,20,261,0.07662835249042145
Procyon_lotor,CO3,H,16,261,0.06130268199233716
Procyon_lotor,CO3,I,14,261,0.05363984674329502
Procyon_lotor,CO3,K,1,261,0.0038314176245210726
Procyon_lotor,CO3,L,33,261,0.12643678160919541
Procyon_lotor,CO3,M,12,261,0.04597701149425287
Procyon_lotor,CO3,N,8,261,0.03065134099616858
Procyon_lotor,CO3,P,11,261,0.0421455938697318
Procyon_lotor,CO3,Q,7,261,0.02681992337164751
Procyon_lotor,CO3,R,5,261,0.019157088122605363
Procyon_lotor,CO3,S,23,261,0.08812260536398467
Procyon_lotor,CO3,T,20,261,0.07662835249042145
Procyon_lotor,CO3,V,17,261,0.06513409961685823
Procyon_lotor,CO3,W,12,261,0.04597701149425287
Procyon_lotor,CO3,Y,12,261,0.04597701149425287
Procyon_lotor,Cytb,A,21,379,0.055408970976253295
Procyon_lotor,Cytb,C,4,379,0.010554089709762533
Procyon_lotor,Cytb,D,10,379,0.026385224274406333
Procyon_lotor,Cytb,E,7,379,0.018469656992084433
Procyon_lotor,Cytb,F,29,379,0.07651715039577836
Procyon_lotor,Cytb,G,25,379,0.06596306068601583
Procyon_lotor,Cytb,H,11,379,0.029023746701846966
Procyon_lotor,Cytb,I,42,379,0.11081794195250659
Procyon_lotor,Cytb,K,9,379,0.023746701846965697
Procyon_lotor,Cytb,L,56,379,0.14775725593667546
Procyon_lotor,Cytb,M,15,379,0.0395778364116095
Procyon_lotor,Cytb,N,19,379,0.05013192612137203
Procyon_lotor,Cytb,P,23,379,0.06068601583113457
Procyon_lotor,Cytb,Q,6,379,0.0158311345646438
Procyon_lotor,Cytb,R,8,379,0.021108179419525065
Procyon_lotor,Cytb,S,23,379,0.06068601583113457
Procyon_lotor,Cytb,T,27,379,0.0712401055408971
Procyon_lotor,Cytb,V,17,379,0.044854881266490766
Procyon_lotor,Cytb,W,12,379,0.0316622691292876
Procyon_lotor,Cytb,Y,15,379,0.0395778364116095
Proechimys_guyannensis,CO1,A,41,513,0.07992202729044834
Proechimys_guyannensis,CO1,C,1,513,0.001949317738791423
Proechimys_guyannensis,CO1,D,14,513,0.02729044834307992
Proechimys_guyannensis,CO1,E,10,513,0.01949317738791423
Proechimys_guyannensis,CO1,F,44,513,0.08576998050682261
Proechimys_guyannensis,CO1,G,47,513,0.09161793372319688
Proechimys_guyannensis,CO1,H,18,513,0.03508771929824561
Proechimys_guyannensis,CO1,I,40,513,0.07797270955165692
Proechimys_guyannensis,CO1,K,9,513,0.017543859649122806
Proechimys_guyannensis,CO1,L,59,513,0.11500974658869395
Proechimys_guyannensis,CO1,M,30,513,0.05847953216374269
Proechimys_guyannensis,CO1,N,18,513,0.03508771929824561
Proechimys_guyannensis,CO1,P,28,513,0.05458089668615984
Proechimys_guyannensis,CO1,Q,7,513,0.01364522417153996
Proechimys_guyannensis,CO1,R,8,513,0.015594541910331383
Proechimys_guyannensis,CO1,S,30,513,0.05847953216374269
Proechimys_guyannensis,CO1,T,38,513,0.07407407407407407
Proechimys_guyannensis,CO1,V,35,513,0.0682261208576998
Proechimys_guyannensis,CO1,W,17,513,0.03313840155945419
Proechimys_guyannensis,CO1,Y,19,513,0.037037037037037035
Proechimys_guyannensis,CO3,A,15,261,0.05747126436781609
Proechimys_guyannensis,CO3,C,1,261,0.0038314176245210726
Proechimys_guyannensis,CO3,D,3,261,0.011494252873563218
Proechimys_guyannensis,CO3,E,8,261,0.03065134099616858
Proechimys_guyannensis,CO3,F,22,261,0.0842911877394636
Proechimys_guyannensis,CO3,G,20,261,0.07662835249042145
Proechimys_guyannensis,CO3,H,15,261,0.05747126436781609
Proechimys_guyannensis,CO3,I,13,261,0.04980842911877394
Proechimys_guyannensis,CO3,K,3,261,0.011494252873563218
Proechimys_guyannensis,CO3,L,34,261,0.13026819923371646
Proechimys_guyannensis,CO3,M,9,261,0.034482758620689655
Proechimys_guyannensis,CO3,N,7,261,0.02681992337164751
Proechimys_guyannensis,CO3,P,11,261,0.0421455938697318
Proechimys_guyannensis,CO3,Q,8,261,0.03065134099616858
Proechimys_guyannensis,CO3,R,5,261,0.019157088122605363
Proechimys_guyannensis,CO3,S,21,261,0.08045977011494253
Proechimys_guyannensis,CO3,T,24,261,0.09195402298850575
Proechimys_guyannensis,CO3,V,16,261,0.06130268199233716
Proechimys_guyannensis,CO3,W,12,261,0.04597701149425287
Proechimys_guyannensis,CO3,Y,14,261,0.05363984674329502
Proechimys_guyannensis,Cytb,A,22,379,0.05804749340369393
Proechimys_guyannensis,Cytb,C,4,379,0.010554089709762533
Proechimys_guyannensis,Cytb,D,10,379,0.026385224274406333
Proechimys_guyannensis,Cytb,E,6,379,0.0158311345646438
Proechimys_guyannensis,Cytb,F,29,379,0.07651715039577836
Proechimys_guyannensis,Cytb,G,24,379,0.0633245382585752
Proechimys_guyannensis,Cytb,H,13,379,0.03430079155672823
Proechimys_guyannensis,Cytb,I,41,379,0.10817941952506596
Proechimys_guyannensis,Cytb,K,9,379,0.023746701846965697
Proechimys_guyannensis,Cytb,L,51,379,0.1345646437994723
Proechimys_guyannensis,Cytb,M,19,379,0.05013192612137203
Proechimys_guyannensis,Cytb,N,17,379,0.044854881266490766
Proechimys_guyannensis,Cytb,P,23,379,0.06068601583113457
Proechimys_guyannensis,Cytb,Q,6,379,0.0158311345646438
Proechimys_guyannensis,Cytb,R,8,379,0.021108179419525065
Proechimys_guyannensis,Cytb,S,26,379,0.06860158311345646
Proechimys_guyannensis,Cytb,T,29,379,0.07651715039577836
Proechimys_guyannensis,Cytb,V,15,379,0.0395778364116095
Proechimys_guyannensis,Cytb,W,12,379,0.0316622691292876
Proechimys_guyannensis,Cytb,Y,15,379,0.0395778364116095
Rusa_unicolor,CO1,A,39,514,0.07587548638132295
Rusa_unicolor,CO1,C,1,514,0.0019455252918287938
Rusa_unicolor,CO1,D,15,514,0.029182879377431907
Rusa_unicolor,CO1,E,10,514,0.019455252918287938
Rusa_unicolor,CO1,F,42,514,0.08171206225680934
Rusa_unicolor,CO1,G,47,514,0.0914396887159533
Rusa_unicolor,CO1,H,17,514,0.033073929961089495
Rusa_unicolor,CO1,I,38,514,0.07392996108949416
Rusa_unicolor,CO1,K,9,514,0.017509727626459144
Rusa_unicolor,CO1,L,59,514,0.11478599221789883
Rusa_unicolor,CO1,M,33,514,0.06420233463035019
Rusa_unicolor,CO1,N,19,514,0.03696498054474708
Rusa_unicolor,CO1,P,28,514,0.054474708171206226
Rusa_unicolor,CO1,Q,6,514,0.011673151750972763
Rusa_unicolor,CO1,R,8,514,0.01556420233463035
Rusa_unicolor,CO1,S,31,514,0.06031128404669261
Rusa_unicolor,CO1,T,38,514,0.07392996108949416
Rusa_unicolor,CO1,V,38,514,0.07392996108949416
Rusa_unicolor,CO1,W,17,514,0.033073929961089495
Rusa_unicolor,CO1,Y,19,514,0.03696498054474708
Rusa_unicolor,CO3,A,15,261,0.05747126436781609
Rusa_unicolor,CO3,C,2,261,0.007662835249042145
Rusa_unicolor,CO3,D,3,261,0.011494252873563218
Rusa_unicolor,CO3,E,8,261,0.03065134099616858
Rusa_unicolor,CO3,F,24,261,0.09195402298850575
Rusa_unicolor,CO3,G,20,261,0.07662835249042145
Rusa_unicolor,CO3,H,17,261,0.06513409961685823
Rusa_unicolor,CO3,I,16,261,0.06130268199233716
Rusa_unicolor,CO3,K,2,261,0.007662835249042145
Rusa_unicolor,CO3,L,32,261,0.12260536398467432
Rusa_unicolor,CO3,M,10,261,0.038314176245210725
Rusa_unicolor,CO3,N,7,261,0.02681992337164751
Rusa_unicolor,CO3,P,12,261,0.04597701149425287
Rusa_unicolor,CO3,Q,7,261,0.02681992337164751
Rusa_unicolor,CO3,R,5,261,0.019157088122605363
Rusa_unicolor,CO3,S,20,261,0.07662835249042145
Rusa_unicolor,CO3,T,23,261,0.08812260536398467
Rusa_unicolor,CO3,V,15,261,0.05747126436781609
Rusa_unicolor,CO3,W,12,261,0.04597701149425287
Rusa_unicolor,CO3,Y,11,261,0.0421455938697318
Rusa_unicolor,Cytb,A,23,379,0.06068601583113457
Rusa_unicolor,Cytb,C,4,379,0.010554089709762533
Rusa_unicolor,Cytb,D,11,379,0.029023746701846966
Rusa_unicolor,Cytb,E,6,379,0.0158311345646438
Rusa_unicolor,Cytb,F,30,379,0.079155672823219
Rusa_unicolor,Cytb,G,24,379,0.0633245382585752
Rusa_unicolor,Cytb,H,11,379,0.029023746701846966
Rusa_unicolor,Cytb,I,42,379,0.11081794195250659
Rusa_unicolor,Cytb,K,9,379,0.023746701846965697
Rusa_unicolor,Cytb,L,54,379,0.1424802110817942
Rusa_unicolor,Cytb,M,16,379,0.04221635883905013
Rusa_unicolor,Cytb,N,18,379,0.047493403693931395
Rusa_unicolor,Cytb,P,23,379,0.06068601583113457
Rusa_unicolor,Cytb,Q,6,379,0.0158311345646438
Rusa_unicolor,Cytb,R,8,379,0.021108179419525065
Rusa_unicolor,Cytb,S,22,379,0.05804749340369393
Rusa_unicolor,Cytb,T,26,379,0.06860158311345646
Rusa_unicolor,Cytb,V,19,379,0.05013192612137203
Rusa_unicolor,Cytb,W,12,379,0.0316622691292876
Rusa_unicolor,Cytb,Y,15,379,0.0395778364116095
Sicista_betulina,CO1,A,44,514,0.08560311284046693
Sicista_betulina,CO1,C,1,514,0.0019455252918287938
Sicista_betulina,CO1,D,16,514,0.0311284046692607
Sicista_betulina,CO1,E,10,514,0.019455252918287938
Sicista_betulina,CO1,F,42,514,0.08171206225680934
Sicista_betulina,CO1,G,45,514,0.08754863813229571
Sicista_betulina,CO1,H,18,514,0.03501945525291829
Sicista_betulina,CO1,I,39,514,0.07587548638132295
Sicista_betulina,CO1,K,9,514,0.017509727626459144
Sicista_betulina,CO1,L,60,514,0.11673151750972763
Sicista_betulina,CO1,M,32,514,0.0622568093385214
Sicista_betulina,CO1,N,15,514,0.029182879377431907
Sicista_betulina,CO1,P,28,514,0.054474708171206226
Sicista_betulina,CO1,Q,6,514,0.011673151750972763
Sicista_betulina,CO1,R,8,514,0.01556420233463035
Sicista_betulina,CO1,S,33,514,0.06420233463035019
Sicista_betulina,CO1,T,35,514,0.06809338521400778
Sicista_betulina,CO1,V,38,514,0.07392996108949416
Sicista_betulina,CO1,W,17,514,0.033073929961089495
Sicista_betulina,CO1,Y,18,514,0.03501945525291829
Sicista_betulina,CO3,A,12,261,0.04597701149425287
Sicista_betulina,CO3,C,2,261,0.007662835249042145
Sicista_betulina,CO3,D,3,261,0.011494252873563218
Sicista_betulina,CO3,E,8,261,0.03065134099616858
Sicista_betulina,CO3,F,25,261,0.09578544061302682
Sicista_betulina,CO3,G,21,261,0.08045977011494253
Sicista_betulina,CO3,H,17,261,0.06513409961685823
Sicista_betulina,CO3,I,14,261,0.05363984674329502
Sicista_betulina,CO3,K,2,261,0.007662835249042145
Sicista_betulina,CO3,L,31,261,0.11877394636015326
Sicista_betulina,CO3,M,11,261,0.0421455938697318
Sicista_betulina,CO3,N,8,261,0.03065134099616858
Sicista_betulina,CO3,P,13,261,0.04980842911877394
Sicista_betulina,CO3,Q,7,261,0.02681992337164751
Sicista_betulina,CO3,R,5,261,0.019157088122605363
Sicista_betulina,CO3,S,19,261,0.07279693486590039
Sicista_betulina,CO3,T,24,261,0.09195402298850575
Sicista_betulina,CO3,V,16,261,0.06130268199233716
Sicista_betulina,CO3,W,12,261,0.04597701149425287
Sicista_betulina,CO3,Y,11,261,0.0421455938697318
Sicista_betulina,Cytb,A,21,379,0.055408970976253295
Sicista_betulina,Cytb,C,4,379,0.010554089709762533
Sicista_betulina,Cytb,D,13,379,0.03430079155672823
Sicista_betulina,Cytb,E,6,379,0.0158311345646438
Sicista_betulina,Cytb,F,32,379,0.08443271767810026
Sicista_betulina,Cytb,G,25,379,0.06596306068601583
Sicista_betulina,Cytb,H,13,379,0.03430079155672823
Sicista_betulina,Cytb,I,38,379,0.10026385224274406
Sicista_betulina,Cytb,K,11,379,0.029023746701846966
Sicista_betulina,Cytb,L,56,379,0.14775725593667546
Sicista_betulina,Cytb,M,12,379,0.0316622691292876
Sicista_betulina,Cytb,N,16,379,0.04221635883905013
Sicista_betulina,Cytb,P,21,379,0.055408970976253295
Sicista_betulina,Cytb,Q,6,379,0.0158311345646438
Sicista_betulina,Cytb,R,9,379,0.023746701846965697
Sicista_betulina,Cytb,S,27,379,0.0712401055408971
Sicista_betulina,Cytb,T,25,379,0.06596306068601583
Sicista_betulina,Cytb,V,18,379,0.047493403693931395
Sicista_betulina,Cytb,W,12,379,0.0316622691292876
Sicista_betulina,Cytb,Y,14,379,0.036939313984168866
Spilogale_gracilis,CO1,A,41,514,0.07976653696498054
Spilogale_gracilis,CO1,C,1,514,0.0019455252918287938
Spilogale_gracilis,CO1,D,15,514,0.029182879377431907
Spilogale_gracilis,CO1,E,9,514,0.017509727626459144
Spilogale_gracilis,CO1,F,42,514,0.08171206225680934
Spilogale_gracilis,CO1,G,47,514,0.0914396887159533
Spilogale_gracilis,CO1,H,18,514,0.03501945525291829
Spilogale_gracilis,CO1,I,37,514,0.07198443579766536
Spilogale_gracilis,CO1,K,9,514,0.017509727626459144
Spilogale_gracilis,CO1,L,59,514,0.11478599221789883
Spilogale_gracilis,CO1,M,33,514,0.06420233463035019
Spilogale_gracilis,CO1,N,17,514,0.033073929961089495
Spilogale_gracilis,CO1,P,28,514,0.054474708171206226
Spilogale_gracilis,CO1,Q,6,514,0.011673151750972763
Spilogale_gracilis,CO1,R,8,514,0.01556420233463035
Spilogale_gracilis,CO1,S,33,514,0.06420233463035019
Spilogale_gracilis,CO1,T,38,514,0.07392996108949416
Spilogale_gracilis,CO1,V,36,514,0.07003891050583658
Spilogale_gracilis,CO1,W,17,514,0.033073929961089495
Spilogale_gracilis,CO1,Y,20,514,0.038910505836575876
Spilogale_gracilis,CO3,A,15,261,0.05747126436781609
Spilogale_gracilis,CO3,C,2,261,0.007662835249042145
Spilogale_gracilis,CO3,D,5,261,0.019157088122605363
Spilogale_gracilis,CO3,E,6,261,0.022988505747126436
Spilogale_gracilis,CO3,F,23,261,0.08812260536398467
Spilogale_gracilis,CO3,G,20,261,0.07662835249042145
Spilogale_gracilis,CO3,H,17,261,0.06513409961685823
Spilogale_gracilis,CO3,I,14,261,0.05363984674329502
Spilogale_gracilis,CO3,K,2,261,0.007662835249042145
Spilogale_gracilis,CO3,L,35,261,0.13409961685823754
Spilogale_gracilis,CO3,M,9,261,0.034482758620689655
Spilogale_gracilis,CO3,N,8,261,0.03065134099616858
Spilogale_gracilis,CO3,P,11,261,0.0421455938697318
Spilogale_gracilis,CO3,Q,7,261,0.02681992337164751
Spilogale_gracilis,CO3,R,5,261,0.019157088122605363
Spilogale_gracilis,CO3,S,20,261,0.07662835249042145
Spilogale_gracilis,CO3,T,24,261,0.09195402298850575
Spilogale_gracilis,CO3,V,14,261,0.05363984674329502
Spilogale_gracilis,CO3,W,12,261,0.04597701149425287
Spilogale_gracilis,CO3,Y,12,261,0.04597701149425287
Spilogale_gracilis,Cytb,A,22,379,0.05804749340369393
Spilogale_gracilis,Cytb,C,4,379,0.010554089709762533
Spilogale_gracilis,Cytb,D,12,379,0.0316622691292876
Spilogale_gracilis,Cytb,E,6,379,0.0158311345646438
Spilogale_gracilis,Cytb,F,24,379,0.0633245382585752
Spilogale_gracilis,Cytb,G,24,379,0.0633245382585752
Spilogale_gracilis,Cytb,H,11,379,0.029023746701846966
Spilogale_gracilis,Cytb,I,41,379,0.10817941952506596
Spilogale_gracilis,Cytb,K,9,379,0.023746701846965697
Spilogale_gracilis,Cytb,L,59,379,0.15567282321899736
Spilogale_gracilis,Cytb,M,16,379,0.04221635883905013
Spilogale_gracilis,Cytb,N,17,379,0.044854881266490766
Spilogale_gracilis,Cytb,P,22,379,0.05804749340369393
Spilogale_gracilis,Cytb,Q,6,379,0.0158311345646438
Spilogale_gracilis,Cytb,R,8,379,0.021108179419525065
Spilogale_gracilis,Cytb,S,26,379,0.06860158311345646
Spilogale_gracilis,Cytb,T,27,379,0.0712401055408971
Spilogale_gracilis,Cytb,V,17,379,0.044854881266490766
Spilogale_gracilis,Cytb,W,12,379,0.0316622691292876
Spilogale_gracilis,Cytb,Y,16,379,0.04221635883905013
Stenella_attenuata,CO1,A,38,516,0.07364341085271318
Stenella_attenuata,CO1,C,1,516,0.001937984496124031
Stenella_attenuata,CO1,D,15,516,0.029069767441860465
Stenella_attenuata,CO1,E,9,516,0.01744186046511628
Stenella_attenuata,CO1,F,42,516,0.08139534883720931
Stenella_attenuata,CO1,G,48,516,0.09302325581395349
Stenella_attenuata,CO1,H,16,516,0.031007751937984496
Stenella_attenuata,CO1,I,38,516,0.07364341085271318
Stenella_attenuata,CO1,K,9,516,0.01744186046511628
Stenella_attenuata,CO1,L,62,516,0.12015503875968993
Stenella_attenuata,CO1,M,31,516,0.060077519379844964
Stenella_attenuata,CO1,N,19,516,0.03682170542635659
Stenella_attenuata,CO1,P,29,516,0.0562015503875969
Stenella_attenuata,CO1,Q,7,516,0.013565891472868217
Stenella_attenuata,CO1,R,8,516,0.015503875968992248
Stenella_attenuata,CO1,S,31,516,0.060077519379844964
Stenella_attenuata,CO1,T,38,516,0.07364341085271318
Stenella_attenuata,CO1,V,38,516,0.07364341085271318
Stenella_attenuata,CO1,W,17,516,0.03294573643410853
Stenella_attenuata,CO1,Y,20,516,0.03875968992248062
Stenella_attenuata,CO3,A,13,261,0.04980842911877394
Stenella_attenuata,CO3,C,1,261,0.0038314176245210726
Stenella_attenuata,CO3,D,3,261,0.011494252873563218
Stenella_attenuata,CO3,E,8,261,0.03065134099616858
Stenella_attenuata,CO3,F,25,261,0.09578544061302682
Stenella_attenuata,CO3,G,19,261,0.07279693486590039
Stenella_attenuata,CO3,H,17,261,0.06513409961685823
Stenella_attenuata,CO3,I,16,261,0.06130268199233716
Stenella_attenuata,CO3,K,2,261,0.007662835249042145
Stenella_attenuata,CO3,L,32,261,0.12260536398467432
Stenella_attenuata,CO3,M,13,261,0.04980842911877394
Stenella_attenuata,CO3,N,7,261,0.02681992337164751
Stenella_attenuata,CO3,P,12,261,0.04597701149425287
Stenella_attenuata,CO3,Q,7,261,0.02681992337164751
Stenella_attenuata,CO3,R,5,261,0.019157088122605363
Stenella_attenuata,CO3,S,22,261,0.0842911877394636
Stenella_attenuata,CO3,T,22,261,0.0842911877394636
Stenella_attenuata,CO3,V,14,261,0.05363984674329502
Stenella_attenuata,CO3,W,12,261,0.04597701149425287
Stenella_attenuata,CO3,Y,11,261,0.0421455938697318
Stenella_attenuata,Cytb,A,25,379,0.06596306068601583
Stenella_attenuata,Cytb,C,3,379,0.0079155672823219
Stenella_attenuata,Cytb,D,11,379,0.029023746701846966
Stenella_attenuata,Cytb,E,6,379,0.0158311345646438
Stenella_attenuata,Cytb,F,26,379,0.06860158311345646
Stenella_attenuata,Cytb,G,25,379,0.06596306068601583
Stenella_attenuata,Cytb,H,11,379,0.029023746701846966
Stenella_attenuata,Cytb,I,36,379,0.09498680738786279
Stenella_attenuata,Cytb,K,9,379,0.023746701846965697
Stenella_attenuata,Cytb,L,64,379,0.16886543535620052
Stenella_attenuata,Cytb,M,14,379,0.036939313984168866
Stenella_attenuata,Cytb,N,15,379,0.0395778364116095
Stenella_attenuata,Cytb,P,23,379,0.06068601583113457
Stenella_attenuata,Cytb,Q,8,379,0.021108179419525065
Stenella_attenuata,Cytb,R,8,379,0.021108179419525065
Stenella_attenuata,Cytb,S,22,379,0.05804749340369393
Stenella_attenuata,Cytb,T,30,379,0.079155672823219
Stenella_attenuata,Cytb,V,15,379,0.0395778364116095
Stenella_attenuata,Cytb,W,12,379,0.0316622691292876
Stenella_attenuata,Cytb,Y,16,379,0.04221635883905013
Stenella_longirostris,CO1,A,38,516,0.07364341085271318
Stenella_longirostris,CO1,C,1,516,0.001937984496124031
Stenella_longirostris,CO1,D,15,516,0.029069767441860465
Stenella_longirostris,CO1,E,9,516,0.01744186046511628
Stenella_longirostris,CO1,F,42,516,0.08139534883720931
Stenella_longirostris,CO1,G,48,516,0.09302325581395349
Stenella_longirostris,CO1,H,16,516,0.031007751937984496
Stenella_longirostris,CO1,I,38,516,0.07364341085271318
Stenella_longirostris,CO1,K,9,516,0.01744186046511628
Stenella_longirostris,CO1,L,62,516,0.12015503875968993
Stenella_longirostris,CO1,M,31,516,0.060077519379844964
Stenella_longirostris,CO1,N,19,516,0.03682170542635659
Stenella_longirostris,CO1,P,29,516,0.0562015503875969
Stenella_longirostris,CO1,Q,7,516,0.013565891472868217
Stenella_longirostris,CO1,R,8,516,0.015503875968992248
Stenella_longirostris,CO1,S,31,516,0.060077519379844964
Stenella_longirostris,CO1,T,38,516,0.07364341085271318
Stenella_longirostris,CO1,V,38,516,0.07364341085271318
Stenella_longirostris,CO1,W,17,516,0.03294573643410853
Stenella_longirostris,CO1,Y,20,516,0.03875968992248062
Stenella_longirostris,CO3,A,13,261,0.04980842911877394
Stenella_longirostris,CO3,C,1,261,0.0038314176245210726
Stenella_longirostris,CO3,D,3,261,0.011494252873563218
Stenella_longirostris,CO3,E,8,261,0.03065134099616858
Stenella_longirostris,CO3,F,25,261,0.09578544061302682
Stenella_longirostris,CO3,G,19,261,0.07279693486590039
Stenella_longirostris,CO3,H,17,261,0.06513409961685823
Stenella_longirostris,CO3,I,16,261,0.06130268199233716
Stenella_longirostris,CO3,K,2,261,0.007662835249042145
Stenella_longirostris,CO3,L,32,261,0.12260536398467432
Stenella_longirostris,CO3,M,13,261,0.04980842911877394
Stenella_longirostris,CO3,N,7,261,0.02681992337164751
Stenella_longirostris,CO3,P,12,261,0.04597701149425287
Stenella_longirostris,CO3,Q,7,261,0.02681992337164751
Stenella_longirostris,CO3,R,5,261,0.019157088122605363
Stenella_longirostris,CO3,S,22,261,0.0842911877394636
Stenella_longirostris,CO3,T,22,261,0.0842911877394636
Stenella_longirostris,CO3,V,14,261,0.05363984674329502
Stenella_longirostris,CO3,W,12,261,0.04597701149425287
Stenella_longirostris,CO3,Y,11,261,0.0421455938697318
Stenella_longirostris,Cytb,A,25,379,0.06596306068601583
Stenella_longirostris,Cytb,C,3,379,0.0079155672823219
Stenella_longirostris,Cytb,D,11,379,0.029023746701846966
Stenella_longirostris,Cytb,E,6,379,0.0158311345646438
Stenella_longirostris,Cytb,F,26,379,0.06860158311345646
Stenella_longirostris,Cytb,G,26,379,0.06860158311345646
Stenella_longirostris,Cytb,H,11,379,0.029023746701846966
Stenella_longirostris,Cytb,I,36,379,0.09498680738786279
Stenella_longirostris,Cytb,K,9,379,0.023746701846965697
Stenella_longirostris,Cytb,L,64,379,0.16886543535620052
Stenella_longirostris,Cytb,M,14,379,0.036939313984168866
Stenella_longirostris,Cytb,N,15,379,0.0395778364116095
Stenella_longirostris,Cytb,P,23,379,0.06068601583113457
Stenella_longirostris,Cytb,Q,8,379,0.021108179419525065
Stenella_longirostris,Cytb,R,8,379,0.021108179419525065
Stenella_longirostris,Cytb,S,21,379,0.055408970976253295
Stenella_longirostris,Cytb,T,30,379,0.079155672823219
Stenella_longirostris,Cytb,V,15,379,0.0395778364116095
Stenella_longirostris,Cytb,W,12,379,0.0316622691292876
Stenella_longirostris,Cytb,Y,16,379,0.04221635883905013
Stenocephalemys_albipes,CO1,A,41,514,0.07976653696498054
Stenocephalemys_albipes,CO1,C,1,514,0.0019455252918287938
Stenocephalemys_albipes,CO1,D,15,514,0.029182879377431907
Stenocephalemys_albipes,CO1,E,9,514,0.017509727626459144
Stenocephalemys_albipes,CO1,F,42,514,0.08171206225680934
Stenocephalemys_albipes,CO1,G,46,514,0.08949416342412451
Stenocephalemys_albipes,CO1,H,18,514,0.03501945525291829
Stenocephalemys_albipes,CO1,I,36,514,0.07003891050583658
Stenocephalemys_albipes,CO1,K,10,514,0.019455252918287938
Stenocephalemys_albipes,CO1,L,58,514,0.11284046692607004
Stenocephalemys_albipes,CO1,M,31,514,0.06031128404669261
Stenocephalemys_albipes,CO1,N,17,514,0.033073929961089495
Stenocephalemys_albipes,CO1,P,28,514,0.054474708171206226
Stenocephalemys_albipes,CO1,Q,6,514,0.011673151750972763
Stenocephalemys_albipes,CO1,R,8,514,0.01556420233463035
Stenocephalemys_albipes,CO1,S,35,514,0.06809338521400778
Stenocephalemys_albipes,CO1,T,35,514,0.06809338521400778
Stenocephalemys_albipes,CO1,V,41,514,0.07976653696498054
Stenocephalemys_albipes,CO1,W,17,514,0.033073929961089495
Stenocephalemys_albipes,CO1,Y,20,514,0.038910505836575876
Stenocephalemys_albipes,CO3,A,13,261,0.04980842911877394
Stenocephalemys_albipes,CO3,C,2,261,0.007662835249042145
Stenocephalemys_albipes,CO3,D,4,261,0.01532567049808429
Stenocephalemys_albipes,CO3,E,7,261,0.02681992337164751
Stenocephalemys_albipes,CO3,F,22,261,0.0842911877394636
Stenocephalemys_albipes,CO3,G,21,261,0.08045977011494253
Stenocephalemys_albipes,CO3,H,17,261,0.06513409961685823
Stenocephalemys_albipes,CO3,I,17,261,0.06513409961685823
Stenocephalemys_albipes,CO3,K,4,261,0.01532567049808429
Stenocephalemys_albipes,CO3,L,34,261,0.13026819923371646
Stenocephalemys_albipes,CO3,M,8,261,0.03065134099616858
Stenocephalemys_albipes,CO3,N,7,261,0.02681992337164751
Stenocephalemys_albipes,CO3,P,10,261,0.038314176245210725
Stenocephalemys_albipes,CO3,Q,7,261,0.02681992337164751
Stenocephalemys_albipes,CO3,R,5,261,0.019157088122605363
Stenocephalemys_albipes,CO3,S,21,261,0.08045977011494253
Stenocephalemys_albipes,CO3,T,22,261,0.0842911877394636
Stenocephalemys_albipes,CO3,V,16,261,0.06130268199233716
Stenocephalemys_albipes,CO3,W,12,261,0.04597701149425287
Stenocephalemys_albipes,CO3,Y,12,261,0.04597701149425287
Stenocephalemys_albipes,Cytb,A,22,381,0.05774278215223097
Stenocephalemys_albipes,Cytb,C,3,381,0.007874015748031496
Stenocephalemys_albipes,Cytb,D,11,381,0.028871391076115485
Stenocephalemys_albipes,Cytb,E,6,381,0.015748031496062992
Stenocephalemys_albipes,Cytb,F,30,381,0.07874015748031496
Stenocephalemys_albipes,Cytb,G,25,381,0.06561679790026247
Stenocephalemys_albipes,Cytb,H,13,381,0.03412073490813648
Stenocephalemys_albipes,Cytb,I,41,381,0.10761154855643044
Stenocephalemys_albipes,Cytb,K,9,381,0.023622047244094488
Stenocephalemys_albipes,Cytb,L,53,381,0.13910761154855644
Stenocephalemys_albipes,Cytb,M,16,381,0.04199475065616798
Stenocephalemys_albipes,Cytb,N,18,381,0.047244094488188976
Stenocephalemys_albipes,Cytb,P,22,381,0.05774278215223097
Stenocephalemys_albipes,Cytb,Q,6,381,0.015748031496062992
Stenocephalemys_albipes,Cytb,R,8,381,0.02099737532808399
Stenocephalemys_albipes,Cytb,S,25,381,0.06561679790026247
Stenocephalemys_albipes,Cytb,T,25,381,0.06561679790026247
Stenocephalemys_albipes,Cytb,V,21,381,0.05511811023622047
Stenocephalemys_albipes,Cytb,W,12,381,0.031496062992125984
Stenocephalemys_albipes,Cytb,Y,15,381,0.03937007874015748
Sus_scrofa,CO1,A,42,514,0.08171206225680934
Sus_scrofa,CO1,C,1,514,0.0019455252918287938
Sus_scrofa,CO1,D,14,514,0.027237354085603113
Sus_scrofa,CO1,E,10,514,0.019455252918287938
Sus_scrofa,CO1,F,41,514,0.07976653696498054
Sus_scrofa,CO1,G,47,514,0.0914396887159533
Sus_scrofa,CO1,H,17,514,0.033073929961089495
Sus_scrofa,CO1,I,39,514,0.07587548638132295
Sus_scrofa,CO1,K,9,514,0.017509727626459144
Sus_scrofa,CO1,L,60,514,0.11673151750972763
Sus_scrofa,CO1,M,31,514,0.06031128404669261
Sus_scrofa,CO1,N,18,514,0.03501945525291829
Sus_scrofa,CO1,P,29,514,0.05642023346303502
Sus_scrofa,CO1,Q,7,514,0.013618677042801557
Sus_scrofa,CO1,R,8,514,0.01556420233463035
Sus_scrofa,CO1,S,32,514,0.0622568093385214
Sus_scrofa,CO1,T,35,514,0.06809338521400778
Sus_scrofa,CO1,V,37,514,0.07198443579766536
Sus_scrofa,CO1,W,17,514,0.033073929961089495
Sus_scrofa,CO1,Y,20,514,0.038910505836575876
Sus_scrofa,CO3,A,17,267,0.06367041198501873
Sus_scrofa,CO3,C,2,267,0.00749063670411985
Sus_scrofa,CO3,D,4,267,0.0149812734082397
Sus_scrofa,CO3,E,8,267,0.0299625468164794
Sus_scrofa,CO3,F,22,267,0.08239700374531835
Sus_scrofa,CO3,G,20,267,0.0749063670411985
Sus_scrofa,CO3,H,17,267,0.06367041198501873
Sus_scrofa,CO3,I,17,267,0.06367041198501873
Sus_scrofa,CO3,K,4,267,0.0149812734082397
Sus_scrofa,CO3,L,36,267,0.1348314606741573
Sus_scrofa,CO3,M,9,267,0.033707865168539325
Sus_scrofa,CO3,N,6,267,0.02247191011235955
Sus_scrofa,CO3,P,11,267,0.04119850187265917
Sus_scrofa,CO3,Q,7,267,0.026217228464419477
Sus_scrofa,CO3,R,5,267,0.018726591760299626
Sus_scrofa,CO3,S,23,267,0.08614232209737828
Sus_scrofa,CO3,T,20,267,0.0749063670411985
Sus_scrofa,CO3,V,15,267,0.056179775280898875
Sus_scrofa,CO3,W,12,267,0.0449438202247191
Sus_scrofa,CO3,Y,12,267,0.0449438202247191
Sus_scrofa,Cytb,A,23,379,0.06068601583113457
Sus_scrofa,Cytb,C,4,379,0.010554089709762533
Sus_scrofa,Cytb,D,12,379,0.0316622691292876
Sus_scrofa,Cytb,E,6,379,0.0158311345646438
Sus_scrofa,Cytb,F,27,379,0.0712401055408971
Sus_scrofa,Cytb,G,25,379,0.06596306068601583
Sus_scrofa,Cytb,H,12,379,0.0316622691292876
Sus_scrofa,Cytb,I,44,379,0.11609498680738786
Sus_scrofa,Cytb,K,9,379,0.023746701846965697
Sus_scrofa,Cytb,L,56,379,0.14775725593667546
Sus_scrofa,Cytb,M,17,379,0.044854881266490766
Sus_scrofa,Cytb,N,17,379,0.044854881266490766
Sus_scrofa,Cytb,P,23,379,0.06068601583113457
Sus_scrofa,Cytb,Q,6,379,0.0158311345646438
Sus_scrofa,Cytb,R,8,379,0.021108179419525065
Sus_scrofa,Cytb,S,23,379,0.06068601583113457
Sus_scrofa,Cytb,T,24,379,0.0633245382585752
Sus_scrofa,Cytb,V,17,379,0.044854881266490766
Sus_scrofa,Cytb,W,12,379,0.0316622691292876
Sus_scrofa,Cytb,Y,14,379,0.036939313984168866
Syncerus_caffer,CO1,A,40,514,0.07782101167315175
Syncerus_caffer,CO1,C,1,514,0.0019455252918287938
Syncerus_caffer,CO1,D,16,514,0.0311284046692607
Syncerus_caffer,CO1,E,9,514,0.017509727626459144
Syncerus_caffer,CO1,F,42,514,0.08171206225680934
Syncerus_caffer,CO1,G,47,514,0.0914396887159533
Syncerus_caffer,CO1,H,17,514,0.033073929961089495
Syncerus_caffer,CO1,I,37,514,0.07198443579766536
Syncerus_caffer,CO1,K,9,514,0.017509727626459144
Syncerus_caffer,CO1,L,58,514,0.11284046692607004
Syncerus_caffer,CO1,M,34,514,0.06614785992217899
Syncerus_caffer,CO1,N,19,514,0.03696498054474708
Syncerus_caffer,CO1,P,28,514,0.054474708171206226
Syncerus_caffer,CO1,Q,6,514,0.011673151750972763
Syncerus_caffer,CO1,R,8,514,0.01556420233463035
Syncerus_caffer,CO1,S,31,514,0.06031128404669261
Syncerus_caffer,CO1,T,38,514,0.07392996108949416
Syncerus_caffer,CO1,V,38,514,0.07392996108949416
Syncerus_caffer,CO1,W,17,514,0.033073929961089495
Syncerus_caffer,CO1,Y,19,514,0.03696498054474708
Syncerus_caffer,CO3,A,15,260,0.057692307692307696
Syncerus_caffer,CO3,C,2,260,0.007692307692307693
Syncerus_caffer,CO3,D,3,260,0.011538461538461539
Syncerus_caffer,CO3,E,8,260,0.03076923076923077
Syncerus_caffer,CO3,F,24,260,0.09230769230769231
Syncerus_caffer,CO3,G,20,260,0.07692307692307693
Syncerus_caffer,CO3,H,16,260,0.06153846153846154
Syncerus_caffer,CO3,I,15,260,0.057692307692307696
Syncerus_caffer,CO3,K,2,260,0.007692307692307693
Syncerus_caffer,CO3,L,32,260,0.12307692307692308
Syncerus_caffer,CO3,M,10,260,0.038461538461538464
Syncerus_caffer,CO3,N,8,260,0.03076923076923077
Syncerus_caffer,CO3,P,12,260,0.046153846153846156
Syncerus_caffer,CO3,Q,7,260,0.026923076923076925
Syncerus_caffer,CO3,R,5,260,0.019230769230769232
Syncerus_caffer,CO3,S,19,260,0.07307692307692308
Syncerus_caffer,CO3,T,23,260,0.08846153846153847
Syncerus_caffer,CO3,V,16,260,0.06153846153846154
Syncerus_caffer,CO3,W,12,260,0.046153846153846156
Syncerus_caffer,CO3,Y,11,260,0.04230769230769231
Syncerus_caffer,Cytb,A,25,379,0.06596306068601583
Syncerus_caffer,Cytb,C,4,379,0.010554089709762533
Syncerus_caffer,Cytb,D,11,379,0.029023746701846966
Syncerus_caffer,Cytb,E,6,379,0.0158311345646438
Syncerus_caffer,Cytb,F,24,379,0.0633245382585752
Syncerus_caffer,Cytb,G,24,379,0.0633245382585752
Syncerus_caffer,Cytb,H,13,379,0.03430079155672823
Syncerus_caffer,Cytb,I,40,379,0.10554089709762533
Syncerus_caffer,Cytb,K,9,379,0.023746701846965697
Syncerus_caffer,Cytb,L,60,379,0.158311345646438
Syncerus_caffer,Cytb,M,16,379,0.04221635883905013
Syncerus_caffer,Cytb,N,17,379,0.044854881266490766
Syncerus_caffer,Cytb,P,22,379,0.05804749340369393
Syncerus_caffer,Cytb,Q,6,379,0.0158311345646438
Syncerus_caffer,Cytb,R,8,379,0.021108179419525065
Syncerus_caffer,Cytb,S,24,379,0.0633245382585752
Syncerus_caffer,Cytb,T,27,379,0.0712401055408971
Syncerus_caffer,Cytb,V,15,379,0.0395778364116095
Syncerus_caffer,Cytb,W,12,379,0.0316622691292876
Syncerus_caffer,Cytb,Y,16,379,0.04221635883905013
Trachypithecus_phayrei,CO1,A,40,514,0.07782101167315175
Trachypithecus_phayrei,CO1,C,1,514,0.0019455252918287938
Trachypithecus_phayrei,CO1,D,15,514,0.029182879377431907
Trachypithecus_phayrei,CO1,E,8,514,0.01556420233463035
Trachypithecus_phayrei,CO1,F,41,514,0.07976653696498054
Trachypithecus_phayrei,CO1,G,47,514,0.0914396887159533
Trachypithecus_phayrei,CO1,H,19,514,0.03696498054474708
Trachypithecus_phayrei,CO1,I,40,514,0.07782101167315175
Trachypithecus_phayrei,CO1,K,11,514,0.021400778210116732
Trachypithecus_phayrei,CO1,L,62,514,0.12062256809338522
Trachypithecus_phayrei,CO1,M,30,514,0.058365758754863814
Trachypithecus_phayrei,CO1,N,18,514,0.03501945525291829
Trachypithecus_phayrei,CO1,P,29,514,0.05642023346303502
Trachypithecus_phayrei,CO1,Q,7,514,0.013618677042801557
Trachypithecus_phayrei,CO1,R,8,514,0.01556420233463035
Trachypithecus_phayrei,CO1,S,32,514,0.0622568093385214
Trachypithecus_phayrei,CO1,T,33,514,0.06420233463035019
Trachypithecus_phayrei,CO1,V,37,514,0.07198443579766536
Trachypithecus_phayrei,CO1,W,16,514,0.0311284046692607
Trachypithecus_phayrei,CO1,Y,20,514,0.038910505836575876
Trachypithecus_phayrei,CO3,A,13,261,0.04980842911877394
Trachypithecus_phayrei,CO3,C,1,261,0.0038314176245210726
Trachypithecus_phayrei,CO3,D,3,261,0.011494252873563218
Trachypithecus_phayrei,CO3,E,7,261,0.02681992337164751
Trachypithecus_phayrei,CO3,F,21,261,0.08045977011494253
Trachypithecus_phayrei,CO3,G,19,261,0.07279693486590039
Trachypithecus_phayrei,CO3,H,17,261,0.06513409961685823
Trachypithecus_phayrei,CO3,I,16,261,0.06130268199233716
Trachypithecus_phayrei,CO3,K,3,261,0.011494252873563218
Trachypithecus_phayrei,CO3,L,34,261,0.13026819923371646
Trachypithecus_phayrei,CO3,M,11,261,0.0421455938697318
Trachypithecus_phayrei,CO3,N,5,261,0.019157088122605363
Trachypithecus_phayrei,CO3,P,13,261,0.04980842911877394
Trachypithecus_phayrei,CO3,Q,8,261,0.03065134099616858
Trachypithecus_phayrei,CO3,R,5,261,0.019157088122605363
Trachypithecus_phayrei,CO3,S,19,261,0.07279693486590039
Trachypithecus_phayrei,CO3,T,24,261,0.09195402298850575
Trachypithecus_phayrei,CO3,V,16,261,0.06130268199233716
Trachypithecus_phayrei,CO3,W,12,261,0.04597701149425287
Trachypithecus_phayrei,CO3,Y,14,261,0.05363984674329502
Trachypithecus_phayrei,Cytb,A,22,380,0.05789473684210526
Trachypithecus_phayrei,Cytb,C,3,380,0.007894736842105263
Trachypithecus_phayrei,Cytb,D,9,380,0.02368421052631579
Trachypithecus_phayrei,Cytb,E,4,380,0.010526315789473684
Trachypithecus_phayrei,Cytb,F,23,380,0.060526315789473685
Trachypithecus_phayrei,Cytb,G,21,380,0.05526315789473684
Trachypithecus_phayrei,Cytb,H,11,380,0.02894736842105263
Trachypithecus_phayrei,Cytb,I,36,380,0.09473684210526316
Trachypithecus_phayrei,Cytb,K,9,380,0.02368421052631579
Trachypithecus_phayrei,Cytb,L,65,380,0.17105263157894737
Trachypithecus_phayrei,Cytb,M,16,380,0.042105263157894736
Trachypithecus_phayrei,Cytb,N,20,380,0.05263157894736842
Trachypithecus_phayrei,Cytb,P,26,380,0.06842105263157895
Trachypithecus_phayrei,Cytb,Q,9,380,0.02368421052631579
Trachypithecus_phayrei,Cytb,R,7,380,0.018421052631578946
Trachypithecus_phayrei,Cytb,S,28,380,0.07368421052631578
Trachypithecus_phayrei,Cytb,T,33,380,0.0868421052631579
Trachypithecus_phayrei,Cytb,V,12,380,0.031578947368421054
Trachypithecus_phayrei,Cytb,W,12,380,0.031578947368421054
Trachypithecus_phayrei,Cytb,Y,14,380,0.03684210526315789
Tursiops_truncatus,CO1,A,38,516,0.07364341085271318
Tursiops_truncatus,CO1,C,1,516,0.001937984496124031
Tursiops_truncatus,CO1,D,15,516,0.029069767441860465
Tursiops_truncatus,CO1,E,9,516,0.01744186046511628
Tursiops_truncatus,CO1,F,42,516,0.08139534883720931
Tursiops_truncatus,CO1,G,48,516,0.09302325581395349
Tursiops_truncatus,CO1,H,16,516,0.031007751937984496
Tursiops_truncatus,CO1,I,40,516,0.07751937984496124
Tursiops_truncatus,CO1,K,9,516,0.01744186046511628
Tursiops_truncatus,CO1,L,62,516,0.12015503875968993
Tursiops_truncatus,CO1,M,30,516,0.05813953488372093
Tursiops_truncatus,CO1,N,19,516,0.03682170542635659
Tursiops_truncatus,CO1,P,29,516,0.0562015503875969
Tursiops_truncatus,CO1,Q,7,516,0.013565891472868217
Tursiops_truncatus,CO1,R,8,516,0.015503875968992248
Tursiops_truncatus,CO1,S,31,516,0.060077519379844964
Tursiops_truncatus,CO1,T,38,516,0.07364341085271318
Tursiops_truncatus,CO1,V,37,516,0.07170542635658915
Tursiops_truncatus,CO1,W,17,516,0.03294573643410853
Tursiops_truncatus,CO1,Y,20,516,0.03875968992248062
Tursiops_truncatus,CO3,A,13,261,0.04980842911877394
Tursiops_truncatus,CO3,C,1,261,0.0038314176245210726
Tursiops_truncatus,CO3,D,3,261,0.011494252873563218
Tursiops_truncatus,CO3,E,8,261,0.03065134099616858
Tursiops_truncatus,CO3,F,25,261,0.09578544061302682
Tursiops_truncatus,CO3,G,19,261,0.07279693486590039
Tursiops_truncatus,CO3,H,17,261,0.06513409961685823
Tursiops_truncatus,CO3,I,16,261,0.06130268199233716
Tursiops_truncatus,CO3,K,2,261,0.007662835249042145
Tursiops_truncatus,CO3,L,32,261,0.12260536398467432
Tursiops_truncatus,CO3,M,13,261,0.04980842911877394
Tursiops_truncatus,CO3,N,7,261,0.02681992337164751
Tursiops_truncatus,CO3,P,12,261,0.04597701149425287
Tursiops_truncatus,CO3,Q,7,261,0.02681992337164751
Tursiops_truncatus,CO3,R,5,261,0.019157088122605363
Tursiops_truncatus,CO3,S,22,261,0.0842911877394636
Tursiops_truncatus,CO3,T,22,261,0.0842911877394636
Tursiops_truncatus,CO3,V,14,261,0.05363984674329502
Tursiops_truncatus,CO3,W,12,261,0.04597701149425287
Tursiops_truncatus,CO3,Y,11,261,0.0421455938697318
Tursiops_truncatus,Cytb,A,26,379,0.06860158311345646
Tursiops_truncatus,Cytb,C,3,379,0.0079155672823219
Tursiops_truncatus,Cytb,D,11,379,0.029023746701846966
Tursiops_truncatus,Cytb,E,6,379,0.0158311345646438
Tursiops_truncatus,Cytb,F,26,379,0.06860158311345646
Tursiops_truncatus,Cytb,G,25,379,0.06596306068601583
Tursiops_truncatus,Cytb,H,11,379,0.029023746701846966
Tursiops_truncatus,Cytb,I,37,379,0.09762532981530343
Tursiops_truncatus,Cytb,K,9,379,0.023746701846965697
Tursiops_truncatus,Cytb,L,64,379,0.16886543535620052
Tursiops_truncatus,Cytb,M,14,379,0.036939313984168866
Tursiops_truncatus,Cytb,N,15,379,0.0395778364116095
Tursiops_truncatus,Cytb,P,23,379,0.06068601583113457
Tursiops_truncatus,Cytb,Q,8,379,0.021108179419525065
Tursiops_truncatus,Cytb,R,8,379,0.021108179419525065
Tursiops_truncatus,Cytb,S,21,379,0.055408970976253295
Tursiops_truncatus,Cytb,T,29,379,0.07651715039577836
Tursiops_truncatus,Cytb,V,15,379,0.0395778364116095
Tursiops_truncatus,Cytb,W,12,379,0.0316622691292876
Tursiops_truncatus,Cytb,Y,16,379,0.04221635883905013
Urocyon_cinereoargenteus,CO1,A,42,514,0.08171206225680934
Urocyon_cinereoargenteus,CO1,C,1,514,0.0019455252918287938
Urocyon_cinereoargenteus,CO1,D,15,514,0.029182879377431907
Urocyon_cinereoargenteus,CO1,E,10,514,0.019455252918287938
Urocyon_cinereoargenteus,CO1,F,42,514,0.08171206225680934
Urocyon_cinereoargenteus,CO1,G,47,514,0.0914396887159533
Urocyon_cinereoargenteus,CO1,H,18,514,0.03501945525291829
Urocyon_cinereoargenteus,CO1,I,37,514,0.07198443579766536
Urocyon_cinereoargenteus,CO1,K,9,514,0.017509727626459144
Urocyon_cinereoargenteus,CO1,L,58,514,0.11284046692607004
Urocyon_cinereoargenteus,CO1,M,33,514,0.06420233463035019
Urocyon_cinereoargenteus,CO1,N,17,514,0.033073929961089495
Urocyon_cinereoargenteus,CO1,P,28,514,0.054474708171206226
Urocyon_cinereoargenteus,CO1,Q,7,514,0.013618677042801557
Urocyon_cinereoargenteus,CO1,R,8,514,0.01556420233463035
Urocyon_cinereoargenteus,CO1,S,30,514,0.058365758754863814
Urocyon_cinereoargenteus,CO1,T,38,514,0.07392996108949416
Urocyon_cinereoargenteus,CO1,V,38,514,0.07392996108949416
Urocyon_cinereoargenteus,CO1,W,17,514,0.033073929961089495
Urocyon_cinereoargenteus,CO1,Y,19,514,0.03696498054474708
Urocyon_cinereoargenteus,CO3,A,15,261,0.05747126436781609
Urocyon_cinereoargenteus,CO3,C,2,261,0.007662835249042145
Urocyon_cinereoargenteus,CO3,D,3,261,0.011494252873563218
Urocyon_cinereoargenteus,CO3,E,8,261,0.03065134099616858
Urocyon_cinereoargenteus,CO3,F,22,261,0.0842911877394636
Urocyon_cinereoargenteus,CO3,G,21,261,0.08045977011494253
Urocyon_cinereoargenteus,CO3,H,16,261,0.06130268199233716
Urocyon_cinereoargenteus,CO3,I,12,261,0.04597701149425287
Urocyon_cinereoargenteus,CO3,K,2,261,0.007662835249042145
Urocyon_cinereoargenteus,CO3,L,32,261,0.12260536398467432
Urocyon_cinereoargenteus,CO3,M,10,261,0.038314176245210725
Urocyon_cinereoargenteus,CO3,N,6,261,0.022988505747126436
Urocyon_cinereoargenteus,CO3,P,10,261,0.038314176245210725
Urocyon_cinereoargenteus,CO3,Q,7,261,0.02681992337164751
Urocyon_cinereoargenteus,CO3,R,5,261,0.019157088122605363
Urocyon_cinereoargenteus,CO3,S,23,261,0.08812260536398467
Urocyon_cinereoargenteus,CO3,T,21,261,0.08045977011494253
Urocyon_cinereoargenteus,CO3,V,20,261,0.07662835249042145
Urocyon_cinereoargenteus,CO3,W,12,261,0.04597701149425287
Urocyon_cinereoargenteus,CO3,Y,14,261,0.05363984674329502
Urocyon_cinereoargenteus,Cytb,A,26,379,0.06860158311345646
Urocyon_cinereoargenteus,Cytb,C,4,379,0.010554089709762533
Urocyon_cinereoargenteus,Cytb,D,11,379,0.029023746701846966
Urocyon_cinereoargenteus,Cytb,E,6,379,0.0158311345646438
Urocyon_cinereoargenteus,Cytb,F,27,379,0.0712401055408971
Urocyon_cinereoargenteus,Cytb,G,25,379,0.06596306068601583
Urocyon_cinereoargenteus,Cytb,H,12,379,0.0316622691292876
Urocyon_cinereoargenteus,Cytb,I,41,379,0.10817941952506596
Urocyon_cinereoargenteus,Cytb,K,9,379,0.023746701846965697
Urocyon_cinereoargenteus,Cytb,L,57,379,0.1503957783641161
Urocyon_cinereoargenteus,Cytb,M,14,379,0.036939313984168866
Urocyon_cinereoargenteus,Cytb,N,17,379,0.044854881266490766
Urocyon_cinereoargenteus,Cytb,P,22,379,0.05804749340369393
Urocyon_cinereoargenteus,Cytb,Q,6,379,0.0158311345646438
Urocyon_cinereoargenteus,Cytb,R,8,379,0.021108179419525065
Urocyon_cinereoargenteus,Cytb,S,26,379,0.06860158311345646
Urocyon_cinereoargenteus,Cytb,T,26,379,0.06860158311345646
Urocyon_cinereoargenteus,Cytb,V,15,379,0.0395778364116095
Urocyon_cinereoargenteus,Cytb,W,12,379,0.0316622691292876
Urocyon_cinereoargenteus,Cytb,Y,15,379,0.0395778364116095
Ursus_arctos,CO1,A,42,514,0.08171206225680934
Ursus_arctos,CO1,C,1,514,0.0019455252918287938
Ursus_arctos,CO1,D,14,514,0.027237354085603113
Ursus_arctos,CO1,E,10,514,0.019455252918287938
Ursus_arctos,CO1,F,42,514,0.08171206225680934
Ursus_arctos,CO1,G,47,514,0.0914396887159533
Ursus_arctos,CO1,H,18,514,0.03501945525291829
Ursus_arctos,CO1,I,37,514,0.07198443579766536
Ursus_arctos,CO1,K,9,514,0.017509727626459144
Ursus_arctos,CO1,L,58,514,0.11284046692607004
Ursus_arctos,CO1,M,36,514,0.07003891050583658
Ursus_arctos,CO1,N,18,514,0.03501945525291829
Ursus_arctos,CO1,P,28,514,0.054474708171206226
Ursus_arctos,CO1,Q,6,514,0.011673151750972763
Ursus_arctos,CO1,R,8,514,0.01556420233463035
Ursus_arctos,CO1,S,31,514,0.06031128404669261
Ursus_arctos,CO1,T,35,514,0.06809338521400778
Ursus_arctos,CO1,V,38,514,0.07392996108949416
Ursus_arctos,CO1,W,17,514,0.033073929961089495
Ursus_arctos,CO1,Y,19,514,0.03696498054474708
Ursus_arctos,CO3,A,16,261,0.06130268199233716
Ursus_arctos,CO3,C,2,261,0.007662835249042145
Ursus_arctos,CO3,D,3,261,0.011494252873563218
Ursus_arctos,CO3,E,8,261,0.03065134099616858
Ursus_arctos,CO3,F,24,261,0.09195402298850575
Ursus_arctos,CO3,G,19,261,0.07279693486590039
Ursus_arctos,CO3,H,17,261,0.06513409961685823
Ursus_arctos,CO3,I,12,261,0.04597701149425287
Ursus_arctos,CO3,K,2,261,0.007662835249042145
Ursus_arctos,CO3,L,34,261,0.13026819923371646
Ursus_arctos,CO3,M,11,261,0.0421455938697318
Ursus_arctos,CO3,N,5,261,0.019157088122605363
Ursus_arctos,CO3,P,11,261,0.0421455938697318
Ursus_arctos,CO3,Q,7,261,0.02681992337164751
Ursus_arctos,CO3,R,5,261,0.019157088122605363
Ursus_arctos,CO3,S,23,261,0.08812260536398467
Ursus_arctos,CO3,T,22,261,0.0842911877394636
Ursus_arctos,CO3,V,17,261,0.06513409961685823
Ursus_arctos,CO3,W,12,261,0.04597701149425287
Ursus_arctos,CO3,Y,11,261,0.0421455938697318
Ursus_arctos,Cytb,A,26,379,0.06860158311345646
Ursus_arctos,Cytb,C,4,379,0.010554089709762533
Ursus_arctos,Cytb,D,12,379,0.0316622691292876
Ursus_arctos,Cytb,E,6,379,0.0158311345646438
Ursus_arctos,Cytb,F,27,379,0.0712401055408971
Ursus_arctos,Cytb,G,26,379,0.06860158311345646
Ursus_arctos,Cytb,H,13,379,0.03430079155672823
Ursus_arctos,Cytb,I,43,379,0.11345646437994723
Ursus_arctos,Cytb,K,9,379,0.023746701846965697
Ursus_arctos,Cytb,L,58,379,0.15303430079155672
Ursus_arctos,Cytb,M,9,379,0.023746701846965697
Ursus_arctos,Cytb,N,15,379,0.0395778364116095
Ursus_arctos,Cytb,P,26,379,0.06860158311345646
Ursus_arctos,Cytb,Q,6,379,0.0158311345646438
Ursus_arctos,Cytb,R,8,379,0.021108179419525065
Ursus_arctos,Cytb,S,22,379,0.05804749340369393
Ursus_arctos,Cytb,T,27,379,0.0712401055408971
Ursus_arctos,Cytb,V,16,379,0.04221635883905013
Ursus_arctos,Cytb,W,12,379,0.0316622691292876
Ursus_arctos,Cytb,Y,14,379,0.036939313984168866
