taxonomic_scope,source_file,combination_size,genes,species,taxonomic_class
All vertebrates,1init_data\data\MutSpecVertebrates12.csv.gz,2,CO1 + CO3,Andrias_davidianus,Amphibia
All vertebrates,1init_data\data\MutSpecVertebrates12.csv.gz,2,CO1 + CO3,Anguilla_anguilla,Actinopteri
All vertebrates,1init_data\data\MutSpecVertebrates12.csv.gz,2,CO1 + CO3,Anguilla_rostrata,Actinopteri
All vertebrates,1init_data\data\MutSpecVertebrates12.csv.gz,2,CO1 + CO3,Balaenoptera_physalus,Mammalia
All vertebrates,1init_data\data\MutSpecVertebrates12.csv.gz,2,CO1 + CO3,Bison_priscus,Mammalia
All vertebrates,1init_data\data\MutSpecVertebrates12.csv.gz,2,CO1 + CO3,Bos_taurus,Mammalia
All vertebrates,1init_data\data\MutSpecVertebrates12.csv.gz,2,CO1 + CO3,Camelus_dromedarius,Mammalia
All vertebrates,1init_data\data\MutSpecVertebrates12.csv.gz,2,CO1 + CO3,Canis_latrans,Mammalia
All vertebrates,1init_data\data\MutSpecVertebrates12.csv.gz,2,CO1 + CO3,Canis_lupus,Mammalia
All vertebrates,1init_data\data\MutSpecVertebrates12.csv.gz,2,CO1 + CO3,Capra_hircus,Mammalia
All vertebrates,1init_data\data\MutSpecVertebrates12.csv.gz,2,CO1 + CO3,Carassius_auratus,Actinopteri
All vertebrates,1init_data\data\MutSpecVertebrates12.csv.gz,2,CO1 + CO3,Certhia_americana,Aves
All vertebrates,1init_data\data\MutSpecVertebrates12.csv.gz,2,CO1 + CO3,Cervus_elaphus,Mammalia
All vertebrates,1init_data\data\MutSpecVertebrates12.csv.gz,2,CO1 + CO3,Chaenogobius_annularis,Actinopteri
All vertebrates,1init_data\data\MutSpecVertebrates12.csv.gz,2,CO1 + CO3,Cinclosoma_clarum,Aves
All vertebrates,1init_data\data\MutSpecVertebrates12.csv.gz,2,CO1 + CO3,Clupea_harengus,Actinopteri
All vertebrates,1init_data\data\MutSpecVertebrates12.csv.gz,2,CO1 + CO3,Corvus_splendens,Aves
All vertebrates,1init_data\data\MutSpecVertebrates12.csv.gz,2,CO1 + CO3,Cottus_gulosus,Actinopteri
All vertebrates,1init_data\data\MutSpecVertebrates12.csv.gz,2,CO1 + CO3,Cricetulus_kamensis,Mammalia
All vertebrates,1init_data\data\MutSpecVertebrates12.csv.gz,2,CO1 + CO3,Crocidura_suaveolens,Mammalia
All vertebrates,1init_data\data\MutSpecVertebrates12.csv.gz,2,CO1 + CO3,Crocuta_crocuta,Mammalia
All vertebrates,1init_data\data\MutSpecVertebrates12.csv.gz,2,CO1 + CO3,Cyprinus_carpio,Actinopteri
All vertebrates,1init_data\data\MutSpecVertebrates12.csv.gz,2,CO1 + CO3,Dicrostonyx_torquatus,Mammalia
All vertebrates,1init_data\data\MutSpecVertebrates12.csv.gz,2,CO1 + CO3,Equus_caballus,Mammalia
All vertebrates,1init_data\data\MutSpecVertebrates12.csv.gz,2,CO1 + CO3,Gadus_chalcogrammus,Actinopteri
All vertebrates,1init_data\data\MutSpecVertebrates12.csv.gz,2,CO1 + CO3,Gadus_morhua,Actinopteri
All vertebrates,1init_data\data\MutSpecVertebrates12.csv.gz,2,CO1 + CO3,Guerlinguetus_brasiliensis,Mammalia
All vertebrates,1init_data\data\MutSpecVertebrates12.csv.gz,2,CO1 + CO3,Helarctos_malayanus,Mammalia
All vertebrates,1init_data\data\MutSpecVertebrates12.csv.gz,2,CO1 + CO3,Hippotragus_equinus,Mammalia
All vertebrates,1init_data\data\MutSpecVertebrates12.csv.gz,2,CO1 + CO3,Hirundo_rustica,Aves
All vertebrates,1init_data\data\MutSpecVertebrates12.csv.gz,2,CO1 + CO3,Holbrookia_lacerata,Lepidosauria
All vertebrates,1init_data\data\MutSpecVertebrates12.csv.gz,2,CO1 + CO3,Homo_sapiens,Mammalia
All vertebrates,1init_data\data\MutSpecVertebrates12.csv.gz,2,CO1 + CO3,Hoplodactylus_duvaucelii,Lepidosauria
All vertebrates,1init_data\data\MutSpecVertebrates12.csv.gz,2,CO1 + CO3,Hylomyscus_walterverheyeni,Mammalia
All vertebrates,1init_data\data\MutSpecVertebrates12.csv.gz,2,CO1 + CO3,Lasiopodomys_anglicus,Mammalia
All vertebrates,1init_data\data\MutSpecVertebrates12.csv.gz,2,CO1 + CO3,Lasiopodomys_gregalis,Mammalia
All vertebrates,1init_data\data\MutSpecVertebrates12.csv.gz,2,CO1 + CO3,Leiothlypis_ruficapilla,Aves
All vertebrates,1init_data\data\MutSpecVertebrates12.csv.gz,2,CO1 + CO3,Lentipes_armatus,Actinopteri
All vertebrates,1init_data\data\MutSpecVertebrates12.csv.gz,2,CO1 + CO3,Lentipes_palawanirufus,Actinopteri
All vertebrates,1init_data\data\MutSpecVertebrates12.csv.gz,2,CO1 + CO3,Macaca_fascicularis,Mammalia
All vertebrates,1init_data\data\MutSpecVertebrates12.csv.gz,2,CO1 + CO3,Macaca_mulatta,Mammalia
All vertebrates,1init_data\data\MutSpecVertebrates12.csv.gz,2,CO1 + CO3,Mammuthus_primigenius,Mammalia
All vertebrates,1init_data\data\MutSpecVertebrates12.csv.gz,2,CO1 + CO3,Martes_zibellina,Mammalia
All vertebrates,1init_data\data\MutSpecVertebrates12.csv.gz,2,CO1 + CO3,Menidia_menidia,Actinopteri
All vertebrates,1init_data\data\MutSpecVertebrates12.csv.gz,2,CO1 + CO3,Mesoplodon_grayi,Mammalia
All vertebrates,1init_data\data\MutSpecVertebrates12.csv.gz,2,CO1 + CO3,Microsciurus_flaviventer,Mammalia
All vertebrates,1init_data\data\MutSpecVertebrates12.csv.gz,2,CO1 + CO3,Microtus_richardsoni,Mammalia
All vertebrates,1init_data\data\MutSpecVertebrates12.csv.gz,2,CO1 + CO3,Misgurnus_anguillicaudatus,Actinopteri
All vertebrates,1init_data\data\MutSpecVertebrates12.csv.gz,2,CO1 + CO3,Mus_musculus,Mammalia
All vertebrates,1init_data\data\MutSpecVertebrates12.csv.gz,2,CO1 + CO3,Myodes_glareolus,Mammalia
All vertebrates,1init_data\data\MutSpecVertebrates12.csv.gz,2,CO1 + CO3,Ochotona_cansus,Mammalia
All vertebrates,1init_data\data\MutSpecVertebrates12.csv.gz,2,CO1 + CO3,Ochotona_thibetana,Mammalia
All vertebrates,1init_data\data\MutSpecVertebrates12.csv.gz,2,CO1 + CO3,Odocoileus_virginianus,Mammalia
All vertebrates,1init_data\data\MutSpecVertebrates12.csv.gz,2,CO1 + CO3,Oncorhynchus_clarkii,Actinopteri
All vertebrates,1init_data\data\MutSpecVertebrates12.csv.gz,2,CO1 + CO3,Ovis_ammon,Mammalia
All vertebrates,1init_data\data\MutSpecVertebrates12.csv.gz,2,CO1 + CO3,Ovis_aries,Mammalia
All vertebrates,1init_data\data\MutSpecVertebrates12.csv.gz,2,CO1 + CO3,Pachyhynobius_shangchengensis,Amphibia
All vertebrates,1init_data\data\MutSpecVertebrates12.csv.gz,2,CO1 + CO3,Pan_troglodytes,Mammalia
All vertebrates,1init_data\data\MutSpecVertebrates12.csv.gz,2,CO1 + CO3,Papio_anubis,Mammalia
All vertebrates,1init_data\data\MutSpecVertebrates12.csv.gz,2,CO1 + CO3,Phoca_groenlandica,Mammalia
All vertebrates,1init_data\data\MutSpecVertebrates12.csv.gz,2,CO1 + CO3,Phyllopteryx_taeniolatus,Actinopteri
All vertebrates,1init_data\data\MutSpecVertebrates12.csv.gz,2,CO1 + CO3,Phylloscopus_collybita,Aves
All vertebrates,1init_data\data\MutSpecVertebrates12.csv.gz,2,CO1 + CO3,Plecotus_macrobullaris,Mammalia
All vertebrates,1init_data\data\MutSpecVertebrates12.csv.gz,2,CO1 + CO3,Prionailurus_bengalensis,Mammalia
All vertebrates,1init_data\data\MutSpecVertebrates12.csv.gz,2,CO1 + CO3,Procyon_lotor,Mammalia
All vertebrates,1init_data\data\MutSpecVertebrates12.csv.gz,2,CO1 + CO3,Proechimys_guyannensis,Mammalia
All vertebrates,1init_data\data\MutSpecVertebrates12.csv.gz,2,CO1 + CO3,Ptychadena_amharensis,Amphibia
All vertebrates,1init_data\data\MutSpecVertebrates12.csv.gz,2,CO1 + CO3,Ptychadena_erlangeri,Amphibia
All vertebrates,1init_data\data\MutSpecVertebrates12.csv.gz,2,CO1 + CO3,Rhinichthys_osculus,Actinopteri
All vertebrates,1init_data\data\MutSpecVertebrates12.csv.gz,2,CO1 + CO3,Rusa_unicolor,Mammalia
All vertebrates,1init_data\data\MutSpecVertebrates12.csv.gz,2,CO1 + CO3,Salamandrella_keyserlingii,Amphibia
All vertebrates,1init_data\data\MutSpecVertebrates12.csv.gz,2,CO1 + CO3,Salmo_trutta,Actinopteri
All vertebrates,1init_data\data\MutSpecVertebrates12.csv.gz,2,CO1 + CO3,Sardinella_longiceps,Actinopteri
All vertebrates,1init_data\data\MutSpecVertebrates12.csv.gz,2,CO1 + CO3,Schismatogobius_ampluvinculus,Actinopteri
All vertebrates,1init_data\data\MutSpecVertebrates12.csv.gz,2,CO1 + CO3,Setophaga_pensylvanica,Aves
All vertebrates,1init_data\data\MutSpecVertebrates12.csv.gz,2,CO1 + CO3,Sicista_betulina,Mammalia
All vertebrates,1init_data\data\MutSpecVertebrates12.csv.gz,2,CO1 + CO3,Spilogale_gracilis,Mammalia
All vertebrates,1init_data\data\MutSpecVertebrates12.csv.gz,2,CO1 + CO3,Stenella_attenuata,Mammalia
All vertebrates,1init_data\data\MutSpecVertebrates12.csv.gz,2,CO1 + CO3,Stenella_longirostris,Mammalia
All vertebrates,1init_data\data\MutSpecVertebrates12.csv.gz,2,CO1 + CO3,Stenocephalemys_albipes,Mammalia
All vertebrates,1init_data\data\MutSpecVertebrates12.csv.gz,2,CO1 + CO3,Sus_scrofa,Mammalia
All vertebrates,1init_data\data\MutSpecVertebrates12.csv.gz,2,CO1 + CO3,Syncerus_caffer,Mammalia
All vertebrates,1init_data\data\MutSpecVertebrates12.csv.gz,2,CO1 + CO3,Tarentola_mauritanica,Lepidosauria
All vertebrates,1init_data\data\MutSpecVertebrates12.csv.gz,2,CO1 + CO3,Thymallus_thymallus,Actinopteri
All vertebrates,1init_data\data\MutSpecVertebrates12.csv.gz,2,CO1 + CO3,Trachypithecus_phayrei,Mammalia
All vertebrates,1init_data\data\MutSpecVertebrates12.csv.gz,2,CO1 + CO3,Tursiops_truncatus,Mammalia
All vertebrates,1init_data\data\MutSpecVertebrates12.csv.gz,2,CO1 + CO3,Urocyon_cinereoargenteus,Mammalia
All vertebrates,1init_data\data\MutSpecVertebrates12.csv.gz,2,CO1 + CO3,Ursus_arctos,Mammalia
All vertebrates,1init_data\data\MutSpecVertebrates12.csv.gz,2,CO1 + CO3,Vireo_olivaceus,Aves
All vertebrates,1init_data\data\MutSpecVertebrates12.csv.gz,2,CO1 + Cytb,Anarhichas_lupus,Actinopteri
All vertebrates,1init_data\data\MutSpecVertebrates12.csv.gz,2,CO1 + Cytb,Andrias_davidianus,Amphibia
All vertebrates,1init_data\data\MutSpecVertebrates12.csv.gz,2,CO1 + Cytb,Anguilla_anguilla,Actinopteri
All vertebrates,1init_data\data\MutSpecVertebrates12.csv.gz,2,CO1 + Cytb,Anguilla_rostrata,Actinopteri
All vertebrates,1init_data\data\MutSpecVertebrates12.csv.gz,2,CO1 + Cytb,Apodemus_agrarius,Mammalia
All vertebrates,1init_data\data\MutSpecVertebrates12.csv.gz,2,CO1 + Cytb,Ateles_chamek,Mammalia
All vertebrates,1init_data\data\MutSpecVertebrates12.csv.gz,2,CO1 + Cytb,Balaenoptera_musculus,Mammalia
All vertebrates,1init_data\data\MutSpecVertebrates12.csv.gz,2,CO1 + Cytb,Balaenoptera_physalus,Mammalia
All vertebrates,1init_data\data\MutSpecVertebrates12.csv.gz,2,CO1 + Cytb,Bison_bonasus,Mammalia
All vertebrates,1init_data\data\MutSpecVertebrates12.csv.gz,2,CO1 + Cytb,Bison_priscus,Mammalia
All vertebrates,1init_data\data\MutSpecVertebrates12.csv.gz,2,CO1 + Cytb,Boreogadus_saida,Actinopteri
All vertebrates,1init_data\data\MutSpecVertebrates12.csv.gz,2,CO1 + Cytb,Bos_grunniens,Mammalia
All vertebrates,1init_data\data\MutSpecVertebrates12.csv.gz,2,CO1 + Cytb,Bos_taurus,Mammalia
All vertebrates,1init_data\data\MutSpecVertebrates12.csv.gz,2,CO1 + Cytb,Cacajao_calvus,Mammalia
All vertebrates,1init_data\data\MutSpecVertebrates12.csv.gz,2,CO1 + Cytb,Camelus_dromedarius,Mammalia
All vertebrates,1init_data\data\MutSpecVertebrates12.csv.gz,2,CO1 + Cytb,Canis_latrans,Mammalia
All vertebrates,1init_data\data\MutSpecVertebrates12.csv.gz,2,CO1 + Cytb,Canis_lupus,Mammalia
All vertebrates,1init_data\data\MutSpecVertebrates12.csv.gz,2,CO1 + Cytb,Capra_hircus,Mammalia
All vertebrates,1init_data\data\MutSpecVertebrates12.csv.gz,2,CO1 + Cytb,Capreolus_capreolus,Mammalia
All vertebrates,1init_data\data\MutSpecVertebrates12.csv.gz,2,CO1 + Cytb,Carassius_auratus,Actinopteri
All vertebrates,1init_data\data\MutSpecVertebrates12.csv.gz,2,CO1 + Cytb,Catharus_fuscescens,Aves
All vertebrates,1init_data\data\MutSpecVertebrates12.csv.gz,2,CO1 + Cytb,Catharus_ustulatus,Aves
All vertebrates,1init_data\data\MutSpecVertebrates12.csv.gz,2,CO1 + Cytb,Certhia_americana,Aves
All vertebrates,1init_data\data\MutSpecVertebrates12.csv.gz,2,CO1 + Cytb,Cervus_elaphus,Mammalia
All vertebrates,1init_data\data\MutSpecVertebrates12.csv.gz,2,CO1 + Cytb,Chaenogobius_annularis,Actinopteri
All vertebrates,1init_data\data\MutSpecVertebrates12.csv.gz,2,CO1 + Cytb,Cinclosoma_clarum,Aves
All vertebrates,1init_data\data\MutSpecVertebrates12.csv.gz,2,CO1 + Cytb,Clupea_harengus,Actinopteri
All vertebrates,1init_data\data\MutSpecVertebrates12.csv.gz,2,CO1 + Cytb,Coilia_nasus,Actinopteri
All vertebrates,1init_data\data\MutSpecVertebrates12.csv.gz,2,CO1 + Cytb,Coreoleuciscus_splendidus,Actinopteri
All vertebrates,1init_data\data\MutSpecVertebrates12.csv.gz,2,CO1 + Cytb,Corvus_corax,Aves
All vertebrates,1init_data\data\MutSpecVertebrates12.csv.gz,2,CO1 + Cytb,Corvus_splendens,Aves
All vertebrates,1init_data\data\MutSpecVertebrates12.csv.gz,2,CO1 + Cytb,Cricetulus_kamensis,Mammalia
All vertebrates,1init_data\data\MutSpecVertebrates12.csv.gz,2,CO1 + Cytb,Crocidura_leucodon,Mammalia
All vertebrates,1init_data\data\MutSpecVertebrates12.csv.gz,2,CO1 + Cytb,Crocidura_suaveolens,Mammalia
All vertebrates,1init_data\data\MutSpecVertebrates12.csv.gz,2,CO1 + Cytb,Crocuta_crocuta,Mammalia
All vertebrates,1init_data\data\MutSpecVertebrates12.csv.gz,2,CO1 + Cytb,Cyprinus_carpio,Actinopteri
All vertebrates,1init_data\data\MutSpecVertebrates12.csv.gz,2,CO1 + Cytb,Delphinapterus_leucas,Mammalia
All vertebrates,1init_data\data\MutSpecVertebrates12.csv.gz,2,CO1 + Cytb,Dicrostonyx_torquatus,Mammalia
All vertebrates,1init_data\data\MutSpecVertebrates12.csv.gz,2,CO1 + Cytb,Dipodomys_merriami,Mammalia
All vertebrates,1init_data\data\MutSpecVertebrates12.csv.gz,2,CO1 + Cytb,Dryophytes_andersonii,Amphibia
All vertebrates,1init_data\data\MutSpecVertebrates12.csv.gz,2,CO1 + Cytb,Eleginus_gracilis,Actinopteri
All vertebrates,1init_data\data\MutSpecVertebrates12.csv.gz,2,CO1 + Cytb,Eleotris_fusca,Actinopteri
All vertebrates,1init_data\data\MutSpecVertebrates12.csv.gz,2,CO1 + Cytb,Empidonax_alnorum,Aves
All vertebrates,1init_data\data\MutSpecVertebrates12.csv.gz,2,CO1 + Cytb,Empidonax_flaviventris,Aves
All vertebrates,1init_data\data\MutSpecVertebrates12.csv.gz,2,CO1 + Cytb,Empidonax_minimus,Aves
All vertebrates,1init_data\data\MutSpecVertebrates12.csv.gz,2,CO1 + Cytb,Eopsaltria_australis,Aves
All vertebrates,1init_data\data\MutSpecVertebrates12.csv.gz,2,CO1 + Cytb,Eospalax_fontanierii,Mammalia
All vertebrates,1init_data\data\MutSpecVertebrates12.csv.gz,2,CO1 + Cytb,Eothenomys_cachinus,Mammalia
All vertebrates,1init_data\data\MutSpecVertebrates12.csv.gz,2,CO1 + Cytb,Eothenomys_custos,Mammalia
All vertebrates,1init_data\data\MutSpecVertebrates12.csv.gz,2,CO1 + Cytb,Eothenomys_eleusis,Mammalia
All vertebrates,1init_data\data\MutSpecVertebrates12.csv.gz,2,CO1 + Cytb,Eothenomys_melanogaster,Mammalia
All vertebrates,1init_data\data\MutSpecVertebrates12.csv.gz,2,CO1 + Cytb,Eothenomys_miletus,Mammalia
All vertebrates,1init_data\data\MutSpecVertebrates12.csv.gz,2,CO1 + Cytb,Epinephelus_fuscoguttatus,Actinopteri
All vertebrates,1init_data\data\MutSpecVertebrates12.csv.gz,2,CO1 + Cytb,Equus_asinus,Mammalia
All vertebrates,1init_data\data\MutSpecVertebrates12.csv.gz,2,CO1 + Cytb,Equus_caballus,Mammalia
All vertebrates,1init_data\data\MutSpecVertebrates12.csv.gz,2,CO1 + Cytb,Felis_catus,Mammalia
All vertebrates,1init_data\data\MutSpecVertebrates12.csv.gz,2,CO1 + Cytb,Gadus_chalcogrammus,Actinopteri
All vertebrates,1init_data\data\MutSpecVertebrates12.csv.gz,2,CO1 + Cytb,Gadus_morhua,Actinopteri
All vertebrates,1init_data\data\MutSpecVertebrates12.csv.gz,2,CO1 + Cytb,Gallus_gallus,Aves
All vertebrates,1init_data\data\MutSpecVertebrates12.csv.gz,2,CO1 + Cytb,Geomys_bursarius,Mammalia
All vertebrates,1init_data\data\MutSpecVertebrates12.csv.gz,2,CO1 + Cytb,Geothlypis_philadelphia,Aves
All vertebrates,1init_data\data\MutSpecVertebrates12.csv.gz,2,CO1 + Cytb,Guerlinguetus_brasiliensis,Mammalia
All vertebrates,1init_data\data\MutSpecVertebrates12.csv.gz,2,CO1 + Cytb,Hadrosciurus_spadiceus,Mammalia
All vertebrates,1init_data\data\MutSpecVertebrates12.csv.gz,2,CO1 + Cytb,Helarctos_malayanus,Mammalia
All vertebrates,1init_data\data\MutSpecVertebrates12.csv.gz,2,CO1 + Cytb,Hipposideros_pomona,Mammalia
All vertebrates,1init_data\data\MutSpecVertebrates12.csv.gz,2,CO1 + Cytb,Hippotragus_equinus,Mammalia
All vertebrates,1init_data\data\MutSpecVertebrates12.csv.gz,2,CO1 + Cytb,Hippotragus_niger,Mammalia
All vertebrates,1init_data\data\MutSpecVertebrates12.csv.gz,2,CO1 + Cytb,Hirundo_rustica,Aves
All vertebrates,1init_data\data\MutSpecVertebrates12.csv.gz,2,CO1 + Cytb,Holbrookia_lacerata,Lepidosauria
All vertebrates,1init_data\data\MutSpecVertebrates12.csv.gz,2,CO1 + Cytb,Homo_sapiens,Mammalia
All vertebrates,1init_data\data\MutSpecVertebrates12.csv.gz,2,CO1 + Cytb,Hoplodactylus_duvaucelii,Lepidosauria
All vertebrates,1init_data\data\MutSpecVertebrates12.csv.gz,2,CO1 + Cytb,Hylomyscus_aeta,Mammalia
All vertebrates,1init_data\data\MutSpecVertebrates12.csv.gz,2,CO1 + Cytb,Hylomyscus_stella,Mammalia
All vertebrates,1init_data\data\MutSpecVertebrates12.csv.gz,2,CO1 + Cytb,Hylomyscus_walterverheyeni,Mammalia
All vertebrates,1init_data\data\MutSpecVertebrates12.csv.gz,2,CO1 + Cytb,Hypophthalmichthys_molitrix,Actinopteri
All vertebrates,1init_data\data\MutSpecVertebrates12.csv.gz,2,CO1 + Cytb,Istiophorus_platypterus,Actinopteri
All vertebrates,1init_data\data\MutSpecVertebrates12.csv.gz,2,CO1 + Cytb,Karsenia_koreana,Amphibia
All vertebrates,1init_data\data\MutSpecVertebrates12.csv.gz,2,CO1 + Cytb,Lasiopodomys_anglicus,Mammalia
All vertebrates,1init_data\data\MutSpecVertebrates12.csv.gz,2,CO1 + Cytb,Lasiopodomys_gregalis,Mammalia
All vertebrates,1init_data\data\MutSpecVertebrates12.csv.gz,2,CO1 + Cytb,Leiothlypis_ruficapilla,Aves
All vertebrates,1init_data\data\MutSpecVertebrates12.csv.gz,2,CO1 + Cytb,Lentipes_armatus,Actinopteri
All vertebrates,1init_data\data\MutSpecVertebrates12.csv.gz,2,CO1 + Cytb,Lentipes_palawanirufus,Actinopteri
All vertebrates,1init_data\data\MutSpecVertebrates12.csv.gz,2,CO1 + Cytb,Lepus_europaeus,Mammalia
All vertebrates,1init_data\data\MutSpecVertebrates12.csv.gz,2,CO1 + Cytb,Lutra_lutra,Mammalia
All vertebrates,1init_data\data\MutSpecVertebrates12.csv.gz,2,CO1 + Cytb,Macaca_fascicularis,Mammalia
All vertebrates,1init_data\data\MutSpecVertebrates12.csv.gz,2,CO1 + Cytb,Macaca_mulatta,Mammalia
All vertebrates,1init_data\data\MutSpecVertebrates12.csv.gz,2,CO1 + Cytb,Mammuthus_primigenius,Mammalia
All vertebrates,1init_data\data\MutSpecVertebrates12.csv.gz,2,CO1 + Cytb,Manis_javanica,Mammalia
All vertebrates,1init_data\data\MutSpecVertebrates12.csv.gz,2,CO1 + Cytb,Martes_americana,Mammalia
All vertebrates,1init_data\data\MutSpecVertebrates12.csv.gz,2,CO1 + Cytb,Martes_zibellina,Mammalia
All vertebrates,1init_data\data\MutSpecVertebrates12.csv.gz,2,CO1 + Cytb,Menidia_menidia,Actinopteri
All vertebrates,1init_data\data\MutSpecVertebrates12.csv.gz,2,CO1 + Cytb,Mesoplodon_densirostris,Mammalia
All vertebrates,1init_data\data\MutSpecVertebrates12.csv.gz,2,CO1 + Cytb,Mesoplodon_grayi,Mammalia
All vertebrates,1init_data\data\MutSpecVertebrates12.csv.gz,2,CO1 + Cytb,Microtus_richardsoni,Mammalia
All vertebrates,1init_data\data\MutSpecVertebrates12.csv.gz,2,CO1 + Cytb,Misgurnus_anguillicaudatus,Actinopteri
All vertebrates,1init_data\data\MutSpecVertebrates12.csv.gz,2,CO1 + Cytb,Muntiacus_muntjak,Mammalia
All vertebrates,1init_data\data\MutSpecVertebrates12.csv.gz,2,CO1 + Cytb,Mus_musculus,Mammalia
All vertebrates,1init_data\data\MutSpecVertebrates12.csv.gz,2,CO1 + Cytb,Mustela_sibirica,Mammalia
All vertebrates,1init_data\data\MutSpecVertebrates12.csv.gz,2,CO1 + Cytb,Myodes_glareolus,Mammalia
All vertebrates,1init_data\data\MutSpecVertebrates12.csv.gz,2,CO1 + Cytb,Myodes_rufocanus,Mammalia
All vertebrates,1init_data\data\MutSpecVertebrates12.csv.gz,2,CO1 + Cytb,Myodes_rutilus,Mammalia
All vertebrates,1init_data\data\MutSpecVertebrates12.csv.gz,2,CO1 + Cytb,Ochotona_cansus,Mammalia
All vertebrates,1init_data\data\MutSpecVertebrates12.csv.gz,2,CO1 + Cytb,Ochotona_curzoniae,Mammalia
All vertebrates,1init_data\data\MutSpecVertebrates12.csv.gz,2,CO1 + Cytb,Ochotona_hyperborea,Mammalia
All vertebrates,1init_data\data\MutSpecVertebrates12.csv.gz,2,CO1 + Cytb,Ochotona_thibetana,Mammalia
All vertebrates,1init_data\data\MutSpecVertebrates12.csv.gz,2,CO1 + Cytb,Odocoileus_virginianus,Mammalia
All vertebrates,1init_data\data\MutSpecVertebrates12.csv.gz,2,CO1 + Cytb,Oenanthe_oenanthe,Aves
All vertebrates,1init_data\data\MutSpecVertebrates12.csv.gz,2,CO1 + Cytb,Oligoryzomys_nigripes,Mammalia
All vertebrates,1init_data\data\MutSpecVertebrates12.csv.gz,2,CO1 + Cytb,Oncorhynchus_clarkii,Actinopteri
All vertebrates,1init_data\data\MutSpecVertebrates12.csv.gz,2,CO1 + Cytb,Oncorhynchus_masou,Actinopteri
All vertebrates,1init_data\data\MutSpecVertebrates12.csv.gz,2,CO1 + Cytb,Oncorhynchus_nerka,Actinopteri
All vertebrates,1init_data\data\MutSpecVertebrates12.csv.gz,2,CO1 + Cytb,Ovis_ammon,Mammalia
All vertebrates,1init_data\data\MutSpecVertebrates12.csv.gz,2,CO1 + Cytb,Ovis_aries,Mammalia
All vertebrates,1init_data\data\MutSpecVertebrates12.csv.gz,2,CO1 + Cytb,Ovis_orientalis,Mammalia
All vertebrates,1init_data\data\MutSpecVertebrates12.csv.gz,2,CO1 + Cytb,Ovis_vignei,Mammalia
All vertebrates,1init_data\data\MutSpecVertebrates12.csv.gz,2,CO1 + Cytb,Pachyhynobius_shangchengensis,Amphibia
All vertebrates,1init_data\data\MutSpecVertebrates12.csv.gz,2,CO1 + Cytb,Pan_troglodytes,Mammalia
All vertebrates,1init_data\data\MutSpecVertebrates12.csv.gz,2,CO1 + Cytb,Panthera_leo,Mammalia
All vertebrates,1init_data\data\MutSpecVertebrates12.csv.gz,2,CO1 + Cytb,Panthera_spelaea,Mammalia
All vertebrates,1init_data\data\MutSpecVertebrates12.csv.gz,2,CO1 + Cytb,Panthera_tigris,Mammalia
All vertebrates,1init_data\data\MutSpecVertebrates12.csv.gz,2,CO1 + Cytb,Papio_anubis,Mammalia
All vertebrates,1init_data\data\MutSpecVertebrates12.csv.gz,2,CO1 + Cytb,Papio_hamadryas,Mammalia
All vertebrates,1init_data\data\MutSpecVertebrates12.csv.gz,2,CO1 + Cytb,Paramisgurnus_dabryanus,Actinopteri
All vertebrates,1init_data\data\MutSpecVertebrates12.csv.gz,2,CO1 + Cytb,Phoca_groenlandica,Mammalia
All vertebrates,1init_data\data\MutSpecVertebrates12.csv.gz,2,CO1 + Cytb,Phocoena_phocoena,Mammalia
All vertebrates,1init_data\data\MutSpecVertebrates12.csv.gz,2,CO1 + Cytb,Phyllopteryx_taeniolatus,Actinopteri
All vertebrates,1init_data\data\MutSpecVertebrates12.csv.gz,2,CO1 + Cytb,Phylloscopus_collybita,Aves
All vertebrates,1init_data\data\MutSpecVertebrates12.csv.gz,2,CO1 + Cytb,Plecotus_macrobullaris,Mammalia
All vertebrates,1init_data\data\MutSpecVertebrates12.csv.gz,2,CO1 + Cytb,Podarcis_siculus,Lepidosauria
All vertebrates,1init_data\data\MutSpecVertebrates12.csv.gz,2,CO1 + Cytb,Prionailurus_bengalensis,Mammalia
All vertebrates,1init_data\data\MutSpecVertebrates12.csv.gz,2,CO1 + Cytb,Procyon_lotor,Mammalia
All vertebrates,1init_data\data\MutSpecVertebrates12.csv.gz,2,CO1 + Cytb,Proechimys_guyannensis,Mammalia
All vertebrates,1init_data\data\MutSpecVertebrates12.csv.gz,2,CO1 + Cytb,Propithecus_diadema,Mammalia
All vertebrates,1init_data\data\MutSpecVertebrates12.csv.gz,2,CO1 + Cytb,Ptychadena_amharensis,Amphibia
All vertebrates,1init_data\data\MutSpecVertebrates12.csv.gz,2,CO1 + Cytb,Ptychadena_beka,Amphibia
All vertebrates,1init_data\data\MutSpecVertebrates12.csv.gz,2,CO1 + Cytb,Ptychadena_cooperi,Amphibia
All vertebrates,1init_data\data\MutSpecVertebrates12.csv.gz,2,CO1 + Cytb,Rattus_norvegicus,Mammalia
All vertebrates,1init_data\data\MutSpecVertebrates12.csv.gz,2,CO1 + Cytb,Rhinichthys_osculus,Actinopteri
All vertebrates,1init_data\data\MutSpecVertebrates12.csv.gz,2,CO1 + Cytb,Rusa_unicolor,Mammalia
All vertebrates,1init_data\data\MutSpecVertebrates12.csv.gz,2,CO1 + Cytb,Salamandrella_keyserlingii,Amphibia
All vertebrates,1init_data\data\MutSpecVertebrates12.csv.gz,2,CO1 + Cytb,Salmo_trutta,Actinopteri
All vertebrates,1init_data\data\MutSpecVertebrates12.csv.gz,2,CO1 + Cytb,Sardinella_longiceps,Actinopteri
All vertebrates,1init_data\data\MutSpecVertebrates12.csv.gz,2,CO1 + Cytb,Schismatogobius_ampluvinculus,Actinopteri
All vertebrates,1init_data\data\MutSpecVertebrates12.csv.gz,2,CO1 + Cytb,Sciurus_anomalus,Mammalia
All vertebrates,1init_data\data\MutSpecVertebrates12.csv.gz,2,CO1 + Cytb,Setophaga_coronata,Aves
All vertebrates,1init_data\data\MutSpecVertebrates12.csv.gz,2,CO1 + Cytb,Setophaga_fusca,Aves
All vertebrates,1init_data\data\MutSpecVertebrates12.csv.gz,2,CO1 + Cytb,Setophaga_magnolia,Aves
All vertebrates,1init_data\data\MutSpecVertebrates12.csv.gz,2,CO1 + Cytb,Setophaga_pensylvanica,Aves
All vertebrates,1init_data\data\MutSpecVertebrates12.csv.gz,2,CO1 + Cytb,Setophaga_tigrina,Aves
All vertebrates,1init_data\data\MutSpecVertebrates12.csv.gz,2,CO1 + Cytb,Setophaga_virens,Aves
All vertebrates,1init_data\data\MutSpecVertebrates12.csv.gz,2,CO1 + Cytb,Sicista_betulina,Mammalia
All vertebrates,1init_data\data\MutSpecVertebrates12.csv.gz,2,CO1 + Cytb,Siniperca_scherzeri,Actinopteri
All vertebrates,1init_data\data\MutSpecVertebrates12.csv.gz,2,CO1 + Cytb,Spilogale_gracilis,Mammalia
All vertebrates,1init_data\data\MutSpecVertebrates12.csv.gz,2,CO1 + Cytb,Stenella_attenuata,Mammalia
All vertebrates,1init_data\data\MutSpecVertebrates12.csv.gz,2,CO1 + Cytb,Stenella_longirostris,Mammalia
All vertebrates,1init_data\data\MutSpecVertebrates12.csv.gz,2,CO1 + Cytb,Stenocephalemys_albipes,Mammalia
All vertebrates,1init_data\data\MutSpecVertebrates12.csv.gz,2,CO1 + Cytb,Suncus_murinus,Mammalia
All vertebrates,1init_data\data\MutSpecVertebrates12.csv.gz,2,CO1 + Cytb,Sus_scrofa,Mammalia
All vertebrates,1init_data\data\MutSpecVertebrates12.csv.gz,2,CO1 + Cytb,Symphalangus_syndactylus,Mammalia
All vertebrates,1init_data\data\MutSpecVertebrates12.csv.gz,2,CO1 + Cytb,Symposiachrus_guttula,Aves
All vertebrates,1init_data\data\MutSpecVertebrates12.csv.gz,2,CO1 + Cytb,Symposiachrus_trivirgatus,Aves
All vertebrates,1init_data\data\MutSpecVertebrates12.csv.gz,2,CO1 + Cytb,Syncerus_caffer,Mammalia
All vertebrates,1init_data\data\MutSpecVertebrates12.csv.gz,2,CO1 + Cytb,Taphozous_melanopogon,Mammalia
All vertebrates,1init_data\data\MutSpecVertebrates12.csv.gz,2,CO1 + Cytb,Theropithecus_gelada,Mammalia
All vertebrates,1init_data\data\MutSpecVertebrates12.csv.gz,2,CO1 + Cytb,Thomomys_umbrinus,Mammalia
All vertebrates,1init_data\data\MutSpecVertebrates12.csv.gz,2,CO1 + Cytb,Thymallus_arcticus,Actinopteri
All vertebrates,1init_data\data\MutSpecVertebrates12.csv.gz,2,CO1 + Cytb,Thymallus_thymallus,Actinopteri
All vertebrates,1init_data\data\MutSpecVertebrates12.csv.gz,2,CO1 + Cytb,Trachypithecus_phayrei,Mammalia
All vertebrates,1init_data\data\MutSpecVertebrates12.csv.gz,2,CO1 + Cytb,Trichiurus_japonicus,Actinopteri
All vertebrates,1init_data\data\MutSpecVertebrates12.csv.gz,2,CO1 + Cytb,Trichiurus_lepturus,Actinopteri
All vertebrates,1init_data\data\MutSpecVertebrates12.csv.gz,2,CO1 + Cytb,Tursiops_truncatus,Mammalia
All vertebrates,1init_data\data\MutSpecVertebrates12.csv.gz,2,CO1 + Cytb,Urocyon_cinereoargenteus,Mammalia
All vertebrates,1init_data\data\MutSpecVertebrates12.csv.gz,2,CO1 + Cytb,Urosaurus_nigricaudus,Lepidosauria
All vertebrates,1init_data\data\MutSpecVertebrates12.csv.gz,2,CO1 + Cytb,Ursus_arctos,Mammalia
All vertebrates,1init_data\data\MutSpecVertebrates12.csv.gz,2,CO1 + Cytb,Vireo_olivaceus,Aves
All vertebrates,1init_data\data\MutSpecVertebrates12.csv.gz,2,CO1 + Cytb,Vireo_solitarius,Aves
All vertebrates,1init_data\data\MutSpecVertebrates12.csv.gz,2,CO1 + Cytb,Ziphius_cavirostris,Mammalia
All vertebrates,1init_data\data\MutSpecVertebrates12.csv.gz,2,CO1 + Cytb,Zonotrichia_albicollis,Aves
All vertebrates,1init_data\data\MutSpecVertebrates12.csv.gz,2,CO1 + ND2,Andrias_davidianus,Amphibia
All vertebrates,1init_data\data\MutSpecVertebrates12.csv.gz,2,CO1 + ND2,Anguilla_anguilla,Actinopteri
All vertebrates,1init_data\data\MutSpecVertebrates12.csv.gz,2,CO1 + ND2,Anguilla_rostrata,Actinopteri
All vertebrates,1init_data\data\MutSpecVertebrates12.csv.gz,2,CO1 + ND2,Apodemus_agrarius,Mammalia
All vertebrates,1init_data\data\MutSpecVertebrates12.csv.gz,2,CO1 + ND2,Ateles_chamek,Mammalia
All vertebrates,1init_data\data\MutSpecVertebrates12.csv.gz,2,CO1 + ND2,Balaenoptera_musculus,Mammalia
All vertebrates,1init_data\data\MutSpecVertebrates12.csv.gz,2,CO1 + ND2,Balaenoptera_physalus,Mammalia
All vertebrates,1init_data\data\MutSpecVertebrates12.csv.gz,2,CO1 + ND2,Bison_priscus,Mammalia
All vertebrates,1init_data\data\MutSpecVertebrates12.csv.gz,2,CO1 + ND2,Boreogadus_saida,Actinopteri
All vertebrates,1init_data\data\MutSpecVertebrates12.csv.gz,2,CO1 + ND2,Bos_taurus,Mammalia
All vertebrates,1init_data\data\MutSpecVertebrates12.csv.gz,2,CO1 + ND2,Cacajao_calvus,Mammalia
All vertebrates,1init_data\data\MutSpecVertebrates12.csv.gz,2,CO1 + ND2,Camelus_dromedarius,Mammalia
All vertebrates,1init_data\data\MutSpecVertebrates12.csv.gz,2,CO1 + ND2,Canis_latrans,Mammalia
All vertebrates,1init_data\data\MutSpecVertebrates12.csv.gz,2,CO1 + ND2,Canis_lupus,Mammalia
All vertebrates,1init_data\data\MutSpecVertebrates12.csv.gz,2,CO1 + ND2,Capra_hircus,Mammalia
All vertebrates,1init_data\data\MutSpecVertebrates12.csv.gz,2,CO1 + ND2,Capreolus_capreolus,Mammalia
All vertebrates,1init_data\data\MutSpecVertebrates12.csv.gz,2,CO1 + ND2,Carassius_auratus,Actinopteri
All vertebrates,1init_data\data\MutSpecVertebrates12.csv.gz,2,CO1 + ND2,Catharus_fuscescens,Aves
All vertebrates,1init_data\data\MutSpecVertebrates12.csv.gz,2,CO1 + ND2,Catharus_ustulatus,Aves
All vertebrates,1init_data\data\MutSpecVertebrates12.csv.gz,2,CO1 + ND2,Catopuma_temminckii,Mammalia
All vertebrates,1init_data\data\MutSpecVertebrates12.csv.gz,2,CO1 + ND2,Certhia_americana,Aves
All vertebrates,1init_data\data\MutSpecVertebrates12.csv.gz,2,CO1 + ND2,Cervus_elaphus,Mammalia
All vertebrates,1init_data\data\MutSpecVertebrates12.csv.gz,2,CO1 + ND2,Chaenogobius_annularis,Actinopteri
All vertebrates,1init_data\data\MutSpecVertebrates12.csv.gz,2,CO1 + ND2,Cinclosoma_clarum,Aves
All vertebrates,1init_data\data\MutSpecVertebrates12.csv.gz,2,CO1 + ND2,Clupea_harengus,Actinopteri
All vertebrates,1init_data\data\MutSpecVertebrates12.csv.gz,2,CO1 + ND2,Corvus_corax,Aves
All vertebrates,1init_data\data\MutSpecVertebrates12.csv.gz,2,CO1 + ND2,Corvus_splendens,Aves
All vertebrates,1init_data\data\MutSpecVertebrates12.csv.gz,2,CO1 + ND2,Crocidura_leucodon,Mammalia
All vertebrates,1init_data\data\MutSpecVertebrates12.csv.gz,2,CO1 + ND2,Crocidura_suaveolens,Mammalia
All vertebrates,1init_data\data\MutSpecVertebrates12.csv.gz,2,CO1 + ND2,Crocuta_crocuta,Mammalia
All vertebrates,1init_data\data\MutSpecVertebrates12.csv.gz,2,CO1 + ND2,Cyprinus_carpio,Actinopteri
All vertebrates,1init_data\data\MutSpecVertebrates12.csv.gz,2,CO1 + ND2,Dicrostonyx_torquatus,Mammalia
All vertebrates,1init_data\data\MutSpecVertebrates12.csv.gz,2,CO1 + ND2,Eleotris_fusca,Actinopteri
All vertebrates,1init_data\data\MutSpecVertebrates12.csv.gz,2,CO1 + ND2,Empidonax_alnorum,Aves
All vertebrates,1init_data\data\MutSpecVertebrates12.csv.gz,2,CO1 + ND2,Empidonax_flaviventris,Aves
All vertebrates,1init_data\data\MutSpecVertebrates12.csv.gz,2,CO1 + ND2,Empidonax_minimus,Aves
All vertebrates,1init_data\data\MutSpecVertebrates12.csv.gz,2,CO1 + ND2,Equus_asinus,Mammalia
All vertebrates,1init_data\data\MutSpecVertebrates12.csv.gz,2,CO1 + ND2,Equus_caballus,Mammalia
All vertebrates,1init_data\data\MutSpecVertebrates12.csv.gz,2,CO1 + ND2,Felis_catus,Mammalia
All vertebrates,1init_data\data\MutSpecVertebrates12.csv.gz,2,CO1 + ND2,Gadus_chalcogrammus,Actinopteri
All vertebrates,1init_data\data\MutSpecVertebrates12.csv.gz,2,CO1 + ND2,Gadus_morhua,Actinopteri
All vertebrates,1init_data\data\MutSpecVertebrates12.csv.gz,2,CO1 + ND2,Geomys_arenarius,Mammalia
All vertebrates,1init_data\data\MutSpecVertebrates12.csv.gz,2,CO1 + ND2,Geothlypis_philadelphia,Aves
All vertebrates,1init_data\data\MutSpecVertebrates12.csv.gz,2,CO1 + ND2,Guerlinguetus_brasiliensis,Mammalia
All vertebrates,1init_data\data\MutSpecVertebrates12.csv.gz,2,CO1 + ND2,Helarctos_malayanus,Mammalia
All vertebrates,1init_data\data\MutSpecVertebrates12.csv.gz,2,CO1 + ND2,Hippotragus_equinus,Mammalia
All vertebrates,1init_data\data\MutSpecVertebrates12.csv.gz,2,CO1 + ND2,Hippotragus_niger,Mammalia
All vertebrates,1init_data\data\MutSpecVertebrates12.csv.gz,2,CO1 + ND2,Hirundo_rustica,Aves
All vertebrates,1init_data\data\MutSpecVertebrates12.csv.gz,2,CO1 + ND2,Holbrookia_lacerata,Lepidosauria
All vertebrates,1init_data\data\MutSpecVertebrates12.csv.gz,2,CO1 + ND2,Homo_sapiens,Mammalia
All vertebrates,1init_data\data\MutSpecVertebrates12.csv.gz,2,CO1 + ND2,Hoplodactylus_duvaucelii,Lepidosauria
All vertebrates,1init_data\data\MutSpecVertebrates12.csv.gz,2,CO1 + ND2,Hylomyscus_aeta,Mammalia
All vertebrates,1init_data\data\MutSpecVertebrates12.csv.gz,2,CO1 + ND2,Hylomyscus_stella,Mammalia
All vertebrates,1init_data\data\MutSpecVertebrates12.csv.gz,2,CO1 + ND2,Hylomyscus_walterverheyeni,Mammalia
All vertebrates,1init_data\data\MutSpecVertebrates12.csv.gz,2,CO1 + ND2,Lasiopodomys_anglicus,Mammalia
All vertebrates,1init_data\data\MutSpecVertebrates12.csv.gz,2,CO1 + ND2,Lasiopodomys_gregalis,Mammalia
All vertebrates,1init_data\data\MutSpecVertebrates12.csv.gz,2,CO1 + ND2,Leiothlypis_ruficapilla,Aves
All vertebrates,1init_data\data\MutSpecVertebrates12.csv.gz,2,CO1 + ND2,Lentipes_armatus,Actinopteri
All vertebrates,1init_data\data\MutSpecVertebrates12.csv.gz,2,CO1 + ND2,Lentipes_palawanirufus,Actinopteri
All vertebrates,1init_data\data\MutSpecVertebrates12.csv.gz,2,CO1 + ND2,Lepus_europaeus,Mammalia
All vertebrates,1init_data\data\MutSpecVertebrates12.csv.gz,2,CO1 + ND2,Lutra_lutra,Mammalia
All vertebrates,1init_data\data\MutSpecVertebrates12.csv.gz,2,CO1 + ND2,Macaca_fascicularis,Mammalia
All vertebrates,1init_data\data\MutSpecVertebrates12.csv.gz,2,CO1 + ND2,Macaca_mulatta,Mammalia
All vertebrates,1init_data\data\MutSpecVertebrates12.csv.gz,2,CO1 + ND2,Mammuthus_primigenius,Mammalia
All vertebrates,1init_data\data\MutSpecVertebrates12.csv.gz,2,CO1 + ND2,Manis_javanica,Mammalia
All vertebrates,1init_data\data\MutSpecVertebrates12.csv.gz,2,CO1 + ND2,Martes_americana,Mammalia
All vertebrates,1init_data\data\MutSpecVertebrates12.csv.gz,2,CO1 + ND2,Martes_zibellina,Mammalia
All vertebrates,1init_data\data\MutSpecVertebrates12.csv.gz,2,CO1 + ND2,Menidia_menidia,Actinopteri
All vertebrates,1init_data\data\MutSpecVertebrates12.csv.gz,2,CO1 + ND2,Mesoplodon_grayi,Mammalia
All vertebrates,1init_data\data\MutSpecVertebrates12.csv.gz,2,CO1 + ND2,Microsciurus_flaviventer,Mammalia
All vertebrates,1init_data\data\MutSpecVertebrates12.csv.gz,2,CO1 + ND2,Microtus_richardsoni,Mammalia
All vertebrates,1init_data\data\MutSpecVertebrates12.csv.gz,2,CO1 + ND2,Misgurnus_anguillicaudatus,Actinopteri
All vertebrates,1init_data\data\MutSpecVertebrates12.csv.gz,2,CO1 + ND2,Mus_musculus,Mammalia
All vertebrates,1init_data\data\MutSpecVertebrates12.csv.gz,2,CO1 + ND2,Myodes_glareolus,Mammalia
All vertebrates,1init_data\data\MutSpecVertebrates12.csv.gz,2,CO1 + ND2,Ochotona_cansus,Mammalia
All vertebrates,1init_data\data\MutSpecVertebrates12.csv.gz,2,CO1 + ND2,Ochotona_thibetana,Mammalia
All vertebrates,1init_data\data\MutSpecVertebrates12.csv.gz,2,CO1 + ND2,Odocoileus_virginianus,Mammalia
All vertebrates,1init_data\data\MutSpecVertebrates12.csv.gz,2,CO1 + ND2,Oenanthe_oenanthe,Aves
All vertebrates,1init_data\data\MutSpecVertebrates12.csv.gz,2,CO1 + ND2,Oncorhynchus_clarkii,Actinopteri
All vertebrates,1init_data\data\MutSpecVertebrates12.csv.gz,2,CO1 + ND2,Oreochromis_niloticus,Actinopteri
All vertebrates,1init_data\data\MutSpecVertebrates12.csv.gz,2,CO1 + ND2,Ovis_ammon,Mammalia
All vertebrates,1init_data\data\MutSpecVertebrates12.csv.gz,2,CO1 + ND2,Ovis_aries,Mammalia
All vertebrates,1init_data\data\MutSpecVertebrates12.csv.gz,2,CO1 + ND2,Ovis_orientalis,Mammalia
All vertebrates,1init_data\data\MutSpecVertebrates12.csv.gz,2,CO1 + ND2,Pachyhynobius_shangchengensis,Amphibia
All vertebrates,1init_data\data\MutSpecVertebrates12.csv.gz,2,CO1 + ND2,Pan_paniscus,Mammalia
All vertebrates,1init_data\data\MutSpecVertebrates12.csv.gz,2,CO1 + ND2,Pan_troglodytes,Mammalia
All vertebrates,1init_data\data\MutSpecVertebrates12.csv.gz,2,CO1 + ND2,Panthera_leo,Mammalia
All vertebrates,1init_data\data\MutSpecVertebrates12.csv.gz,2,CO1 + ND2,Panthera_tigris,Mammalia
All vertebrates,1init_data\data\MutSpecVertebrates12.csv.gz,2,CO1 + ND2,Phoca_groenlandica,Mammalia
All vertebrates,1init_data\data\MutSpecVertebrates12.csv.gz,2,CO1 + ND2,Phyllopteryx_taeniolatus,Actinopteri
All vertebrates,1init_data\data\MutSpecVertebrates12.csv.gz,2,CO1 + ND2,Phylloscopus_collybita,Aves
All vertebrates,1init_data\data\MutSpecVertebrates12.csv.gz,2,CO1 + ND2,Picoides_villosus,Aves
All vertebrates,1init_data\data\MutSpecVertebrates12.csv.gz,2,CO1 + ND2,Plecotus_macrobullaris,Mammalia
All vertebrates,1init_data\data\MutSpecVertebrates12.csv.gz,2,CO1 + ND2,Prionailurus_bengalensis,Mammalia
All vertebrates,1init_data\data\MutSpecVertebrates12.csv.gz,2,CO1 + ND2,Procyon_lotor,Mammalia
All vertebrates,1init_data\data\MutSpecVertebrates12.csv.gz,2,CO1 + ND2,Proechimys_guyannensis,Mammalia
All vertebrates,1init_data\data\MutSpecVertebrates12.csv.gz,2,CO1 + ND2,Propithecus_diadema,Mammalia
All vertebrates,1init_data\data\MutSpecVertebrates12.csv.gz,2,CO1 + ND2,Ptychadena_amharensis,Amphibia
All vertebrates,1init_data\data\MutSpecVertebrates12.csv.gz,2,CO1 + ND2,Ptychadena_cooperi,Amphibia
All vertebrates,1init_data\data\MutSpecVertebrates12.csv.gz,2,CO1 + ND2,Ptychadena_erlangeri,Amphibia
All vertebrates,1init_data\data\MutSpecVertebrates12.csv.gz,2,CO1 + ND2,Rusa_unicolor,Mammalia
All vertebrates,1init_data\data\MutSpecVertebrates12.csv.gz,2,CO1 + ND2,Salamandrella_keyserlingii,Amphibia
All vertebrates,1init_data\data\MutSpecVertebrates12.csv.gz,2,CO1 + ND2,Salmo_trutta,Actinopteri
All vertebrates,1init_data\data\MutSpecVertebrates12.csv.gz,2,CO1 + ND2,Sardinella_longiceps,Actinopteri
All vertebrates,1init_data\data\MutSpecVertebrates12.csv.gz,2,CO1 + ND2,Schismatogobius_ampluvinculus,Actinopteri
All vertebrates,1init_data\data\MutSpecVertebrates12.csv.gz,2,CO1 + ND2,Sciurus_anomalus,Mammalia
All vertebrates,1init_data\data\MutSpecVertebrates12.csv.gz,2,CO1 + ND2,Setophaga_coronata,Aves
All vertebrates,1init_data\data\MutSpecVertebrates12.csv.gz,2,CO1 + ND2,Setophaga_pensylvanica,Aves
All vertebrates,1init_data\data\MutSpecVertebrates12.csv.gz,2,CO1 + ND2,Setophaga_tigrina,Aves
All vertebrates,1init_data\data\MutSpecVertebrates12.csv.gz,2,CO1 + ND2,Setophaga_virens,Aves
All vertebrates,1init_data\data\MutSpecVertebrates12.csv.gz,2,CO1 + ND2,Sicista_betulina,Mammalia
All vertebrates,1init_data\data\MutSpecVertebrates12.csv.gz,2,CO1 + ND2,Spilogale_gracilis,Mammalia
All vertebrates,1init_data\data\MutSpecVertebrates12.csv.gz,2,CO1 + ND2,Stenella_attenuata,Mammalia
All vertebrates,1init_data\data\MutSpecVertebrates12.csv.gz,2,CO1 + ND2,Stenella_longirostris,Mammalia
All vertebrates,1init_data\data\MutSpecVertebrates12.csv.gz,2,CO1 + ND2,Stenocephalemys_albipes,Mammalia
All vertebrates,1init_data\data\MutSpecVertebrates12.csv.gz,2,CO1 + ND2,Sus_scrofa,Mammalia
All vertebrates,1init_data\data\MutSpecVertebrates12.csv.gz,2,CO1 + ND2,Symposiachrus_guttula,Aves
All vertebrates,1init_data\data\MutSpecVertebrates12.csv.gz,2,CO1 + ND2,Symposiachrus_trivirgatus,Aves
All vertebrates,1init_data\data\MutSpecVertebrates12.csv.gz,2,CO1 + ND2,Syncerus_caffer,Mammalia
All vertebrates,1init_data\data\MutSpecVertebrates12.csv.gz,2,CO1 + ND2,Thymallus_arcticus,Actinopteri
All vertebrates,1init_data\data\MutSpecVertebrates12.csv.gz,2,CO1 + ND2,Thymallus_thymallus,Actinopteri
All vertebrates,1init_data\data\MutSpecVertebrates12.csv.gz,2,CO1 + ND2,Trachypithecus_phayrei,Mammalia
All vertebrates,1init_data\data\MutSpecVertebrates12.csv.gz,2,CO1 + ND2,Tursiops_truncatus,Mammalia
All vertebrates,1init_data\data\MutSpecVertebrates12.csv.gz,2,CO1 + ND2,Tylototriton_taliangensis,Amphibia
All vertebrates,1init_data\data\MutSpecVertebrates12.csv.gz,2,CO1 + ND2,Urocyon_cinereoargenteus,Mammalia
All vertebrates,1init_data\data\MutSpecVertebrates12.csv.gz,2,CO1 + ND2,Ursus_arctos,Mammalia
All vertebrates,1init_data\data\MutSpecVertebrates12.csv.gz,2,CO1 + ND2,Vireo_olivaceus,Aves
All vertebrates,1init_data\data\MutSpecVertebrates12.csv.gz,2,CO1 + ND2,Vireo_solitarius,Aves
All vertebrates,1init_data\data\MutSpecVertebrates12.csv.gz,2,CO1 + ND2,Ziphius_cavirostris,Mammalia
All vertebrates,1init_data\data\MutSpecVertebrates12.csv.gz,2,CO1 + ND2,Zonotrichia_albicollis,Aves
All vertebrates,1init_data\data\MutSpecVertebrates12.csv.gz,2,CO3 + Cytb,Andrias_davidianus,Amphibia
All vertebrates,1init_data\data\MutSpecVertebrates12.csv.gz,2,CO3 + Cytb,Anguilla_anguilla,Actinopteri
All vertebrates,1init_data\data\MutSpecVertebrates12.csv.gz,2,CO3 + Cytb,Anguilla_rostrata,Actinopteri
All vertebrates,1init_data\data\MutSpecVertebrates12.csv.gz,2,CO3 + Cytb,Balaenoptera_physalus,Mammalia
All vertebrates,1init_data\data\MutSpecVertebrates12.csv.gz,2,CO3 + Cytb,Bison_priscus,Mammalia
All vertebrates,1init_data\data\MutSpecVertebrates12.csv.gz,2,CO3 + Cytb,Bos_taurus,Mammalia
All vertebrates,1init_data\data\MutSpecVertebrates12.csv.gz,2,CO3 + Cytb,Bubalus_bubalis,Mammalia
All vertebrates,1init_data\data\MutSpecVertebrates12.csv.gz,2,CO3 + Cytb,Camelus_dromedarius,Mammalia
All vertebrates,1init_data\data\MutSpecVertebrates12.csv.gz,2,CO3 + Cytb,Canis_latrans,Mammalia
All vertebrates,1init_data\data\MutSpecVertebrates12.csv.gz,2,CO3 + Cytb,Canis_lupus,Mammalia
All vertebrates,1init_data\data\MutSpecVertebrates12.csv.gz,2,CO3 + Cytb,Capra_hircus,Mammalia
All vertebrates,1init_data\data\MutSpecVertebrates12.csv.gz,2,CO3 + Cytb,Carassius_auratus,Actinopteri
All vertebrates,1init_data\data\MutSpecVertebrates12.csv.gz,2,CO3 + Cytb,Cercopithecus_albogularis,Mammalia
All vertebrates,1init_data\data\MutSpecVertebrates12.csv.gz,2,CO3 + Cytb,Certhia_americana,Aves
All vertebrates,1init_data\data\MutSpecVertebrates12.csv.gz,2,CO3 + Cytb,Cervus_elaphus,Mammalia
All vertebrates,1init_data\data\MutSpecVertebrates12.csv.gz,2,CO3 + Cytb,Cervus_nippon,Mammalia
All vertebrates,1init_data\data\MutSpecVertebrates12.csv.gz,2,CO3 + Cytb,Chaenogobius_annularis,Actinopteri
All vertebrates,1init_data\data\MutSpecVertebrates12.csv.gz,2,CO3 + Cytb,Chaetodipus_arenarius,Mammalia
All vertebrates,1init_data\data\MutSpecVertebrates12.csv.gz,2,CO3 + Cytb,Chamaeleo_chamaeleon,Lepidosauria
All vertebrates,1init_data\data\MutSpecVertebrates12.csv.gz,2,CO3 + Cytb,Cinclosoma_clarum,Aves
All vertebrates,1init_data\data\MutSpecVertebrates12.csv.gz,2,CO3 + Cytb,Clupea_harengus,Actinopteri
All vertebrates,1init_data\data\MutSpecVertebrates12.csv.gz,2,CO3 + Cytb,Corvus_splendens,Aves
All vertebrates,1init_data\data\MutSpecVertebrates12.csv.gz,2,CO3 + Cytb,Cricetulus_kamensis,Mammalia
All vertebrates,1init_data\data\MutSpecVertebrates12.csv.gz,2,CO3 + Cytb,Crocidura_suaveolens,Mammalia
All vertebrates,1init_data\data\MutSpecVertebrates12.csv.gz,2,CO3 + Cytb,Crocuta_crocuta,Mammalia
All vertebrates,1init_data\data\MutSpecVertebrates12.csv.gz,2,CO3 + Cytb,Cyprinus_carpio,Actinopteri
All vertebrates,1init_data\data\MutSpecVertebrates12.csv.gz,2,CO3 + Cytb,Dicrostonyx_torquatus,Mammalia
All vertebrates,1init_data\data\MutSpecVertebrates12.csv.gz,2,CO3 + Cytb,Equus_caballus,Mammalia
All vertebrates,1init_data\data\MutSpecVertebrates12.csv.gz,2,CO3 + Cytb,Eurycea_spelaea,Amphibia
All vertebrates,1init_data\data\MutSpecVertebrates12.csv.gz,2,CO3 + Cytb,Gadus_chalcogrammus,Actinopteri
All vertebrates,1init_data\data\MutSpecVertebrates12.csv.gz,2,CO3 + Cytb,Gadus_morhua,Actinopteri
All vertebrates,1init_data\data\MutSpecVertebrates12.csv.gz,2,CO3 + Cytb,Guerlinguetus_aestuans,Mammalia
All vertebrates,1init_data\data\MutSpecVertebrates12.csv.gz,2,CO3 + Cytb,Guerlinguetus_brasiliensis,Mammalia
All vertebrates,1init_data\data\MutSpecVertebrates12.csv.gz,2,CO3 + Cytb,Helarctos_malayanus,Mammalia
All vertebrates,1init_data\data\MutSpecVertebrates12.csv.gz,2,CO3 + Cytb,Hippotragus_equinus,Mammalia
All vertebrates,1init_data\data\MutSpecVertebrates12.csv.gz,2,CO3 + Cytb,Hirundo_rustica,Aves
All vertebrates,1init_data\data\MutSpecVertebrates12.csv.gz,2,CO3 + Cytb,Histiotus_montanus,Mammalia
All vertebrates,1init_data\data\MutSpecVertebrates12.csv.gz,2,CO3 + Cytb,Holbrookia_lacerata,Lepidosauria
All vertebrates,1init_data\data\MutSpecVertebrates12.csv.gz,2,CO3 + Cytb,Homo_sapiens,Mammalia
All vertebrates,1init_data\data\MutSpecVertebrates12.csv.gz,2,CO3 + Cytb,Hoplodactylus_duvaucelii,Lepidosauria
All vertebrates,1init_data\data\MutSpecVertebrates12.csv.gz,2,CO3 + Cytb,Hylomyscus_walterverheyeni,Mammalia
All vertebrates,1init_data\data\MutSpecVertebrates12.csv.gz,2,CO3 + Cytb,Lasiopodomys_anglicus,Mammalia
All vertebrates,1init_data\data\MutSpecVertebrates12.csv.gz,2,CO3 + Cytb,Lasiopodomys_gregalis,Mammalia
All vertebrates,1init_data\data\MutSpecVertebrates12.csv.gz,2,CO3 + Cytb,Leiothlypis_ruficapilla,Aves
All vertebrates,1init_data\data\MutSpecVertebrates12.csv.gz,2,CO3 + Cytb,Lentipes_armatus,Actinopteri
All vertebrates,1init_data\data\MutSpecVertebrates12.csv.gz,2,CO3 + Cytb,Lentipes_palawanirufus,Actinopteri
All vertebrates,1init_data\data\MutSpecVertebrates12.csv.gz,2,CO3 + Cytb,Macaca_fascicularis,Mammalia
All vertebrates,1init_data\data\MutSpecVertebrates12.csv.gz,2,CO3 + Cytb,Macaca_mulatta,Mammalia
All vertebrates,1init_data\data\MutSpecVertebrates12.csv.gz,2,CO3 + Cytb,Mammuthus_primigenius,Mammalia
All vertebrates,1init_data\data\MutSpecVertebrates12.csv.gz,2,CO3 + Cytb,Martes_zibellina,Mammalia
All vertebrates,1init_data\data\MutSpecVertebrates12.csv.gz,2,CO3 + Cytb,Menidia_menidia,Actinopteri
All vertebrates,1init_data\data\MutSpecVertebrates12.csv.gz,2,CO3 + Cytb,Mesoplodon_grayi,Mammalia
All vertebrates,1init_data\data\MutSpecVertebrates12.csv.gz,2,CO3 + Cytb,Microtus_richardsoni,Mammalia
All vertebrates,1init_data\data\MutSpecVertebrates12.csv.gz,2,CO3 + Cytb,Misgurnus_anguillicaudatus,Actinopteri
All vertebrates,1init_data\data\MutSpecVertebrates12.csv.gz,2,CO3 + Cytb,Mus_musculus,Mammalia
All vertebrates,1init_data\data\MutSpecVertebrates12.csv.gz,2,CO3 + Cytb,Myodes_glareolus,Mammalia
All vertebrates,1init_data\data\MutSpecVertebrates12.csv.gz,2,CO3 + Cytb,Ochotona_cansus,Mammalia
All vertebrates,1init_data\data\MutSpecVertebrates12.csv.gz,2,CO3 + Cytb,Ochotona_thibetana,Mammalia
All vertebrates,1init_data\data\MutSpecVertebrates12.csv.gz,2,CO3 + Cytb,Odocoileus_virginianus,Mammalia
All vertebrates,1init_data\data\MutSpecVertebrates12.csv.gz,2,CO3 + Cytb,Oncorhynchus_clarkii,Actinopteri
All vertebrates,1init_data\data\MutSpecVertebrates12.csv.gz,2,CO3 + Cytb,Oryzias_latipes,Actinopteri
All vertebrates,1init_data\data\MutSpecVertebrates12.csv.gz,2,CO3 + Cytb,Ovis_ammon,Mammalia
All vertebrates,1init_data\data\MutSpecVertebrates12.csv.gz,2,CO3 + Cytb,Ovis_aries,Mammalia
All vertebrates,1init_data\data\MutSpecVertebrates12.csv.gz,2,CO3 + Cytb,Pachyhynobius_shangchengensis,Amphibia
All vertebrates,1init_data\data\MutSpecVertebrates12.csv.gz,2,CO3 + Cytb,Pan_troglodytes,Mammalia
All vertebrates,1init_data\data\MutSpecVertebrates12.csv.gz,2,CO3 + Cytb,Panthera_pardus,Mammalia
All vertebrates,1init_data\data\MutSpecVertebrates12.csv.gz,2,CO3 + Cytb,Papio_anubis,Mammalia
All vertebrates,1init_data\data\MutSpecVertebrates12.csv.gz,2,CO3 + Cytb,Peromyscus_maniculatus,Mammalia
All vertebrates,1init_data\data\MutSpecVertebrates12.csv.gz,2,CO3 + Cytb,Phoca_groenlandica,Mammalia
All vertebrates,1init_data\data\MutSpecVertebrates12.csv.gz,2,CO3 + Cytb,Phyllopteryx_taeniolatus,Actinopteri
All vertebrates,1init_data\data\MutSpecVertebrates12.csv.gz,2,CO3 + Cytb,Phylloscopus_collybita,Aves
All vertebrates,1init_data\data\MutSpecVertebrates12.csv.gz,2,CO3 + Cytb,Plecotus_macrobullaris,Mammalia
All vertebrates,1init_data\data\MutSpecVertebrates12.csv.gz,2,CO3 + Cytb,Prionailurus_bengalensis,Mammalia
All vertebrates,1init_data\data\MutSpecVertebrates12.csv.gz,2,CO3 + Cytb,Procyon_lotor,Mammalia
All vertebrates,1init_data\data\MutSpecVertebrates12.csv.gz,2,CO3 + Cytb,Proechimys_cuvieri,Mammalia
All vertebrates,1init_data\data\MutSpecVertebrates12.csv.gz,2,CO3 + Cytb,Proechimys_guyannensis,Mammalia
All vertebrates,1init_data\data\MutSpecVertebrates12.csv.gz,2,CO3 + Cytb,Ptychadena_amharensis,Amphibia
All vertebrates,1init_data\data\MutSpecVertebrates12.csv.gz,2,CO3 + Cytb,Rhinichthys_osculus,Actinopteri
All vertebrates,1init_data\data\MutSpecVertebrates12.csv.gz,2,CO3 + Cytb,Rusa_unicolor,Mammalia
All vertebrates,1init_data\data\MutSpecVertebrates12.csv.gz,2,CO3 + Cytb,Salamandrella_keyserlingii,Amphibia
All vertebrates,1init_data\data\MutSpecVertebrates12.csv.gz,2,CO3 + Cytb,Salmo_trutta,Actinopteri
All vertebrates,1init_data\data\MutSpecVertebrates12.csv.gz,2,CO3 + Cytb,Salvelinus_alpinus,Actinopteri
All vertebrates,1init_data\data\MutSpecVertebrates12.csv.gz,2,CO3 + Cytb,Salvelinus_malma,Actinopteri
All vertebrates,1init_data\data\MutSpecVertebrates12.csv.gz,2,CO3 + Cytb,Sardinella_longiceps,Actinopteri
All vertebrates,1init_data\data\MutSpecVertebrates12.csv.gz,2,CO3 + Cytb,Schismatogobius_ampluvinculus,Actinopteri
All vertebrates,1init_data\data\MutSpecVertebrates12.csv.gz,2,CO3 + Cytb,Setophaga_pensylvanica,Aves
All vertebrates,1init_data\data\MutSpecVertebrates12.csv.gz,2,CO3 + Cytb,Sicista_betulina,Mammalia
All vertebrates,1init_data\data\MutSpecVertebrates12.csv.gz,2,CO3 + Cytb,Spilogale_gracilis,Mammalia
All vertebrates,1init_data\data\MutSpecVertebrates12.csv.gz,2,CO3 + Cytb,Stenella_attenuata,Mammalia
All vertebrates,1init_data\data\MutSpecVertebrates12.csv.gz,2,CO3 + Cytb,Stenella_longirostris,Mammalia
All vertebrates,1init_data\data\MutSpecVertebrates12.csv.gz,2,CO3 + Cytb,Stenocephalemys_albipes,Mammalia
All vertebrates,1init_data\data\MutSpecVertebrates12.csv.gz,2,CO3 + Cytb,Sus_scrofa,Mammalia
All vertebrates,1init_data\data\MutSpecVertebrates12.csv.gz,2,CO3 + Cytb,Syncerus_caffer,Mammalia
All vertebrates,1init_data\data\MutSpecVertebrates12.csv.gz,2,CO3 + Cytb,Thymallus_thymallus,Actinopteri
All vertebrates,1init_data\data\MutSpecVertebrates12.csv.gz,2,CO3 + Cytb,Trachypithecus_phayrei,Mammalia
All vertebrates,1init_data\data\MutSpecVertebrates12.csv.gz,2,CO3 + Cytb,Tragelaphus_scriptus,Mammalia
All vertebrates,1init_data\data\MutSpecVertebrates12.csv.gz,2,CO3 + Cytb,Tursiops_truncatus,Mammalia
All vertebrates,1init_data\data\MutSpecVertebrates12.csv.gz,2,CO3 + Cytb,Urocyon_cinereoargenteus,Mammalia
All vertebrates,1init_data\data\MutSpecVertebrates12.csv.gz,2,CO3 + Cytb,Ursus_arctos,Mammalia
All vertebrates,1init_data\data\MutSpecVertebrates12.csv.gz,2,CO3 + Cytb,Vireo_olivaceus,Aves
All vertebrates,1init_data\data\MutSpecVertebrates12.csv.gz,2,CO3 + ND2,Andrias_davidianus,Amphibia
All vertebrates,1init_data\data\MutSpecVertebrates12.csv.gz,2,CO3 + ND2,Anguilla_anguilla,Actinopteri
All vertebrates,1init_data\data\MutSpecVertebrates12.csv.gz,2,CO3 + ND2,Anguilla_rostrata,Actinopteri
All vertebrates,1init_data\data\MutSpecVertebrates12.csv.gz,2,CO3 + ND2,Balaenoptera_physalus,Mammalia
All vertebrates,1init_data\data\MutSpecVertebrates12.csv.gz,2,CO3 + ND2,Bison_priscus,Mammalia
All vertebrates,1init_data\data\MutSpecVertebrates12.csv.gz,2,CO3 + ND2,Bos_taurus,Mammalia
All vertebrates,1init_data\data\MutSpecVertebrates12.csv.gz,2,CO3 + ND2,Camelus_dromedarius,Mammalia
All vertebrates,1init_data\data\MutSpecVertebrates12.csv.gz,2,CO3 + ND2,Canis_latrans,Mammalia
All vertebrates,1init_data\data\MutSpecVertebrates12.csv.gz,2,CO3 + ND2,Canis_lupus,Mammalia
All vertebrates,1init_data\data\MutSpecVertebrates12.csv.gz,2,CO3 + ND2,Capra_hircus,Mammalia
All vertebrates,1init_data\data\MutSpecVertebrates12.csv.gz,2,CO3 + ND2,Carassius_auratus,Actinopteri
All vertebrates,1init_data\data\MutSpecVertebrates12.csv.gz,2,CO3 + ND2,Cercopithecus_albogularis,Mammalia
All vertebrates,1init_data\data\MutSpecVertebrates12.csv.gz,2,CO3 + ND2,Certhia_americana,Aves
All vertebrates,1init_data\data\MutSpecVertebrates12.csv.gz,2,CO3 + ND2,Cervus_elaphus,Mammalia
All vertebrates,1init_data\data\MutSpecVertebrates12.csv.gz,2,CO3 + ND2,Chaenogobius_annularis,Actinopteri
All vertebrates,1init_data\data\MutSpecVertebrates12.csv.gz,2,CO3 + ND2,Chaetodipus_hispidus,Mammalia
All vertebrates,1init_data\data\MutSpecVertebrates12.csv.gz,2,CO3 + ND2,Chamaeleo_chamaeleon,Lepidosauria
All vertebrates,1init_data\data\MutSpecVertebrates12.csv.gz,2,CO3 + ND2,Cinclosoma_clarum,Aves
All vertebrates,1init_data\data\MutSpecVertebrates12.csv.gz,2,CO3 + ND2,Clupea_harengus,Actinopteri
All vertebrates,1init_data\data\MutSpecVertebrates12.csv.gz,2,CO3 + ND2,Corvus_splendens,Aves
All vertebrates,1init_data\data\MutSpecVertebrates12.csv.gz,2,CO3 + ND2,Crocidura_suaveolens,Mammalia
All vertebrates,1init_data\data\MutSpecVertebrates12.csv.gz,2,CO3 + ND2,Crocuta_crocuta,Mammalia
All vertebrates,1init_data\data\MutSpecVertebrates12.csv.gz,2,CO3 + ND2,Cyprinus_carpio,Actinopteri
All vertebrates,1init_data\data\MutSpecVertebrates12.csv.gz,2,CO3 + ND2,Dicrostonyx_torquatus,Mammalia
All vertebrates,1init_data\data\MutSpecVertebrates12.csv.gz,2,CO3 + ND2,Equus_caballus,Mammalia
All vertebrates,1init_data\data\MutSpecVertebrates12.csv.gz,2,CO3 + ND2,Eurycea_spelaea,Amphibia
All vertebrates,1init_data\data\MutSpecVertebrates12.csv.gz,2,CO3 + ND2,Gadus_chalcogrammus,Actinopteri
All vertebrates,1init_data\data\MutSpecVertebrates12.csv.gz,2,CO3 + ND2,Gadus_morhua,Actinopteri
All vertebrates,1init_data\data\MutSpecVertebrates12.csv.gz,2,CO3 + ND2,Guerlinguetus_aestuans,Mammalia
All vertebrates,1init_data\data\MutSpecVertebrates12.csv.gz,2,CO3 + ND2,Guerlinguetus_brasiliensis,Mammalia
All vertebrates,1init_data\data\MutSpecVertebrates12.csv.gz,2,CO3 + ND2,Helarctos_malayanus,Mammalia
All vertebrates,1init_data\data\MutSpecVertebrates12.csv.gz,2,CO3 + ND2,Hippotragus_equinus,Mammalia
All vertebrates,1init_data\data\MutSpecVertebrates12.csv.gz,2,CO3 + ND2,Hirundo_rustica,Aves
All vertebrates,1init_data\data\MutSpecVertebrates12.csv.gz,2,CO3 + ND2,Holbrookia_lacerata,Lepidosauria
All vertebrates,1init_data\data\MutSpecVertebrates12.csv.gz,2,CO3 + ND2,Homo_sapiens,Mammalia
All vertebrates,1init_data\data\MutSpecVertebrates12.csv.gz,2,CO3 + ND2,Hoplodactylus_duvaucelii,Lepidosauria
All vertebrates,1init_data\data\MutSpecVertebrates12.csv.gz,2,CO3 + ND2,Hylomyscus_walterverheyeni,Mammalia
All vertebrates,1init_data\data\MutSpecVertebrates12.csv.gz,2,CO3 + ND2,Lasiopodomys_anglicus,Mammalia
All vertebrates,1init_data\data\MutSpecVertebrates12.csv.gz,2,CO3 + ND2,Lasiopodomys_gregalis,Mammalia
All vertebrates,1init_data\data\MutSpecVertebrates12.csv.gz,2,CO3 + ND2,Leiothlypis_ruficapilla,Aves
All vertebrates,1init_data\data\MutSpecVertebrates12.csv.gz,2,CO3 + ND2,Lentipes_armatus,Actinopteri
All vertebrates,1init_data\data\MutSpecVertebrates12.csv.gz,2,CO3 + ND2,Lentipes_palawanirufus,Actinopteri
All vertebrates,1init_data\data\MutSpecVertebrates12.csv.gz,2,CO3 + ND2,Macaca_fascicularis,Mammalia
All vertebrates,1init_data\data\MutSpecVertebrates12.csv.gz,2,CO3 + ND2,Macaca_mulatta,Mammalia
All vertebrates,1init_data\data\MutSpecVertebrates12.csv.gz,2,CO3 + ND2,Mammuthus_primigenius,Mammalia
All vertebrates,1init_data\data\MutSpecVertebrates12.csv.gz,2,CO3 + ND2,Martes_zibellina,Mammalia
All vertebrates,1init_data\data\MutSpecVertebrates12.csv.gz,2,CO3 + ND2,Menidia_menidia,Actinopteri
All vertebrates,1init_data\data\MutSpecVertebrates12.csv.gz,2,CO3 + ND2,Mesoplodon_grayi,Mammalia
All vertebrates,1init_data\data\MutSpecVertebrates12.csv.gz,2,CO3 + ND2,Microsciurus_flaviventer,Mammalia
All vertebrates,1init_data\data\MutSpecVertebrates12.csv.gz,2,CO3 + ND2,Microtus_richardsoni,Mammalia
All vertebrates,1init_data\data\MutSpecVertebrates12.csv.gz,2,CO3 + ND2,Misgurnus_anguillicaudatus,Actinopteri
All vertebrates,1init_data\data\MutSpecVertebrates12.csv.gz,2,CO3 + ND2,Mus_musculus,Mammalia
All vertebrates,1init_data\data\MutSpecVertebrates12.csv.gz,2,CO3 + ND2,Myodes_glareolus,Mammalia
All vertebrates,1init_data\data\MutSpecVertebrates12.csv.gz,2,CO3 + ND2,Ochotona_cansus,Mammalia
All vertebrates,1init_data\data\MutSpecVertebrates12.csv.gz,2,CO3 + ND2,Ochotona_thibetana,Mammalia
All vertebrates,1init_data\data\MutSpecVertebrates12.csv.gz,2,CO3 + ND2,Odocoileus_virginianus,Mammalia
All vertebrates,1init_data\data\MutSpecVertebrates12.csv.gz,2,CO3 + ND2,Oncorhynchus_clarkii,Actinopteri
All vertebrates,1init_data\data\MutSpecVertebrates12.csv.gz,2,CO3 + ND2,Oryzias_latipes,Actinopteri
All vertebrates,1init_data\data\MutSpecVertebrates12.csv.gz,2,CO3 + ND2,Ovis_ammon,Mammalia
All vertebrates,1init_data\data\MutSpecVertebrates12.csv.gz,2,CO3 + ND2,Ovis_aries,Mammalia
All vertebrates,1init_data\data\MutSpecVertebrates12.csv.gz,2,CO3 + ND2,Pachyhynobius_shangchengensis,Amphibia
All vertebrates,1init_data\data\MutSpecVertebrates12.csv.gz,2,CO3 + ND2,Pan_troglodytes,Mammalia
All vertebrates,1init_data\data\MutSpecVertebrates12.csv.gz,2,CO3 + ND2,Panthera_pardus,Mammalia
All vertebrates,1init_data\data\MutSpecVertebrates12.csv.gz,2,CO3 + ND2,Phoca_groenlandica,Mammalia
All vertebrates,1init_data\data\MutSpecVertebrates12.csv.gz,2,CO3 + ND2,Phyllopteryx_taeniolatus,Actinopteri
All vertebrates,1init_data\data\MutSpecVertebrates12.csv.gz,2,CO3 + ND2,Phylloscopus_collybita,Aves
All vertebrates,1init_data\data\MutSpecVertebrates12.csv.gz,2,CO3 + ND2,Plecotus_macrobullaris,Mammalia
All vertebrates,1init_data\data\MutSpecVertebrates12.csv.gz,2,CO3 + ND2,Prionailurus_bengalensis,Mammalia
All vertebrates,1init_data\data\MutSpecVertebrates12.csv.gz,2,CO3 + ND2,Procyon_lotor,Mammalia
All vertebrates,1init_data\data\MutSpecVertebrates12.csv.gz,2,CO3 + ND2,Proechimys_cuvieri,Mammalia
All vertebrates,1init_data\data\MutSpecVertebrates12.csv.gz,2,CO3 + ND2,Proechimys_guyannensis,Mammalia
All vertebrates,1init_data\data\MutSpecVertebrates12.csv.gz,2,CO3 + ND2,Ptychadena_amharensis,Amphibia
All vertebrates,1init_data\data\MutSpecVertebrates12.csv.gz,2,CO3 + ND2,Ptychadena_erlangeri,Amphibia
All vertebrates,1init_data\data\MutSpecVertebrates12.csv.gz,2,CO3 + ND2,Rusa_unicolor,Mammalia
All vertebrates,1init_data\data\MutSpecVertebrates12.csv.gz,2,CO3 + ND2,Salamandrella_keyserlingii,Amphibia
All vertebrates,1init_data\data\MutSpecVertebrates12.csv.gz,2,CO3 + ND2,Salmo_trutta,Actinopteri
All vertebrates,1init_data\data\MutSpecVertebrates12.csv.gz,2,CO3 + ND2,Salvelinus_alpinus,Actinopteri
All vertebrates,1init_data\data\MutSpecVertebrates12.csv.gz,2,CO3 + ND2,Sardinella_longiceps,Actinopteri
All vertebrates,1init_data\data\MutSpecVertebrates12.csv.gz,2,CO3 + ND2,Schismatogobius_ampluvinculus,Actinopteri
All vertebrates,1init_data\data\MutSpecVertebrates12.csv.gz,2,CO3 + ND2,Setophaga_pensylvanica,Aves
All vertebrates,1init_data\data\MutSpecVertebrates12.csv.gz,2,CO3 + ND2,Sicista_betulina,Mammalia
All vertebrates,1init_data\data\MutSpecVertebrates12.csv.gz,2,CO3 + ND2,Spilogale_gracilis,Mammalia
All vertebrates,1init_data\data\MutSpecVertebrates12.csv.gz,2,CO3 + ND2,Stenella_attenuata,Mammalia
All vertebrates,1init_data\data\MutSpecVertebrates12.csv.gz,2,CO3 + ND2,Stenella_longirostris,Mammalia
All vertebrates,1init_data\data\MutSpecVertebrates12.csv.gz,2,CO3 + ND2,Stenocephalemys_albipes,Mammalia
All vertebrates,1init_data\data\MutSpecVertebrates12.csv.gz,2,CO3 + ND2,Sus_scrofa,Mammalia
All vertebrates,1init_data\data\MutSpecVertebrates12.csv.gz,2,CO3 + ND2,Syncerus_caffer,Mammalia
All vertebrates,1init_data\data\MutSpecVertebrates12.csv.gz,2,CO3 + ND2,Thymallus_thymallus,Actinopteri
All vertebrates,1init_data\data\MutSpecVertebrates12.csv.gz,2,CO3 + ND2,Trachypithecus_phayrei,Mammalia
All vertebrates,1init_data\data\MutSpecVertebrates12.csv.gz,2,CO3 + ND2,Tragelaphus_scriptus,Mammalia
All vertebrates,1init_data\data\MutSpecVertebrates12.csv.gz,2,CO3 + ND2,Tursiops_truncatus,Mammalia
All vertebrates,1init_data\data\MutSpecVertebrates12.csv.gz,2,CO3 + ND2,Urocyon_cinereoargenteus,Mammalia
All vertebrates,1init_data\data\MutSpecVertebrates12.csv.gz,2,CO3 + ND2,Ursus_arctos,Mammalia
All vertebrates,1init_data\data\MutSpecVertebrates12.csv.gz,2,CO3 + ND2,Vireo_olivaceus,Aves
All vertebrates,1init_data\data\MutSpecVertebrates12.csv.gz,2,Cytb + ND2,Adelomyia_melanogenys,Aves
All vertebrates,1init_data\data\MutSpecVertebrates12.csv.gz,2,Cytb + ND2,Aeorestes_cinereus,Mammalia
All vertebrates,1init_data\data\MutSpecVertebrates12.csv.gz,2,Cytb + ND2,Aerodramus_fuciphagus,Aves
All vertebrates,1init_data\data\MutSpecVertebrates12.csv.gz,2,Cytb + ND2,Alces_alces,Mammalia
All vertebrates,1init_data\data\MutSpecVertebrates12.csv.gz,2,Cytb + ND2,Andrias_davidianus,Amphibia
All vertebrates,1init_data\data\MutSpecVertebrates12.csv.gz,2,Cytb + ND2,Anguilla_anguilla,Actinopteri
All vertebrates,1init_data\data\MutSpecVertebrates12.csv.gz,2,Cytb + ND2,Anguilla_rostrata,Actinopteri
All vertebrates,1init_data\data\MutSpecVertebrates12.csv.gz,2,Cytb + ND2,Anolis_cooki,Lepidosauria
All vertebrates,1init_data\data\MutSpecVertebrates12.csv.gz,2,Cytb + ND2,Anourosorex_squamipes,Mammalia
All vertebrates,1init_data\data\MutSpecVertebrates12.csv.gz,2,Cytb + ND2,Apodemus_agrarius,Mammalia
All vertebrates,1init_data\data\MutSpecVertebrates12.csv.gz,2,Cytb + ND2,Astyanax_mexicanus,Actinopteri
All vertebrates,1init_data\data\MutSpecVertebrates12.csv.gz,2,Cytb + ND2,Ateles_chamek,Mammalia
All vertebrates,1init_data\data\MutSpecVertebrates12.csv.gz,2,Cytb + ND2,Baiomys_taylori,Mammalia
All vertebrates,1init_data\data\MutSpecVertebrates12.csv.gz,2,Cytb + ND2,Balaenoptera_musculus,Mammalia
All vertebrates,1init_data\data\MutSpecVertebrates12.csv.gz,2,Cytb + ND2,Balaenoptera_physalus,Mammalia
All vertebrates,1init_data\data\MutSpecVertebrates12.csv.gz,2,Cytb + ND2,Bison_priscus,Mammalia
All vertebrates,1init_data\data\MutSpecVertebrates12.csv.gz,2,Cytb + ND2,Boreogadus_saida,Actinopteri
All vertebrates,1init_data\data\MutSpecVertebrates12.csv.gz,2,Cytb + ND2,Bos_taurus,Mammalia
All vertebrates,1init_data\data\MutSpecVertebrates12.csv.gz,2,Cytb + ND2,Cacajao_calvus,Mammalia
All vertebrates,1init_data\data\MutSpecVertebrates12.csv.gz,2,Cytb + ND2,Camelus_dromedarius,Mammalia
All vertebrates,1init_data\data\MutSpecVertebrates12.csv.gz,2,Cytb + ND2,Campylorhynchus_rufinucha,Aves
All vertebrates,1init_data\data\MutSpecVertebrates12.csv.gz,2,Cytb + ND2,Canis_latrans,Mammalia
All vertebrates,1init_data\data\MutSpecVertebrates12.csv.gz,2,Cytb + ND2,Canis_lupus,Mammalia
All vertebrates,1init_data\data\MutSpecVertebrates12.csv.gz,2,Cytb + ND2,Capra_hircus,Mammalia
All vertebrates,1init_data\data\MutSpecVertebrates12.csv.gz,2,Cytb + ND2,Capreolus_capreolus,Mammalia
All vertebrates,1init_data\data\MutSpecVertebrates12.csv.gz,2,Cytb + ND2,Capreolus_pygargus,Mammalia
All vertebrates,1init_data\data\MutSpecVertebrates12.csv.gz,2,Cytb + ND2,Carassius_auratus,Actinopteri
All vertebrates,1init_data\data\MutSpecVertebrates12.csv.gz,2,Cytb + ND2,Cardinalis_cardinalis,Aves
All vertebrates,1init_data\data\MutSpecVertebrates12.csv.gz,2,Cytb + ND2,Catharus_frantzii,Aves
All vertebrates,1init_data\data\MutSpecVertebrates12.csv.gz,2,Cytb + ND2,Catharus_fuscescens,Aves
All vertebrates,1init_data\data\MutSpecVertebrates12.csv.gz,2,Cytb + ND2,Catharus_ustulatus,Aves
All vertebrates,1init_data\data\MutSpecVertebrates12.csv.gz,2,Cytb + ND2,Catostomus_ardens,Actinopteri
All vertebrates,1init_data\data\MutSpecVertebrates12.csv.gz,2,Cytb + ND2,Catostomus_discobolus,Actinopteri
All vertebrates,1init_data\data\MutSpecVertebrates12.csv.gz,2,Cytb + ND2,Catostomus_occidentalis,Actinopteri
All vertebrates,1init_data\data\MutSpecVertebrates12.csv.gz,2,Cytb + ND2,Cercopithecus_albogularis,Mammalia
All vertebrates,1init_data\data\MutSpecVertebrates12.csv.gz,2,Cytb + ND2,Certhia_americana,Aves
All vertebrates,1init_data\data\MutSpecVertebrates12.csv.gz,2,Cytb + ND2,Cervus_elaphus,Mammalia
All vertebrates,1init_data\data\MutSpecVertebrates12.csv.gz,2,Cytb + ND2,Chaenogobius_annularis,Actinopteri
All vertebrates,1init_data\data\MutSpecVertebrates12.csv.gz,2,Cytb + ND2,Chamaeleo_chamaeleon,Lepidosauria
All vertebrates,1init_data\data\MutSpecVertebrates12.csv.gz,2,Cytb + ND2,Cinclosoma_clarum,Aves
All vertebrates,1init_data\data\MutSpecVertebrates12.csv.gz,2,Cytb + ND2,Cinclus_cinclus,Aves
All vertebrates,1init_data\data\MutSpecVertebrates12.csv.gz,2,Cytb + ND2,Clupea_harengus,Actinopteri
All vertebrates,1init_data\data\MutSpecVertebrates12.csv.gz,2,Cytb + ND2,Collocalia_esculenta,Aves
All vertebrates,1init_data\data\MutSpecVertebrates12.csv.gz,2,Cytb + ND2,Copsychus_saularis,Aves
All vertebrates,1init_data\data\MutSpecVertebrates12.csv.gz,2,Cytb + ND2,Corvus_corax,Aves
All vertebrates,1init_data\data\MutSpecVertebrates12.csv.gz,2,Cytb + ND2,Corvus_splendens,Aves
All vertebrates,1init_data\data\MutSpecVertebrates12.csv.gz,2,Cytb + ND2,Criniger_calurus,Aves
All vertebrates,1init_data\data\MutSpecVertebrates12.csv.gz,2,Cytb + ND2,Crocidura_beatus,Mammalia
All vertebrates,1init_data\data\MutSpecVertebrates12.csv.gz,2,Cytb + ND2,Crocidura_grayi,Mammalia
All vertebrates,1init_data\data\MutSpecVertebrates12.csv.gz,2,Cytb + ND2,Crocidura_leucodon,Mammalia
All vertebrates,1init_data\data\MutSpecVertebrates12.csv.gz,2,Cytb + ND2,Crocidura_suaveolens,Mammalia
All vertebrates,1init_data\data\MutSpecVertebrates12.csv.gz,2,Cytb + ND2,Crocuta_crocuta,Mammalia
All vertebrates,1init_data\data\MutSpecVertebrates12.csv.gz,2,Cytb + ND2,Cyanopica_cyanus,Aves
All vertebrates,1init_data\data\MutSpecVertebrates12.csv.gz,2,Cytb + ND2,Cymbilaimus_lineatus,Aves
All vertebrates,1init_data\data\MutSpecVertebrates12.csv.gz,2,Cytb + ND2,Cynops_orientalis,Amphibia
All vertebrates,1init_data\data\MutSpecVertebrates12.csv.gz,2,Cytb + ND2,Cyprinodon_variegatus,Actinopteri
All vertebrates,1init_data\data\MutSpecVertebrates12.csv.gz,2,Cytb + ND2,Cyprinus_carpio,Actinopteri
All vertebrates,1init_data\data\MutSpecVertebrates12.csv.gz,2,Cytb + ND2,Dendrocincla_fuliginosa,Aves
All vertebrates,1init_data\data\MutSpecVertebrates12.csv.gz,2,Cytb + ND2,Dendrocolaptes_certhia,Aves
All vertebrates,1init_data\data\MutSpecVertebrates12.csv.gz,2,Cytb + ND2,Dendromus_insignis,Mammalia
All vertebrates,1init_data\data\MutSpecVertebrates12.csv.gz,2,Cytb + ND2,Dendromus_nyasae,Mammalia
All vertebrates,1init_data\data\MutSpecVertebrates12.csv.gz,2,Cytb + ND2,Dicrostonyx_torquatus,Mammalia
All vertebrates,1init_data\data\MutSpecVertebrates12.csv.gz,2,Cytb + ND2,Dremomys_rufigenis,Mammalia
All vertebrates,1init_data\data\MutSpecVertebrates12.csv.gz,2,Cytb + ND2,Eleotris_fusca,Actinopteri
All vertebrates,1init_data\data\MutSpecVertebrates12.csv.gz,2,Cytb + ND2,Empidonax_alnorum,Aves
All vertebrates,1init_data\data\MutSpecVertebrates12.csv.gz,2,Cytb + ND2,Empidonax_flaviventris,Aves
All vertebrates,1init_data\data\MutSpecVertebrates12.csv.gz,2,Cytb + ND2,Empidonax_minimus,Aves
All vertebrates,1init_data\data\MutSpecVertebrates12.csv.gz,2,Cytb + ND2,Equus_asinus,Mammalia
All vertebrates,1init_data\data\MutSpecVertebrates12.csv.gz,2,Cytb + ND2,Equus_caballus,Mammalia
All vertebrates,1init_data\data\MutSpecVertebrates12.csv.gz,2,Cytb + ND2,Etheostoma_basilare,Actinopteri
All vertebrates,1init_data\data\MutSpecVertebrates12.csv.gz,2,Cytb + ND2,Etheostoma_bison,Actinopteri
All vertebrates,1init_data\data\MutSpecVertebrates12.csv.gz,2,Cytb + ND2,Etheostoma_caeruleum,Actinopteri
All vertebrates,1init_data\data\MutSpecVertebrates12.csv.gz,2,Cytb + ND2,Etheostoma_lawrencei,Actinopteri
All vertebrates,1init_data\data\MutSpecVertebrates12.csv.gz,2,Cytb + ND2,Etheostoma_microperca,Actinopteri
All vertebrates,1init_data\data\MutSpecVertebrates12.csv.gz,2,Cytb + ND2,Eurycea_chamberlaini,Amphibia
All vertebrates,1init_data\data\MutSpecVertebrates12.csv.gz,2,Cytb + ND2,Eurycea_quadridigitata,Amphibia
All vertebrates,1init_data\data\MutSpecVertebrates12.csv.gz,2,Cytb + ND2,Eurycea_spelaea,Amphibia
All vertebrates,1init_data\data\MutSpecVertebrates12.csv.gz,2,Cytb + ND2,Felis_catus,Mammalia
All vertebrates,1init_data\data\MutSpecVertebrates12.csv.gz,2,Cytb + ND2,Ficedula_hyperythra,Aves
All vertebrates,1init_data\data\MutSpecVertebrates12.csv.gz,2,Cytb + ND2,Gadus_chalcogrammus,Actinopteri
All vertebrates,1init_data\data\MutSpecVertebrates12.csv.gz,2,Cytb + ND2,Gadus_morhua,Actinopteri
All vertebrates,1init_data\data\MutSpecVertebrates12.csv.gz,2,Cytb + ND2,Garrulax_canorus,Aves
All vertebrates,1init_data\data\MutSpecVertebrates12.csv.gz,2,Cytb + ND2,Garrulax_chinensis,Aves
All vertebrates,1init_data\data\MutSpecVertebrates12.csv.gz,2,Cytb + ND2,Garrulus_glandarius,Aves
All vertebrates,1init_data\data\MutSpecVertebrates12.csv.gz,2,Cytb + ND2,Geothlypis_philadelphia,Aves
All vertebrates,1init_data\data\MutSpecVertebrates12.csv.gz,2,Cytb + ND2,Glyphorynchus_spirurus,Aves
All vertebrates,1init_data\data\MutSpecVertebrates12.csv.gz,2,Cytb + ND2,Goniurosaurus_kuroiwae,Lepidosauria
All vertebrates,1init_data\data\MutSpecVertebrates12.csv.gz,2,Cytb + ND2,Guerlinguetus_aestuans,Mammalia
All vertebrates,1init_data\data\MutSpecVertebrates12.csv.gz,2,Cytb + ND2,Guerlinguetus_brasiliensis,Mammalia
All vertebrates,1init_data\data\MutSpecVertebrates12.csv.gz,2,Cytb + ND2,Gymnocypris_waddellii,Actinopteri
All vertebrates,1init_data\data\MutSpecVertebrates12.csv.gz,2,Cytb + ND2,Helarctos_malayanus,Mammalia
All vertebrates,1init_data\data\MutSpecVertebrates12.csv.gz,2,Cytb + ND2,Henicorhina_leucosticta,Aves
All vertebrates,1init_data\data\MutSpecVertebrates12.csv.gz,2,Cytb + ND2,Hippotragus_equinus,Mammalia
All vertebrates,1init_data\data\MutSpecVertebrates12.csv.gz,2,Cytb + ND2,Hippotragus_niger,Mammalia
All vertebrates,1init_data\data\MutSpecVertebrates12.csv.gz,2,Cytb + ND2,Hirundo_rustica,Aves
All vertebrates,1init_data\data\MutSpecVertebrates12.csv.gz,2,Cytb + ND2,Holbrookia_lacerata,Lepidosauria
All vertebrates,1init_data\data\MutSpecVertebrates12.csv.gz,2,Cytb + ND2,Homo_sapiens,Mammalia
All vertebrates,1init_data\data\MutSpecVertebrates12.csv.gz,2,Cytb + ND2,Hoplodactylus_duvaucelii,Lepidosauria
All vertebrates,1init_data\data\MutSpecVertebrates12.csv.gz,2,Cytb + ND2,Hylexetastes_perrotii,Aves
All vertebrates,1init_data\data\MutSpecVertebrates12.csv.gz,2,Cytb + ND2,Hylomyscus_aeta,Mammalia
All vertebrates,1init_data\data\MutSpecVertebrates12.csv.gz,2,Cytb + ND2,Hylomyscus_stella,Mammalia
All vertebrates,1init_data\data\MutSpecVertebrates12.csv.gz,2,Cytb + ND2,Hylomyscus_walterverheyeni,Mammalia
All vertebrates,1init_data\data\MutSpecVertebrates12.csv.gz,2,Cytb + ND2,Hylophylax_naevius,Aves
All vertebrates,1init_data\data\MutSpecVertebrates12.csv.gz,2,Cytb + ND2,Lasiopodomys_anglicus,Mammalia
All vertebrates,1init_data\data\MutSpecVertebrates12.csv.gz,2,Cytb + ND2,Lasiopodomys_gregalis,Mammalia
All vertebrates,1init_data\data\MutSpecVertebrates12.csv.gz,2,Cytb + ND2,Leiothlypis_ruficapilla,Aves
All vertebrates,1init_data\data\MutSpecVertebrates12.csv.gz,2,Cytb + ND2,Lentipes_armatus,Actinopteri
All vertebrates,1init_data\data\MutSpecVertebrates12.csv.gz,2,Cytb + ND2,Lentipes_palawanirufus,Actinopteri
All vertebrates,1init_data\data\MutSpecVertebrates12.csv.gz,2,Cytb + ND2,Lepus_europaeus,Mammalia
All vertebrates,1init_data\data\MutSpecVertebrates12.csv.gz,2,Cytb + ND2,Lepus_timidus,Mammalia
All vertebrates,1init_data\data\MutSpecVertebrates12.csv.gz,2,Cytb + ND2,Loxodonta_cyclotis,Mammalia
All vertebrates,1init_data\data\MutSpecVertebrates12.csv.gz,2,Cytb + ND2,Luciobarbus_sclateri,Actinopteri
All vertebrates,1init_data\data\MutSpecVertebrates12.csv.gz,2,Cytb + ND2,Lutra_lutra,Mammalia
All vertebrates,1init_data\data\MutSpecVertebrates12.csv.gz,2,Cytb + ND2,Macaca_fascicularis,Mammalia
All vertebrates,1init_data\data\MutSpecVertebrates12.csv.gz,2,Cytb + ND2,Macaca_mulatta,Mammalia
All vertebrates,1init_data\data\MutSpecVertebrates12.csv.gz,2,Cytb + ND2,Mammuthus_primigenius,Mammalia
All vertebrates,1init_data\data\MutSpecVertebrates12.csv.gz,2,Cytb + ND2,Manis_javanica,Mammalia
All vertebrates,1init_data\data\MutSpecVertebrates12.csv.gz,2,Cytb + ND2,Martes_americana,Mammalia
All vertebrates,1init_data\data\MutSpecVertebrates12.csv.gz,2,Cytb + ND2,Martes_melampus,Mammalia
All vertebrates,1init_data\data\MutSpecVertebrates12.csv.gz,2,Cytb + ND2,Martes_zibellina,Mammalia
All vertebrates,1init_data\data\MutSpecVertebrates12.csv.gz,2,Cytb + ND2,Melanotaenia_goldiei,Actinopteri
All vertebrates,1init_data\data\MutSpecVertebrates12.csv.gz,2,Cytb + ND2,Menidia_menidia,Actinopteri
All vertebrates,1init_data\data\MutSpecVertebrates12.csv.gz,2,Cytb + ND2,Mesoplodon_grayi,Mammalia
All vertebrates,1init_data\data\MutSpecVertebrates12.csv.gz,2,Cytb + ND2,Microtus_richardsoni,Mammalia
All vertebrates,1init_data\data\MutSpecVertebrates12.csv.gz,2,Cytb + ND2,Miniopterus_schreibersii,Mammalia
All vertebrates,1init_data\data\MutSpecVertebrates12.csv.gz,2,Cytb + ND2,Mionectes_oleagineus,Aves
All vertebrates,1init_data\data\MutSpecVertebrates12.csv.gz,2,Cytb + ND2,Misgurnus_anguillicaudatus,Actinopteri
All vertebrates,1init_data\data\MutSpecVertebrates12.csv.gz,2,Cytb + ND2,Mus_musculus,Mammalia
All vertebrates,1init_data\data\MutSpecVertebrates12.csv.gz,2,Cytb + ND2,Mustela_erminea,Mammalia
All vertebrates,1init_data\data\MutSpecVertebrates12.csv.gz,2,Cytb + ND2,Mustela_nivalis,Mammalia
All vertebrates,1init_data\data\MutSpecVertebrates12.csv.gz,2,Cytb + ND2,Myioborus_miniatus,Aves
All vertebrates,1init_data\data\MutSpecVertebrates12.csv.gz,2,Cytb + ND2,Myodes_glareolus,Mammalia
All vertebrates,1init_data\data\MutSpecVertebrates12.csv.gz,2,Cytb + ND2,Myrmotherula_axillaris,Aves
All vertebrates,1init_data\data\MutSpecVertebrates12.csv.gz,2,Cytb + ND2,Nannoperca_australis,Actinopteri
All vertebrates,1init_data\data\MutSpecVertebrates12.csv.gz,2,Cytb + ND2,Natrix_natrix,Lepidosauria
All vertebrates,1init_data\data\MutSpecVertebrates12.csv.gz,2,Cytb + ND2,Natrix_tessellata,Lepidosauria
All vertebrates,1init_data\data\MutSpecVertebrates12.csv.gz,2,Cytb + ND2,Ochotona_cansus,Mammalia
All vertebrates,1init_data\data\MutSpecVertebrates12.csv.gz,2,Cytb + ND2,Ochotona_thibetana,Mammalia
All vertebrates,1init_data\data\MutSpecVertebrates12.csv.gz,2,Cytb + ND2,Odocoileus_virginianus,Mammalia
All vertebrates,1init_data\data\MutSpecVertebrates12.csv.gz,2,Cytb + ND2,Oenanthe_oenanthe,Aves
All vertebrates,1init_data\data\MutSpecVertebrates12.csv.gz,2,Cytb + ND2,Oncorhynchus_clarkii,Actinopteri
All vertebrates,1init_data\data\MutSpecVertebrates12.csv.gz,2,Cytb + ND2,Oncorhynchus_gorbuscha,Actinopteri
All vertebrates,1init_data\data\MutSpecVertebrates12.csv.gz,2,Cytb + ND2,Oncorhynchus_mykiss,Actinopteri
All vertebrates,1init_data\data\MutSpecVertebrates12.csv.gz,2,Cytb + ND2,Oryzias_latipes,Actinopteri
All vertebrates,1init_data\data\MutSpecVertebrates12.csv.gz,2,Cytb + ND2,Oryzias_nebulosus,Actinopteri
All vertebrates,1init_data\data\MutSpecVertebrates12.csv.gz,2,Cytb + ND2,Oryzias_orthognathus,Actinopteri
All vertebrates,1init_data\data\MutSpecVertebrates12.csv.gz,2,Cytb + ND2,Ovis_ammon,Mammalia
All vertebrates,1init_data\data\MutSpecVertebrates12.csv.gz,2,Cytb + ND2,Ovis_aries,Mammalia
All vertebrates,1init_data\data\MutSpecVertebrates12.csv.gz,2,Cytb + ND2,Ovis_orientalis,Mammalia
All vertebrates,1init_data\data\MutSpecVertebrates12.csv.gz,2,Cytb + ND2,Pachyhynobius_shangchengensis,Amphibia
All vertebrates,1init_data\data\MutSpecVertebrates12.csv.gz,2,Cytb + ND2,Pachytriton_archospotus,Amphibia
All vertebrates,1init_data\data\MutSpecVertebrates12.csv.gz,2,Cytb + ND2,Pachytriton_brevipes,Amphibia
All vertebrates,1init_data\data\MutSpecVertebrates12.csv.gz,2,Cytb + ND2,Pachytriton_granulosus,Amphibia
All vertebrates,1init_data\data\MutSpecVertebrates12.csv.gz,2,Cytb + ND2,Pan_troglodytes,Mammalia
All vertebrates,1init_data\data\MutSpecVertebrates12.csv.gz,2,Cytb + ND2,Panthera_leo,Mammalia
All vertebrates,1init_data\data\MutSpecVertebrates12.csv.gz,2,Cytb + ND2,Panthera_pardus,Mammalia
All vertebrates,1init_data\data\MutSpecVertebrates12.csv.gz,2,Cytb + ND2,Panthera_tigris,Mammalia
All vertebrates,1init_data\data\MutSpecVertebrates12.csv.gz,2,Cytb + ND2,Paramesotriton_labiatus,Amphibia
All vertebrates,1init_data\data\MutSpecVertebrates12.csv.gz,2,Cytb + ND2,Pareas_formosensis,Lepidosauria
All vertebrates,1init_data\data\MutSpecVertebrates12.csv.gz,2,Cytb + ND2,Pedioplanis_gaerdesi,Lepidosauria
All vertebrates,1init_data\data\MutSpecVertebrates12.csv.gz,2,Cytb + ND2,Percina_phoxocephala,Actinopteri
All vertebrates,1init_data\data\MutSpecVertebrates12.csv.gz,2,Cytb + ND2,Peromyscus_leucopus,Mammalia
All vertebrates,1init_data\data\MutSpecVertebrates12.csv.gz,2,Cytb + ND2,Phoca_groenlandica,Mammalia
All vertebrates,1init_data\data\MutSpecVertebrates12.csv.gz,2,Cytb + ND2,Phrynocephalus_forsythii,Lepidosauria
All vertebrates,1init_data\data\MutSpecVertebrates12.csv.gz,2,Cytb + ND2,Phyllopteryx_taeniolatus,Actinopteri
All vertebrates,1init_data\data\MutSpecVertebrates12.csv.gz,2,Cytb + ND2,Phylloscopus_collybita,Aves
All vertebrates,1init_data\data\MutSpecVertebrates12.csv.gz,2,Cytb + ND2,Phylloscopus_poliocephalus,Aves
All vertebrates,1init_data\data\MutSpecVertebrates12.csv.gz,2,Cytb + ND2,Piaya_cayana,Aves
All vertebrates,1init_data\data\MutSpecVertebrates12.csv.gz,2,Cytb + ND2,Pica_pica,Aves
All vertebrates,1init_data\data\MutSpecVertebrates12.csv.gz,2,Cytb + ND2,Pinicola_enucleator,Aves
All vertebrates,1init_data\data\MutSpecVertebrates12.csv.gz,2,Cytb + ND2,Platyrrhinus_lineatus,Mammalia
All vertebrates,1init_data\data\MutSpecVertebrates12.csv.gz,2,Cytb + ND2,Plecotus_macrobullaris,Mammalia
All vertebrates,1init_data\data\MutSpecVertebrates12.csv.gz,2,Cytb + ND2,Plethodon_cinereus,Amphibia
All vertebrates,1init_data\data\MutSpecVertebrates12.csv.gz,2,Cytb + ND2,Plethodon_glutinosus,Amphibia
All vertebrates,1init_data\data\MutSpecVertebrates12.csv.gz,2,Cytb + ND2,Plethodon_wehrlei,Amphibia
All vertebrates,1init_data\data\MutSpecVertebrates12.csv.gz,2,Cytb + ND2,Poecilia_mexicana,Actinopteri
All vertebrates,1init_data\data\MutSpecVertebrates12.csv.gz,2,Cytb + ND2,Polioptila_plumbea,Aves
All vertebrates,1init_data\data\MutSpecVertebrates12.csv.gz,2,Cytb + ND2,Pomatorhinus_ruficollis,Aves
All vertebrates,1init_data\data\MutSpecVertebrates12.csv.gz,2,Cytb + ND2,Premnoplex_brunnescens,Aves
All vertebrates,1init_data\data\MutSpecVertebrates12.csv.gz,2,Cytb + ND2,Prionailurus_bengalensis,Mammalia
All vertebrates,1init_data\data\MutSpecVertebrates12.csv.gz,2,Cytb + ND2,Procyon_lotor,Mammalia
All vertebrates,1init_data\data\MutSpecVertebrates12.csv.gz,2,Cytb + ND2,Proechimys_cuvieri,Mammalia
All vertebrates,1init_data\data\MutSpecVertebrates12.csv.gz,2,Cytb + ND2,Proechimys_guyannensis,Mammalia
All vertebrates,1init_data\data\MutSpecVertebrates12.csv.gz,2,Cytb + ND2,Propithecus_diadema,Mammalia
All vertebrates,1init_data\data\MutSpecVertebrates12.csv.gz,2,Cytb + ND2,Pterogobius_elapoides,Actinopteri
All vertebrates,1init_data\data\MutSpecVertebrates12.csv.gz,2,Cytb + ND2,Pterogobius_zonoleucus,Actinopteri
All vertebrates,1init_data\data\MutSpecVertebrates12.csv.gz,2,Cytb + ND2,Ptychadena_amharensis,Amphibia
All vertebrates,1init_data\data\MutSpecVertebrates12.csv.gz,2,Cytb + ND2,Ptychadena_cooperi,Amphibia
All vertebrates,1init_data\data\MutSpecVertebrates12.csv.gz,2,Cytb + ND2,Pycnonotus_goiavier,Aves
All vertebrates,1init_data\data\MutSpecVertebrates12.csv.gz,2,Cytb + ND2,Pyrocephalus_rubinus,Aves
All vertebrates,1init_data\data\MutSpecVertebrates12.csv.gz,2,Cytb + ND2,Relictus_solitarius,Actinopteri
All vertebrates,1init_data\data\MutSpecVertebrates12.csv.gz,2,Cytb + ND2,Rhamdia_guatemalensis,Actinopteri
All vertebrates,1init_data\data\MutSpecVertebrates12.csv.gz,2,Cytb + ND2,Rhinichthys_cataractae,Actinopteri
All vertebrates,1init_data\data\MutSpecVertebrates12.csv.gz,2,Cytb + ND2,Rhinocheilus_lecontei,Lepidosauria
All vertebrates,1init_data\data\MutSpecVertebrates12.csv.gz,2,Cytb + ND2,Rhinolophus_ferrumequinum,Mammalia
All vertebrates,1init_data\data\MutSpecVertebrates12.csv.gz,2,Cytb + ND2,Rhinolophus_macrotis,Mammalia
All vertebrates,1init_data\data\MutSpecVertebrates12.csv.gz,2,Cytb + ND2,Richardsonius_balteatus,Actinopteri
All vertebrates,1init_data\data\MutSpecVertebrates12.csv.gz,2,Cytb + ND2,Rusa_unicolor,Mammalia
All vertebrates,1init_data\data\MutSpecVertebrates12.csv.gz,2,Cytb + ND2,Salamandrella_keyserlingii,Amphibia
All vertebrates,1init_data\data\MutSpecVertebrates12.csv.gz,2,Cytb + ND2,Salmo_trutta,Actinopteri
All vertebrates,1init_data\data\MutSpecVertebrates12.csv.gz,2,Cytb + ND2,Salvelinus_alpinus,Actinopteri
All vertebrates,1init_data\data\MutSpecVertebrates12.csv.gz,2,Cytb + ND2,Sardinella_longiceps,Actinopteri
All vertebrates,1init_data\data\MutSpecVertebrates12.csv.gz,2,Cytb + ND2,Schiffornis_turdina,Aves
All vertebrates,1init_data\data\MutSpecVertebrates12.csv.gz,2,Cytb + ND2,Schismatogobius_ampluvinculus,Actinopteri
All vertebrates,1init_data\data\MutSpecVertebrates12.csv.gz,2,Cytb + ND2,Schismatogobius_ninja,Actinopteri
All vertebrates,1init_data\data\MutSpecVertebrates12.csv.gz,2,Cytb + ND2,Schizopygopsis_younghusbandi,Actinopteri
All vertebrates,1init_data\data\MutSpecVertebrates12.csv.gz,2,Cytb + ND2,Sciurus_anomalus,Mammalia
All vertebrates,1init_data\data\MutSpecVertebrates12.csv.gz,2,Cytb + ND2,Sclerurus_caudacutus,Aves
All vertebrates,1init_data\data\MutSpecVertebrates12.csv.gz,2,Cytb + ND2,Sclerurus_scansor,Aves
All vertebrates,1init_data\data\MutSpecVertebrates12.csv.gz,2,Cytb + ND2,Setophaga_coronata,Aves
All vertebrates,1init_data\data\MutSpecVertebrates12.csv.gz,2,Cytb + ND2,Setophaga_pensylvanica,Aves
All vertebrates,1init_data\data\MutSpecVertebrates12.csv.gz,2,Cytb + ND2,Setophaga_tigrina,Aves
All vertebrates,1init_data\data\MutSpecVertebrates12.csv.gz,2,Cytb + ND2,Setophaga_virens,Aves
All vertebrates,1init_data\data\MutSpecVertebrates12.csv.gz,2,Cytb + ND2,Sicista_betulina,Mammalia
All vertebrates,1init_data\data\MutSpecVertebrates12.csv.gz,2,Cytb + ND2,Sinomicrurus_japonicus,Lepidosauria
All vertebrates,1init_data\data\MutSpecVertebrates12.csv.gz,2,Cytb + ND2,Sinosuthora_webbiana,Aves
All vertebrates,1init_data\data\MutSpecVertebrates12.csv.gz,2,Cytb + ND2,Sitta_europaea,Aves
All vertebrates,1init_data\data\MutSpecVertebrates12.csv.gz,2,Cytb + ND2,Sorex_araneus,Mammalia
All vertebrates,1init_data\data\MutSpecVertebrates12.csv.gz,2,Cytb + ND2,Spilogale_gracilis,Mammalia
All vertebrates,1init_data\data\MutSpecVertebrates12.csv.gz,2,Cytb + ND2,Stenella_attenuata,Mammalia
All vertebrates,1init_data\data\MutSpecVertebrates12.csv.gz,2,Cytb + ND2,Stenella_longirostris,Mammalia
All vertebrates,1init_data\data\MutSpecVertebrates12.csv.gz,2,Cytb + ND2,Stenocephalemys_albipes,Mammalia
All vertebrates,1init_data\data\MutSpecVertebrates12.csv.gz,2,Cytb + ND2,Sturnella_magna,Aves
All vertebrates,1init_data\data\MutSpecVertebrates12.csv.gz,2,Cytb + ND2,Sturnira_lilium,Mammalia
All vertebrates,1init_data\data\MutSpecVertebrates12.csv.gz,2,Cytb + ND2,Sturnira_parvidens,Mammalia
All vertebrates,1init_data\data\MutSpecVertebrates12.csv.gz,2,Cytb + ND2,Sus_scrofa,Mammalia
All vertebrates,1init_data\data\MutSpecVertebrates12.csv.gz,2,Cytb + ND2,Symposiachrus_guttula,Aves
All vertebrates,1init_data\data\MutSpecVertebrates12.csv.gz,2,Cytb + ND2,Symposiachrus_trivirgatus,Aves
All vertebrates,1init_data\data\MutSpecVertebrates12.csv.gz,2,Cytb + ND2,Syncerus_caffer,Mammalia
All vertebrates,1init_data\data\MutSpecVertebrates12.csv.gz,2,Cytb + ND2,Thamnomanes_caesius,Aves
All vertebrates,1init_data\data\MutSpecVertebrates12.csv.gz,2,Cytb + ND2,Thraupis_episcopus,Aves
All vertebrates,1init_data\data\MutSpecVertebrates12.csv.gz,2,Cytb + ND2,Thymallus_arcticus,Actinopteri
All vertebrates,1init_data\data\MutSpecVertebrates12.csv.gz,2,Cytb + ND2,Thymallus_thymallus,Actinopteri
All vertebrates,1init_data\data\MutSpecVertebrates12.csv.gz,2,Cytb + ND2,Trachypithecus_phayrei,Mammalia
All vertebrates,1init_data\data\MutSpecVertebrates12.csv.gz,2,Cytb + ND2,Tragelaphus_scriptus,Mammalia
All vertebrates,1init_data\data\MutSpecVertebrates12.csv.gz,2,Cytb + ND2,Trimerodytes_percarinatus,Lepidosauria
All vertebrates,1init_data\data\MutSpecVertebrates12.csv.gz,2,Cytb + ND2,Turdus_assimilis,Aves
All vertebrates,1init_data\data\MutSpecVertebrates12.csv.gz,2,Cytb + ND2,Tursiops_truncatus,Mammalia
All vertebrates,1init_data\data\MutSpecVertebrates12.csv.gz,2,Cytb + ND2,Urocyon_cinereoargenteus,Mammalia
All vertebrates,1init_data\data\MutSpecVertebrates12.csv.gz,2,Cytb + ND2,Ursus_arctos,Mammalia
All vertebrates,1init_data\data\MutSpecVertebrates12.csv.gz,2,Cytb + ND2,Ursus_thibetanus,Mammalia
All vertebrates,1init_data\data\MutSpecVertebrates12.csv.gz,2,Cytb + ND2,Vireo_olivaceus,Aves
All vertebrates,1init_data\data\MutSpecVertebrates12.csv.gz,2,Cytb + ND2,Vireo_solitarius,Aves
All vertebrates,1init_data\data\MutSpecVertebrates12.csv.gz,2,Cytb + ND2,Xantusia_vigilis,Lepidosauria
All vertebrates,1init_data\data\MutSpecVertebrates12.csv.gz,2,Cytb + ND2,Xenops_minutus,Aves
All vertebrates,1init_data\data\MutSpecVertebrates12.csv.gz,2,Cytb + ND2,Xiphorhynchus_fuscus,Aves
All vertebrates,1init_data\data\MutSpecVertebrates12.csv.gz,2,Cytb + ND2,Ziphius_cavirostris,Mammalia
All vertebrates,1init_data\data\MutSpecVertebrates12.csv.gz,2,Cytb + ND2,Zonotrichia_albicollis,Aves
All vertebrates,1init_data\data\MutSpecVertebrates12.csv.gz,2,Cytb + ND2,Zosterops_palpebrosus,Aves
All vertebrates,1init_data\data\MutSpecVertebrates12.csv.gz,3,CO1 + CO3 + Cytb,Andrias_davidianus,Amphibia
All vertebrates,1init_data\data\MutSpecVertebrates12.csv.gz,3,CO1 + CO3 + Cytb,Anguilla_anguilla,Actinopteri
All vertebrates,1init_data\data\MutSpecVertebrates12.csv.gz,3,CO1 + CO3 + Cytb,Anguilla_rostrata,Actinopteri
All vertebrates,1init_data\data\MutSpecVertebrates12.csv.gz,3,CO1 + CO3 + Cytb,Balaenoptera_physalus,Mammalia
All vertebrates,1init_data\data\MutSpecVertebrates12.csv.gz,3,CO1 + CO3 + Cytb,Bison_priscus,Mammalia
All vertebrates,1init_data\data\MutSpecVertebrates12.csv.gz,3,CO1 + CO3 + Cytb,Bos_taurus,Mammalia
All vertebrates,1init_data\data\MutSpecVertebrates12.csv.gz,3,CO1 + CO3 + Cytb,Camelus_dromedarius,Mammalia
All vertebrates,1init_data\data\MutSpecVertebrates12.csv.gz,3,CO1 + CO3 + Cytb,Canis_latrans,Mammalia
All vertebrates,1init_data\data\MutSpecVertebrates12.csv.gz,3,CO1 + CO3 + Cytb,Canis_lupus,Mammalia
All vertebrates,1init_data\data\MutSpecVertebrates12.csv.gz,3,CO1 + CO3 + Cytb,Capra_hircus,Mammalia
All vertebrates,1init_data\data\MutSpecVertebrates12.csv.gz,3,CO1 + CO3 + Cytb,Carassius_auratus,Actinopteri
All vertebrates,1init_data\data\MutSpecVertebrates12.csv.gz,3,CO1 + CO3 + Cytb,Certhia_americana,Aves
All vertebrates,1init_data\data\MutSpecVertebrates12.csv.gz,3,CO1 + CO3 + Cytb,Cervus_elaphus,Mammalia
All vertebrates,1init_data\data\MutSpecVertebrates12.csv.gz,3,CO1 + CO3 + Cytb,Chaenogobius_annularis,Actinopteri
All vertebrates,1init_data\data\MutSpecVertebrates12.csv.gz,3,CO1 + CO3 + Cytb,Cinclosoma_clarum,Aves
All vertebrates,1init_data\data\MutSpecVertebrates12.csv.gz,3,CO1 + CO3 + Cytb,Clupea_harengus,Actinopteri
All vertebrates,1init_data\data\MutSpecVertebrates12.csv.gz,3,CO1 + CO3 + Cytb,Corvus_splendens,Aves
All vertebrates,1init_data\data\MutSpecVertebrates12.csv.gz,3,CO1 + CO3 + Cytb,Cricetulus_kamensis,Mammalia
All vertebrates,1init_data\data\MutSpecVertebrates12.csv.gz,3,CO1 + CO3 + Cytb,Crocidura_suaveolens,Mammalia
All vertebrates,1init_data\data\MutSpecVertebrates12.csv.gz,3,CO1 + CO3 + Cytb,Crocuta_crocuta,Mammalia
All vertebrates,1init_data\data\MutSpecVertebrates12.csv.gz,3,CO1 + CO3 + Cytb,Cyprinus_carpio,Actinopteri
All vertebrates,1init_data\data\MutSpecVertebrates12.csv.gz,3,CO1 + CO3 + Cytb,Dicrostonyx_torquatus,Mammalia
All vertebrates,1init_data\data\MutSpecVertebrates12.csv.gz,3,CO1 + CO3 + Cytb,Equus_caballus,Mammalia
All vertebrates,1init_data\data\MutSpecVertebrates12.csv.gz,3,CO1 + CO3 + Cytb,Gadus_chalcogrammus,Actinopteri
All vertebrates,1init_data\data\MutSpecVertebrates12.csv.gz,3,CO1 + CO3 + Cytb,Gadus_morhua,Actinopteri
All vertebrates,1init_data\data\MutSpecVertebrates12.csv.gz,3,CO1 + CO3 + Cytb,Guerlinguetus_brasiliensis,Mammalia
All vertebrates,1init_data\data\MutSpecVertebrates12.csv.gz,3,CO1 + CO3 + Cytb,Helarctos_malayanus,Mammalia
All vertebrates,1init_data\data\MutSpecVertebrates12.csv.gz,3,CO1 + CO3 + Cytb,Hippotragus_equinus,Mammalia
All vertebrates,1init_data\data\MutSpecVertebrates12.csv.gz,3,CO1 + CO3 + Cytb,Hirundo_rustica,Aves
All vertebrates,1init_data\data\MutSpecVertebrates12.csv.gz,3,CO1 + CO3 + Cytb,Holbrookia_lacerata,Lepidosauria
All vertebrates,1init_data\data\MutSpecVertebrates12.csv.gz,3,CO1 + CO3 + Cytb,Homo_sapiens,Mammalia
All vertebrates,1init_data\data\MutSpecVertebrates12.csv.gz,3,CO1 + CO3 + Cytb,Hoplodactylus_duvaucelii,Lepidosauria
All vertebrates,1init_data\data\MutSpecVertebrates12.csv.gz,3,CO1 + CO3 + Cytb,Hylomyscus_walterverheyeni,Mammalia
All vertebrates,1init_data\data\MutSpecVertebrates12.csv.gz,3,CO1 + CO3 + Cytb,Lasiopodomys_anglicus,Mammalia
All vertebrates,1init_data\data\MutSpecVertebrates12.csv.gz,3,CO1 + CO3 + Cytb,Lasiopodomys_gregalis,Mammalia
All vertebrates,1init_data\data\MutSpecVertebrates12.csv.gz,3,CO1 + CO3 + Cytb,Leiothlypis_ruficapilla,Aves
All vertebrates,1init_data\data\MutSpecVertebrates12.csv.gz,3,CO1 + CO3 + Cytb,Lentipes_armatus,Actinopteri
All vertebrates,1init_data\data\MutSpecVertebrates12.csv.gz,3,CO1 + CO3 + Cytb,Lentipes_palawanirufus,Actinopteri
All vertebrates,1init_data\data\MutSpecVertebrates12.csv.gz,3,CO1 + CO3 + Cytb,Macaca_fascicularis,Mammalia
All vertebrates,1init_data\data\MutSpecVertebrates12.csv.gz,3,CO1 + CO3 + Cytb,Macaca_mulatta,Mammalia
All vertebrates,1init_data\data\MutSpecVertebrates12.csv.gz,3,CO1 + CO3 + Cytb,Mammuthus_primigenius,Mammalia
All vertebrates,1init_data\data\MutSpecVertebrates12.csv.gz,3,CO1 + CO3 + Cytb,Martes_zibellina,Mammalia
All vertebrates,1init_data\data\MutSpecVertebrates12.csv.gz,3,CO1 + CO3 + Cytb,Menidia_menidia,Actinopteri
All vertebrates,1init_data\data\MutSpecVertebrates12.csv.gz,3,CO1 + CO3 + Cytb,Mesoplodon_grayi,Mammalia
All vertebrates,1init_data\data\MutSpecVertebrates12.csv.gz,3,CO1 + CO3 + Cytb,Microtus_richardsoni,Mammalia
All vertebrates,1init_data\data\MutSpecVertebrates12.csv.gz,3,CO1 + CO3 + Cytb,Misgurnus_anguillicaudatus,Actinopteri
All vertebrates,1init_data\data\MutSpecVertebrates12.csv.gz,3,CO1 + CO3 + Cytb,Mus_musculus,Mammalia
All vertebrates,1init_data\data\MutSpecVertebrates12.csv.gz,3,CO1 + CO3 + Cytb,Myodes_glareolus,Mammalia
All vertebrates,1init_data\data\MutSpecVertebrates12.csv.gz,3,CO1 + CO3 + Cytb,Ochotona_cansus,Mammalia
All vertebrates,1init_data\data\MutSpecVertebrates12.csv.gz,3,CO1 + CO3 + Cytb,Ochotona_thibetana,Mammalia
All vertebrates,1init_data\data\MutSpecVertebrates12.csv.gz,3,CO1 + CO3 + Cytb,Odocoileus_virginianus,Mammalia
All vertebrates,1init_data\data\MutSpecVertebrates12.csv.gz,3,CO1 + CO3 + Cytb,Oncorhynchus_clarkii,Actinopteri
All vertebrates,1init_data\data\MutSpecVertebrates12.csv.gz,3,CO1 + CO3 + Cytb,Ovis_ammon,Mammalia
All vertebrates,1init_data\data\MutSpecVertebrates12.csv.gz,3,CO1 + CO3 + Cytb,Ovis_aries,Mammalia
All vertebrates,1init_data\data\MutSpecVertebrates12.csv.gz,3,CO1 + CO3 + Cytb,Pachyhynobius_shangchengensis,Amphibia
All vertebrates,1init_data\data\MutSpecVertebrates12.csv.gz,3,CO1 + CO3 + Cytb,Pan_troglodytes,Mammalia
All vertebrates,1init_data\data\MutSpecVertebrates12.csv.gz,3,CO1 + CO3 + Cytb,Papio_anubis,Mammalia
All vertebrates,1init_data\data\MutSpecVertebrates12.csv.gz,3,CO1 + CO3 + Cytb,Phoca_groenlandica,Mammalia
All vertebrates,1init_data\data\MutSpecVertebrates12.csv.gz,3,CO1 + CO3 + Cytb,Phyllopteryx_taeniolatus,Actinopteri
All vertebrates,1init_data\data\MutSpecVertebrates12.csv.gz,3,CO1 + CO3 + Cytb,Phylloscopus_collybita,Aves
All vertebrates,1init_data\data\MutSpecVertebrates12.csv.gz,3,CO1 + CO3 + Cytb,Plecotus_macrobullaris,Mammalia
All vertebrates,1init_data\data\MutSpecVertebrates12.csv.gz,3,CO1 + CO3 + Cytb,Prionailurus_bengalensis,Mammalia
All vertebrates,1init_data\data\MutSpecVertebrates12.csv.gz,3,CO1 + CO3 + Cytb,Procyon_lotor,Mammalia
All vertebrates,1init_data\data\MutSpecVertebrates12.csv.gz,3,CO1 + CO3 + Cytb,Proechimys_guyannensis,Mammalia
All vertebrates,1init_data\data\MutSpecVertebrates12.csv.gz,3,CO1 + CO3 + Cytb,Ptychadena_amharensis,Amphibia
All vertebrates,1init_data\data\MutSpecVertebrates12.csv.gz,3,CO1 + CO3 + Cytb,Rhinichthys_osculus,Actinopteri
All vertebrates,1init_data\data\MutSpecVertebrates12.csv.gz,3,CO1 + CO3 + Cytb,Rusa_unicolor,Mammalia
All vertebrates,1init_data\data\MutSpecVertebrates12.csv.gz,3,CO1 + CO3 + Cytb,Salamandrella_keyserlingii,Amphibia
All vertebrates,1init_data\data\MutSpecVertebrates12.csv.gz,3,CO1 + CO3 + Cytb,Salmo_trutta,Actinopteri
All vertebrates,1init_data\data\MutSpecVertebrates12.csv.gz,3,CO1 + CO3 + Cytb,Sardinella_longiceps,Actinopteri
All vertebrates,1init_data\data\MutSpecVertebrates12.csv.gz,3,CO1 + CO3 + Cytb,Schismatogobius_ampluvinculus,Actinopteri
All vertebrates,1init_data\data\MutSpecVertebrates12.csv.gz,3,CO1 + CO3 + Cytb,Setophaga_pensylvanica,Aves
All vertebrates,1init_data\data\MutSpecVertebrates12.csv.gz,3,CO1 + CO3 + Cytb,Sicista_betulina,Mammalia
All vertebrates,1init_data\data\MutSpecVertebrates12.csv.gz,3,CO1 + CO3 + Cytb,Spilogale_gracilis,Mammalia
All vertebrates,1init_data\data\MutSpecVertebrates12.csv.gz,3,CO1 + CO3 + Cytb,Stenella_attenuata,Mammalia
All vertebrates,1init_data\data\MutSpecVertebrates12.csv.gz,3,CO1 + CO3 + Cytb,Stenella_longirostris,Mammalia
All vertebrates,1init_data\data\MutSpecVertebrates12.csv.gz,3,CO1 + CO3 + Cytb,Stenocephalemys_albipes,Mammalia
All vertebrates,1init_data\data\MutSpecVertebrates12.csv.gz,3,CO1 + CO3 + Cytb,Sus_scrofa,Mammalia
All vertebrates,1init_data\data\MutSpecVertebrates12.csv.gz,3,CO1 + CO3 + Cytb,Syncerus_caffer,Mammalia
All vertebrates,1init_data\data\MutSpecVertebrates12.csv.gz,3,CO1 + CO3 + Cytb,Thymallus_thymallus,Actinopteri
All vertebrates,1init_data\data\MutSpecVertebrates12.csv.gz,3,CO1 + CO3 + Cytb,Trachypithecus_phayrei,Mammalia
All vertebrates,1init_data\data\MutSpecVertebrates12.csv.gz,3,CO1 + CO3 + Cytb,Tursiops_truncatus,Mammalia
All vertebrates,1init_data\data\MutSpecVertebrates12.csv.gz,3,CO1 + CO3 + Cytb,Urocyon_cinereoargenteus,Mammalia
All vertebrates,1init_data\data\MutSpecVertebrates12.csv.gz,3,CO1 + CO3 + Cytb,Ursus_arctos,Mammalia
All vertebrates,1init_data\data\MutSpecVertebrates12.csv.gz,3,CO1 + CO3 + Cytb,Vireo_olivaceus,Aves
All vertebrates,1init_data\data\MutSpecVertebrates12.csv.gz,3,CO1 + CO3 + ND2,Andrias_davidianus,Amphibia
All vertebrates,1init_data\data\MutSpecVertebrates12.csv.gz,3,CO1 + CO3 + ND2,Anguilla_anguilla,Actinopteri
All vertebrates,1init_data\data\MutSpecVertebrates12.csv.gz,3,CO1 + CO3 + ND2,Anguilla_rostrata,Actinopteri
All vertebrates,1init_data\data\MutSpecVertebrates12.csv.gz,3,CO1 + CO3 + ND2,Balaenoptera_physalus,Mammalia
All vertebrates,1init_data\data\MutSpecVertebrates12.csv.gz,3,CO1 + CO3 + ND2,Bison_priscus,Mammalia
All vertebrates,1init_data\data\MutSpecVertebrates12.csv.gz,3,CO1 + CO3 + ND2,Bos_taurus,Mammalia
All vertebrates,1init_data\data\MutSpecVertebrates12.csv.gz,3,CO1 + CO3 + ND2,Camelus_dromedarius,Mammalia
All vertebrates,1init_data\data\MutSpecVertebrates12.csv.gz,3,CO1 + CO3 + ND2,Canis_latrans,Mammalia
All vertebrates,1init_data\data\MutSpecVertebrates12.csv.gz,3,CO1 + CO3 + ND2,Canis_lupus,Mammalia
All vertebrates,1init_data\data\MutSpecVertebrates12.csv.gz,3,CO1 + CO3 + ND2,Capra_hircus,Mammalia
All vertebrates,1init_data\data\MutSpecVertebrates12.csv.gz,3,CO1 + CO3 + ND2,Carassius_auratus,Actinopteri
All vertebrates,1init_data\data\MutSpecVertebrates12.csv.gz,3,CO1 + CO3 + ND2,Certhia_americana,Aves
All vertebrates,1init_data\data\MutSpecVertebrates12.csv.gz,3,CO1 + CO3 + ND2,Cervus_elaphus,Mammalia
All vertebrates,1init_data\data\MutSpecVertebrates12.csv.gz,3,CO1 + CO3 + ND2,Chaenogobius_annularis,Actinopteri
All vertebrates,1init_data\data\MutSpecVertebrates12.csv.gz,3,CO1 + CO3 + ND2,Cinclosoma_clarum,Aves
All vertebrates,1init_data\data\MutSpecVertebrates12.csv.gz,3,CO1 + CO3 + ND2,Clupea_harengus,Actinopteri
All vertebrates,1init_data\data\MutSpecVertebrates12.csv.gz,3,CO1 + CO3 + ND2,Corvus_splendens,Aves
All vertebrates,1init_data\data\MutSpecVertebrates12.csv.gz,3,CO1 + CO3 + ND2,Crocidura_suaveolens,Mammalia
All vertebrates,1init_data\data\MutSpecVertebrates12.csv.gz,3,CO1 + CO3 + ND2,Crocuta_crocuta,Mammalia
All vertebrates,1init_data\data\MutSpecVertebrates12.csv.gz,3,CO1 + CO3 + ND2,Cyprinus_carpio,Actinopteri
All vertebrates,1init_data\data\MutSpecVertebrates12.csv.gz,3,CO1 + CO3 + ND2,Dicrostonyx_torquatus,Mammalia
All vertebrates,1init_data\data\MutSpecVertebrates12.csv.gz,3,CO1 + CO3 + ND2,Equus_caballus,Mammalia
All vertebrates,1init_data\data\MutSpecVertebrates12.csv.gz,3,CO1 + CO3 + ND2,Gadus_chalcogrammus,Actinopteri
All vertebrates,1init_data\data\MutSpecVertebrates12.csv.gz,3,CO1 + CO3 + ND2,Gadus_morhua,Actinopteri
All vertebrates,1init_data\data\MutSpecVertebrates12.csv.gz,3,CO1 + CO3 + ND2,Guerlinguetus_brasiliensis,Mammalia
All vertebrates,1init_data\data\MutSpecVertebrates12.csv.gz,3,CO1 + CO3 + ND2,Helarctos_malayanus,Mammalia
All vertebrates,1init_data\data\MutSpecVertebrates12.csv.gz,3,CO1 + CO3 + ND2,Hippotragus_equinus,Mammalia
All vertebrates,1init_data\data\MutSpecVertebrates12.csv.gz,3,CO1 + CO3 + ND2,Hirundo_rustica,Aves
All vertebrates,1init_data\data\MutSpecVertebrates12.csv.gz,3,CO1 + CO3 + ND2,Holbrookia_lacerata,Lepidosauria
All vertebrates,1init_data\data\MutSpecVertebrates12.csv.gz,3,CO1 + CO3 + ND2,Homo_sapiens,Mammalia
All vertebrates,1init_data\data\MutSpecVertebrates12.csv.gz,3,CO1 + CO3 + ND2,Hoplodactylus_duvaucelii,Lepidosauria
All vertebrates,1init_data\data\MutSpecVertebrates12.csv.gz,3,CO1 + CO3 + ND2,Hylomyscus_walterverheyeni,Mammalia
All vertebrates,1init_data\data\MutSpecVertebrates12.csv.gz,3,CO1 + CO3 + ND2,Lasiopodomys_anglicus,Mammalia
All vertebrates,1init_data\data\MutSpecVertebrates12.csv.gz,3,CO1 + CO3 + ND2,Lasiopodomys_gregalis,Mammalia
All vertebrates,1init_data\data\MutSpecVertebrates12.csv.gz,3,CO1 + CO3 + ND2,Leiothlypis_ruficapilla,Aves
All vertebrates,1init_data\data\MutSpecVertebrates12.csv.gz,3,CO1 + CO3 + ND2,Lentipes_armatus,Actinopteri
All vertebrates,1init_data\data\MutSpecVertebrates12.csv.gz,3,CO1 + CO3 + ND2,Lentipes_palawanirufus,Actinopteri
All vertebrates,1init_data\data\MutSpecVertebrates12.csv.gz,3,CO1 + CO3 + ND2,Macaca_fascicularis,Mammalia
All vertebrates,1init_data\data\MutSpecVertebrates12.csv.gz,3,CO1 + CO3 + ND2,Macaca_mulatta,Mammalia
All vertebrates,1init_data\data\MutSpecVertebrates12.csv.gz,3,CO1 + CO3 + ND2,Mammuthus_primigenius,Mammalia
All vertebrates,1init_data\data\MutSpecVertebrates12.csv.gz,3,CO1 + CO3 + ND2,Martes_zibellina,Mammalia
All vertebrates,1init_data\data\MutSpecVertebrates12.csv.gz,3,CO1 + CO3 + ND2,Menidia_menidia,Actinopteri
All vertebrates,1init_data\data\MutSpecVertebrates12.csv.gz,3,CO1 + CO3 + ND2,Mesoplodon_grayi,Mammalia
All vertebrates,1init_data\data\MutSpecVertebrates12.csv.gz,3,CO1 + CO3 + ND2,Microsciurus_flaviventer,Mammalia
All vertebrates,1init_data\data\MutSpecVertebrates12.csv.gz,3,CO1 + CO3 + ND2,Microtus_richardsoni,Mammalia
All vertebrates,1init_data\data\MutSpecVertebrates12.csv.gz,3,CO1 + CO3 + ND2,Misgurnus_anguillicaudatus,Actinopteri
All vertebrates,1init_data\data\MutSpecVertebrates12.csv.gz,3,CO1 + CO3 + ND2,Mus_musculus,Mammalia
All vertebrates,1init_data\data\MutSpecVertebrates12.csv.gz,3,CO1 + CO3 + ND2,Myodes_glareolus,Mammalia
All vertebrates,1init_data\data\MutSpecVertebrates12.csv.gz,3,CO1 + CO3 + ND2,Ochotona_cansus,Mammalia
All vertebrates,1init_data\data\MutSpecVertebrates12.csv.gz,3,CO1 + CO3 + ND2,Ochotona_thibetana,Mammalia
All vertebrates,1init_data\data\MutSpecVertebrates12.csv.gz,3,CO1 + CO3 + ND2,Odocoileus_virginianus,Mammalia
All vertebrates,1init_data\data\MutSpecVertebrates12.csv.gz,3,CO1 + CO3 + ND2,Oncorhynchus_clarkii,Actinopteri
All vertebrates,1init_data\data\MutSpecVertebrates12.csv.gz,3,CO1 + CO3 + ND2,Ovis_ammon,Mammalia
All vertebrates,1init_data\data\MutSpecVertebrates12.csv.gz,3,CO1 + CO3 + ND2,Ovis_aries,Mammalia
All vertebrates,1init_data\data\MutSpecVertebrates12.csv.gz,3,CO1 + CO3 + ND2,Pachyhynobius_shangchengensis,Amphibia
All vertebrates,1init_data\data\MutSpecVertebrates12.csv.gz,3,CO1 + CO3 + ND2,Pan_troglodytes,Mammalia
All vertebrates,1init_data\data\MutSpecVertebrates12.csv.gz,3,CO1 + CO3 + ND2,Phoca_groenlandica,Mammalia
All vertebrates,1init_data\data\MutSpecVertebrates12.csv.gz,3,CO1 + CO3 + ND2,Phyllopteryx_taeniolatus,Actinopteri
All vertebrates,1init_data\data\MutSpecVertebrates12.csv.gz,3,CO1 + CO3 + ND2,Phylloscopus_collybita,Aves
All vertebrates,1init_data\data\MutSpecVertebrates12.csv.gz,3,CO1 + CO3 + ND2,Plecotus_macrobullaris,Mammalia
All vertebrates,1init_data\data\MutSpecVertebrates12.csv.gz,3,CO1 + CO3 + ND2,Prionailurus_bengalensis,Mammalia
All vertebrates,1init_data\data\MutSpecVertebrates12.csv.gz,3,CO1 + CO3 + ND2,Procyon_lotor,Mammalia
All vertebrates,1init_data\data\MutSpecVertebrates12.csv.gz,3,CO1 + CO3 + ND2,Proechimys_guyannensis,Mammalia
All vertebrates,1init_data\data\MutSpecVertebrates12.csv.gz,3,CO1 + CO3 + ND2,Ptychadena_amharensis,Amphibia
All vertebrates,1init_data\data\MutSpecVertebrates12.csv.gz,3,CO1 + CO3 + ND2,Ptychadena_erlangeri,Amphibia
All vertebrates,1init_data\data\MutSpecVertebrates12.csv.gz,3,CO1 + CO3 + ND2,Rusa_unicolor,Mammalia
All vertebrates,1init_data\data\MutSpecVertebrates12.csv.gz,3,CO1 + CO3 + ND2,Salamandrella_keyserlingii,Amphibia
All vertebrates,1init_data\data\MutSpecVertebrates12.csv.gz,3,CO1 + CO3 + ND2,Salmo_trutta,Actinopteri
All vertebrates,1init_data\data\MutSpecVertebrates12.csv.gz,3,CO1 + CO3 + ND2,Sardinella_longiceps,Actinopteri
All vertebrates,1init_data\data\MutSpecVertebrates12.csv.gz,3,CO1 + CO3 + ND2,Schismatogobius_ampluvinculus,Actinopteri
All vertebrates,1init_data\data\MutSpecVertebrates12.csv.gz,3,CO1 + CO3 + ND2,Setophaga_pensylvanica,Aves
All vertebrates,1init_data\data\MutSpecVertebrates12.csv.gz,3,CO1 + CO3 + ND2,Sicista_betulina,Mammalia
All vertebrates,1init_data\data\MutSpecVertebrates12.csv.gz,3,CO1 + CO3 + ND2,Spilogale_gracilis,Mammalia
All vertebrates,1init_data\data\MutSpecVertebrates12.csv.gz,3,CO1 + CO3 + ND2,Stenella_attenuata,Mammalia
All vertebrates,1init_data\data\MutSpecVertebrates12.csv.gz,3,CO1 + CO3 + ND2,Stenella_longirostris,Mammalia
All vertebrates,1init_data\data\MutSpecVertebrates12.csv.gz,3,CO1 + CO3 + ND2,Stenocephalemys_albipes,Mammalia
All vertebrates,1init_data\data\MutSpecVertebrates12.csv.gz,3,CO1 + CO3 + ND2,Sus_scrofa,Mammalia
All vertebrates,1init_data\data\MutSpecVertebrates12.csv.gz,3,CO1 + CO3 + ND2,Syncerus_caffer,Mammalia
All vertebrates,1init_data\data\MutSpecVertebrates12.csv.gz,3,CO1 + CO3 + ND2,Thymallus_thymallus,Actinopteri
All vertebrates,1init_data\data\MutSpecVertebrates12.csv.gz,3,CO1 + CO3 + ND2,Trachypithecus_phayrei,Mammalia
All vertebrates,1init_data\data\MutSpecVertebrates12.csv.gz,3,CO1 + CO3 + ND2,Tursiops_truncatus,Mammalia
All vertebrates,1init_data\data\MutSpecVertebrates12.csv.gz,3,CO1 + CO3 + ND2,Urocyon_cinereoargenteus,Mammalia
All vertebrates,1init_data\data\MutSpecVertebrates12.csv.gz,3,CO1 + CO3 + ND2,Ursus_arctos,Mammalia
All vertebrates,1init_data\data\MutSpecVertebrates12.csv.gz,3,CO1 + CO3 + ND2,Vireo_olivaceus,Aves
All vertebrates,1init_data\data\MutSpecVertebrates12.csv.gz,3,CO1 + Cytb + ND2,Andrias_davidianus,Amphibia
All vertebrates,1init_data\data\MutSpecVertebrates12.csv.gz,3,CO1 + Cytb + ND2,Anguilla_anguilla,Actinopteri
All vertebrates,1init_data\data\MutSpecVertebrates12.csv.gz,3,CO1 + Cytb + ND2,Anguilla_rostrata,Actinopteri
All vertebrates,1init_data\data\MutSpecVertebrates12.csv.gz,3,CO1 + Cytb + ND2,Apodemus_agrarius,Mammalia
All vertebrates,1init_data\data\MutSpecVertebrates12.csv.gz,3,CO1 + Cytb + ND2,Ateles_chamek,Mammalia
All vertebrates,1init_data\data\MutSpecVertebrates12.csv.gz,3,CO1 + Cytb + ND2,Balaenoptera_musculus,Mammalia
All vertebrates,1init_data\data\MutSpecVertebrates12.csv.gz,3,CO1 + Cytb + ND2,Balaenoptera_physalus,Mammalia
All vertebrates,1init_data\data\MutSpecVertebrates12.csv.gz,3,CO1 + Cytb + ND2,Bison_priscus,Mammalia
All vertebrates,1init_data\data\MutSpecVertebrates12.csv.gz,3,CO1 + Cytb + ND2,Boreogadus_saida,Actinopteri
All vertebrates,1init_data\data\MutSpecVertebrates12.csv.gz,3,CO1 + Cytb + ND2,Bos_taurus,Mammalia
All vertebrates,1init_data\data\MutSpecVertebrates12.csv.gz,3,CO1 + Cytb + ND2,Cacajao_calvus,Mammalia
All vertebrates,1init_data\data\MutSpecVertebrates12.csv.gz,3,CO1 + Cytb + ND2,Camelus_dromedarius,Mammalia
All vertebrates,1init_data\data\MutSpecVertebrates12.csv.gz,3,CO1 + Cytb + ND2,Canis_latrans,Mammalia
All vertebrates,1init_data\data\MutSpecVertebrates12.csv.gz,3,CO1 + Cytb + ND2,Canis_lupus,Mammalia
All vertebrates,1init_data\data\MutSpecVertebrates12.csv.gz,3,CO1 + Cytb + ND2,Capra_hircus,Mammalia
All vertebrates,1init_data\data\MutSpecVertebrates12.csv.gz,3,CO1 + Cytb + ND2,Capreolus_capreolus,Mammalia
All vertebrates,1init_data\data\MutSpecVertebrates12.csv.gz,3,CO1 + Cytb + ND2,Carassius_auratus,Actinopteri
All vertebrates,1init_data\data\MutSpecVertebrates12.csv.gz,3,CO1 + Cytb + ND2,Catharus_fuscescens,Aves
All vertebrates,1init_data\data\MutSpecVertebrates12.csv.gz,3,CO1 + Cytb + ND2,Catharus_ustulatus,Aves
All vertebrates,1init_data\data\MutSpecVertebrates12.csv.gz,3,CO1 + Cytb + ND2,Certhia_americana,Aves
All vertebrates,1init_data\data\MutSpecVertebrates12.csv.gz,3,CO1 + Cytb + ND2,Cervus_elaphus,Mammalia
All vertebrates,1init_data\data\MutSpecVertebrates12.csv.gz,3,CO1 + Cytb + ND2,Chaenogobius_annularis,Actinopteri
All vertebrates,1init_data\data\MutSpecVertebrates12.csv.gz,3,CO1 + Cytb + ND2,Cinclosoma_clarum,Aves
All vertebrates,1init_data\data\MutSpecVertebrates12.csv.gz,3,CO1 + Cytb + ND2,Clupea_harengus,Actinopteri
All vertebrates,1init_data\data\MutSpecVertebrates12.csv.gz,3,CO1 + Cytb + ND2,Corvus_corax,Aves
All vertebrates,1init_data\data\MutSpecVertebrates12.csv.gz,3,CO1 + Cytb + ND2,Corvus_splendens,Aves
All vertebrates,1init_data\data\MutSpecVertebrates12.csv.gz,3,CO1 + Cytb + ND2,Crocidura_leucodon,Mammalia
All vertebrates,1init_data\data\MutSpecVertebrates12.csv.gz,3,CO1 + Cytb + ND2,Crocidura_suaveolens,Mammalia
All vertebrates,1init_data\data\MutSpecVertebrates12.csv.gz,3,CO1 + Cytb + ND2,Crocuta_crocuta,Mammalia
All vertebrates,1init_data\data\MutSpecVertebrates12.csv.gz,3,CO1 + Cytb + ND2,Cyprinus_carpio,Actinopteri
All vertebrates,1init_data\data\MutSpecVertebrates12.csv.gz,3,CO1 + Cytb + ND2,Dicrostonyx_torquatus,Mammalia
All vertebrates,1init_data\data\MutSpecVertebrates12.csv.gz,3,CO1 + Cytb + ND2,Eleotris_fusca,Actinopteri
All vertebrates,1init_data\data\MutSpecVertebrates12.csv.gz,3,CO1 + Cytb + ND2,Empidonax_alnorum,Aves
All vertebrates,1init_data\data\MutSpecVertebrates12.csv.gz,3,CO1 + Cytb + ND2,Empidonax_flaviventris,Aves
All vertebrates,1init_data\data\MutSpecVertebrates12.csv.gz,3,CO1 + Cytb + ND2,Empidonax_minimus,Aves
All vertebrates,1init_data\data\MutSpecVertebrates12.csv.gz,3,CO1 + Cytb + ND2,Equus_asinus,Mammalia
All vertebrates,1init_data\data\MutSpecVertebrates12.csv.gz,3,CO1 + Cytb + ND2,Equus_caballus,Mammalia
All vertebrates,1init_data\data\MutSpecVertebrates12.csv.gz,3,CO1 + Cytb + ND2,Felis_catus,Mammalia
All vertebrates,1init_data\data\MutSpecVertebrates12.csv.gz,3,CO1 + Cytb + ND2,Gadus_chalcogrammus,Actinopteri
All vertebrates,1init_data\data\MutSpecVertebrates12.csv.gz,3,CO1 + Cytb + ND2,Gadus_morhua,Actinopteri
All vertebrates,1init_data\data\MutSpecVertebrates12.csv.gz,3,CO1 + Cytb + ND2,Geothlypis_philadelphia,Aves
All vertebrates,1init_data\data\MutSpecVertebrates12.csv.gz,3,CO1 + Cytb + ND2,Guerlinguetus_brasiliensis,Mammalia
All vertebrates,1init_data\data\MutSpecVertebrates12.csv.gz,3,CO1 + Cytb + ND2,Helarctos_malayanus,Mammalia
All vertebrates,1init_data\data\MutSpecVertebrates12.csv.gz,3,CO1 + Cytb + ND2,Hippotragus_equinus,Mammalia
All vertebrates,1init_data\data\MutSpecVertebrates12.csv.gz,3,CO1 + Cytb + ND2,Hippotragus_niger,Mammalia
All vertebrates,1init_data\data\MutSpecVertebrates12.csv.gz,3,CO1 + Cytb + ND2,Hirundo_rustica,Aves
All vertebrates,1init_data\data\MutSpecVertebrates12.csv.gz,3,CO1 + Cytb + ND2,Holbrookia_lacerata,Lepidosauria
All vertebrates,1init_data\data\MutSpecVertebrates12.csv.gz,3,CO1 + Cytb + ND2,Homo_sapiens,Mammalia
All vertebrates,1init_data\data\MutSpecVertebrates12.csv.gz,3,CO1 + Cytb + ND2,Hoplodactylus_duvaucelii,Lepidosauria
All vertebrates,1init_data\data\MutSpecVertebrates12.csv.gz,3,CO1 + Cytb + ND2,Hylomyscus_aeta,Mammalia
All vertebrates,1init_data\data\MutSpecVertebrates12.csv.gz,3,CO1 + Cytb + ND2,Hylomyscus_stella,Mammalia
All vertebrates,1init_data\data\MutSpecVertebrates12.csv.gz,3,CO1 + Cytb + ND2,Hylomyscus_walterverheyeni,Mammalia
All vertebrates,1init_data\data\MutSpecVertebrates12.csv.gz,3,CO1 + Cytb + ND2,Lasiopodomys_anglicus,Mammalia
All vertebrates,1init_data\data\MutSpecVertebrates12.csv.gz,3,CO1 + Cytb + ND2,Lasiopodomys_gregalis,Mammalia
All vertebrates,1init_data\data\MutSpecVertebrates12.csv.gz,3,CO1 + Cytb + ND2,Leiothlypis_ruficapilla,Aves
All vertebrates,1init_data\data\MutSpecVertebrates12.csv.gz,3,CO1 + Cytb + ND2,Lentipes_armatus,Actinopteri
All vertebrates,1init_data\data\MutSpecVertebrates12.csv.gz,3,CO1 + Cytb + ND2,Lentipes_palawanirufus,Actinopteri
All vertebrates,1init_data\data\MutSpecVertebrates12.csv.gz,3,CO1 + Cytb + ND2,Lepus_europaeus,Mammalia
All vertebrates,1init_data\data\MutSpecVertebrates12.csv.gz,3,CO1 + Cytb + ND2,Lutra_lutra,Mammalia
All vertebrates,1init_data\data\MutSpecVertebrates12.csv.gz,3,CO1 + Cytb + ND2,Macaca_fascicularis,Mammalia
All vertebrates,1init_data\data\MutSpecVertebrates12.csv.gz,3,CO1 + Cytb + ND2,Macaca_mulatta,Mammalia
All vertebrates,1init_data\data\MutSpecVertebrates12.csv.gz,3,CO1 + Cytb + ND2,Mammuthus_primigenius,Mammalia
All vertebrates,1init_data\data\MutSpecVertebrates12.csv.gz,3,CO1 + Cytb + ND2,Manis_javanica,Mammalia
All vertebrates,1init_data\data\MutSpecVertebrates12.csv.gz,3,CO1 + Cytb + ND2,Martes_americana,Mammalia
All vertebrates,1init_data\data\MutSpecVertebrates12.csv.gz,3,CO1 + Cytb + ND2,Martes_zibellina,Mammalia
All vertebrates,1init_data\data\MutSpecVertebrates12.csv.gz,3,CO1 + Cytb + ND2,Menidia_menidia,Actinopteri
All vertebrates,1init_data\data\MutSpecVertebrates12.csv.gz,3,CO1 + Cytb + ND2,Mesoplodon_grayi,Mammalia
All vertebrates,1init_data\data\MutSpecVertebrates12.csv.gz,3,CO1 + Cytb + ND2,Microtus_richardsoni,Mammalia
All vertebrates,1init_data\data\MutSpecVertebrates12.csv.gz,3,CO1 + Cytb + ND2,Misgurnus_anguillicaudatus,Actinopteri
All vertebrates,1init_data\data\MutSpecVertebrates12.csv.gz,3,CO1 + Cytb + ND2,Mus_musculus,Mammalia
All vertebrates,1init_data\data\MutSpecVertebrates12.csv.gz,3,CO1 + Cytb + ND2,Myodes_glareolus,Mammalia
All vertebrates,1init_data\data\MutSpecVertebrates12.csv.gz,3,CO1 + Cytb + ND2,Ochotona_cansus,Mammalia
All vertebrates,1init_data\data\MutSpecVertebrates12.csv.gz,3,CO1 + Cytb + ND2,Ochotona_thibetana,Mammalia
All vertebrates,1init_data\data\MutSpecVertebrates12.csv.gz,3,CO1 + Cytb + ND2,Odocoileus_virginianus,Mammalia
All vertebrates,1init_data\data\MutSpecVertebrates12.csv.gz,3,CO1 + Cytb + ND2,Oenanthe_oenanthe,Aves
All vertebrates,1init_data\data\MutSpecVertebrates12.csv.gz,3,CO1 + Cytb + ND2,Oncorhynchus_clarkii,Actinopteri
All vertebrates,1init_data\data\MutSpecVertebrates12.csv.gz,3,CO1 + Cytb + ND2,Ovis_ammon,Mammalia
All vertebrates,1init_data\data\MutSpecVertebrates12.csv.gz,3,CO1 + Cytb + ND2,Ovis_aries,Mammalia
All vertebrates,1init_data\data\MutSpecVertebrates12.csv.gz,3,CO1 + Cytb + ND2,Ovis_orientalis,Mammalia
All vertebrates,1init_data\data\MutSpecVertebrates12.csv.gz,3,CO1 + Cytb + ND2,Pachyhynobius_shangchengensis,Amphibia
All vertebrates,1init_data\data\MutSpecVertebrates12.csv.gz,3,CO1 + Cytb + ND2,Pan_troglodytes,Mammalia
All vertebrates,1init_data\data\MutSpecVertebrates12.csv.gz,3,CO1 + Cytb + ND2,Panthera_leo,Mammalia
All vertebrates,1init_data\data\MutSpecVertebrates12.csv.gz,3,CO1 + Cytb + ND2,Panthera_tigris,Mammalia
All vertebrates,1init_data\data\MutSpecVertebrates12.csv.gz,3,CO1 + Cytb + ND2,Phoca_groenlandica,Mammalia
All vertebrates,1init_data\data\MutSpecVertebrates12.csv.gz,3,CO1 + Cytb + ND2,Phyllopteryx_taeniolatus,Actinopteri
All vertebrates,1init_data\data\MutSpecVertebrates12.csv.gz,3,CO1 + Cytb + ND2,Phylloscopus_collybita,Aves
All vertebrates,1init_data\data\MutSpecVertebrates12.csv.gz,3,CO1 + Cytb + ND2,Plecotus_macrobullaris,Mammalia
All vertebrates,1init_data\data\MutSpecVertebrates12.csv.gz,3,CO1 + Cytb + ND2,Prionailurus_bengalensis,Mammalia
All vertebrates,1init_data\data\MutSpecVertebrates12.csv.gz,3,CO1 + Cytb + ND2,Procyon_lotor,Mammalia
All vertebrates,1init_data\data\MutSpecVertebrates12.csv.gz,3,CO1 + Cytb + ND2,Proechimys_guyannensis,Mammalia
All vertebrates,1init_data\data\MutSpecVertebrates12.csv.gz,3,CO1 + Cytb + ND2,Propithecus_diadema,Mammalia
All vertebrates,1init_data\data\MutSpecVertebrates12.csv.gz,3,CO1 + Cytb + ND2,Ptychadena_amharensis,Amphibia
All vertebrates,1init_data\data\MutSpecVertebrates12.csv.gz,3,CO1 + Cytb + ND2,Ptychadena_cooperi,Amphibia
All vertebrates,1init_data\data\MutSpecVertebrates12.csv.gz,3,CO1 + Cytb + ND2,Rusa_unicolor,Mammalia
All vertebrates,1init_data\data\MutSpecVertebrates12.csv.gz,3,CO1 + Cytb + ND2,Salamandrella_keyserlingii,Amphibia
All vertebrates,1init_data\data\MutSpecVertebrates12.csv.gz,3,CO1 + Cytb + ND2,Salmo_trutta,Actinopteri
All vertebrates,1init_data\data\MutSpecVertebrates12.csv.gz,3,CO1 + Cytb + ND2,Sardinella_longiceps,Actinopteri
All vertebrates,1init_data\data\MutSpecVertebrates12.csv.gz,3,CO1 + Cytb + ND2,Schismatogobius_ampluvinculus,Actinopteri
All vertebrates,1init_data\data\MutSpecVertebrates12.csv.gz,3,CO1 + Cytb + ND2,Sciurus_anomalus,Mammalia
All vertebrates,1init_data\data\MutSpecVertebrates12.csv.gz,3,CO1 + Cytb + ND2,Setophaga_coronata,Aves
All vertebrates,1init_data\data\MutSpecVertebrates12.csv.gz,3,CO1 + Cytb + ND2,Setophaga_pensylvanica,Aves
All vertebrates,1init_data\data\MutSpecVertebrates12.csv.gz,3,CO1 + Cytb + ND2,Setophaga_tigrina,Aves
All vertebrates,1init_data\data\MutSpecVertebrates12.csv.gz,3,CO1 + Cytb + ND2,Setophaga_virens,Aves
All vertebrates,1init_data\data\MutSpecVertebrates12.csv.gz,3,CO1 + Cytb + ND2,Sicista_betulina,Mammalia
All vertebrates,1init_data\data\MutSpecVertebrates12.csv.gz,3,CO1 + Cytb + ND2,Spilogale_gracilis,Mammalia
All vertebrates,1init_data\data\MutSpecVertebrates12.csv.gz,3,CO1 + Cytb + ND2,Stenella_attenuata,Mammalia
All vertebrates,1init_data\data\MutSpecVertebrates12.csv.gz,3,CO1 + Cytb + ND2,Stenella_longirostris,Mammalia
All vertebrates,1init_data\data\MutSpecVertebrates12.csv.gz,3,CO1 + Cytb + ND2,Stenocephalemys_albipes,Mammalia
All vertebrates,1init_data\data\MutSpecVertebrates12.csv.gz,3,CO1 + Cytb + ND2,Sus_scrofa,Mammalia
All vertebrates,1init_data\data\MutSpecVertebrates12.csv.gz,3,CO1 + Cytb + ND2,Symposiachrus_guttula,Aves
All vertebrates,1init_data\data\MutSpecVertebrates12.csv.gz,3,CO1 + Cytb + ND2,Symposiachrus_trivirgatus,Aves
All vertebrates,1init_data\data\MutSpecVertebrates12.csv.gz,3,CO1 + Cytb + ND2,Syncerus_caffer,Mammalia
All vertebrates,1init_data\data\MutSpecVertebrates12.csv.gz,3,CO1 + Cytb + ND2,Thymallus_arcticus,Actinopteri
All vertebrates,1init_data\data\MutSpecVertebrates12.csv.gz,3,CO1 + Cytb + ND2,Thymallus_thymallus,Actinopteri
All vertebrates,1init_data\data\MutSpecVertebrates12.csv.gz,3,CO1 + Cytb + ND2,Trachypithecus_phayrei,Mammalia
All vertebrates,1init_data\data\MutSpecVertebrates12.csv.gz,3,CO1 + Cytb + ND2,Tursiops_truncatus,Mammalia
All vertebrates,1init_data\data\MutSpecVertebrates12.csv.gz,3,CO1 + Cytb + ND2,Urocyon_cinereoargenteus,Mammalia
All vertebrates,1init_data\data\MutSpecVertebrates12.csv.gz,3,CO1 + Cytb + ND2,Ursus_arctos,Mammalia
All vertebrates,1init_data\data\MutSpecVertebrates12.csv.gz,3,CO1 + Cytb + ND2,Vireo_olivaceus,Aves
All vertebrates,1init_data\data\MutSpecVertebrates12.csv.gz,3,CO1 + Cytb + ND2,Vireo_solitarius,Aves
All vertebrates,1init_data\data\MutSpecVertebrates12.csv.gz,3,CO1 + Cytb + ND2,Ziphius_cavirostris,Mammalia
All vertebrates,1init_data\data\MutSpecVertebrates12.csv.gz,3,CO1 + Cytb + ND2,Zonotrichia_albicollis,Aves
All vertebrates,1init_data\data\MutSpecVertebrates12.csv.gz,3,CO3 + Cytb + ND2,Andrias_davidianus,Amphibia
All vertebrates,1init_data\data\MutSpecVertebrates12.csv.gz,3,CO3 + Cytb + ND2,Anguilla_anguilla,Actinopteri
All vertebrates,1init_data\data\MutSpecVertebrates12.csv.gz,3,CO3 + Cytb + ND2,Anguilla_rostrata,Actinopteri
All vertebrates,1init_data\data\MutSpecVertebrates12.csv.gz,3,CO3 + Cytb + ND2,Balaenoptera_physalus,Mammalia
All vertebrates,1init_data\data\MutSpecVertebrates12.csv.gz,3,CO3 + Cytb + ND2,Bison_priscus,Mammalia
All vertebrates,1init_data\data\MutSpecVertebrates12.csv.gz,3,CO3 + Cytb + ND2,Bos_taurus,Mammalia
All vertebrates,1init_data\data\MutSpecVertebrates12.csv.gz,3,CO3 + Cytb + ND2,Camelus_dromedarius,Mammalia
All vertebrates,1init_data\data\MutSpecVertebrates12.csv.gz,3,CO3 + Cytb + ND2,Canis_latrans,Mammalia
All vertebrates,1init_data\data\MutSpecVertebrates12.csv.gz,3,CO3 + Cytb + ND2,Canis_lupus,Mammalia
All vertebrates,1init_data\data\MutSpecVertebrates12.csv.gz,3,CO3 + Cytb + ND2,Capra_hircus,Mammalia
All vertebrates,1init_data\data\MutSpecVertebrates12.csv.gz,3,CO3 + Cytb + ND2,Carassius_auratus,Actinopteri
All vertebrates,1init_data\data\MutSpecVertebrates12.csv.gz,3,CO3 + Cytb + ND2,Cercopithecus_albogularis,Mammalia
All vertebrates,1init_data\data\MutSpecVertebrates12.csv.gz,3,CO3 + Cytb + ND2,Certhia_americana,Aves
All vertebrates,1init_data\data\MutSpecVertebrates12.csv.gz,3,CO3 + Cytb + ND2,Cervus_elaphus,Mammalia
All vertebrates,1init_data\data\MutSpecVertebrates12.csv.gz,3,CO3 + Cytb + ND2,Chaenogobius_annularis,Actinopteri
All vertebrates,1init_data\data\MutSpecVertebrates12.csv.gz,3,CO3 + Cytb + ND2,Chamaeleo_chamaeleon,Lepidosauria
All vertebrates,1init_data\data\MutSpecVertebrates12.csv.gz,3,CO3 + Cytb + ND2,Cinclosoma_clarum,Aves
All vertebrates,1init_data\data\MutSpecVertebrates12.csv.gz,3,CO3 + Cytb + ND2,Clupea_harengus,Actinopteri
All vertebrates,1init_data\data\MutSpecVertebrates12.csv.gz,3,CO3 + Cytb + ND2,Corvus_splendens,Aves
All vertebrates,1init_data\data\MutSpecVertebrates12.csv.gz,3,CO3 + Cytb + ND2,Crocidura_suaveolens,Mammalia
All vertebrates,1init_data\data\MutSpecVertebrates12.csv.gz,3,CO3 + Cytb + ND2,Crocuta_crocuta,Mammalia
All vertebrates,1init_data\data\MutSpecVertebrates12.csv.gz,3,CO3 + Cytb + ND2,Cyprinus_carpio,Actinopteri
All vertebrates,1init_data\data\MutSpecVertebrates12.csv.gz,3,CO3 + Cytb + ND2,Dicrostonyx_torquatus,Mammalia
All vertebrates,1init_data\data\MutSpecVertebrates12.csv.gz,3,CO3 + Cytb + ND2,Equus_caballus,Mammalia
All vertebrates,1init_data\data\MutSpecVertebrates12.csv.gz,3,CO3 + Cytb + ND2,Eurycea_spelaea,Amphibia
All vertebrates,1init_data\data\MutSpecVertebrates12.csv.gz,3,CO3 + Cytb + ND2,Gadus_chalcogrammus,Actinopteri
All vertebrates,1init_data\data\MutSpecVertebrates12.csv.gz,3,CO3 + Cytb + ND2,Gadus_morhua,Actinopteri
All vertebrates,1init_data\data\MutSpecVertebrates12.csv.gz,3,CO3 + Cytb + ND2,Guerlinguetus_aestuans,Mammalia
All vertebrates,1init_data\data\MutSpecVertebrates12.csv.gz,3,CO3 + Cytb + ND2,Guerlinguetus_brasiliensis,Mammalia
All vertebrates,1init_data\data\MutSpecVertebrates12.csv.gz,3,CO3 + Cytb + ND2,Helarctos_malayanus,Mammalia
All vertebrates,1init_data\data\MutSpecVertebrates12.csv.gz,3,CO3 + Cytb + ND2,Hippotragus_equinus,Mammalia
All vertebrates,1init_data\data\MutSpecVertebrates12.csv.gz,3,CO3 + Cytb + ND2,Hirundo_rustica,Aves
All vertebrates,1init_data\data\MutSpecVertebrates12.csv.gz,3,CO3 + Cytb + ND2,Holbrookia_lacerata,Lepidosauria
All vertebrates,1init_data\data\MutSpecVertebrates12.csv.gz,3,CO3 + Cytb + ND2,Homo_sapiens,Mammalia
All vertebrates,1init_data\data\MutSpecVertebrates12.csv.gz,3,CO3 + Cytb + ND2,Hoplodactylus_duvaucelii,Lepidosauria
All vertebrates,1init_data\data\MutSpecVertebrates12.csv.gz,3,CO3 + Cytb + ND2,Hylomyscus_walterverheyeni,Mammalia
All vertebrates,1init_data\data\MutSpecVertebrates12.csv.gz,3,CO3 + Cytb + ND2,Lasiopodomys_anglicus,Mammalia
All vertebrates,1init_data\data\MutSpecVertebrates12.csv.gz,3,CO3 + Cytb + ND2,Lasiopodomys_gregalis,Mammalia
All vertebrates,1init_data\data\MutSpecVertebrates12.csv.gz,3,CO3 + Cytb + ND2,Leiothlypis_ruficapilla,Aves
All vertebrates,1init_data\data\MutSpecVertebrates12.csv.gz,3,CO3 + Cytb + ND2,Lentipes_armatus,Actinopteri
All vertebrates,1init_data\data\MutSpecVertebrates12.csv.gz,3,CO3 + Cytb + ND2,Lentipes_palawanirufus,Actinopteri
All vertebrates,1init_data\data\MutSpecVertebrates12.csv.gz,3,CO3 + Cytb + ND2,Macaca_fascicularis,Mammalia
All vertebrates,1init_data\data\MutSpecVertebrates12.csv.gz,3,CO3 + Cytb + ND2,Macaca_mulatta,Mammalia
All vertebrates,1init_data\data\MutSpecVertebrates12.csv.gz,3,CO3 + Cytb + ND2,Mammuthus_primigenius,Mammalia
All vertebrates,1init_data\data\MutSpecVertebrates12.csv.gz,3,CO3 + Cytb + ND2,Martes_zibellina,Mammalia
All vertebrates,1init_data\data\MutSpecVertebrates12.csv.gz,3,CO3 + Cytb + ND2,Menidia_menidia,Actinopteri
All vertebrates,1init_data\data\MutSpecVertebrates12.csv.gz,3,CO3 + Cytb + ND2,Mesoplodon_grayi,Mammalia
All vertebrates,1init_data\data\MutSpecVertebrates12.csv.gz,3,CO3 + Cytb + ND2,Microtus_richardsoni,Mammalia
All vertebrates,1init_data\data\MutSpecVertebrates12.csv.gz,3,CO3 + Cytb + ND2,Misgurnus_anguillicaudatus,Actinopteri
All vertebrates,1init_data\data\MutSpecVertebrates12.csv.gz,3,CO3 + Cytb + ND2,Mus_musculus,Mammalia
All vertebrates,1init_data\data\MutSpecVertebrates12.csv.gz,3,CO3 + Cytb + ND2,Myodes_glareolus,Mammalia
All vertebrates,1init_data\data\MutSpecVertebrates12.csv.gz,3,CO3 + Cytb + ND2,Ochotona_cansus,Mammalia
All vertebrates,1init_data\data\MutSpecVertebrates12.csv.gz,3,CO3 + Cytb + ND2,Ochotona_thibetana,Mammalia
All vertebrates,1init_data\data\MutSpecVertebrates12.csv.gz,3,CO3 + Cytb + ND2,Odocoileus_virginianus,Mammalia
All vertebrates,1init_data\data\MutSpecVertebrates12.csv.gz,3,CO3 + Cytb + ND2,Oncorhynchus_clarkii,Actinopteri
All vertebrates,1init_data\data\MutSpecVertebrates12.csv.gz,3,CO3 + Cytb + ND2,Oryzias_latipes,Actinopteri
All vertebrates,1init_data\data\MutSpecVertebrates12.csv.gz,3,CO3 + Cytb + ND2,Ovis_ammon,Mammalia
All vertebrates,1init_data\data\MutSpecVertebrates12.csv.gz,3,CO3 + Cytb + ND2,Ovis_aries,Mammalia
All vertebrates,1init_data\data\MutSpecVertebrates12.csv.gz,3,CO3 + Cytb + ND2,Pachyhynobius_shangchengensis,Amphibia
All vertebrates,1init_data\data\MutSpecVertebrates12.csv.gz,3,CO3 + Cytb + ND2,Pan_troglodytes,Mammalia
All vertebrates,1init_data\data\MutSpecVertebrates12.csv.gz,3,CO3 + Cytb + ND2,Panthera_pardus,Mammalia
All vertebrates,1init_data\data\MutSpecVertebrates12.csv.gz,3,CO3 + Cytb + ND2,Phoca_groenlandica,Mammalia
All vertebrates,1init_data\data\MutSpecVertebrates12.csv.gz,3,CO3 + Cytb + ND2,Phyllopteryx_taeniolatus,Actinopteri
All vertebrates,1init_data\data\MutSpecVertebrates12.csv.gz,3,CO3 + Cytb + ND2,Phylloscopus_collybita,Aves
All vertebrates,1init_data\data\MutSpecVertebrates12.csv.gz,3,CO3 + Cytb + ND2,Plecotus_macrobullaris,Mammalia
All vertebrates,1init_data\data\MutSpecVertebrates12.csv.gz,3,CO3 + Cytb + ND2,Prionailurus_bengalensis,Mammalia
All vertebrates,1init_data\data\MutSpecVertebrates12.csv.gz,3,CO3 + Cytb + ND2,Procyon_lotor,Mammalia
All vertebrates,1init_data\data\MutSpecVertebrates12.csv.gz,3,CO3 + Cytb + ND2,Proechimys_cuvieri,Mammalia
All vertebrates,1init_data\data\MutSpecVertebrates12.csv.gz,3,CO3 + Cytb + ND2,Proechimys_guyannensis,Mammalia
All vertebrates,1init_data\data\MutSpecVertebrates12.csv.gz,3,CO3 + Cytb + ND2,Ptychadena_amharensis,Amphibia
All vertebrates,1init_data\data\MutSpecVertebrates12.csv.gz,3,CO3 + Cytb + ND2,Rusa_unicolor,Mammalia
All vertebrates,1init_data\data\MutSpecVertebrates12.csv.gz,3,CO3 + Cytb + ND2,Salamandrella_keyserlingii,Amphibia
All vertebrates,1init_data\data\MutSpecVertebrates12.csv.gz,3,CO3 + Cytb + ND2,Salmo_trutta,Actinopteri
All vertebrates,1init_data\data\MutSpecVertebrates12.csv.gz,3,CO3 + Cytb + ND2,Salvelinus_alpinus,Actinopteri
All vertebrates,1init_data\data\MutSpecVertebrates12.csv.gz,3,CO3 + Cytb + ND2,Sardinella_longiceps,Actinopteri
All vertebrates,1init_data\data\MutSpecVertebrates12.csv.gz,3,CO3 + Cytb + ND2,Schismatogobius_ampluvinculus,Actinopteri
All vertebrates,1init_data\data\MutSpecVertebrates12.csv.gz,3,CO3 + Cytb + ND2,Setophaga_pensylvanica,Aves
All vertebrates,1init_data\data\MutSpecVertebrates12.csv.gz,3,CO3 + Cytb + ND2,Sicista_betulina,Mammalia
All vertebrates,1init_data\data\MutSpecVertebrates12.csv.gz,3,CO3 + Cytb + ND2,Spilogale_gracilis,Mammalia
All vertebrates,1init_data\data\MutSpecVertebrates12.csv.gz,3,CO3 + Cytb + ND2,Stenella_attenuata,Mammalia
All vertebrates,1init_data\data\MutSpecVertebrates12.csv.gz,3,CO3 + Cytb + ND2,Stenella_longirostris,Mammalia
All vertebrates,1init_data\data\MutSpecVertebrates12.csv.gz,3,CO3 + Cytb + ND2,Stenocephalemys_albipes,Mammalia
All vertebrates,1init_data\data\MutSpecVertebrates12.csv.gz,3,CO3 + Cytb + ND2,Sus_scrofa,Mammalia
All vertebrates,1init_data\data\MutSpecVertebrates12.csv.gz,3,CO3 + Cytb + ND2,Syncerus_caffer,Mammalia
All vertebrates,1init_data\data\MutSpecVertebrates12.csv.gz,3,CO3 + Cytb + ND2,Thymallus_thymallus,Actinopteri
All vertebrates,1init_data\data\MutSpecVertebrates12.csv.gz,3,CO3 + Cytb + ND2,Trachypithecus_phayrei,Mammalia
All vertebrates,1init_data\data\MutSpecVertebrates12.csv.gz,3,CO3 + Cytb + ND2,Tragelaphus_scriptus,Mammalia
All vertebrates,1init_data\data\MutSpecVertebrates12.csv.gz,3,CO3 + Cytb + ND2,Tursiops_truncatus,Mammalia
All vertebrates,1init_data\data\MutSpecVertebrates12.csv.gz,3,CO3 + Cytb + ND2,Urocyon_cinereoargenteus,Mammalia
All vertebrates,1init_data\data\MutSpecVertebrates12.csv.gz,3,CO3 + Cytb + ND2,Ursus_arctos,Mammalia
All vertebrates,1init_data\data\MutSpecVertebrates12.csv.gz,3,CO3 + Cytb + ND2,Vireo_olivaceus,Aves
All vertebrates,1init_data\data\MutSpecVertebrates12.csv.gz,4,CO1 + CO3 + Cytb + ND2,Andrias_davidianus,Amphibia
All vertebrates,1init_data\data\MutSpecVertebrates12.csv.gz,4,CO1 + CO3 + Cytb + ND2,Anguilla_anguilla,Actinopteri
All vertebrates,1init_data\data\MutSpecVertebrates12.csv.gz,4,CO1 + CO3 + Cytb + ND2,Anguilla_rostrata,Actinopteri
All vertebrates,1init_data\data\MutSpecVertebrates12.csv.gz,4,CO1 + CO3 + Cytb + ND2,Balaenoptera_physalus,Mammalia
All vertebrates,1init_data\data\MutSpecVertebrates12.csv.gz,4,CO1 + CO3 + Cytb + ND2,Bison_priscus,Mammalia
All vertebrates,1init_data\data\MutSpecVertebrates12.csv.gz,4,CO1 + CO3 + Cytb + ND2,Bos_taurus,Mammalia
All vertebrates,1init_data\data\MutSpecVertebrates12.csv.gz,4,CO1 + CO3 + Cytb + ND2,Camelus_dromedarius,Mammalia
All vertebrates,1init_data\data\MutSpecVertebrates12.csv.gz,4,CO1 + CO3 + Cytb + ND2,Canis_latrans,Mammalia
All vertebrates,1init_data\data\MutSpecVertebrates12.csv.gz,4,CO1 + CO3 + Cytb + ND2,Canis_lupus,Mammalia
All vertebrates,1init_data\data\MutSpecVertebrates12.csv.gz,4,CO1 + CO3 + Cytb + ND2,Capra_hircus,Mammalia
All vertebrates,1init_data\data\MutSpecVertebrates12.csv.gz,4,CO1 + CO3 + Cytb + ND2,Carassius_auratus,Actinopteri
All vertebrates,1init_data\data\MutSpecVertebrates12.csv.gz,4,CO1 + CO3 + Cytb + ND2,Certhia_americana,Aves
All vertebrates,1init_data\data\MutSpecVertebrates12.csv.gz,4,CO1 + CO3 + Cytb + ND2,Cervus_elaphus,Mammalia
All vertebrates,1init_data\data\MutSpecVertebrates12.csv.gz,4,CO1 + CO3 + Cytb + ND2,Chaenogobius_annularis,Actinopteri
All vertebrates,1init_data\data\MutSpecVertebrates12.csv.gz,4,CO1 + CO3 + Cytb + ND2,Cinclosoma_clarum,Aves
All vertebrates,1init_data\data\MutSpecVertebrates12.csv.gz,4,CO1 + CO3 + Cytb + ND2,Clupea_harengus,Actinopteri
All vertebrates,1init_data\data\MutSpecVertebrates12.csv.gz,4,CO1 + CO3 + Cytb + ND2,Corvus_splendens,Aves
All vertebrates,1init_data\data\MutSpecVertebrates12.csv.gz,4,CO1 + CO3 + Cytb + ND2,Crocidura_suaveolens,Mammalia
All vertebrates,1init_data\data\MutSpecVertebrates12.csv.gz,4,CO1 + CO3 + Cytb + ND2,Crocuta_crocuta,Mammalia
All vertebrates,1init_data\data\MutSpecVertebrates12.csv.gz,4,CO1 + CO3 + Cytb + ND2,Cyprinus_carpio,Actinopteri
All vertebrates,1init_data\data\MutSpecVertebrates12.csv.gz,4,CO1 + CO3 + Cytb + ND2,Dicrostonyx_torquatus,Mammalia
All vertebrates,1init_data\data\MutSpecVertebrates12.csv.gz,4,CO1 + CO3 + Cytb + ND2,Equus_caballus,Mammalia
All vertebrates,1init_data\data\MutSpecVertebrates12.csv.gz,4,CO1 + CO3 + Cytb + ND2,Gadus_chalcogrammus,Actinopteri
All vertebrates,1init_data\data\MutSpecVertebrates12.csv.gz,4,CO1 + CO3 + Cytb + ND2,Gadus_morhua,Actinopteri
All vertebrates,1init_data\data\MutSpecVertebrates12.csv.gz,4,CO1 + CO3 + Cytb + ND2,Guerlinguetus_brasiliensis,Mammalia
All vertebrates,1init_data\data\MutSpecVertebrates12.csv.gz,4,CO1 + CO3 + Cytb + ND2,Helarctos_malayanus,Mammalia
All vertebrates,1init_data\data\MutSpecVertebrates12.csv.gz,4,CO1 + CO3 + Cytb + ND2,Hippotragus_equinus,Mammalia
All vertebrates,1init_data\data\MutSpecVertebrates12.csv.gz,4,CO1 + CO3 + Cytb + ND2,Hirundo_rustica,Aves
All vertebrates,1init_data\data\MutSpecVertebrates12.csv.gz,4,CO1 + CO3 + Cytb + ND2,Holbrookia_lacerata,Lepidosauria
All vertebrates,1init_data\data\MutSpecVertebrates12.csv.gz,4,CO1 + CO3 + Cytb + ND2,Homo_sapiens,Mammalia
All vertebrates,1init_data\data\MutSpecVertebrates12.csv.gz,4,CO1 + CO3 + Cytb + ND2,Hoplodactylus_duvaucelii,Lepidosauria
All vertebrates,1init_data\data\MutSpecVertebrates12.csv.gz,4,CO1 + CO3 + Cytb + ND2,Hylomyscus_walterverheyeni,Mammalia
All vertebrates,1init_data\data\MutSpecVertebrates12.csv.gz,4,CO1 + CO3 + Cytb + ND2,Lasiopodomys_anglicus,Mammalia
All vertebrates,1init_data\data\MutSpecVertebrates12.csv.gz,4,CO1 + CO3 + Cytb + ND2,Lasiopodomys_gregalis,Mammalia
All vertebrates,1init_data\data\MutSpecVertebrates12.csv.gz,4,CO1 + CO3 + Cytb + ND2,Leiothlypis_ruficapilla,Aves
All vertebrates,1init_data\data\MutSpecVertebrates12.csv.gz,4,CO1 + CO3 + Cytb + ND2,Lentipes_armatus,Actinopteri
All vertebrates,1init_data\data\MutSpecVertebrates12.csv.gz,4,CO1 + CO3 + Cytb + ND2,Lentipes_palawanirufus,Actinopteri
All vertebrates,1init_data\data\MutSpecVertebrates12.csv.gz,4,CO1 + CO3 + Cytb + ND2,Macaca_fascicularis,Mammalia
All vertebrates,1init_data\data\MutSpecVertebrates12.csv.gz,4,CO1 + CO3 + Cytb + ND2,Macaca_mulatta,Mammalia
All vertebrates,1init_data\data\MutSpecVertebrates12.csv.gz,4,CO1 + CO3 + Cytb + ND2,Mammuthus_primigenius,Mammalia
All vertebrates,1init_data\data\MutSpecVertebrates12.csv.gz,4,CO1 + CO3 + Cytb + ND2,Martes_zibellina,Mammalia
All vertebrates,1init_data\data\MutSpecVertebrates12.csv.gz,4,CO1 + CO3 + Cytb + ND2,Menidia_menidia,Actinopteri
All vertebrates,1init_data\data\MutSpecVertebrates12.csv.gz,4,CO1 + CO3 + Cytb + ND2,Mesoplodon_grayi,Mammalia
All vertebrates,1init_data\data\MutSpecVertebrates12.csv.gz,4,CO1 + CO3 + Cytb + ND2,Microtus_richardsoni,Mammalia
All vertebrates,1init_data\data\MutSpecVertebrates12.csv.gz,4,CO1 + CO3 + Cytb + ND2,Misgurnus_anguillicaudatus,Actinopteri
All vertebrates,1init_data\data\MutSpecVertebrates12.csv.gz,4,CO1 + CO3 + Cytb + ND2,Mus_musculus,Mammalia
All vertebrates,1init_data\data\MutSpecVertebrates12.csv.gz,4,CO1 + CO3 + Cytb + ND2,Myodes_glareolus,Mammalia
All vertebrates,1init_data\data\MutSpecVertebrates12.csv.gz,4,CO1 + CO3 + Cytb + ND2,Ochotona_cansus,Mammalia
All vertebrates,1init_data\data\MutSpecVertebrates12.csv.gz,4,CO1 + CO3 + Cytb + ND2,Ochotona_thibetana,Mammalia
All vertebrates,1init_data\data\MutSpecVertebrates12.csv.gz,4,CO1 + CO3 + Cytb + ND2,Odocoileus_virginianus,Mammalia
All vertebrates,1init_data\data\MutSpecVertebrates12.csv.gz,4,CO1 + CO3 + Cytb + ND2,Oncorhynchus_clarkii,Actinopteri
All vertebrates,1init_data\data\MutSpecVertebrates12.csv.gz,4,CO1 + CO3 + Cytb + ND2,Ovis_ammon,Mammalia
All vertebrates,1init_data\data\MutSpecVertebrates12.csv.gz,4,CO1 + CO3 + Cytb + ND2,Ovis_aries,Mammalia
All vertebrates,1init_data\data\MutSpecVertebrates12.csv.gz,4,CO1 + CO3 + Cytb + ND2,Pachyhynobius_shangchengensis,Amphibia
All vertebrates,1init_data\data\MutSpecVertebrates12.csv.gz,4,CO1 + CO3 + Cytb + ND2,Pan_troglodytes,Mammalia
All vertebrates,1init_data\data\MutSpecVertebrates12.csv.gz,4,CO1 + CO3 + Cytb + ND2,Phoca_groenlandica,Mammalia
All vertebrates,1init_data\data\MutSpecVertebrates12.csv.gz,4,CO1 + CO3 + Cytb + ND2,Phyllopteryx_taeniolatus,Actinopteri
All vertebrates,1init_data\data\MutSpecVertebrates12.csv.gz,4,CO1 + CO3 + Cytb + ND2,Phylloscopus_collybita,Aves
All vertebrates,1init_data\data\MutSpecVertebrates12.csv.gz,4,CO1 + CO3 + Cytb + ND2,Plecotus_macrobullaris,Mammalia
All vertebrates,1init_data\data\MutSpecVertebrates12.csv.gz,4,CO1 + CO3 + Cytb + ND2,Prionailurus_bengalensis,Mammalia
All vertebrates,1init_data\data\MutSpecVertebrates12.csv.gz,4,CO1 + CO3 + Cytb + ND2,Procyon_lotor,Mammalia
All vertebrates,1init_data\data\MutSpecVertebrates12.csv.gz,4,CO1 + CO3 + Cytb + ND2,Proechimys_guyannensis,Mammalia
All vertebrates,1init_data\data\MutSpecVertebrates12.csv.gz,4,CO1 + CO3 + Cytb + ND2,Ptychadena_amharensis,Amphibia
All vertebrates,1init_data\data\MutSpecVertebrates12.csv.gz,4,CO1 + CO3 + Cytb + ND2,Rusa_unicolor,Mammalia
All vertebrates,1init_data\data\MutSpecVertebrates12.csv.gz,4,CO1 + CO3 + Cytb + ND2,Salamandrella_keyserlingii,Amphibia
All vertebrates,1init_data\data\MutSpecVertebrates12.csv.gz,4,CO1 + CO3 + Cytb + ND2,Salmo_trutta,Actinopteri
All vertebrates,1init_data\data\MutSpecVertebrates12.csv.gz,4,CO1 + CO3 + Cytb + ND2,Sardinella_longiceps,Actinopteri
All vertebrates,1init_data\data\MutSpecVertebrates12.csv.gz,4,CO1 + CO3 + Cytb + ND2,Schismatogobius_ampluvinculus,Actinopteri
All vertebrates,1init_data\data\MutSpecVertebrates12.csv.gz,4,CO1 + CO3 + Cytb + ND2,Setophaga_pensylvanica,Aves
All vertebrates,1init_data\data\MutSpecVertebrates12.csv.gz,4,CO1 + CO3 + Cytb + ND2,Sicista_betulina,Mammalia
All vertebrates,1init_data\data\MutSpecVertebrates12.csv.gz,4,CO1 + CO3 + Cytb + ND2,Spilogale_gracilis,Mammalia
All vertebrates,1init_data\data\MutSpecVertebrates12.csv.gz,4,CO1 + CO3 + Cytb + ND2,Stenella_attenuata,Mammalia
All vertebrates,1init_data\data\MutSpecVertebrates12.csv.gz,4,CO1 + CO3 + Cytb + ND2,Stenella_longirostris,Mammalia
All vertebrates,1init_data\data\MutSpecVertebrates12.csv.gz,4,CO1 + CO3 + Cytb + ND2,Stenocephalemys_albipes,Mammalia
All vertebrates,1init_data\data\MutSpecVertebrates12.csv.gz,4,CO1 + CO3 + Cytb + ND2,Sus_scrofa,Mammalia
All vertebrates,1init_data\data\MutSpecVertebrates12.csv.gz,4,CO1 + CO3 + Cytb + ND2,Syncerus_caffer,Mammalia
All vertebrates,1init_data\data\MutSpecVertebrates12.csv.gz,4,CO1 + CO3 + Cytb + ND2,Thymallus_thymallus,Actinopteri
All vertebrates,1init_data\data\MutSpecVertebrates12.csv.gz,4,CO1 + CO3 + Cytb + ND2,Trachypithecus_phayrei,Mammalia
All vertebrates,1init_data\data\MutSpecVertebrates12.csv.gz,4,CO1 + CO3 + Cytb + ND2,Tursiops_truncatus,Mammalia
All vertebrates,1init_data\data\MutSpecVertebrates12.csv.gz,4,CO1 + CO3 + Cytb + ND2,Urocyon_cinereoargenteus,Mammalia
All vertebrates,1init_data\data\MutSpecVertebrates12.csv.gz,4,CO1 + CO3 + Cytb + ND2,Ursus_arctos,Mammalia
All vertebrates,1init_data\data\MutSpecVertebrates12.csv.gz,4,CO1 + CO3 + Cytb + ND2,Vireo_olivaceus,Aves
