Gene,Class,Species,Mut,Observed,Expected,MutSpec,Mut_raw
CO1,Actinopteri,Anarhichas_lupus,A>C,1.99898,70.88888888888891,0.0929969690184648,T>G
CO1,Actinopteri,Anarhichas_lupus,A>G,4.99822,149.59259259259258,0.110190408580649,T>C
CO1,Actinopteri,Anarhichas_lupus,A>T,,70.88888888888891,0.0,T>A
CO1,Actinopteri,Anarhichas_lupus,C>A,1.0,40.185185185185176,0.0820677525728637,G>T
CO1,Actinopteri,Anarhichas_lupus,C>G,,40.185185185185176,0.0,G>C
CO1,Actinopteri,Anarhichas_lupus,C>T,8.99998,65.99999999999999,0.4497137053893283,G>A
CO1,Actinopteri,Anarhichas_lupus,G>A,8.99827,191.96296296296305,0.1545895347480313,C>T
CO1,Actinopteri,Anarhichas_lupus,G>C,,93.7037037037037,0.0,C>G
CO1,Actinopteri,Anarhichas_lupus,G>T,0.99937,93.7037037037037,0.035172890960192,C>A
CO1,Actinopteri,Anarhichas_lupus,T>A,,83.22222222222226,0.0,A>T
CO1,Actinopteri,Anarhichas_lupus,T>C,2.99998,131.4444444444444,0.0752687387304707,A>G
CO1,Actinopteri,Anarhichas_lupus,T>G,,83.22222222222226,0.0,A>C
Cytb,Actinopteri,Anarhichas_lupus,A>C,,55.77777777777779,0.0,T>G
Cytb,Actinopteri,Anarhichas_lupus,A>G,2.99999,111.81481481481484,0.069203506110336,T>C
Cytb,Actinopteri,Anarhichas_lupus,A>T,3.0,55.77777777777779,0.1387291376941405,T>A
Cytb,Actinopteri,Anarhichas_lupus,C>A,,23.703703703703702,0.0,G>T
Cytb,Actinopteri,Anarhichas_lupus,C>G,,23.703703703703702,0.0,G>C
Cytb,Actinopteri,Anarhichas_lupus,C>T,7.99845,35.62962962962963,0.5790314676066828,G>A
Cytb,Actinopteri,Anarhichas_lupus,G>A,7.995480000000001,163.92592592592595,0.1258069216034964,C>T
Cytb,Actinopteri,Anarhichas_lupus,G>C,,73.85185185185188,0.0,C>G
Cytb,Actinopteri,Anarhichas_lupus,G>T,1.0,73.85185185185188,0.0349257909340313,C>A
Cytb,Actinopteri,Anarhichas_lupus,T>A,,63.481481481481495,0.0,A>T
Cytb,Actinopteri,Anarhichas_lupus,T>C,1.99999,98.62962962962966,0.0523031760513127,A>G
Cytb,Actinopteri,Anarhichas_lupus,T>G,,63.481481481481495,0.0,A>C
CO1,Amphibia,Andrias_davidianus,A>C,,84.375,0.0,T>G
CO1,Amphibia,Andrias_davidianus,A>G,3.94118,230.875,0.0428907921626276,T>C
CO1,Amphibia,Andrias_davidianus,A>T,0.730347,84.375,0.0217485430949169,T>A
CO1,Amphibia,Andrias_davidianus,C>A,,17.09375,0.0,G>T
CO1,Amphibia,Andrias_davidianus,C>G,0.99607,17.09375,0.1464088123393709,G>C
CO1,Amphibia,Andrias_davidianus,C>T,7.430459,38.84375,0.4806281433398785,G>A
CO1,Amphibia,Andrias_davidianus,G>A,4.568011,103.46875,0.1109258190787531,C>T
CO1,Amphibia,Andrias_davidianus,G>C,,52.125,0.0,C>G
CO1,Amphibia,Andrias_davidianus,G>T,,52.125,0.0,C>A
CO1,Amphibia,Andrias_davidianus,T>A,,102.3125,0.0,A>T
CO1,Amphibia,Andrias_davidianus,T>C,14.3528,182.6875,0.1973978899844528,A>G
CO1,Amphibia,Andrias_davidianus,T>G,,102.3125,0.0,A>C
Cytb,Amphibia,Andrias_davidianus,A>C,,40.89285714285715,0.0,T>G
Cytb,Amphibia,Andrias_davidianus,A>G,13.467676,123.71428571428572,0.1081163275714014,T>C
Cytb,Amphibia,Andrias_davidianus,A>T,1.37714,40.89285714285715,0.0334463796553592,T>A
Cytb,Amphibia,Andrias_davidianus,C>A,0.993859,19.946428571428577,0.0494855163761022,G>T
Cytb,Amphibia,Andrias_davidianus,C>G,,19.946428571428577,0.0,G>C
Cytb,Amphibia,Andrias_davidianus,C>T,12.529006,28.03571428571428,0.4438369648298286,G>A
Cytb,Amphibia,Andrias_davidianus,G>A,21.861972,111.5714285714286,0.1946053688347413,C>T
Cytb,Amphibia,Andrias_davidianus,G>C,1.991254,45.87499999999999,0.0431091104782835,C>G
Cytb,Amphibia,Andrias_davidianus,G>T,1.0,45.87499999999999,0.0216492273101691,C>A
Cytb,Amphibia,Andrias_davidianus,T>A,2.986601,82.2857142857143,0.0360471754570045,A>T
Cytb,Amphibia,Andrias_davidianus,T>C,9.664101,137.69642857142853,0.0697039294871099,A>G
Cytb,Amphibia,Andrias_davidianus,T>G,,82.2857142857143,0.0,A>C
CO1,Actinopteri,Anguilla_anguilla,A>C,,56.0434782608696,0.0,T>G
CO1,Actinopteri,Anguilla_anguilla,A>G,17.94362,149.15217391304347,0.1294957283101004,T>C
CO1,Actinopteri,Anguilla_anguilla,A>T,1.0,56.0434782608696,0.0192065731837847,T>A
CO1,Actinopteri,Anguilla_anguilla,C>A,,20.913043478260875,0.0,G>T
CO1,Actinopteri,Anguilla_anguilla,C>G,1.9992,20.913043478260875,0.10289966704684,G>C
CO1,Actinopteri,Anguilla_anguilla,C>T,11.98727,33.95652173913043,0.3799899025910471,G>A
CO1,Actinopteri,Anguilla_anguilla,G>A,21.94991,176.804347826087,0.1336333236319978,C>T
CO1,Actinopteri,Anguilla_anguilla,G>C,,70.08695652173913,0.0,C>G
CO1,Actinopteri,Anguilla_anguilla,G>T,5.99885,70.08695652173913,0.0921309963645364,C>A
CO1,Actinopteri,Anguilla_anguilla,T>A,4.99865,138.3478260869565,0.0388915593498325,A>T
CO1,Actinopteri,Anguilla_anguilla,T>C,20.61444,213.8695652173912,0.1037522495218607,A>G
CO1,Actinopteri,Anguilla_anguilla,T>G,,138.3478260869565,0.0,A>C
Cytb,Actinopteri,Anguilla_anguilla,A>C,,29.64583333333333,0.0,T>G
Cytb,Actinopteri,Anguilla_anguilla,A>G,14.748516,79.02083333333333,0.0931754795457578,T>C
Cytb,Actinopteri,Anguilla_anguilla,A>T,,29.64583333333333,0.0,T>A
Cytb,Actinopteri,Anguilla_anguilla,C>A,2.99765,16.645833333333332,0.0899021960440175,G>T
Cytb,Actinopteri,Anguilla_anguilla,C>G,,16.645833333333332,0.0,G>C
Cytb,Actinopteri,Anguilla_anguilla,C>T,29.722192,23.875,0.6214874645701965,G>A
Cytb,Actinopteri,Anguilla_anguilla,G>A,26.871255,155.1875,0.0864422637457054,C>T
Cytb,Actinopteri,Anguilla_anguilla,G>C,,45.520833333333336,0.0,C>G
Cytb,Actinopteri,Anguilla_anguilla,G>T,3.0,45.520833333333336,0.0329007629458499,C>A
Cytb,Actinopteri,Anguilla_anguilla,T>A,1.99958,115.25,0.0086614931937339,A>T
Cytb,Actinopteri,Anguilla_anguilla,T>C,20.597258,162.95833333333337,0.0630997666241215,A>G
Cytb,Actinopteri,Anguilla_anguilla,T>G,0.99975,115.25,0.0043305733306171,A>C
CO1,Actinopteri,Anguilla_rostrata,A>C,,61.50000000000002,0.0,T>G
CO1,Actinopteri,Anguilla_rostrata,A>G,7.99765,150.84615384615387,0.152329074217472,T>C
CO1,Actinopteri,Anguilla_rostrata,A>T,,61.50000000000002,0.0,T>A
CO1,Actinopteri,Anguilla_rostrata,C>A,,25.15384615384616,0.0,G>T
CO1,Actinopteri,Anguilla_rostrata,C>G,,25.15384615384616,0.0,G>C
CO1,Actinopteri,Anguilla_rostrata,C>T,6.98979,36.42307692307691,0.5513687486252891,G>A
CO1,Actinopteri,Anguilla_rostrata,G>A,5.99522,176.4615384615385,0.0976134613605122,C>T
CO1,Actinopteri,Anguilla_rostrata,G>C,,65.76923076923077,0.0,C>G
CO1,Actinopteri,Anguilla_rostrata,G>T,,65.76923076923077,0.0,C>A
CO1,Actinopteri,Anguilla_rostrata,T>A,,136.26923076923077,0.0,A>T
CO1,Actinopteri,Anguilla_rostrata,T>C,12.99558,210.23076923076923,0.1776045294761495,A>G
CO1,Actinopteri,Anguilla_rostrata,T>G,1.0,136.26923076923077,0.0210841863205771,A>C
Cytb,Actinopteri,Anguilla_rostrata,A>C,,32.56666666666668,0.0,T>G
Cytb,Actinopteri,Anguilla_rostrata,A>G,13.99198,86.56666666666666,0.2263430731775828,T>C
Cytb,Actinopteri,Anguilla_rostrata,A>T,,32.56666666666668,0.0,T>A
Cytb,Actinopteri,Anguilla_rostrata,C>A,,12.300000000000004,0.0,G>T
Cytb,Actinopteri,Anguilla_rostrata,C>G,,12.300000000000004,0.0,G>C
Cytb,Actinopteri,Anguilla_rostrata,C>T,7.870960999999999,20.099999999999994,0.5483658874663919,G>A
Cytb,Actinopteri,Anguilla_rostrata,G>A,7.99987,150.20000000000002,0.0745850395625268,C>T
Cytb,Actinopteri,Anguilla_rostrata,G>C,1.0,45.23333333333333,0.0309585159967347,C>G
Cytb,Actinopteri,Anguilla_rostrata,G>T,1.0,45.23333333333333,0.0309585159967347,C>A
Cytb,Actinopteri,Anguilla_rostrata,T>A,0.99989,115.89999999999998,0.0120811288553023,A>T
Cytb,Actinopteri,Anguilla_rostrata,T>C,8.992615,164.16666666666669,0.0767078389447266,A>G
Cytb,Actinopteri,Anguilla_rostrata,T>G,,115.89999999999998,0.0,A>C
CO1,Mammalia,Apodemus_agrarius,A>C,,67.12121212121214,0.0,T>G
CO1,Mammalia,Apodemus_agrarius,A>G,8.333618,160.36363636363632,0.1057967150537126,T>C
CO1,Mammalia,Apodemus_agrarius,A>T,,67.12121212121214,0.0,T>A
CO1,Mammalia,Apodemus_agrarius,C>A,,11.878787878787874,0.0,G>T
CO1,Mammalia,Apodemus_agrarius,C>G,,11.878787878787874,0.0,G>C
CO1,Mammalia,Apodemus_agrarius,C>T,6.99937,23.878787878787872,0.5967482633687056,G>A
CO1,Mammalia,Apodemus_agrarius,G>A,16.099271,149.39393939393938,0.2193904511525627,C>T
CO1,Mammalia,Apodemus_agrarius,G>C,,48.636363636363626,0.0,C>G
CO1,Mammalia,Apodemus_agrarius,G>T,,48.636363636363626,0.0,C>A
CO1,Mammalia,Apodemus_agrarius,T>A,,148.93939393939388,0.0,A>T
CO1,Mammalia,Apodemus_agrarius,T>C,6.99331,221.09090909090904,0.064395628215147,A>G
CO1,Mammalia,Apodemus_agrarius,T>G,1.0,148.93939393939388,0.0136689422098719,A>C
Cytb,Mammalia,Apodemus_agrarius,A>C,,30.58113207547176,0.0,T>G
Cytb,Mammalia,Apodemus_agrarius,A>G,116.254468,90.95094339622646,0.1559633742123872,T>C
Cytb,Mammalia,Apodemus_agrarius,A>T,0.99988,30.58113207547176,0.0039894635423161,T>A
Cytb,Mammalia,Apodemus_agrarius,C>A,,7.7547169811321,0.0,G>T
Cytb,Mammalia,Apodemus_agrarius,C>G,2.99853,7.7547169811321,0.0471805091746518,G>C
Cytb,Mammalia,Apodemus_agrarius,C>T,53.761987,11.147169811320804,0.5884788677857676,G>A
Cytb,Mammalia,Apodemus_agrarius,G>A,139.416602,150.19245283018873,0.1132626089214676,C>T
Cytb,Mammalia,Apodemus_agrarius,G>C,1.0,46.29433962264152,0.0026356775909726,C>G
Cytb,Mammalia,Apodemus_agrarius,G>T,7.99868,46.29433962264152,0.0210819416333613,C>A
Cytb,Mammalia,Apodemus_agrarius,T>A,8.999369999999999,105.36226415094332,0.0104219069318463,A>T
Cytb,Mammalia,Apodemus_agrarius,T>C,64.795175,157.99622641509438,0.0500398651061408,A>G
Cytb,Mammalia,Apodemus_agrarius,T>G,5.997721,105.36226415094332,0.0069457851010882,A>C
CO1,Mammalia,Ateles_chamek,A>C,,60.1,0.0,T>G
CO1,Mammalia,Ateles_chamek,A>G,5.89807,156.1,0.115404360614439,T>C
CO1,Mammalia,Ateles_chamek,A>T,,60.1,0.0,T>A
CO1,Mammalia,Ateles_chamek,C>A,,13.8,0.0,G>T
CO1,Mammalia,Ateles_chamek,C>G,,13.8,0.0,G>C
CO1,Mammalia,Ateles_chamek,C>T,4.7141,23.3,0.6179567345613438,G>A
CO1,Mammalia,Ateles_chamek,G>A,3.903556,175.79999999999998,0.0678198372124447,C>T
CO1,Mammalia,Ateles_chamek,G>C,,72.80000000000001,0.0,C>G
CO1,Mammalia,Ateles_chamek,G>T,2.0,72.80000000000001,0.0839100183391799,C>A
CO1,Mammalia,Ateles_chamek,T>A,,123.7,0.0,A>T
CO1,Mammalia,Ateles_chamek,T>C,7.595832,201.90000000000003,0.1149090492725924,A>G
CO1,Mammalia,Ateles_chamek,T>G,,123.7,0.0,A>C
Cytb,Mammalia,Ateles_chamek,A>C,,42.8,0.0,T>G
Cytb,Mammalia,Ateles_chamek,A>G,17.789159,104.0,0.3293528380749413,T>C
Cytb,Mammalia,Ateles_chamek,A>T,,42.8,0.0,T>A
Cytb,Mammalia,Ateles_chamek,C>A,,7.2,0.0,G>T
Cytb,Mammalia,Ateles_chamek,C>G,,7.2,0.0,G>C
Cytb,Mammalia,Ateles_chamek,C>T,2.64923,15.399999999999997,0.3312365679517421,G>A
Cytb,Mammalia,Ateles_chamek,G>A,17.958756,164.93333333333337,0.2096559278442643,C>T
Cytb,Mammalia,Ateles_chamek,G>C,,64.93333333333334,0.0,C>G
Cytb,Mammalia,Ateles_chamek,G>T,,64.93333333333334,0.0,C>A
Cytb,Mammalia,Ateles_chamek,T>A,0.99895,83.39999999999999,0.0230630655404548,A>T
Cytb,Mammalia,Ateles_chamek,T>C,7.428681,134.06666666666666,0.1066916005885974,A>G
Cytb,Mammalia,Ateles_chamek,T>G,,83.39999999999999,0.0,A>C
CO1,Mammalia,Balaenoptera_musculus,A>C,,57.7096774193548,0.0,T>G
CO1,Mammalia,Balaenoptera_musculus,A>G,13.99758,133.45161290322582,0.2354380720500712,T>C
CO1,Mammalia,Balaenoptera_musculus,A>T,,57.7096774193548,0.0,T>A
CO1,Mammalia,Balaenoptera_musculus,C>A,,9.741935483870966,0.0,G>T
CO1,Mammalia,Balaenoptera_musculus,C>G,,9.741935483870966,0.0,G>C
CO1,Mammalia,Balaenoptera_musculus,C>T,6.367326,23.61290322580645,0.6052785173671853,G>A
CO1,Mammalia,Balaenoptera_musculus,G>A,4.99989,198.516129032258,0.0565343252607758,C>T
CO1,Mammalia,Balaenoptera_musculus,G>C,,72.25806451612902,0.0,C>G
CO1,Mammalia,Balaenoptera_musculus,G>T,,72.25806451612902,0.0,C>A
CO1,Mammalia,Balaenoptera_musculus,T>A,,134.09677419354844,0.0,A>T
CO1,Mammalia,Balaenoptera_musculus,T>C,9.540441,208.4193548387097,0.1027490853219676,A>G
CO1,Mammalia,Balaenoptera_musculus,T>G,,134.09677419354844,0.0,A>C
Cytb,Mammalia,Balaenoptera_musculus,A>C,1.0,18.323529411764707,0.0955335586696077,T>G
Cytb,Mammalia,Balaenoptera_musculus,A>G,10.99677,64.41176470588235,0.2988580987844961,T>C
Cytb,Mammalia,Balaenoptera_musculus,A>T,,18.323529411764707,0.0,T>A
Cytb,Mammalia,Balaenoptera_musculus,C>A,,8.058823529411766,0.0,G>T
Cytb,Mammalia,Balaenoptera_musculus,C>G,,8.058823529411766,0.0,G>C
Cytb,Mammalia,Balaenoptera_musculus,C>T,3.0,12.1764705882353,0.4312855583417796,G>A
Cytb,Mammalia,Balaenoptera_musculus,G>A,11.99075,188.55882352941185,0.111317789517823,C>T
Cytb,Mammalia,Balaenoptera_musculus,G>C,,70.79411764705881,0.0,C>G
Cytb,Mammalia,Balaenoptera_musculus,G>T,,70.79411764705881,0.0,C>A
Cytb,Mammalia,Balaenoptera_musculus,T>A,1.0,99.94117647058818,0.0175154229108786,A>T
Cytb,Mammalia,Balaenoptera_musculus,T>C,3.99809,153.8529411764706,0.0454895717754147,A>G
Cytb,Mammalia,Balaenoptera_musculus,T>G,,99.94117647058818,0.0,A>C
CO1,Mammalia,Balaenoptera_physalus,A>C,,58.00000000000005,0.0,T>G
CO1,Mammalia,Balaenoptera_physalus,A>G,17.927275,125.51851851851842,0.175056111344345,T>C
CO1,Mammalia,Balaenoptera_physalus,A>T,,58.00000000000005,0.0,T>A
CO1,Mammalia,Balaenoptera_physalus,C>A,,13.12962962962963,0.0,G>T
CO1,Mammalia,Balaenoptera_physalus,C>G,,13.12962962962963,0.0,G>C
CO1,Mammalia,Balaenoptera_physalus,C>T,11.99058,24.9074074074074,0.59004137660768,G>A
CO1,Mammalia,Balaenoptera_physalus,G>A,17.92413,202.537037037037,0.1084686996869711,C>T
CO1,Mammalia,Balaenoptera_physalus,G>C,,68.18518518518518,0.0,C>G
CO1,Mammalia,Balaenoptera_physalus,G>T,1.99952,68.18518518518518,0.0359423549886153,C>A
CO1,Mammalia,Balaenoptera_physalus,T>A,,132.37037037037032,0.0,A>T
CO1,Mammalia,Balaenoptera_physalus,T>C,13.95112,210.5,0.0812321176806608,A>G
CO1,Mammalia,Balaenoptera_physalus,T>G,1.0,132.37037037037032,0.0092593396917276,A>C
Cytb,Mammalia,Balaenoptera_physalus,A>C,,16.431034482758612,0.0,T>G
Cytb,Mammalia,Balaenoptera_physalus,A>G,18.16458,57.91379310344827,0.2600797498587546,T>C
Cytb,Mammalia,Balaenoptera_physalus,A>T,,16.431034482758612,0.0,T>A
Cytb,Mammalia,Balaenoptera_physalus,C>A,,3.000000000000004,0.0,G>T
Cytb,Mammalia,Balaenoptera_physalus,C>G,,3.000000000000004,0.0,G>C
Cytb,Mammalia,Balaenoptera_physalus,C>T,6.73247,9.896551724137934,0.5640969044726737,G>A
Cytb,Mammalia,Balaenoptera_physalus,G>A,28.50829,195.7413793103448,0.1207679549612159,C>T
Cytb,Mammalia,Balaenoptera_physalus,G>C,,69.2758620689655,0.0,C>G
Cytb,Mammalia,Balaenoptera_physalus,G>T,1.0,69.2758620689655,0.0119696444347356,C>A
Cytb,Mammalia,Balaenoptera_physalus,T>A,,108.58620689655172,0.0,A>T
Cytb,Mammalia,Balaenoptera_physalus,T>C,8.099513,155.8793103448275,0.04308574627262,A>G
Cytb,Mammalia,Balaenoptera_physalus,T>G,,108.58620689655172,0.0,A>C
CO1,Mammalia,Bison_bonasus,A>C,,58.86666666666665,0.0,T>G
CO1,Mammalia,Bison_bonasus,A>G,3.954973,145.33333333333334,0.0644074356194266,T>C
CO1,Mammalia,Bison_bonasus,A>T,,58.86666666666665,0.0,T>A
CO1,Mammalia,Bison_bonasus,C>A,1.0,11.599999999999998,0.2040326782566409,G>T
CO1,Mammalia,Bison_bonasus,C>G,,11.599999999999998,0.0,G>C
CO1,Mammalia,Bison_bonasus,C>T,5.978917,25.800000000000004,0.5484796745572194,G>A
CO1,Mammalia,Bison_bonasus,G>A,7.863242,180.46666666666667,0.1031246208189797,C>T
CO1,Mammalia,Bison_bonasus,G>C,,69.06666666666666,0.0,C>G
CO1,Mammalia,Bison_bonasus,G>T,,69.06666666666666,0.0,C>A
CO1,Mammalia,Bison_bonasus,T>A,,125.26666666666668,0.0,A>T
CO1,Mammalia,Bison_bonasus,T>C,6.927654,205.06666666666663,0.0799555907477333,A>G
CO1,Mammalia,Bison_bonasus,T>G,,125.26666666666668,0.0,A>C
Cytb,Mammalia,Bison_bonasus,A>C,,19.65217391304348,0.0,T>G
Cytb,Mammalia,Bison_bonasus,A>G,12.912871,65.91304347826087,0.3112098900764767,T>C
Cytb,Mammalia,Bison_bonasus,A>T,,19.65217391304348,0.0,T>A
Cytb,Mammalia,Bison_bonasus,C>A,,5.826086956521738,0.0,G>T
Cytb,Mammalia,Bison_bonasus,C>G,,5.826086956521738,0.0,G>C
Cytb,Mammalia,Bison_bonasus,C>T,3.97001,11.956521739130435,0.5274589743027461,G>A
Cytb,Mammalia,Bison_bonasus,G>A,11.77165,169.1739130434783,0.1105365458496552,C>T
Cytb,Mammalia,Bison_bonasus,G>C,,50.782608695652165,0.0,C>G
Cytb,Mammalia,Bison_bonasus,G>T,,50.782608695652165,0.0,C>A
Cytb,Mammalia,Bison_bonasus,T>A,1.0,118.60869565217392,0.0133932326545377,A>T
Cytb,Mammalia,Bison_bonasus,T>C,3.98922,169.4347826086957,0.0374013571165841,A>G
Cytb,Mammalia,Bison_bonasus,T>G,,118.60869565217392,0.0,A>C
CO1,Mammalia,Bison_priscus,A>C,,56.85714285714285,0.0,T>G
CO1,Mammalia,Bison_priscus,A>G,9.93271,133.6071428571429,0.2697126120881246,T>C
CO1,Mammalia,Bison_priscus,A>T,,56.85714285714285,0.0,T>A
CO1,Mammalia,Bison_priscus,C>A,,10.071428571428571,0.0,G>T
CO1,Mammalia,Bison_priscus,C>G,,10.071428571428571,0.0,G>C
CO1,Mammalia,Bison_priscus,C>T,2.891313,26.96428571428571,0.3890177026035306,G>A
CO1,Mammalia,Bison_priscus,G>A,9.98486,191.75,0.1889164532281129,C>T
CO1,Mammalia,Bison_priscus,G>C,,72.64285714285712,0.0,C>G
CO1,Mammalia,Bison_priscus,G>T,0.99995,72.64285714285712,0.0499400006437607,C>A
CO1,Mammalia,Bison_priscus,T>A,,129.89285714285714,0.0,A>T
CO1,Mammalia,Bison_priscus,T>C,5.72642,202.8571428571428,0.1024132314364711,A>G
CO1,Mammalia,Bison_priscus,T>G,,129.89285714285714,0.0,A>C
Cytb,Mammalia,Bison_priscus,A>C,,19.809523809523803,0.0,T>G
Cytb,Mammalia,Bison_priscus,A>G,25.38929,68.26190476190479,0.3050057700459186,T>C
Cytb,Mammalia,Bison_priscus,A>T,,19.809523809523803,0.0,T>A
Cytb,Mammalia,Bison_priscus,C>A,,4.714285714285713,0.0,G>T
Cytb,Mammalia,Bison_priscus,C>G,,4.714285714285713,0.0,G>C
Cytb,Mammalia,Bison_priscus,C>T,4.983953,6.714285714285719,0.6087094189511774,G>A
Cytb,Mammalia,Bison_priscus,G>A,11.343714,165.452380952381,0.056223535115026,C>T
Cytb,Mammalia,Bison_priscus,G>C,,51.11904761904763,0.0,C>G
Cytb,Mammalia,Bison_priscus,G>T,1.0,51.11904761904763,0.0160418018522256,C>A
Cytb,Mammalia,Bison_priscus,T>A,,118.09523809523807,0.0,A>T
Cytb,Mammalia,Bison_priscus,T>C,2.99995,175.4761904761905,0.0140194740356522,A>G
Cytb,Mammalia,Bison_priscus,T>G,,118.09523809523807,0.0,A>C
CO1,Actinopteri,Boreogadus_saida,A>C,0.99805,93.77419354838707,0.0225950740092238,T>G
CO1,Actinopteri,Boreogadus_saida,A>G,17.366306,188.87096774193543,0.1952032529807435,T>C
CO1,Actinopteri,Boreogadus_saida,A>T,,93.77419354838707,0.0,T>A
CO1,Actinopteri,Boreogadus_saida,C>A,,19.06451612903226,0.0,G>T
CO1,Actinopteri,Boreogadus_saida,C>G,,19.06451612903226,0.0,G>C
CO1,Actinopteri,Boreogadus_saida,C>T,7.941156,33.67741935483871,0.500598714346681,G>A
CO1,Actinopteri,Boreogadus_saida,G>A,10.927038,156.83870967741933,0.1479087953161945,C>T
CO1,Actinopteri,Boreogadus_saida,G>C,,66.7741935483871,0.0,C>G
CO1,Actinopteri,Boreogadus_saida,G>T,0.96752,66.7741935483871,0.0307606923925374,C>A
CO1,Actinopteri,Boreogadus_saida,T>A,,102.09677419354844,0.0,A>T
CO1,Actinopteri,Boreogadus_saida,T>C,4.974214,167.77419354838705,0.0629425179890354,A>G
CO1,Actinopteri,Boreogadus_saida,T>G,1.92322,102.09677419354844,0.0399909529655841,A>C
Cytb,Actinopteri,Boreogadus_saida,A>C,,66.20588235294115,0.0,T>G
Cytb,Actinopteri,Boreogadus_saida,A>G,8.99997,144.47058823529412,0.0871880522905995,T>C
Cytb,Actinopteri,Boreogadus_saida,A>T,,66.20588235294115,0.0,T>A
Cytb,Actinopteri,Boreogadus_saida,C>A,,15.176470588235295,0.0,G>T
Cytb,Actinopteri,Boreogadus_saida,C>G,2.0,15.176470588235295,0.1844397676206832,G>C
Cytb,Actinopteri,Boreogadus_saida,C>T,7.99997,27.176470588235293,0.4119937800923039,G>A
Cytb,Actinopteri,Boreogadus_saida,G>A,10.99986,127.35294117647058,0.1208853114418227,C>T
Cytb,Actinopteri,Boreogadus_saida,G>C,,58.58823529411763,0.0,C>G
Cytb,Actinopteri,Boreogadus_saida,G>T,3.99989,58.58823529411763,0.0955505049116165,C>A
Cytb,Actinopteri,Boreogadus_saida,T>A,,65.85294117647054,0.0,A>T
Cytb,Actinopteri,Boreogadus_saida,T>C,7.99995,112.02941176470593,0.0999425836429739,A>G
Cytb,Actinopteri,Boreogadus_saida,T>G,,65.85294117647054,0.0,A>C
CO1,Mammalia,Bos_grunniens,A>C,,57.03448275862068,0.0,T>G
CO1,Mammalia,Bos_grunniens,A>G,12.663993,138.41379310344828,0.1965615672050319,T>C
CO1,Mammalia,Bos_grunniens,A>T,1.0,57.03448275862068,0.0376677610967008,T>A
CO1,Mammalia,Bos_grunniens,C>A,,9.965517241379311,0.0,G>T
CO1,Mammalia,Bos_grunniens,C>G,,9.965517241379311,0.0,G>C
CO1,Mammalia,Bos_grunniens,C>T,6.99981,24.896551724137936,0.6040242389293626,G>A
CO1,Mammalia,Bos_grunniens,G>A,9.349583,186.6206896551724,0.107631592470717,C>T
CO1,Mammalia,Bos_grunniens,G>C,,70.86206896551727,0.0,C>G
CO1,Mammalia,Bos_grunniens,G>T,,70.86206896551727,0.0,C>A
CO1,Mammalia,Bos_grunniens,T>A,,132.0344827586207,0.0,A>T
CO1,Mammalia,Bos_grunniens,T>C,5.217575,207.1379310344828,0.0541148402981875,A>G
CO1,Mammalia,Bos_grunniens,T>G,,132.0344827586207,0.0,A>C
Cytb,Mammalia,Bos_grunniens,A>C,,21.491228070175445,0.0,T>G
Cytb,Mammalia,Bos_grunniens,A>G,15.98808,70.12280701754386,0.321015339087897,T>C
Cytb,Mammalia,Bos_grunniens,A>T,1.0,21.491228070175445,0.0655130066968424,T>A
Cytb,Mammalia,Bos_grunniens,C>A,,8.000000000000007,0.0,G>T
Cytb,Mammalia,Bos_grunniens,C>G,,8.000000000000007,0.0,G>C
Cytb,Mammalia,Bos_grunniens,C>T,2.99672,11.385964912280704,0.3705655906779475,G>A
Cytb,Mammalia,Bos_grunniens,G>A,20.99355,166.0701754385964,0.1779848365341335,C>T
Cytb,Mammalia,Bos_grunniens,G>C,,49.78947368421054,0.0,C>G
Cytb,Mammalia,Bos_grunniens,G>T,1.0,49.78947368421054,0.0282781653289753,C>A
Cytb,Mammalia,Bos_grunniens,T>A,,118.57894736842115,0.0,A>T
Cytb,Mammalia,Bos_grunniens,T>C,2.99999,170.52631578947367,0.0247694955840086,A>G
Cytb,Mammalia,Bos_grunniens,T>G,1.0,118.57894736842115,0.0118735660901955,A>C
CO1,Mammalia,Bos_taurus,A>C,1.0,60.28104575163393,0.0110349360001575,T>G
CO1,Mammalia,Bos_taurus,A>G,55.741765,141.59477124182982,0.2618690039823549,T>C
CO1,Mammalia,Bos_taurus,A>T,,60.28104575163393,0.0,T>A
CO1,Mammalia,Bos_taurus,C>A,,12.784313725490168,0.0,G>T
CO1,Mammalia,Bos_taurus,C>G,,12.784313725490168,0.0,G>C
CO1,Mammalia,Bos_taurus,C>T,16.0,25.771241830065303,0.4129859081083585,G>A
CO1,Mammalia,Bos_taurus,G>A,52.984842,184.45751633986927,0.191075886611727,C>T
CO1,Mammalia,Bos_taurus,G>C,,66.81045751633982,0.0,C>G
CO1,Mammalia,Bos_taurus,G>T,3.0,66.81045751633982,0.0298694623545646,C>A
CO1,Mammalia,Bos_taurus,T>A,2.0,126.88888888888869,0.0104847238827087,A>T
CO1,Mammalia,Bos_taurus,T>C,23.996321,206.13071895424795,0.077437717118774,A>G
CO1,Mammalia,Bos_taurus,T>G,1.0,126.88888888888869,0.0052423619413543,A>C
Cytb,Mammalia,Bos_taurus,A>C,,18.620535714285683,0.0,T>G
Cytb,Mammalia,Bos_taurus,A>G,47.949545,58.12946428571423,0.2613413542393454,T>C
Cytb,Mammalia,Bos_taurus,A>T,1.99993,18.620535714285683,0.0340284831869408,T>A
Cytb,Mammalia,Bos_taurus,C>A,1.0,7.790178571428557,0.0406698484798631,G>T
Cytb,Mammalia,Bos_taurus,C>G,,7.790178571428557,0.0,G>C
Cytb,Mammalia,Bos_taurus,C>T,19.882442,13.825892857142849,0.4556134167562694,G>A
Cytb,Mammalia,Bos_taurus,G>A,69.911446,180.72767857142856,0.1225585409460781,C>T
Cytb,Mammalia,Bos_taurus,G>C,2.0,55.37946428571429,0.0114419807492722,C>G
Cytb,Mammalia,Bos_taurus,G>T,2.0,55.37946428571429,0.0114419807492722,C>A
Cytb,Mammalia,Bos_taurus,T>A,3.0,115.93303571428568,0.0081984926948316,A>T
Cytb,Mammalia,Bos_taurus,T>C,25.975554,167.13392857142858,0.0492402404015725,A>G
Cytb,Mammalia,Bos_taurus,T>G,2.0,115.93303571428568,0.0054656617965544,A>C
CO1,Mammalia,Cacajao_calvus,A>C,,71.71428571428571,0.0,T>G
CO1,Mammalia,Cacajao_calvus,A>G,12.815303,172.35714285714286,0.2120946024706116,T>C
CO1,Mammalia,Cacajao_calvus,A>T,0.99994,71.71428571428571,0.0397739101342807,T>A
CO1,Mammalia,Cacajao_calvus,C>A,0.99993,13.285714285714285,0.2146914323698862,G>T
CO1,Mammalia,Cacajao_calvus,C>G,1.0,13.285714285714285,0.2147064618222137,G>C
CO1,Mammalia,Cacajao_calvus,C>T,0.99878,25.92857142857143,0.1098806631091324,G>A
CO1,Mammalia,Cacajao_calvus,G>A,8.794391,168.07142857142858,0.1492594726057579,C>T
CO1,Mammalia,Cacajao_calvus,G>C,,68.85714285714286,0.0,C>G
CO1,Mammalia,Cacajao_calvus,G>T,,68.85714285714286,0.0,C>A
CO1,Mammalia,Cacajao_calvus,T>A,,115.07142857142856,0.0,A>T
CO1,Mammalia,Cacajao_calvus,T>C,3.979821,190.50000000000003,0.0595934574881171,A>G
CO1,Mammalia,Cacajao_calvus,T>G,,115.07142857142856,0.0,A>C
Cytb,Mammalia,Cacajao_calvus,A>C,1.0,30.25,0.0417468212042449,T>G
Cytb,Mammalia,Cacajao_calvus,A>G,11.854511,95.1875,0.1572723999812773,T>C
Cytb,Mammalia,Cacajao_calvus,A>T,,30.25,0.0,T>A
Cytb,Mammalia,Cacajao_calvus,C>A,,6.9375,0.0,G>T
Cytb,Mammalia,Cacajao_calvus,C>G,,6.9375,0.0,G>C
Cytb,Mammalia,Cacajao_calvus,C>T,6.867803,14.40625,0.6020265893751711,G>A
Cytb,Mammalia,Cacajao_calvus,G>A,10.923989,154.15625,0.0894888460410083,C>T
Cytb,Mammalia,Cacajao_calvus,G>C,,57.9375,0.0,C>G
Cytb,Mammalia,Cacajao_calvus,G>T,,57.9375,0.0,C>A
Cytb,Mammalia,Cacajao_calvus,T>A,1.0,87.96875,0.0143555676467883,A>T
Cytb,Mammalia,Cacajao_calvus,T>C,9.97912,132.5,0.0951097757515099,A>G
Cytb,Mammalia,Cacajao_calvus,T>G,,87.96875,0.0,A>C
CO1,Mammalia,Camelus_dromedarius,A>C,,60.77777777777778,0.0,T>G
CO1,Mammalia,Camelus_dromedarius,A>G,7.64683,153.40740740740736,0.1146620885313115,T>C
CO1,Mammalia,Camelus_dromedarius,A>T,,60.77777777777778,0.0,T>A
CO1,Mammalia,Camelus_dromedarius,C>A,,32.481481481481474,0.0,G>T
CO1,Mammalia,Camelus_dromedarius,C>G,,32.481481481481474,0.0,G>C
CO1,Mammalia,Camelus_dromedarius,C>T,12.769674,60.59259259259259,0.484780361444621,G>A
CO1,Mammalia,Camelus_dromedarius,G>A,17.573751,182.8148148148148,0.2211249893063644,C>T
CO1,Mammalia,Camelus_dromedarius,G>C,,73.66666666666669,0.0,C>G
CO1,Mammalia,Camelus_dromedarius,G>T,1.856232,73.66666666666669,0.057962349261215,C>A
CO1,Mammalia,Camelus_dromedarius,T>A,,105.70370370370368,0.0,A>T
CO1,Mammalia,Camelus_dromedarius,T>C,8.736495,165.44444444444449,0.1214702114564878,A>G
CO1,Mammalia,Camelus_dromedarius,T>G,,105.70370370370368,0.0,A>C
Cytb,Mammalia,Camelus_dromedarius,A>C,,28.75342465753422,0.0,T>G
Cytb,Mammalia,Camelus_dromedarius,A>G,21.659333,85.7397260273972,0.2731915100460404,T>C
Cytb,Mammalia,Camelus_dromedarius,A>T,,28.75342465753422,0.0,T>A
Cytb,Mammalia,Camelus_dromedarius,C>A,,16.76712328767125,0.0,G>T
Cytb,Mammalia,Camelus_dromedarius,C>G,,16.76712328767125,0.0,G>C
Cytb,Mammalia,Camelus_dromedarius,C>T,10.933031,26.356164383561666,0.4486034236174379,G>A
Cytb,Mammalia,Camelus_dromedarius,G>A,15.406889,156.73972602739715,0.1063016687151713,C>T
Cytb,Mammalia,Camelus_dromedarius,G>C,,45.26027397260268,0.0,C>G
Cytb,Mammalia,Camelus_dromedarius,G>T,,45.26027397260268,0.0,C>A
Cytb,Mammalia,Camelus_dromedarius,T>A,4.0,104.082191780822,0.0415611708575042,A>T
Cytb,Mammalia,Camelus_dromedarius,T>C,16.958871000000002,151.04109589041087,0.1214244151620733,A>G
Cytb,Mammalia,Camelus_dromedarius,T>G,0.8582829999999999,104.082191780822,0.0089178116017728,A>C
CO1,Mammalia,Canis_latrans,A>C,,86.03448275862071,0.0,T>G
CO1,Mammalia,Canis_latrans,A>G,12.99029,188.2758620689655,0.1696881731544939,T>C
CO1,Mammalia,Canis_latrans,A>T,,86.03448275862071,0.0,T>A
CO1,Mammalia,Canis_latrans,C>A,,25.58620689655173,0.0,G>T
CO1,Mammalia,Canis_latrans,C>G,,25.58620689655173,0.0,G>C
CO1,Mammalia,Canis_latrans,C>T,8.9971,48.37931034482759,0.457372708709211,G>A
CO1,Mammalia,Canis_latrans,G>A,8.894383,137.72413793103448,0.1588302196084871,C>T
CO1,Mammalia,Canis_latrans,G>C,,46.10344827586205,0.0,C>G
CO1,Mammalia,Canis_latrans,G>T,,46.10344827586205,0.0,C>A
CO1,Mammalia,Canis_latrans,T>A,,109.2413793103448,0.0,A>T
CO1,Mammalia,Canis_latrans,T>C,13.99079,179.58620689655174,0.1916004976145215,A>G
CO1,Mammalia,Canis_latrans,T>G,0.99978,109.2413793103448,0.0225084009132864,A>C
Cytb,Mammalia,Canis_latrans,A>C,,24.92592592592593,0.0,T>G
Cytb,Mammalia,Canis_latrans,A>G,20.232164,81.25925925925925,0.4717429234114103,T>C
Cytb,Mammalia,Canis_latrans,A>T,2.0,24.92592592592593,0.1520248599633129,T>A
Cytb,Mammalia,Canis_latrans,C>A,,9.185185185185183,0.0,G>T
Cytb,Mammalia,Canis_latrans,C>G,,9.185185185185183,0.0,G>C
Cytb,Mammalia,Canis_latrans,C>T,0.99634,15.296296296296292,0.1234119445045341,G>A
Cytb,Mammalia,Canis_latrans,G>A,8.690478,169.88888888888889,0.0969202676857359,C>T
Cytb,Mammalia,Canis_latrans,G>C,,56.25925925925928,0.0,C>G
Cytb,Mammalia,Canis_latrans,G>T,,56.25925925925928,0.0,C>A
Cytb,Mammalia,Canis_latrans,T>A,,102.4444444444444,0.0,A>T
Cytb,Mammalia,Canis_latrans,T>C,12.71425,154.51851851851845,0.1559000044350066,A>G
Cytb,Mammalia,Canis_latrans,T>G,,102.4444444444444,0.0,A>C
CO1,Mammalia,Canis_lupus,A>C,,80.87841945288766,0.0,T>G
CO1,Mammalia,Canis_lupus,A>G,90.122459,185.07902735562308,0.163316368500436,T>C
CO1,Mammalia,Canis_lupus,A>T,1.851411,80.87841945288766,0.0076775751135945,T>A
CO1,Mammalia,Canis_lupus,C>A,2.0,30.987841945288764,0.0216467426196685,G>T
CO1,Mammalia,Canis_lupus,C>G,1.0,30.987841945288764,0.0108233713098342,G>C
CO1,Mammalia,Canis_lupus,C>T,74.854748,50.975683890577486,0.4925044756903474,G>A
CO1,Mammalia,Canis_lupus,G>A,83.413979,140.86930091185388,0.1985986851631424,C>T
CO1,Mammalia,Canis_lupus,G>C,,50.12765957446789,0.0,C>G
CO1,Mammalia,Canis_lupus,G>T,,50.12765957446789,0.0,C>A
CO1,Mammalia,Canis_lupus,T>A,4.0,102.94528875379932,0.0130318899883386,A>T
CO1,Mammalia,Canis_lupus,T>C,48.756876,176.97568389057744,0.092400891614638,A>G
CO1,Mammalia,Canis_lupus,T>G,,102.94528875379932,0.0,A>C
Cytb,Mammalia,Canis_lupus,A>C,,37.90610328638488,0.0,T>G
Cytb,Mammalia,Canis_lupus,A>G,89.227106,94.74882629107996,0.2511634022527309,T>C
Cytb,Mammalia,Canis_lupus,A>T,3.0,37.90610328638488,0.0211079230370127,T>A
Cytb,Mammalia,Canis_lupus,C>A,,5.467136150234765,0.0,G>T
Cytb,Mammalia,Canis_lupus,C>G,,5.467136150234765,0.0,G>C
Cytb,Mammalia,Canis_lupus,C>T,32.735057,18.68309859154924,0.467301940852256,G>A
Cytb,Mammalia,Canis_lupus,G>A,81.634878,159.8896713615024,0.1361722856342099,C>T
Cytb,Mammalia,Canis_lupus,G>C,1.0,45.936619718310055,0.0058059642155395,C>G
Cytb,Mammalia,Canis_lupus,G>T,1.9653,45.936619718310055,0.0114104614727998,C>A
Cytb,Mammalia,Canis_lupus,T>A,2.99814,99.68779342722983,0.0080212733120337,A>T
Cytb,Mammalia,Canis_lupus,T>C,54.686409,147.30046948356795,0.0990167492234173,A>G
Cytb,Mammalia,Canis_lupus,T>G,,99.68779342722983,0.0,A>C
CO1,Mammalia,Capra_hircus,A>C,1.0,57.96825396825392,0.0280724580252383,T>G
CO1,Mammalia,Capra_hircus,A>G,16.755437,136.80952380952385,0.1993012802476963,T>C
CO1,Mammalia,Capra_hircus,A>T,,57.96825396825392,0.0,T>A
CO1,Mammalia,Capra_hircus,C>A,,14.126984126984109,0.0,G>T
CO1,Mammalia,Capra_hircus,C>G,,14.126984126984109,0.0,G>C
CO1,Mammalia,Capra_hircus,C>T,5.9399820000000005,24.253968253968235,0.3985409802849682,G>A
CO1,Mammalia,Capra_hircus,G>A,27.207333,184.4603174603174,0.2400234539320673,C>T
CO1,Mammalia,Capra_hircus,G>C,1.0,62.66666666666664,0.0259677347285132,C>G
CO1,Mammalia,Capra_hircus,G>T,,62.66666666666664,0.0,C>A
CO1,Mammalia,Capra_hircus,T>A,,137.6349206349207,0.0,A>T
CO1,Mammalia,Capra_hircus,T>C,12.44882,210.42857142857164,0.0962707025487669,A>G
CO1,Mammalia,Capra_hircus,T>G,1.0,137.6349206349207,0.0118233902327494,A>C
Cytb,Mammalia,Capra_hircus,A>C,,18.33333333333334,0.0,T>G
Cytb,Mammalia,Capra_hircus,A>G,55.93785,72.20895522388068,0.3038103081386835,T>C
Cytb,Mammalia,Capra_hircus,A>T,,18.33333333333334,0.0,T>A
Cytb,Mammalia,Capra_hircus,C>A,0.99856,7.960199004975101,0.0491969338323148,G>T
Cytb,Mammalia,Capra_hircus,C>G,1.0,7.960199004975101,0.0492678795789084,G>C
Cytb,Mammalia,Capra_hircus,C>T,13.982617,14.995024875621835,0.3657034588209681,G>A
Cytb,Mammalia,Capra_hircus,G>A,58.874089,160.5572139303482,0.1438077108165558,C>T
Cytb,Mammalia,Capra_hircus,G>C,1.0,49.6915422885572,0.0078923315304618,C>G
Cytb,Mammalia,Capra_hircus,G>T,,49.6915422885572,0.0,C>A
Cytb,Mammalia,Capra_hircus,T>A,2.0,114.07462686567196,0.0068758870710674,A>T
Cytb,Mammalia,Capra_hircus,T>C,27.993,164.91542288557213,0.0665696031399725,A>G
Cytb,Mammalia,Capra_hircus,T>G,2.0,114.07462686567196,0.0068758870710674,A>C
CO1,Mammalia,Capreolus_capreolus,A>C,,82.6,0.0,T>G
CO1,Mammalia,Capreolus_capreolus,A>G,6.304247,207.5,0.0967602135439506,T>C
CO1,Mammalia,Capreolus_capreolus,A>T,,82.6,0.0,T>A
CO1,Mammalia,Capreolus_capreolus,C>A,,15.3,0.0,G>T
CO1,Mammalia,Capreolus_capreolus,C>G,,15.3,0.0,G>C
CO1,Mammalia,Capreolus_capreolus,C>T,4.98091,24.9,0.6370757089667743,G>A
CO1,Mammalia,Capreolus_capreolus,G>A,4.831453,119.0,0.1293041597497139,C>T
CO1,Mammalia,Capreolus_capreolus,G>C,0.99994,42.0,0.0758239403861251,C>G
CO1,Mammalia,Capreolus_capreolus,G>T,,42.0,0.0,C>A
CO1,Mammalia,Capreolus_capreolus,T>A,,121.0,0.0,A>T
CO1,Mammalia,Capreolus_capreolus,T>C,3.99586,208.5,0.0610359773534358,A>G
CO1,Mammalia,Capreolus_capreolus,T>G,,121.0,0.0,A>C
Cytb,Mammalia,Capreolus_capreolus,A>C,,29.705128205128187,0.0,T>G
Cytb,Mammalia,Capreolus_capreolus,A>G,27.631754,97.73076923076916,0.1983172965103372,T>C
Cytb,Mammalia,Capreolus_capreolus,A>T,,29.705128205128187,0.0,T>A
Cytb,Mammalia,Capreolus_capreolus,C>A,1.0,6.5769230769230695,0.1066499593593404,G>T
Cytb,Mammalia,Capreolus_capreolus,C>G,,6.5769230769230695,0.0,G>C
Cytb,Mammalia,Capreolus_capreolus,C>T,6.97353,12.576923076923068,0.3889212971761014,G>A
Cytb,Mammalia,Capreolus_capreolus,G>A,36.904274,139.48717948717947,0.1855777180452847,C>T
Cytb,Mammalia,Capreolus_capreolus,G>C,,37.5384615384615,0.0,C>G
Cytb,Mammalia,Capreolus_capreolus,G>T,3.760494,37.5384615384615,0.0702670768630619,C>A
Cytb,Mammalia,Capreolus_capreolus,T>A,,113.923076923077,0.0,A>T
Cytb,Mammalia,Capreolus_capreolus,T>C,10.453032,166.2179487179488,0.0441110929182187,A>G
Cytb,Mammalia,Capreolus_capreolus,T>G,0.99976,113.923076923077,0.0061555591276553,A>C
CO1,Actinopteri,Carassius_auratus,A>C,,63.55172413793101,0.0,T>G
CO1,Actinopteri,Carassius_auratus,A>G,13.770512,142.03448275862073,0.2706122393272974,T>C
CO1,Actinopteri,Carassius_auratus,A>T,,63.55172413793101,0.0,T>A
CO1,Actinopteri,Carassius_auratus,C>A,,20.620689655172413,0.0,G>T
CO1,Actinopteri,Carassius_auratus,C>G,,20.620689655172413,0.0,G>C
CO1,Actinopteri,Carassius_auratus,C>T,4.752777,32.068965517241374,0.413669620779056,G>A
CO1,Actinopteri,Carassius_auratus,G>A,7.568682,172.6896551724138,0.1223334088071868,C>T
CO1,Actinopteri,Carassius_auratus,G>C,,63.44827586206894,0.0,C>G
CO1,Actinopteri,Carassius_auratus,G>T,,63.44827586206894,0.0,C>A
CO1,Actinopteri,Carassius_auratus,T>A,0.99879,142.20689655172416,0.0196039988301324,A>T
CO1,Actinopteri,Carassius_auratus,T>C,9.931737,206.0689655172414,0.1345252354449205,A>G
CO1,Actinopteri,Carassius_auratus,T>G,2.0,142.20689655172416,0.0392554968114067,A>C
Cytb,Actinopteri,Carassius_auratus,A>C,,31.06500000000001,0.0,T>G
Cytb,Actinopteri,Carassius_auratus,A>G,82.836105,89.465,0.201370194629085,T>C
Cytb,Actinopteri,Carassius_auratus,A>T,1.0,31.06500000000001,0.0070009556780297,T>A
Cytb,Actinopteri,Carassius_auratus,C>A,,13.230000000000008,0.0,G>T
Cytb,Actinopteri,Carassius_auratus,C>G,0.9982,13.230000000000008,0.0164091621843798,G>C
Cytb,Actinopteri,Carassius_auratus,C>T,44.712754,19.425,0.5006094908355637,G>A
Cytb,Actinopteri,Carassius_auratus,G>A,72.086677,157.97500000000008,0.0992419589571088,C>T
Cytb,Actinopteri,Carassius_auratus,G>C,2.0,52.53500000000005,0.0082796112358615,C>G
Cytb,Actinopteri,Carassius_auratus,G>T,1.99998,52.53500000000005,0.0082795284397491,C>A
Cytb,Actinopteri,Carassius_auratus,T>A,3.98988,105.36500000000012,0.0082355412851327,A>T
Cytb,Actinopteri,Carassius_auratus,T>C,104.182154,154.72000000000017,0.1464453417285056,A>G
Cytb,Actinopteri,Carassius_auratus,T>G,2.0,105.36500000000012,0.0041282150265836,A>C
CO1,Aves,Catharus_fuscescens,A>C,1.0,40.89473684210528,0.1015089152363238,T>G
CO1,Aves,Catharus_fuscescens,A>G,9.92853,82.57894736842104,0.4990995914714081,T>C
CO1,Aves,Catharus_fuscescens,A>T,,40.89473684210528,0.0,T>A
CO1,Aves,Catharus_fuscescens,C>A,,17.789473684210527,0.0,G>T
CO1,Aves,Catharus_fuscescens,C>G,,17.789473684210527,0.0,G>C
CO1,Aves,Catharus_fuscescens,C>T,1.0,27.789473684210527,0.1493795968534539,G>A
CO1,Aves,Catharus_fuscescens,G>A,4.99622,254.3157894736843,0.0815529797016834,C>T
CO1,Aves,Catharus_fuscescens,G>C,,98.05263157894738,0.0,C>G
CO1,Aves,Catharus_fuscescens,G>T,1.0,98.05263157894738,0.0423362464512204,C>A
CO1,Aves,Catharus_fuscescens,T>A,,131.6315789473684,0.0,A>T
CO1,Aves,Catharus_fuscescens,T>C,5.9949200000000005,197.31578947368425,0.1261226702859103,A>G
CO1,Aves,Catharus_fuscescens,T>G,,131.6315789473684,0.0,A>C
Cytb,Aves,Catharus_fuscescens,A>C,,26.95000000000001,0.0,T>G
Cytb,Aves,Catharus_fuscescens,A>G,5.0,51.85,0.2053714667807132,T>C
Cytb,Aves,Catharus_fuscescens,A>T,,26.95000000000001,0.0,T>A
Cytb,Aves,Catharus_fuscescens,C>A,,6.199999999999998,0.0,G>T
Cytb,Aves,Catharus_fuscescens,C>G,,6.199999999999998,0.0,G>C
Cytb,Aves,Catharus_fuscescens,C>T,2.99997,10.4,0.6143310038927571,G>A
Cytb,Aves,Catharus_fuscescens,G>A,5.99992,213.05,0.0599767298142555,C>T
Cytb,Aves,Catharus_fuscescens,G>C,,83.10000000000002,0.0,C>G
Cytb,Aves,Catharus_fuscescens,G>T,,83.10000000000002,0.0,C>A
Cytb,Aves,Catharus_fuscescens,T>A,,95.74999999999996,0.0,A>T
Cytb,Aves,Catharus_fuscescens,T>C,7.99991,141.59999999999997,0.1203207995122742,A>G
Cytb,Aves,Catharus_fuscescens,T>G,,95.74999999999996,0.0,A>C
CO1,Aves,Catharus_ustulatus,A>C,,37.99999999999999,0.0,T>G
CO1,Aves,Catharus_ustulatus,A>G,4.98608,74.03999999999999,0.1512175738796304,T>C
CO1,Aves,Catharus_ustulatus,A>T,,37.99999999999999,0.0,T>A
CO1,Aves,Catharus_ustulatus,C>A,,13.039999999999996,0.0,G>T
CO1,Aves,Catharus_ustulatus,C>G,,13.039999999999996,0.0,G>C
CO1,Aves,Catharus_ustulatus,C>T,5.99262,21.960000000000004,0.61276483931093,G>A
CO1,Aves,Catharus_ustulatus,G>A,11.977584,260.9200000000001,0.1030792593057519,C>T
CO1,Aves,Catharus_ustulatus,G>C,,100.92000000000002,0.0,C>G
CO1,Aves,Catharus_ustulatus,G>T,2.0,100.92000000000002,0.0445002230245779,C>A
CO1,Aves,Catharus_ustulatus,T>A,,138.0,0.0,A>T
CO1,Aves,Catharus_ustulatus,T>C,7.99829,203.08,0.0884381044791096,A>G
CO1,Aves,Catharus_ustulatus,T>G,,138.0,0.0,A>C
Cytb,Aves,Catharus_ustulatus,A>C,,23.90625,0.0,T>G
Cytb,Aves,Catharus_ustulatus,A>G,10.98772,52.8125,0.4529567284711621,T>C
Cytb,Aves,Catharus_ustulatus,A>T,,23.90625,0.0,T>A
Cytb,Aves,Catharus_ustulatus,C>A,,7.21875,0.0,G>T
Cytb,Aves,Catharus_ustulatus,C>G,,7.21875,0.0,G>C
Cytb,Aves,Catharus_ustulatus,C>T,1.0,11.59375,0.1877854445153694,G>A
Cytb,Aves,Catharus_ustulatus,G>A,13.9877,210.03125,0.1449934053703127,C>T
Cytb,Aves,Catharus_ustulatus,G>C,,81.96875,0.0,C>G
Cytb,Aves,Catharus_ustulatus,G>T,3.0,81.96875,0.0796817383704179,C>A
Cytb,Aves,Catharus_ustulatus,T>A,,97.9375,0.0,A>T
Cytb,Aves,Catharus_ustulatus,T>C,8.99621,145.53125,0.1345826832727377,A>G
Cytb,Aves,Catharus_ustulatus,T>G,,97.9375,0.0,A>C
CO1,Aves,Certhia_americana,A>C,,50.125,0.0,T>G
CO1,Aves,Certhia_americana,A>G,4.98754,99.625,0.2347769604966912,T>C
CO1,Aves,Certhia_americana,A>T,,50.125,0.0,T>A
CO1,Aves,Certhia_americana,C>A,,18.875,0.0,G>T
CO1,Aves,Certhia_americana,C>G,,18.875,0.0,G>C
CO1,Aves,Certhia_americana,C>T,2.99934,35.875,0.3920768570405174,G>A
CO1,Aves,Certhia_americana,G>A,13.97588,248.5,0.2637486154181531,C>T
CO1,Aves,Certhia_americana,G>C,,103.0,0.0,C>G
CO1,Aves,Certhia_americana,G>T,,103.0,0.0,C>A
CO1,Aves,Certhia_americana,T>A,1.99978,113.75,0.082445742535337,A>T
CO1,Aves,Certhia_americana,T>C,1.0,174.0,0.0269518245093011,A>G
CO1,Aves,Certhia_americana,T>G,,113.75,0.0,A>C
Cytb,Aves,Certhia_americana,A>C,,29.952380952380945,0.0,T>G
Cytb,Aves,Certhia_americana,A>G,3.88417,63.47619047619048,0.1485312451228618,T>C
Cytb,Aves,Certhia_americana,A>T,1.0,29.952380952380945,0.0810399372535993,T>A
Cytb,Aves,Certhia_americana,C>A,,8.904761904761907,0.0,G>T
Cytb,Aves,Certhia_americana,C>G,,8.904761904761907,0.0,G>C
Cytb,Aves,Certhia_americana,C>T,2.99941,15.952380952380958,0.4563948861684408,G>A
Cytb,Aves,Certhia_americana,G>A,11.97538,198.4285714285714,0.14649255184609,C>T
Cytb,Aves,Certhia_americana,G>C,,76.95238095238098,0.0,C>G
Cytb,Aves,Certhia_americana,G>T,1.0,76.95238095238098,0.0315433914186348,C>A
Cytb,Aves,Certhia_americana,T>A,1.0,91.14285714285712,0.0266322468821912,A>T
Cytb,Aves,Certhia_americana,T>C,5.9988600000000005,133.1428571428571,0.109365741308182,A>G
Cytb,Aves,Certhia_americana,T>G,,91.14285714285712,0.0,A>C
CO1,Mammalia,Cervus_elaphus,A>C,,64.68000000000002,0.0,T>G
CO1,Mammalia,Cervus_elaphus,A>G,12.867165,171.51999999999998,0.1649667088555244,T>C
CO1,Mammalia,Cervus_elaphus,A>T,,64.68000000000002,0.0,T>A
CO1,Mammalia,Cervus_elaphus,C>A,,18.08,0.0,G>T
CO1,Mammalia,Cervus_elaphus,C>G,,18.08,0.0,G>C
CO1,Mammalia,Cervus_elaphus,C>T,6.913667,26.0,0.5847406926070227,G>A
CO1,Mammalia,Cervus_elaphus,G>A,12.94736,149.52,0.1904189400577426,C>T
CO1,Mammalia,Cervus_elaphus,G>C,,58.2,0.0,C>G
CO1,Mammalia,Cervus_elaphus,G>T,,58.2,0.0,C>A
CO1,Mammalia,Cervus_elaphus,T>A,1.0,124.08,0.0177225586912735,A>T
CO1,Mammalia,Cervus_elaphus,T>C,3.98928,208.11999999999995,0.0421510997884366,A>G
CO1,Mammalia,Cervus_elaphus,T>G,,124.08,0.0,A>C
Cytb,Mammalia,Cervus_elaphus,A>C,2.0,21.463601532567004,0.0124498394227354,T>G
Cytb,Mammalia,Cervus_elaphus,A>G,106.144973,87.67049808429124,0.1617641605687889,T>C
Cytb,Mammalia,Cervus_elaphus,A>T,3.99928,21.463601532567004,0.0248951969032787,T>A
Cytb,Mammalia,Cervus_elaphus,C>A,1.0,8.019157088122608,0.0166612518982713,G>T
Cytb,Mammalia,Cervus_elaphus,C>G,3.99881,8.019157088122608,0.0666251807033265,G>C
Cytb,Mammalia,Cervus_elaphus,C>T,56.768651,13.808429118773962,0.5492886821132243,G>A
Cytb,Mammalia,Cervus_elaphus,G>A,102.859961,149.51724137931026,0.0919160665984575,C>T
Cytb,Mammalia,Cervus_elaphus,G>C,2.0,47.85440613026817,0.0055839872254734,C>G
Cytb,Mammalia,Cervus_elaphus,G>T,1.0,47.85440613026817,0.0027919936127367,C>A
Cytb,Mammalia,Cervus_elaphus,T>A,3.98993,111.85057471264368,0.0047661028277354,A>T
Cytb,Mammalia,Cervus_elaphus,T>C,71.943498,164.3678160919541,0.0584805053218017,A>G
Cytb,Mammalia,Cervus_elaphus,T>G,3.99908,111.85057471264368,0.0047770328041695,A>C
CO1,Actinopteri,Chaenogobius_annularis,A>C,2.0,99.55072463768124,0.0291293297220833,T>G
CO1,Actinopteri,Chaenogobius_annularis,A>G,14.99973,227.7101449275365,0.0955093706652899,T>C
CO1,Actinopteri,Chaenogobius_annularis,A>T,0.99829,99.55072463768124,0.0145397592841292,T>A
CO1,Actinopteri,Chaenogobius_annularis,C>A,,14.56521739130434,0.0,G>T
CO1,Actinopteri,Chaenogobius_annularis,C>G,,14.56521739130434,0.0,G>C
CO1,Actinopteri,Chaenogobius_annularis,C>T,9.99985,32.08695652173912,0.4518662252043873,G>A
CO1,Actinopteri,Chaenogobius_annularis,G>A,15.99965,112.18840579710148,0.2067794743894714,C>T
CO1,Actinopteri,Chaenogobius_annularis,G>C,,53.289855072463766,0.0,C>G
CO1,Actinopteri,Chaenogobius_annularis,G>T,1.0,53.289855072463766,0.0272082357711436,C>A
CO1,Actinopteri,Chaenogobius_annularis,T>A,1.0,100.94202898550728,0.0143639171472354,A>T
CO1,Actinopteri,Chaenogobius_annularis,T>C,17.991152,178.37681159420276,0.146239770669024,A>G
CO1,Actinopteri,Chaenogobius_annularis,T>G,1.0,100.94202898550728,0.0143639171472354,A>C
Cytb,Actinopteri,Chaenogobius_annularis,A>C,1.0,66.46913580246913,0.0095509079823599,T>G
Cytb,Actinopteri,Chaenogobius_annularis,A>G,5.99972,138.9753086419754,0.0274067809609445,T>C
Cytb,Actinopteri,Chaenogobius_annularis,A>T,,66.46913580246913,0.0,T>A
Cytb,Actinopteri,Chaenogobius_annularis,C>A,,17.407407407407405,0.0,G>T
Cytb,Actinopteri,Chaenogobius_annularis,C>G,2.0,17.407407407407405,0.0729391327333699,G>C
Cytb,Actinopteri,Chaenogobius_annularis,C>T,30.910921,35.888888888888886,0.5467850421945121,G>A
Cytb,Actinopteri,Chaenogobius_annularis,G>A,15.96279,127.1851851851852,0.0796777326069172,C>T
Cytb,Actinopteri,Chaenogobius_annularis,G>C,,51.185185185185205,0.0,C>G
Cytb,Actinopteri,Chaenogobius_annularis,G>T,0.99991,51.185185185185205,0.0124017029881943,C>A
Cytb,Actinopteri,Chaenogobius_annularis,T>A,,70.44444444444443,0.0,A>T
Cytb,Actinopteri,Chaenogobius_annularis,T>C,37.483354,106.13580246913573,0.2242029021230679,A>G
Cytb,Actinopteri,Chaenogobius_annularis,T>G,3.0,70.44444444444443,0.0270357984106339,A>C
CO1,Aves,Cinclosoma_clarum,A>C,,45.510638297872354,0.0,T>G
CO1,Aves,Cinclosoma_clarum,A>G,25.97691,79.2553191489362,0.3119977991927514,T>C
CO1,Aves,Cinclosoma_clarum,A>T,1.0,45.510638297872354,0.0209160433546485,T>A
CO1,Aves,Cinclosoma_clarum,C>A,0.99975,17.702127659574465,0.0537598940882323,G>T
CO1,Aves,Cinclosoma_clarum,C>G,0.99892,17.702127659574465,0.0537152622181716,G>C
CO1,Aves,Cinclosoma_clarum,C>T,10.90448,27.574468085106368,0.3764352430593688,G>A
CO1,Aves,Cinclosoma_clarum,G>A,24.935864,234.80851063829783,0.1010888013010218,C>T
CO1,Aves,Cinclosoma_clarum,G>C,,65.55319148936172,0.0,C>G
CO1,Aves,Cinclosoma_clarum,G>T,0.9998,65.55319148936172,0.0145181658072853,C>A
CO1,Aves,Cinclosoma_clarum,T>A,0.99988,156.57446808510633,0.0060788215797778,A>T
CO1,Aves,Cinclosoma_clarum,T>C,12.99787,223.27659574468083,0.0554142483900386,A>G
CO1,Aves,Cinclosoma_clarum,T>G,0.99937,156.57446808510633,0.0060757210087036,A>C
Cytb,Aves,Cinclosoma_clarum,A>C,,18.38888888888888,0.0,T>G
Cytb,Aves,Cinclosoma_clarum,A>G,24.677643,45.16666666666668,0.3543062599605806,T>C
Cytb,Aves,Cinclosoma_clarum,A>T,,18.38888888888888,0.0,T>A
Cytb,Aves,Cinclosoma_clarum,C>A,0.99975,14.166666666666666,0.0457632570502139,G>T
Cytb,Aves,Cinclosoma_clarum,C>G,,14.166666666666666,0.0,G>C
Cytb,Aves,Cinclosoma_clarum,C>T,11.98167,19.370370370370363,0.4011184313641893,G>A
Cytb,Aves,Cinclosoma_clarum,G>A,23.674887,206.0555555555556,0.0745069482660556,C>T
Cytb,Aves,Cinclosoma_clarum,G>C,,56.48148148148151,0.0,C>G
Cytb,Aves,Cinclosoma_clarum,G>T,1.99914,56.48148148148151,0.0229525170276221,C>A
Cytb,Aves,Cinclosoma_clarum,T>A,2.99981,123.18518518518512,0.0157916844275453,A>T
Cytb,Aves,Cinclosoma_clarum,T>C,17.745622,164.40740740740742,0.0699943579883456,A>G
Cytb,Aves,Cinclosoma_clarum,T>G,2.957042,123.18518518518512,0.0155665439154471,A>C
CO1,Actinopteri,Clupea_harengus,A>C,,65.33333333333341,0.0,T>G
CO1,Actinopteri,Clupea_harengus,A>G,18.99663,131.6521739130436,0.1518494838745658,T>C
CO1,Actinopteri,Clupea_harengus,A>T,1.99982,65.33333333333341,0.0322122367010287,T>A
CO1,Actinopteri,Clupea_harengus,C>A,,38.46376811594204,0.0,G>T
CO1,Actinopteri,Clupea_harengus,C>G,1.0,38.46376811594204,0.0273598028208819,G>C
CO1,Actinopteri,Clupea_harengus,C>T,16.98293,65.91304347826093,0.271147775106576,G>A
CO1,Actinopteri,Clupea_harengus,G>A,21.98819,187.3478260869564,0.1235109931584733,C>T
CO1,Actinopteri,Clupea_harengus,G>C,,63.695652173912976,0.0,C>G
CO1,Actinopteri,Clupea_harengus,G>T,3.0,63.695652173912976,0.0495651308441096,C>A
CO1,Actinopteri,Clupea_harengus,T>A,1.99971,122.50724637681152,0.017177898453496,A>T
CO1,Actinopteri,Clupea_harengus,T>C,51.951461,167.1014492753625,0.3271766790408685,A>G
CO1,Actinopteri,Clupea_harengus,T>G,,122.50724637681152,0.0,A>C
Cytb,Actinopteri,Clupea_harengus,A>C,,42.25149700598804,0.0,T>G
Cytb,Actinopteri,Clupea_harengus,A>G,31.96224,91.3353293413174,0.0821187689491763,T>C
Cytb,Actinopteri,Clupea_harengus,A>T,4.99809,42.25149700598804,0.0277591390435572,T>A
Cytb,Actinopteri,Clupea_harengus,C>A,3.99993,36.25149700598809,0.0258922902460666,G>T
Cytb,Actinopteri,Clupea_harengus,C>G,12.99576,36.25149700598809,0.0841239696415245,G>C
Cytb,Actinopteri,Clupea_harengus,C>T,68.606696,48.29940119760472,0.3333256843078128,G>A
Cytb,Actinopteri,Clupea_harengus,G>A,25.94424,148.60479041916156,0.0409686982407063,C>T
Cytb,Actinopteri,Clupea_harengus,G>C,3.99633,49.31137724550892,0.0190177104976523,C>G
Cytb,Actinopteri,Clupea_harengus,G>T,6.99945,49.31137724550892,0.0333089393875863,C>A
Cytb,Actinopteri,Clupea_harengus,T>A,0.99999,81.17964071856281,0.0028906303166205,A>T
Cytb,Actinopteri,Clupea_harengus,T>C,180.902475,122.08982035928152,0.347703510146084,A>G
Cytb,Actinopteri,Clupea_harengus,T>G,1.0,81.17964071856281,0.0028906592232128,A>C
CO1,Actinopteri,Coilia_nasus,A>C,,62.76315789473681,0.0,T>G
CO1,Actinopteri,Coilia_nasus,A>G,11.981752,141.10526315789485,0.1355801602513347,T>C
CO1,Actinopteri,Coilia_nasus,A>T,,62.76315789473681,0.0,T>A
CO1,Actinopteri,Coilia_nasus,C>A,,24.736842105263168,0.0,G>T
CO1,Actinopteri,Coilia_nasus,C>G,,24.736842105263168,0.0,G>C
CO1,Actinopteri,Coilia_nasus,C>T,13.98943,32.710526315789465,0.6828597538011691,G>A
CO1,Actinopteri,Coilia_nasus,G>A,9.979495,167.8684210526316,0.0949201878529152,C>T
CO1,Actinopteri,Coilia_nasus,G>C,1.0,56.26315789473683,0.0283788586848008,C>G
CO1,Actinopteri,Coilia_nasus,G>T,,56.26315789473683,0.0,C>A
CO1,Actinopteri,Coilia_nasus,T>A,1.0,132.1842105263158,0.0120792354903651,A>T
CO1,Actinopteri,Coilia_nasus,T>C,5.99479,207.2631578947369,0.0461818039194149,A>G
CO1,Actinopteri,Coilia_nasus,T>G,,132.1842105263158,0.0,A>C
Cytb,Actinopteri,Coilia_nasus,A>C,3.0,48.724867724867735,0.0169193676093602,T>G
Cytb,Actinopteri,Coilia_nasus,A>G,61.978251,111.40211640211626,0.1528830771770876,T>C
Cytb,Actinopteri,Coilia_nasus,A>T,,48.724867724867735,0.0,T>A
Cytb,Actinopteri,Coilia_nasus,C>A,,7.06349206349207,0.0,G>T
Cytb,Actinopteri,Coilia_nasus,C>G,1.0,7.06349206349207,0.0389039840985264,G>C
Cytb,Actinopteri,Coilia_nasus,C>T,23.97072,11.031746031746016,0.5971045278000771,G>A
Cytb,Actinopteri,Coilia_nasus,G>A,46.98998,143.67724867724874,0.0898733226049697,C>T
Cytb,Actinopteri,Coilia_nasus,G>C,3.99916,48.31746031746025,0.0227445957247441,C>G
Cytb,Actinopteri,Coilia_nasus,G>T,2.995275,48.31746031746025,0.017035157122854,C>A
Cytb,Actinopteri,Coilia_nasus,T>A,3.99964,95.86243386243386,0.0114653150365036,A>T
Cytb,Actinopteri,Coilia_nasus,T>C,22.9969,151.8888888888888,0.0416060831019286,A>G
Cytb,Actinopteri,Coilia_nasus,T>G,3.99938,95.86243386243386,0.0114645697239481,A>C
CO1,Actinopteri,Coreoleuciscus_splendidus,A>C,,66.83018867924523,0.0,T>G
CO1,Actinopteri,Coreoleuciscus_splendidus,A>G,11.324623,161.50943396226424,0.1045661334208891,T>C
CO1,Actinopteri,Coreoleuciscus_splendidus,A>T,,66.83018867924523,0.0,T>A
CO1,Actinopteri,Coreoleuciscus_splendidus,C>A,,23.207547169811328,0.0,G>T
CO1,Actinopteri,Coreoleuciscus_splendidus,C>G,2.0,23.207547169811328,0.1285185878798979,G>C
CO1,Actinopteri,Coreoleuciscus_splendidus,C>T,12.491935,37.96226415094342,0.4907302163736559,G>A
CO1,Actinopteri,Coreoleuciscus_splendidus,G>A,13.589194,152.83018867924525,0.1326018980658246,C>T
CO1,Actinopteri,Coreoleuciscus_splendidus,G>C,,67.35849056603767,0.0,C>G
CO1,Actinopteri,Coreoleuciscus_splendidus,G>T,,67.35849056603767,0.0,C>A
CO1,Actinopteri,Coreoleuciscus_splendidus,T>A,1.0,126.35849056603772,0.0118021399949436,A>T
CO1,Actinopteri,Coreoleuciscus_splendidus,T>C,13.98488,192.79245283018884,0.1081767442749014,A>G
CO1,Actinopteri,Coreoleuciscus_splendidus,T>G,2.0,126.35849056603772,0.0236042799898872,A>C
Cytb,Actinopteri,Coreoleuciscus_splendidus,A>C,,40.09615384615383,0.0,T>G
Cytb,Actinopteri,Coreoleuciscus_splendidus,A>G,16.781214,108.40384615384616,0.1250611283042197,T>C
Cytb,Actinopteri,Coreoleuciscus_splendidus,A>T,,40.09615384615383,0.0,T>A
Cytb,Actinopteri,Coreoleuciscus_splendidus,C>A,,11.365384615384617,0.0,G>T
Cytb,Actinopteri,Coreoleuciscus_splendidus,C>G,,11.365384615384617,0.0,G>C
Cytb,Actinopteri,Coreoleuciscus_splendidus,C>T,9.345829,15.096153846153848,0.5001441293375302,G>A
Cytb,Actinopteri,Coreoleuciscus_splendidus,G>A,30.516801,134.13461538461536,0.1837984291830689,C>T
Cytb,Actinopteri,Coreoleuciscus_splendidus,G>C,1.959003,41.365384615384606,0.038259711631744,C>G
Cytb,Actinopteri,Coreoleuciscus_splendidus,G>T,1.771249,41.365384615384606,0.0345928393004068,C>A
Cytb,Actinopteri,Coreoleuciscus_splendidus,T>A,2.865095,102.13461538461536,0.0226625996643326,A>T
Cytb,Actinopteri,Coreoleuciscus_splendidus,T>C,19.176032,162.25,0.0954811625786976,A>G
Cytb,Actinopteri,Coreoleuciscus_splendidus,T>G,,102.13461538461536,0.0,A>C
CO1,Aves,Corvus_corax,A>C,0.906058,49.27272727272727,0.0710573603407592,T>G
CO1,Aves,Corvus_corax,A>G,6.253522,80.18181818181817,0.3013758541840695,T>C
CO1,Aves,Corvus_corax,A>T,,49.27272727272727,0.0,T>A
CO1,Aves,Corvus_corax,C>A,,10.454545454545451,0.0,G>T
CO1,Aves,Corvus_corax,C>G,,10.454545454545451,0.0,G>C
CO1,Aves,Corvus_corax,C>T,1.4327869999999998,19.545454545454547,0.2832667043985686,G>A
CO1,Aves,Corvus_corax,G>A,10.517293,238.18181818181813,0.1706298618366118,C>T
CO1,Aves,Corvus_corax,G>C,,65.27272727272728,0.0,C>G
CO1,Aves,Corvus_corax,G>T,1.0,65.27272727272728,0.0592008460228924,C>A
CO1,Aves,Corvus_corax,T>A,,167.63636363636363,0.0,A>T
CO1,Aves,Corvus_corax,T>C,4.0561050000000005,225.81818181818187,0.0694080678528249,A>G
CO1,Aves,Corvus_corax,T>G,1.954845,167.63636363636363,0.0450613053642733,A>C
Cytb,Aves,Corvus_corax,A>C,,20.0,0.0,T>G
Cytb,Aves,Corvus_corax,A>G,5.98041,50.07692307692308,0.2061463721296745,T>C
Cytb,Aves,Corvus_corax,A>T,,20.0,0.0,T>A
Cytb,Aves,Corvus_corax,C>A,,6.846153846153847,0.0,G>T
Cytb,Aves,Corvus_corax,C>G,,6.846153846153847,0.0,G>C
Cytb,Aves,Corvus_corax,C>T,2.99334,9.307692307692308,0.5551321817655673,G>A
Cytb,Aves,Corvus_corax,G>A,13.65186,199.6923076923077,0.1180083841163242,C>T
Cytb,Aves,Corvus_corax,G>C,,60.84615384615385,0.0,C>G
Cytb,Aves,Corvus_corax,G>T,1.98661,60.84615384615385,0.0563588158453834,C>A
Cytb,Aves,Corvus_corax,T>A,,120.0,0.0,A>T
Cytb,Aves,Corvus_corax,T>C,5.96506,159.99999999999997,0.0643542461430504,A>G
Cytb,Aves,Corvus_corax,T>G,,120.0,0.0,A>C
CO1,Aves,Corvus_splendens,A>C,,51.90476190476188,0.0,T>G
CO1,Aves,Corvus_splendens,A>G,14.802362,86.8888888888889,0.219250408021068,T>C
CO1,Aves,Corvus_splendens,A>T,,51.90476190476188,0.0,T>A
CO1,Aves,Corvus_splendens,C>A,,15.206349206349186,0.0,G>T
CO1,Aves,Corvus_splendens,C>G,,15.206349206349186,0.0,G>C
CO1,Aves,Corvus_splendens,C>T,10.99767,27.31746031746028,0.5181243416110464,G>A
CO1,Aves,Corvus_splendens,G>A,15.99947,228.15873015873007,0.0902489459453258,C>T
CO1,Aves,Corvus_splendens,G>C,,61.93650793650787,0.0,C>G
CO1,Aves,Corvus_splendens,G>T,3.0,61.93650793650787,0.0623373264413388,C>A
CO1,Aves,Corvus_splendens,T>A,1.0,161.76190476190482,0.0079560477471659,A>T
CO1,Aves,Corvus_splendens,T>C,15.99172,218.6349206349209,0.0941345998532038,A>G
CO1,Aves,Corvus_splendens,T>G,0.99903,161.76190476190482,0.0079483303808511,A>C
Cytb,Aves,Corvus_splendens,A>C,,20.81481481481482,0.0,T>G
Cytb,Aves,Corvus_splendens,A>G,17.98757,48.246913580246925,0.3119096276648169,T>C
Cytb,Aves,Corvus_splendens,A>T,,20.81481481481482,0.0,T>A
Cytb,Aves,Corvus_splendens,C>A,,10.234567901234566,0.0,G>T
Cytb,Aves,Corvus_splendens,C>G,,10.234567901234566,0.0,G>C
Cytb,Aves,Corvus_splendens,C>T,5.99823,11.283950617283942,0.4447211224319785,G>A
Cytb,Aves,Corvus_splendens,G>A,25.98506,207.7283950617284,0.1046534807980658,C>T
Cytb,Aves,Corvus_splendens,G>C,,68.13580246913583,0.0,C>G
Cytb,Aves,Corvus_splendens,G>T,1.9997,68.13580246913583,0.0245536064616347,C>A
Cytb,Aves,Corvus_splendens,T>A,1.0,113.76543209876536,0.0073538623881896,A>T
Cytb,Aves,Corvus_splendens,T>C,18.99099,159.75308641975317,0.0994544378671247,A>G
Cytb,Aves,Corvus_splendens,T>G,1.0,113.76543209876536,0.0073538623881896,A>C
CO1,Mammalia,Cricetulus_kamensis,A>C,0.99983,54.516129032258064,0.0220810752408445,T>G
CO1,Mammalia,Cricetulus_kamensis,A>G,20.574641,125.54838709677416,0.1973059549611302,T>C
CO1,Mammalia,Cricetulus_kamensis,A>T,,54.516129032258064,0.0,T>A
CO1,Mammalia,Cricetulus_kamensis,C>A,1.99904,19.193548387096776,0.1253964602177058,G>T
CO1,Mammalia,Cricetulus_kamensis,C>G,,19.193548387096776,0.0,G>C
CO1,Mammalia,Cricetulus_kamensis,C>T,9.349105,26.41935483870967,0.4260562045094067,G>A
CO1,Mammalia,Cricetulus_kamensis,G>A,20.090655,189.87096774193543,0.1273956493315582,C>T
CO1,Mammalia,Cricetulus_kamensis,G>C,,66.06451612903227,0.0,C>G
CO1,Mammalia,Cricetulus_kamensis,G>T,,66.06451612903227,0.0,C>A
CO1,Mammalia,Cricetulus_kamensis,T>A,3.99809,137.90322580645162,0.0349057686298692,A>T
CO1,Mammalia,Cricetulus_kamensis,T>C,11.713582,210.93548387096783,0.0668588871094852,A>G
CO1,Mammalia,Cricetulus_kamensis,T>G,,137.90322580645162,0.0,A>C
Cytb,Mammalia,Cricetulus_kamensis,A>C,,26.84375,0.0,T>G
Cytb,Mammalia,Cricetulus_kamensis,A>G,15.220327,77.25,0.1494373594961363,T>C
Cytb,Mammalia,Cricetulus_kamensis,A>T,1.0,26.84375,0.0282546872590122,T>A
Cytb,Mammalia,Cricetulus_kamensis,C>A,,3.75,0.0,G>T
Cytb,Mammalia,Cricetulus_kamensis,C>G,,3.75,0.0,G>C
Cytb,Mammalia,Cricetulus_kamensis,C>T,7.638268,8.59375,0.6741334340774818,G>A
Cytb,Mammalia,Cricetulus_kamensis,G>A,14.526835,164.9375,0.0668013572258671,C>T
Cytb,Mammalia,Cricetulus_kamensis,G>C,,51.03125,0.0,C>G
Cytb,Mammalia,Cricetulus_kamensis,G>T,1.0,51.03125,0.0148626921956469,C>A
Cytb,Mammalia,Cricetulus_kamensis,T>A,1.0,112.125,0.0067644304223777,A>T
Cytb,Mammalia,Cricetulus_kamensis,T>C,13.091029,166.1875,0.0597460393234775,A>G
Cytb,Mammalia,Cricetulus_kamensis,T>G,,112.125,0.0,A>C
CO1,Mammalia,Crocidura_leucodon,A>C,,92.15384615384616,0.0,T>G
CO1,Mammalia,Crocidura_leucodon,A>G,8.91118,245.53846153846155,0.1448272963622522,T>C
CO1,Mammalia,Crocidura_leucodon,A>T,,92.15384615384616,0.0,T>A
CO1,Mammalia,Crocidura_leucodon,C>A,,9.692307692307692,0.0,G>T
CO1,Mammalia,Crocidura_leucodon,C>G,,9.692307692307692,0.0,G>C
CO1,Mammalia,Crocidura_leucodon,C>T,1.99998,17.69230769230769,0.4511031985526432,G>A
CO1,Mammalia,Crocidura_leucodon,G>A,6.9991900000000005,110.46153846153848,0.2528549342401032,C>T
CO1,Mammalia,Crocidura_leucodon,G>C,,59.92307692307691,0.0,C>G
CO1,Mammalia,Crocidura_leucodon,G>T,,59.92307692307691,0.0,C>A
CO1,Mammalia,Crocidura_leucodon,T>A,,93.53846153846152,0.0,A>T
CO1,Mammalia,Crocidura_leucodon,T>C,6.98397,184.3076923076923,0.1512145708450014,A>G
CO1,Mammalia,Crocidura_leucodon,T>G,,93.53846153846152,0.0,A>C
Cytb,Mammalia,Crocidura_leucodon,A>C,1.99944,44.15625,0.0275248929108743,T>G
Cytb,Mammalia,Crocidura_leucodon,A>G,17.806597,127.8125,0.0846870579173969,T>C
Cytb,Mammalia,Crocidura_leucodon,A>T,,44.15625,0.0,T>A
Cytb,Mammalia,Crocidura_leucodon,C>A,,3.1875,0.0,G>T
Cytb,Mammalia,Crocidura_leucodon,C>G,1.0,3.1875,0.1907037582438057,G>C
Cytb,Mammalia,Crocidura_leucodon,C>T,5.630801,6.21875,0.5503975934047433,G>A
Cytb,Mammalia,Crocidura_leucodon,G>A,21.550901,124.46875,0.1052481689812953,C>T
Cytb,Mammalia,Crocidura_leucodon,G>C,,46.375,0.0,C>G
Cytb,Mammalia,Crocidura_leucodon,G>T,,46.375,0.0,C>A
Cytb,Mammalia,Crocidura_leucodon,T>A,2.9988200000000003,90.9375,0.0200454972227705,A>T
Cytb,Mammalia,Crocidura_leucodon,T>C,3.758092,155.3125,0.0147085696899496,A>G
Cytb,Mammalia,Crocidura_leucodon,T>G,1.0,90.9375,0.0066844616291643,A>C
CO1,Mammalia,Crocidura_suaveolens,A>C,0.99965,102.45714285714284,0.0093484775811893,T>G
CO1,Mammalia,Crocidura_suaveolens,A>G,33.197515,252.82857142857145,0.1258098331791095,T>C
CO1,Mammalia,Crocidura_suaveolens,A>T,1.660613,102.45714285714284,0.0155296387751028,T>A
CO1,Mammalia,Crocidura_suaveolens,C>A,,10.285714285714288,0.0,G>T
CO1,Mammalia,Crocidura_suaveolens,C>G,,10.285714285714288,0.0,G>C
CO1,Mammalia,Crocidura_suaveolens,C>T,10.807114,18.457142857142863,0.5610226825915983,G>A
CO1,Mammalia,Crocidura_suaveolens,G>A,21.816851,103.88571428571429,0.2012201168323699,C>T
CO1,Mammalia,Crocidura_suaveolens,G>C,,52.59999999999999,0.0,C>G
CO1,Mammalia,Crocidura_suaveolens,G>T,0.99891,52.59999999999999,0.0181959937134348,C>A
CO1,Mammalia,Crocidura_suaveolens,T>A,,90.79999999999998,0.0,A>T
CO1,Mammalia,Crocidura_suaveolens,T>C,12.973534,180.4857142857143,0.068873257327195,A>G
CO1,Mammalia,Crocidura_suaveolens,T>G,,90.79999999999998,0.0,A>C
Cytb,Mammalia,Crocidura_suaveolens,A>C,,40.58333333333337,0.0,T>G
Cytb,Mammalia,Crocidura_suaveolens,A>G,69.949718,126.31666666666672,0.1898465505244954,T>C
Cytb,Mammalia,Crocidura_suaveolens,A>T,1.0,40.58333333333337,0.0084475288573081,T>A
Cytb,Mammalia,Crocidura_suaveolens,C>A,,4.758333333333328,0.0,G>T
Cytb,Mammalia,Crocidura_suaveolens,C>G,,4.758333333333328,0.0,G>C
Cytb,Mammalia,Crocidura_suaveolens,C>T,17.69484,11.074999999999992,0.5477473742128984,G>A
Cytb,Mammalia,Crocidura_suaveolens,G>A,58.767099,123.65833333333327,0.1629252000746515,C>T
Cytb,Mammalia,Crocidura_suaveolens,G>C,,46.47499999999999,0.0,C>G
Cytb,Mammalia,Crocidura_suaveolens,G>T,2.0,46.47499999999999,0.0147532600089978,C>A
Cytb,Mammalia,Crocidura_suaveolens,T>A,2.99962,87.46666666666665,0.0117571230571997,A>T
Cytb,Mammalia,Crocidura_suaveolens,T>C,26.824067,151.74166666666673,0.0606034257706331,A>G
Cytb,Mammalia,Crocidura_suaveolens,T>G,1.0,87.46666666666665,0.0039195374938157,A>C
CO1,Mammalia,Crocuta_crocuta,A>C,,64.13333333333333,0.0,T>G
CO1,Mammalia,Crocuta_crocuta,A>G,12.757234,146.0,0.214424364833748,T>C
CO1,Mammalia,Crocuta_crocuta,A>T,,64.13333333333333,0.0,T>A
CO1,Mammalia,Crocuta_crocuta,C>A,,26.06666666666667,0.0,G>T
CO1,Mammalia,Crocuta_crocuta,C>G,,26.06666666666667,0.0,G>C
CO1,Mammalia,Crocuta_crocuta,C>T,9.121656,52.46666666666666,0.4266391279831949,G>A
CO1,Mammalia,Crocuta_crocuta,G>A,14.854196,185.8666666666667,0.1961182937312487,C>T
CO1,Mammalia,Crocuta_crocuta,G>C,,71.46666666666665,0.0,C>G
CO1,Mammalia,Crocuta_crocuta,G>T,,71.46666666666665,0.0,C>A
CO1,Mammalia,Crocuta_crocuta,T>A,,115.06666666666663,0.0,A>T
CO1,Mammalia,Crocuta_crocuta,T>C,11.500444,173.33333333333334,0.1628182134518083,A>G
CO1,Mammalia,Crocuta_crocuta,T>G,,115.06666666666663,0.0,A>C
Cytb,Mammalia,Crocuta_crocuta,A>C,,14.095238095238091,0.0,T>G
Cytb,Mammalia,Crocuta_crocuta,A>G,9.484365,54.61904761904761,0.3089586822704376,T>C
Cytb,Mammalia,Crocuta_crocuta,A>T,,14.095238095238091,0.0,T>A
Cytb,Mammalia,Crocuta_crocuta,C>A,,13.952380952380944,0.0,G>T
Cytb,Mammalia,Crocuta_crocuta,C>G,,13.952380952380944,0.0,G>C
Cytb,Mammalia,Crocuta_crocuta,C>T,6.553159,20.761904761904763,0.5615905342085795,G>A
Cytb,Mammalia,Crocuta_crocuta,G>A,7.031471,190.2380952380952,0.0657635076327411,C>T
Cytb,Mammalia,Crocuta_crocuta,G>C,,61.95238095238095,0.0,C>G
Cytb,Mammalia,Crocuta_crocuta,G>T,,61.95238095238095,0.0,C>A
Cytb,Mammalia,Crocuta_crocuta,T>A,0.997212,108.4761904761905,0.0163564608727361,A>T
Cytb,Mammalia,Crocuta_crocuta,T>C,4.224587,158.80952380952382,0.0473308150155055,A>G
Cytb,Mammalia,Crocuta_crocuta,T>G,,108.4761904761905,0.0,A>C
CO1,Actinopteri,Cyprinus_carpio,A>C,,61.6875,0.0,T>G
CO1,Actinopteri,Cyprinus_carpio,A>G,16.716282,129.71875,0.2422634516003544,T>C
CO1,Actinopteri,Cyprinus_carpio,A>T,,61.6875,0.0,T>A
CO1,Actinopteri,Cyprinus_carpio,C>A,,21.34375,0.0,G>T
CO1,Actinopteri,Cyprinus_carpio,C>G,,21.34375,0.0,G>C
CO1,Actinopteri,Cyprinus_carpio,C>T,8.798446,34.6875,0.4768523628863579,G>A
CO1,Actinopteri,Cyprinus_carpio,G>A,6.5199,183.6875,0.0667286437291768,C>T
CO1,Actinopteri,Cyprinus_carpio,G>C,2.99996,64.625,0.0872701805599591,C>G
CO1,Actinopteri,Cyprinus_carpio,G>T,,64.625,0.0,C>A
CO1,Actinopteri,Cyprinus_carpio,T>A,0.99997,141.46875,0.0132885446907934,A>T
CO1,Actinopteri,Cyprinus_carpio,T>C,7.997009999999999,203.90625,0.0737306509032433,A>G
CO1,Actinopteri,Cyprinus_carpio,T>G,2.99995,141.46875,0.0398661656301147,A>C
Cytb,Actinopteri,Cyprinus_carpio,A>C,0.9995,24.085365853658555,0.0175535322243301,T>G
Cytb,Actinopteri,Cyprinus_carpio,A>G,23.861926,59.365853658536615,0.170021462410904,T>C
Cytb,Actinopteri,Cyprinus_carpio,A>T,,24.085365853658555,0.0,T>A
Cytb,Actinopteri,Cyprinus_carpio,C>A,,7.219512195121945,0.0,G>T
Cytb,Actinopteri,Cyprinus_carpio,C>G,,7.219512195121945,0.0,G>C
Cytb,Actinopteri,Cyprinus_carpio,C>T,22.155341,13.439024390243892,0.6973417489728833,G>A
Cytb,Actinopteri,Cyprinus_carpio,G>A,17.531662,182.8414634146341,0.0405586387457419,C>T
Cytb,Actinopteri,Cyprinus_carpio,G>C,,53.15853658536586,0.0,C>G
Cytb,Actinopteri,Cyprinus_carpio,G>T,,53.15853658536586,0.0,C>A
Cytb,Actinopteri,Cyprinus_carpio,T>A,2.0,120.07317073170724,0.0070456162761559,A>T
Cytb,Actinopteri,Cyprinus_carpio,T>C,25.336821,167.57317073170728,0.0639561932319067,A>G
Cytb,Actinopteri,Cyprinus_carpio,T>G,1.0,120.07317073170724,0.0035228081380779,A>C
CO1,Mammalia,Delphinapterus_leucas,A>C,,52.84615384615386,0.0,T>G
CO1,Mammalia,Delphinapterus_leucas,A>G,10.99965,135.57692307692307,0.4234561189767848,T>C
CO1,Mammalia,Delphinapterus_leucas,A>T,,52.84615384615386,0.0,T>A
CO1,Mammalia,Delphinapterus_leucas,C>A,,16.730769230769226,0.0,G>T
CO1,Mammalia,Delphinapterus_leucas,C>G,,16.730769230769226,0.0,G>C
CO1,Mammalia,Delphinapterus_leucas,C>T,1.99995,28.57692307692308,0.3652741948121527,G>A
CO1,Mammalia,Delphinapterus_leucas,G>A,3.99992,189.42307692307696,0.110213231989031,C>T
CO1,Mammalia,Delphinapterus_leucas,G>C,,72.1153846153846,0.0,C>G
CO1,Mammalia,Delphinapterus_leucas,G>T,,72.1153846153846,0.0,C>A
CO1,Mammalia,Delphinapterus_leucas,T>A,,133.03846153846155,0.0,A>T
CO1,Mammalia,Delphinapterus_leucas,T>C,3.99675,206.4230769230769,0.1010564542220314,A>G
CO1,Mammalia,Delphinapterus_leucas,T>G,,133.03846153846155,0.0,A>C
Cytb,Mammalia,Delphinapterus_leucas,A>C,,23.3125,0.0,T>G
Cytb,Mammalia,Delphinapterus_leucas,A>G,11.838874,68.375,0.2118405657885946,T>C
Cytb,Mammalia,Delphinapterus_leucas,A>T,,23.3125,0.0,T>A
Cytb,Mammalia,Delphinapterus_leucas,C>A,,4.625,0.0,G>T
Cytb,Mammalia,Delphinapterus_leucas,C>G,,4.625,0.0,G>C
Cytb,Mammalia,Delphinapterus_leucas,C>T,4.697361,8.65625,0.663926824281064,G>A
Cytb,Mammalia,Delphinapterus_leucas,G>A,12.753556,184.625,0.0845155950857825,C>T
Cytb,Mammalia,Delphinapterus_leucas,G>C,,59.46875,0.0,C>G
Cytb,Mammalia,Delphinapterus_leucas,G>T,,59.46875,0.0,C>A
Cytb,Mammalia,Delphinapterus_leucas,T>A,,107.15625,0.0,A>T
Cytb,Mammalia,Delphinapterus_leucas,T>C,5.302529,163.34375,0.0397170148445588,A>G
Cytb,Mammalia,Delphinapterus_leucas,T>G,,107.15625,0.0,A>C
CO1,Mammalia,Dicrostonyx_torquatus,A>C,,48.56666666666667,0.0,T>G
CO1,Mammalia,Dicrostonyx_torquatus,A>G,15.98881,138.43333333333334,0.2092160977077487,T>C
CO1,Mammalia,Dicrostonyx_torquatus,A>T,,48.56666666666667,0.0,T>A
CO1,Mammalia,Dicrostonyx_torquatus,C>A,,13.56666666666667,0.0,G>T
CO1,Mammalia,Dicrostonyx_torquatus,C>G,,13.56666666666667,0.0,G>C
CO1,Mammalia,Dicrostonyx_torquatus,C>T,5.967711,21.23333333333333,0.5091071984720857,G>A
CO1,Mammalia,Dicrostonyx_torquatus,G>A,11.98477,182.89999999999995,0.1186958761440732,C>T
CO1,Mammalia,Dicrostonyx_torquatus,G>C,,78.8,0.0,C>G
CO1,Mammalia,Dicrostonyx_torquatus,G>T,,78.8,0.0,C>A
CO1,Mammalia,Dicrostonyx_torquatus,T>A,0.9999,129.06666666666663,0.0140333742233111,A>T
CO1,Mammalia,Dicrostonyx_torquatus,T>C,13.895623,208.2333333333333,0.1208780383983957,A>G
CO1,Mammalia,Dicrostonyx_torquatus,T>G,1.99999,129.06666666666663,0.0280694150543854,A>C
Cytb,Mammalia,Dicrostonyx_torquatus,A>C,,24.13043478260869,0.0,T>G
Cytb,Mammalia,Dicrostonyx_torquatus,A>G,10.948974,75.08695652173914,0.1239785062400342,T>C
Cytb,Mammalia,Dicrostonyx_torquatus,A>T,0.99884,24.13043478260869,0.0351939696668009,T>A
Cytb,Mammalia,Dicrostonyx_torquatus,C>A,0.99993,7.304347826086957,0.1163926695404344,G>T
Cytb,Mammalia,Dicrostonyx_torquatus,C>G,,7.304347826086957,0.0,G>C
Cytb,Mammalia,Dicrostonyx_torquatus,C>T,8.945996000000001,13.47826086956522,0.5643289347389546,G>A
Cytb,Mammalia,Dicrostonyx_torquatus,G>A,15.961052,175.30434782608688,0.0774116459382861,C>T
Cytb,Mammalia,Dicrostonyx_torquatus,G>C,,57.52173913043478,0.0,C>G
Cytb,Mammalia,Dicrostonyx_torquatus,G>T,0.99942,57.52173913043478,0.0147724831902805,C>A
Cytb,Mammalia,Dicrostonyx_torquatus,T>A,1.99954,99.21739130434784,0.0171348287719684,A>T
Cytb,Mammalia,Dicrostonyx_torquatus,T>C,8.90542,149.08695652173915,0.0507869619132406,A>G
Cytb,Mammalia,Dicrostonyx_torquatus,T>G,,99.21739130434784,0.0,A>C
CO1,Mammalia,Dipodomys_merriami,A>C,,57.77777777777778,0.0,T>G
CO1,Mammalia,Dipodomys_merriami,A>G,6.87585,137.33333333333334,0.3355718994454696,T>C
CO1,Mammalia,Dipodomys_merriami,A>T,,57.77777777777778,0.0,T>A
CO1,Mammalia,Dipodomys_merriami,C>A,,6.333333333333333,0.0,G>T
CO1,Mammalia,Dipodomys_merriami,C>G,,6.333333333333333,0.0,G>C
CO1,Mammalia,Dipodomys_merriami,C>T,,10.222222222222223,0.0,G>A
CO1,Mammalia,Dipodomys_merriami,G>A,13.627897,166.44444444444443,0.5487754724037568,C>T
CO1,Mammalia,Dipodomys_merriami,G>C,,58.0,0.0,C>G
CO1,Mammalia,Dipodomys_merriami,G>T,,58.0,0.0,C>A
CO1,Mammalia,Dipodomys_merriami,T>A,,152.11111111111111,0.0,A>T
CO1,Mammalia,Dipodomys_merriami,T>C,3.966782,229.8888888888889,0.1156526281507736,A>G
CO1,Mammalia,Dipodomys_merriami,T>G,,152.11111111111111,0.0,A>C
Cytb,Mammalia,Dipodomys_merriami,A>C,0.99968,35.84615384615385,0.0219108028442009,T>G
Cytb,Mammalia,Dipodomys_merriami,A>G,21.430507,97.42307692307692,0.1728265480779926,T>C
Cytb,Mammalia,Dipodomys_merriami,A>T,0.918034,35.84615384615385,0.0201213007945273,T>A
Cytb,Mammalia,Dipodomys_merriami,C>A,0.997841,7.307692307692308,0.107280538173488,G>T
Cytb,Mammalia,Dipodomys_merriami,C>G,,7.307692307692308,0.0,G>C
Cytb,Mammalia,Dipodomys_merriami,C>T,6.507932,10.26923076923077,0.497903231495256,G>A
Cytb,Mammalia,Dipodomys_merriami,G>A,20.089798,154.30769230769232,0.1022887438993164,C>T
Cytb,Mammalia,Dipodomys_merriami,G>C,1.0,49.92307692307692,0.015737600169801,C>G
Cytb,Mammalia,Dipodomys_merriami,G>T,1.0,49.92307692307692,0.015737600169801,C>A
Cytb,Mammalia,Dipodomys_merriami,T>A,0.99571,90.46153846153848,0.0086478620122722,A>T
Cytb,Mammalia,Dipodomys_merriami,T>C,7.06531,147.8461538461538,0.0375457723633441,A>G
Cytb,Mammalia,Dipodomys_merriami,T>G,,90.46153846153848,0.0,A>C
CO1,Amphibia,Dryophytes_andersonii,A>C,,65.17647058823529,0.0,T>G
CO1,Amphibia,Dryophytes_andersonii,A>G,4.959872,143.6470588235294,0.1853348405613413,T>C
CO1,Amphibia,Dryophytes_andersonii,A>T,0.99897,65.17647058823529,0.0822706531844726,T>A
CO1,Amphibia,Dryophytes_andersonii,C>A,,31.000000000000007,0.0,G>T
CO1,Amphibia,Dryophytes_andersonii,C>G,,31.000000000000007,0.0,G>C
CO1,Amphibia,Dryophytes_andersonii,C>T,1.988183,53.294117647058826,0.2002444177312486,G>A
CO1,Amphibia,Dryophytes_andersonii,G>A,11.813981,194.1176470588235,0.3266740131442887,C>T
CO1,Amphibia,Dryophytes_andersonii,G>C,,83.41176470588235,0.0,C>G
CO1,Amphibia,Dryophytes_andersonii,G>T,,83.41176470588235,0.0,C>A
CO1,Amphibia,Dryophytes_andersonii,T>A,,97.41176470588236,0.0,A>T
CO1,Amphibia,Dryophytes_andersonii,T>C,5.987525,156.41176470588235,0.2054760753786486,A>G
CO1,Amphibia,Dryophytes_andersonii,T>G,,97.41176470588236,0.0,A>C
Cytb,Amphibia,Dryophytes_andersonii,A>C,,38.400000000000006,0.0,T>G
Cytb,Amphibia,Dryophytes_andersonii,A>G,2.866413,101.66666666666664,0.1071284953091332,T>C
Cytb,Amphibia,Dryophytes_andersonii,A>T,,38.400000000000006,0.0,T>A
Cytb,Amphibia,Dryophytes_andersonii,C>A,,24.133333333333336,0.0,G>T
Cytb,Amphibia,Dryophytes_andersonii,C>G,,24.133333333333336,0.0,G>C
Cytb,Amphibia,Dryophytes_andersonii,C>T,3.889662,32.73333333333333,0.4515090459789313,G>A
Cytb,Amphibia,Dryophytes_andersonii,G>A,7.925541,161.79999999999998,0.1861209345408508,C>T
Cytb,Amphibia,Dryophytes_andersonii,G>C,,63.73333333333333,0.0,C>G
Cytb,Amphibia,Dryophytes_andersonii,G>T,,63.73333333333333,0.0,C>A
Cytb,Amphibia,Dryophytes_andersonii,T>A,0.99966,73.8,0.0514684130633435,A>T
Cytb,Amphibia,Dryophytes_andersonii,T>C,6.424789,119.79999999999998,0.2037731111077411,A>G
Cytb,Amphibia,Dryophytes_andersonii,T>G,,73.8,0.0,A>C
CO1,Actinopteri,Eleginus_gracilis,A>C,,72.0,0.0,T>G
CO1,Actinopteri,Eleginus_gracilis,A>G,9.99707,150.91304347826082,0.2712348162261879,T>C
CO1,Actinopteri,Eleginus_gracilis,A>T,,72.0,0.0,T>A
CO1,Actinopteri,Eleginus_gracilis,C>A,,21.34782608695652,0.0,G>T
CO1,Actinopteri,Eleginus_gracilis,C>G,,21.34782608695652,0.0,G>C
CO1,Actinopteri,Eleginus_gracilis,C>T,2.99834,37.39130434782608,0.3283293777547836,G>A
CO1,Actinopteri,Eleginus_gracilis,G>A,5.99343,192.1304347826088,0.1277258354484014,C>T
CO1,Actinopteri,Eleginus_gracilis,G>C,0.99994,84.04347826086959,0.0487157511987158,C>G
CO1,Actinopteri,Eleginus_gracilis,G>T,,84.04347826086959,0.0,C>A
CO1,Actinopteri,Eleginus_gracilis,T>A,,104.60869565217388,0.0,A>T
CO1,Actinopteri,Eleginus_gracilis,T>C,5.99927,168.56521739130437,0.1457236106060476,A>G
CO1,Actinopteri,Eleginus_gracilis,T>G,1.99971,104.60869565217388,0.0782706087658634,A>C
Cytb,Actinopteri,Eleginus_gracilis,A>C,1.0,55.91304347826089,0.033720767984538,T>G
Cytb,Actinopteri,Eleginus_gracilis,A>G,10.98903,120.52173913043478,0.1719113531286417,T>C
Cytb,Actinopteri,Eleginus_gracilis,A>T,,55.91304347826089,0.0,T>A
Cytb,Actinopteri,Eleginus_gracilis,C>A,,14.347826086956523,0.0,G>T
Cytb,Actinopteri,Eleginus_gracilis,C>G,2.0,14.347826086956523,0.2628176219885815,G>C
Cytb,Actinopteri,Eleginus_gracilis,C>T,3.981651,24.43478260869565,0.3072311882960774,G>A
Cytb,Actinopteri,Eleginus_gracilis,G>A,2.99999,147.47826086956525,0.0383532692320965,C>T
Cytb,Actinopteri,Eleginus_gracilis,G>C,,73.17391304347824,0.0,C>G
Cytb,Actinopteri,Eleginus_gracilis,G>T,,73.17391304347824,0.0,C>A
Cytb,Actinopteri,Eleginus_gracilis,T>A,,64.65217391304348,0.0,A>T
Cytb,Actinopteri,Eleginus_gracilis,T>C,10.99973,111.5217391304348,0.1859657993700646,A>G
Cytb,Actinopteri,Eleginus_gracilis,T>G,,64.65217391304348,0.0,A>C
CO1,Actinopteri,Eleotris_fusca,A>C,,58.10000000000001,0.0,T>G
CO1,Actinopteri,Eleotris_fusca,A>G,8.99981,121.29999999999998,0.2445179291438749,T>C
CO1,Actinopteri,Eleotris_fusca,A>T,,58.10000000000001,0.0,T>A
CO1,Actinopteri,Eleotris_fusca,C>A,1.0,35.9,0.091800219667132,G>T
CO1,Actinopteri,Eleotris_fusca,C>G,0.99961,35.9,0.0917644175814619,G>C
CO1,Actinopteri,Eleotris_fusca,C>T,3.45532,57.10000000000001,0.1994299290232299,G>A
CO1,Actinopteri,Eleotris_fusca,G>A,4.99959,233.6,0.070534196159319,C>T
CO1,Actinopteri,Eleotris_fusca,G>C,,103.9,0.0,C>G
CO1,Actinopteri,Eleotris_fusca,G>T,1.99999,103.9,0.063438140672004,C>A
CO1,Actinopteri,Eleotris_fusca,T>A,1.0,88.0,0.0374503168869322,A>T
CO1,Actinopteri,Eleotris_fusca,T>C,7.392279999999999,148.9,0.1636145339791135,A>G
CO1,Actinopteri,Eleotris_fusca,T>G,1.0,88.0,0.0374503168869322,A>C
Cytb,Actinopteri,Eleotris_fusca,A>C,,28.692307692307686,0.0,T>G
Cytb,Actinopteri,Eleotris_fusca,A>G,0.99919,66.46153846153847,0.0291635872972154,T>C
Cytb,Actinopteri,Eleotris_fusca,A>T,,28.692307692307686,0.0,T>A
Cytb,Actinopteri,Eleotris_fusca,C>A,,14.999999999999996,0.0,G>T
Cytb,Actinopteri,Eleotris_fusca,C>G,1.99905,14.999999999999996,0.2585208961676128,G>C
Cytb,Actinopteri,Eleotris_fusca,C>T,5.957552,23.61538461538462,0.4893685705775469,G>A
Cytb,Actinopteri,Eleotris_fusca,G>A,6.98071,195.38461538461536,0.0693062637807707,C>T
Cytb,Actinopteri,Eleotris_fusca,G>C,,88.69230769230766,0.0,C>G
Cytb,Actinopteri,Eleotris_fusca,G>T,0.99989,88.69230769230766,0.0218690302349217,C>A
Cytb,Actinopteri,Eleotris_fusca,T>A,1.0,75.46153846153845,0.0257061832977618,A>T
Cytb,Actinopteri,Eleotris_fusca,T>C,6.536096000000001,119.5384615384615,0.1060654686441704,A>G
Cytb,Actinopteri,Eleotris_fusca,T>G,,75.46153846153845,0.0,A>C
CO1,Aves,Empidonax_alnorum,A>C,0.99987,83.92307692307693,0.0306506822089866,T>G
CO1,Aves,Empidonax_alnorum,A>G,16.99029,175.2692307692308,0.2493866013231355,T>C
CO1,Aves,Empidonax_alnorum,A>T,1.0,83.92307692307693,0.0306546673157376,T>A
CO1,Aves,Empidonax_alnorum,C>A,,8.230769230769228,0.0,G>T
CO1,Aves,Empidonax_alnorum,C>G,,8.230769230769228,0.0,G>C
CO1,Aves,Empidonax_alnorum,C>T,4.67048,22.07692307692308,0.544253183170188,G>A
CO1,Aves,Empidonax_alnorum,G>A,3.99995,182.5769230769231,0.0563620374778922,C>T
CO1,Aves,Empidonax_alnorum,G>C,,80.84615384615385,0.0,C>G
CO1,Aves,Empidonax_alnorum,G>T,,80.84615384615385,0.0,C>A
CO1,Aves,Empidonax_alnorum,T>A,,101.8461538461538,0.0,A>T
CO1,Aves,Empidonax_alnorum,T>C,5.99741,173.96153846153842,0.0886928285040599,A>G
CO1,Aves,Empidonax_alnorum,T>G,,101.8461538461538,0.0,A>C
Cytb,Aves,Empidonax_alnorum,A>C,,36.75999999999999,0.0,T>G
Cytb,Aves,Empidonax_alnorum,A>G,6.98017,80.76,0.083077355672935,T>C
Cytb,Aves,Empidonax_alnorum,A>T,,36.75999999999999,0.0,T>A
Cytb,Aves,Empidonax_alnorum,C>A,,3.5200000000000014,0.0,G>T
Cytb,Aves,Empidonax_alnorum,C>G,0.942341,3.5200000000000014,0.2573228771557663,G>C
Cytb,Aves,Empidonax_alnorum,C>T,5.643447,10.200000000000005,0.5318109240386124,G>A
Cytb,Aves,Empidonax_alnorum,G>A,5.942107,176.55999999999997,0.0323490195792428,C>T
Cytb,Aves,Empidonax_alnorum,G>C,1.0,63.48000000000002,0.0151417494950068,C>G
Cytb,Aves,Empidonax_alnorum,G>T,1.99937,63.48000000000002,0.0302739596878318,C>A
Cytb,Aves,Empidonax_alnorum,T>A,0.99956,100.2,0.0095885761547858,A>T
Cytb,Aves,Empidonax_alnorum,T>C,6.325321,150.36000000000004,0.0404355382158186,A>G
Cytb,Aves,Empidonax_alnorum,T>G,,100.2,0.0,A>C
CO1,Aves,Empidonax_flaviventris,A>C,,80.78571428571428,0.0,T>G
CO1,Aves,Empidonax_flaviventris,A>G,17.98999,159.89285714285714,0.2078439276497144,T>C
CO1,Aves,Empidonax_flaviventris,A>T,1.0,80.78571428571428,0.0228665640782223,T>A
CO1,Aves,Empidonax_flaviventris,C>A,,13.03571428571428,0.0,G>T
CO1,Aves,Empidonax_flaviventris,C>G,,13.03571428571428,0.0,G>C
CO1,Aves,Empidonax_flaviventris,C>T,7.0,22.82142857142858,0.5666184281918187,G>A
CO1,Aves,Empidonax_flaviventris,G>A,10.98837,194.92857142857144,0.1041341691684001,C>T
CO1,Aves,Empidonax_flaviventris,G>C,1.0,80.03571428571429,0.0230808424564653,C>G
CO1,Aves,Empidonax_flaviventris,G>T,1.0,80.03571428571429,0.0230808424564653,C>A
CO1,Aves,Empidonax_flaviventris,T>A,,103.17857142857144,0.0,A>T
CO1,Aves,Empidonax_flaviventris,T>C,4.99813,176.28571428571428,0.0523752259989135,A>G
CO1,Aves,Empidonax_flaviventris,T>G,,103.17857142857144,0.0,A>C
Cytb,Aves,Empidonax_flaviventris,A>C,,37.103448275862064,0.0,T>G
Cytb,Aves,Empidonax_flaviventris,A>G,8.4064,69.27586206896552,0.18547026811463,T>C
Cytb,Aves,Empidonax_flaviventris,A>T,,37.103448275862064,0.0,T>A
Cytb,Aves,Empidonax_flaviventris,C>A,,9.034482758620692,0.0,G>T
Cytb,Aves,Empidonax_flaviventris,C>G,,9.034482758620692,0.0,G>C
Cytb,Aves,Empidonax_flaviventris,C>T,4.99961,13.758620689655167,0.5554019724683119,G>A
Cytb,Aves,Empidonax_flaviventris,G>A,17.557554,192.6206896551724,0.1393180114237324,C>T
Cytb,Aves,Empidonax_flaviventris,G>C,1.98951,70.79310344827589,0.0429537774301901,C>G
Cytb,Aves,Empidonax_flaviventris,G>T,1.0,70.79310344827589,0.0215901289413926,C>A
Cytb,Aves,Empidonax_flaviventris,T>A,,90.03448275862067,0.0,A>T
Cytb,Aves,Empidonax_flaviventris,T>C,4.99985,138.27586206896552,0.0552658416217427,A>G
Cytb,Aves,Empidonax_flaviventris,T>G,,90.03448275862067,0.0,A>C
CO1,Aves,Empidonax_minimus,A>C,,82.41176470588235,0.0,T>G
CO1,Aves,Empidonax_minimus,A>G,6.9966800000000005,156.88235294117644,0.1177386478103644,T>C
CO1,Aves,Empidonax_minimus,A>T,,82.41176470588235,0.0,T>A
CO1,Aves,Empidonax_minimus,C>A,,8.470588235294116,0.0,G>T
CO1,Aves,Empidonax_minimus,C>G,,8.470588235294116,0.0,G>C
CO1,Aves,Empidonax_minimus,C>T,4.99916,19.411764705882348,0.6798813762117192,G>A
CO1,Aves,Empidonax_minimus,G>A,4.9850200000000005,201.05882352941177,0.0654553115979172,C>T
CO1,Aves,Empidonax_minimus,G>C,0.9993,81.52941176470588,0.0323580770735374,C>G
CO1,Aves,Empidonax_minimus,G>T,,81.52941176470588,0.0,C>A
CO1,Aves,Empidonax_minimus,T>A,,102.58823529411764,0.0,A>T
CO1,Aves,Empidonax_minimus,T>C,6.99678,176.6470588235294,0.1045665873064616,A>G
CO1,Aves,Empidonax_minimus,T>G,,102.58823529411764,0.0,A>C
Cytb,Aves,Empidonax_minimus,A>C,,34.190476190476204,0.0,T>G
Cytb,Aves,Empidonax_minimus,A>G,10.673466,70.19047619047619,0.2573658258868368,T>C
Cytb,Aves,Empidonax_minimus,A>T,1.99893,34.190476190476204,0.0989500534606805,T>A
Cytb,Aves,Empidonax_minimus,C>A,,6.190476190476189,0.0,G>T
Cytb,Aves,Empidonax_minimus,C>G,,6.190476190476189,0.0,G>C
Cytb,Aves,Empidonax_minimus,C>T,2.99999,11.666666666666664,0.4352077436794441,G>A
Cytb,Aves,Empidonax_minimus,G>A,7.98943,192.7142857142857,0.0701658003037829,C>T
Cytb,Aves,Empidonax_minimus,G>C,,74.85714285714286,0.0,C>G
Cytb,Aves,Empidonax_minimus,G>T,0.99915,74.85714285714286,0.0225902502772639,C>A
Cytb,Aves,Empidonax_minimus,T>A,0.99968,90.14285714285714,0.018769524955356,A>T
Cytb,Aves,Empidonax_minimus,T>C,4.958601,141.28571428571425,0.0593997351847229,A>G
Cytb,Aves,Empidonax_minimus,T>G,2.0,90.14285714285714,0.0375510662519126,A>C
CO1,Aves,Eopsaltria_australis,A>C,,33.47619047619048,0.0,T>G
CO1,Aves,Eopsaltria_australis,A>G,7.9748,83.28571428571428,0.181742198023839,T>C
CO1,Aves,Eopsaltria_australis,A>T,,33.47619047619048,0.0,T>A
CO1,Aves,Eopsaltria_australis,C>A,,19.1904761904762,0.0,G>T
CO1,Aves,Eopsaltria_australis,C>G,,19.1904761904762,0.0,G>C
CO1,Aves,Eopsaltria_australis,C>T,8.793302,23.285714285714285,0.7167520030528725,G>A
CO1,Aves,Eopsaltria_australis,G>A,6.108675,230.0,0.050411042029461,C>T
CO1,Aves,Eopsaltria_australis,G>C,,81.8095238095238,0.0,C>G
CO1,Aves,Eopsaltria_australis,G>T,,81.8095238095238,0.0,C>A
CO1,Aves,Eopsaltria_australis,T>A,,154.14285714285714,0.0,A>T
CO1,Aves,Eopsaltria_australis,T>C,6.0146250000000006,223.42857142857144,0.0510947568938274,A>G
CO1,Aves,Eopsaltria_australis,T>G,,154.14285714285714,0.0,A>C
Cytb,Aves,Eopsaltria_australis,A>C,,25.520000000000007,0.0,T>G
Cytb,Aves,Eopsaltria_australis,A>G,12.735429,48.35999999999999,0.3799608054389971,T>C
Cytb,Aves,Eopsaltria_australis,A>T,,25.520000000000007,0.0,T>A
Cytb,Aves,Eopsaltria_australis,C>A,,6.280000000000001,0.0,G>T
Cytb,Aves,Eopsaltria_australis,C>G,0.308441,6.280000000000001,0.0708637240171159,G>C
Cytb,Aves,Eopsaltria_australis,C>T,2.33974,7.560000000000002,0.4465368630384848,G>A
Cytb,Aves,Eopsaltria_australis,G>A,8.648376,215.24000000000004,0.0579726419091122,C>T
Cytb,Aves,Eopsaltria_australis,G>C,,74.72,0.0,C>G
Cytb,Aves,Eopsaltria_australis,G>T,,74.72,0.0,C>A
Cytb,Aves,Eopsaltria_australis,T>A,,106.75999999999996,0.0,A>T
Cytb,Aves,Eopsaltria_australis,T>C,4.68572,151.36,0.0446659655962901,A>G
Cytb,Aves,Eopsaltria_australis,T>G,,106.75999999999996,0.0,A>C
CO1,Mammalia,Eospalax_fontanierii,A>C,,86.35416666666669,0.0,T>G
CO1,Mammalia,Eospalax_fontanierii,A>G,32.442638,201.5208333333333,0.1581775358050489,T>C
CO1,Mammalia,Eospalax_fontanierii,A>T,2.795631,86.35416666666669,0.0318086432533071,T>A
CO1,Mammalia,Eospalax_fontanierii,C>A,,5.333333333333334,0.0,G>T
CO1,Mammalia,Eospalax_fontanierii,C>G,,5.333333333333334,0.0,G>C
CO1,Mammalia,Eospalax_fontanierii,C>T,4.609822,9.08333333333333,0.4986404428570852,G>A
CO1,Mammalia,Eospalax_fontanierii,G>A,28.877293,118.95833333333334,0.2385119833509114,C>T
CO1,Mammalia,Eospalax_fontanierii,G>C,,43.87499999999999,0.0,C>G
CO1,Mammalia,Eospalax_fontanierii,G>T,1.0,43.87499999999999,0.0223939892709868,C>A
CO1,Mammalia,Eospalax_fontanierii,T>A,,133.375,0.0,A>T
CO1,Mammalia,Eospalax_fontanierii,T>C,7.99305,219.7083333333333,0.0357449418864805,A>G
CO1,Mammalia,Eospalax_fontanierii,T>G,1.99851,133.375,0.0147224635761798,A>C
Cytb,Mammalia,Eospalax_fontanierii,A>C,,33.61780104712044,0.0,T>G
Cytb,Mammalia,Eospalax_fontanierii,A>G,137.221673,106.98952879581162,0.2441717680257928,T>C
Cytb,Mammalia,Eospalax_fontanierii,A>T,2.99938,33.61780104712044,0.0169854165263817,T>A
Cytb,Mammalia,Eospalax_fontanierii,C>A,,2.9424083769633462,0.0,G>T
Cytb,Mammalia,Eospalax_fontanierii,C>G,,2.9424083769633462,0.0,G>C
Cytb,Mammalia,Eospalax_fontanierii,C>T,13.550986,4.95811518324607,0.5203173379213931,G>A
Cytb,Mammalia,Eospalax_fontanierii,G>A,104.549719,143.06806282722522,0.1391214789745344,C>T
Cytb,Mammalia,Eospalax_fontanierii,G>C,0.9996,41.39267015706804,0.004597447911901,C>G
Cytb,Mammalia,Eospalax_fontanierii,G>T,4.996703,41.39267015706804,0.0229812742834532,C>A
Cytb,Mammalia,Eospalax_fontanierii,T>A,2.99742,101.88481675392686,0.0056008268272692,A>T
Cytb,Mammalia,Eospalax_fontanierii,T>C,40.365388,166.2460732984292,0.0462244495292743,A>G
Cytb,Mammalia,Eospalax_fontanierii,T>G,,101.88481675392686,0.0,A>C
CO1,Mammalia,Eothenomys_cachinus,A>C,,45.900000000000006,0.0,T>G
CO1,Mammalia,Eothenomys_cachinus,A>G,6.07377,109.1,0.1601082426107785,T>C
CO1,Mammalia,Eothenomys_cachinus,A>T,,45.900000000000006,0.0,T>A
CO1,Mammalia,Eothenomys_cachinus,C>A,,20.9,0.0,G>T
CO1,Mammalia,Eothenomys_cachinus,C>G,,20.9,0.0,G>C
CO1,Mammalia,Eothenomys_cachinus,C>T,7.40396,33.6,0.6337309031200015,G>A
CO1,Mammalia,Eothenomys_cachinus,G>A,3.914085,211.6,0.0531979244629714,C>T
CO1,Mammalia,Eothenomys_cachinus,G>C,0.994467,82.5,0.0346670212567821,C>G
CO1,Mammalia,Eothenomys_cachinus,G>T,1.985722,82.5,0.0692220725112647,C>A
CO1,Mammalia,Eothenomys_cachinus,T>A,,126.0,0.0,A>T
CO1,Mammalia,Eothenomys_cachinus,T>C,2.067219,195.9,0.0303481450449434,A>G
CO1,Mammalia,Eothenomys_cachinus,T>G,0.820405,126.0,0.0187256909932581,A>C
Cytb,Mammalia,Eothenomys_cachinus,A>C,,18.000000000000004,0.0,T>G
Cytb,Mammalia,Eothenomys_cachinus,A>G,7.905661999999999,57.22222222222223,0.3237671429784273,T>C
Cytb,Mammalia,Eothenomys_cachinus,A>T,,18.000000000000004,0.0,T>A
Cytb,Mammalia,Eothenomys_cachinus,C>A,,7.888888888888889,0.0,G>T
Cytb,Mammalia,Eothenomys_cachinus,C>G,,7.888888888888889,0.0,G>C
Cytb,Mammalia,Eothenomys_cachinus,C>T,1.471993,12.055555555555555,0.28613946843296,G>A
Cytb,Mammalia,Eothenomys_cachinus,G>A,13.75805,193.44444444444449,0.1666709350152973,C>T
Cytb,Mammalia,Eothenomys_cachinus,G>C,,63.22222222222221,0.0,C>G
Cytb,Mammalia,Eothenomys_cachinus,G>T,1.985443,63.22222222222221,0.0735947639232186,C>A
Cytb,Mammalia,Eothenomys_cachinus,T>A,1.725139,100.94444444444444,0.040049852517598,A>T
Cytb,Mammalia,Eothenomys_cachinus,T>C,6.966767,148.72222222222223,0.1097778371324986,A>G
Cytb,Mammalia,Eothenomys_cachinus,T>G,,100.94444444444444,0.0,A>C
CO1,Mammalia,Eothenomys_custos,A>C,0.916718,61.93103448275862,0.0238423227186501,T>G
CO1,Mammalia,Eothenomys_custos,A>G,11.063235,139.51724137931032,0.1277248480335085,T>C
CO1,Mammalia,Eothenomys_custos,A>T,,61.93103448275862,0.0,T>A
CO1,Mammalia,Eothenomys_custos,C>A,,20.27586206896552,0.0,G>T
CO1,Mammalia,Eothenomys_custos,C>G,0.99957,20.27586206896552,0.0794063114167025,G>C
CO1,Mammalia,Eothenomys_custos,C>T,9.293765,28.344827586206893,0.5281277707568833,G>A
CO1,Mammalia,Eothenomys_custos,G>A,13.042412,179.48275862068962,0.1170459300172272,C>T
CO1,Mammalia,Eothenomys_custos,G>C,,67.03448275862071,0.0,C>G
CO1,Mammalia,Eothenomys_custos,G>T,0.99984,67.03448275862071,0.0240244460299219,C>A
CO1,Mammalia,Eothenomys_custos,T>A,,126.17241379310344,0.0,A>T
CO1,Mammalia,Eothenomys_custos,T>C,9.272917,201.03448275862075,0.0742962601543744,A>G
CO1,Mammalia,Eothenomys_custos,T>G,2.0,126.17241379310344,0.0255321108727318,A>C
Cytb,Mammalia,Eothenomys_custos,A>C,,24.868421052631582,0.0,T>G
Cytb,Mammalia,Eothenomys_custos,A>G,28.485828,78.23684210526316,0.2024288590309053,T>C
Cytb,Mammalia,Eothenomys_custos,A>T,1.982039,24.868421052631582,0.0443117473574103,T>A
Cytb,Mammalia,Eothenomys_custos,C>A,,11.473684210526317,0.0,G>T
Cytb,Mammalia,Eothenomys_custos,C>G,0.995393,11.473684210526317,0.0482332561939254,G>C
Cytb,Mammalia,Eothenomys_custos,C>T,14.456028,16.684210526315795,0.4817239199268063,G>A
Cytb,Mammalia,Eothenomys_custos,G>A,36.563142,169.078947368421,0.1202288978582887,C>T
Cytb,Mammalia,Eothenomys_custos,G>C,,56.81578947368421,0.0,C>G
Cytb,Mammalia,Eothenomys_custos,G>T,2.99949,56.81578947368421,0.0293517003352309,C>A
Cytb,Mammalia,Eothenomys_custos,T>A,2.736461,95.13157894736842,0.0159926138147965,A>T
Cytb,Mammalia,Eothenomys_custos,T>C,14.875573,143.2631578947368,0.0577290054826361,A>G
Cytb,Mammalia,Eothenomys_custos,T>G,,95.13157894736842,0.0,A>C
CO1,Mammalia,Eothenomys_eleusis,A>C,,46.3,0.0,T>G
CO1,Mammalia,Eothenomys_eleusis,A>G,3.747899,113.8,0.0903443360203475,T>C
CO1,Mammalia,Eothenomys_eleusis,A>T,0.554903,46.3,0.0328769404800389,T>A
CO1,Mammalia,Eothenomys_eleusis,C>A,,20.7,0.0,G>T
CO1,Mammalia,Eothenomys_eleusis,C>G,,20.7,0.0,G>C
CO1,Mammalia,Eothenomys_eleusis,C>T,6.99656,32.1,0.5979086605322766,G>A
CO1,Mammalia,Eothenomys_eleusis,G>A,4.668113,206.1,0.062132479078143,C>T
CO1,Mammalia,Eothenomys_eleusis,G>C,,80.4,0.0,C>G
CO1,Mammalia,Eothenomys_eleusis,G>T,1.0,80.4,0.0341192334118446,C>A
CO1,Mammalia,Eothenomys_eleusis,T>A,0.990514,127.0,0.0213949960664683,A>T
CO1,Mammalia,Eothenomys_eleusis,T>C,8.861803,199.2,0.1220360299726182,A>G
CO1,Mammalia,Eothenomys_eleusis,T>G,1.814237,127.0,0.0391873244382626,A>C
Cytb,Mammalia,Eothenomys_eleusis,A>C,,19.5,0.0,T>G
Cytb,Mammalia,Eothenomys_eleusis,A>G,14.214031,57.64999999999999,0.1392928652443581,T>C
Cytb,Mammalia,Eothenomys_eleusis,A>T,,19.5,0.0,T>A
Cytb,Mammalia,Eothenomys_eleusis,C>A,0.841672,8.8,0.0540344994565779,G>T
Cytb,Mammalia,Eothenomys_eleusis,C>G,0.80659,8.8,0.0517822701915724,G>C
Cytb,Mammalia,Eothenomys_eleusis,C>T,13.710568,12.749999999999998,0.6075138558450416,G>A
Cytb,Mammalia,Eothenomys_eleusis,G>A,14.972154,192.1,0.0440319425812439,C>T
Cytb,Mammalia,Eothenomys_eleusis,G>C,,59.85,0.0,C>G
Cytb,Mammalia,Eothenomys_eleusis,G>T,3.976477,59.85,0.0375357627412246,C>A
Cytb,Mammalia,Eothenomys_eleusis,T>A,1.899015,100.70000000000002,0.0106539302663755,A>T
Cytb,Mammalia,Eothenomys_eleusis,T>C,13.04751,148.64999999999998,0.0495876640300628,A>G
Cytb,Mammalia,Eothenomys_eleusis,T>G,0.99233,100.70000000000002,0.0055672096435427,A>C
CO1,Mammalia,Eothenomys_melanogaster,A>C,,51.1904761904762,0.0,T>G
CO1,Mammalia,Eothenomys_melanogaster,A>G,6.877367,117.47619047619048,0.111303868544195,T>C
CO1,Mammalia,Eothenomys_melanogaster,A>T,0.503353,51.1904761904762,0.018694825054155,T>A
CO1,Mammalia,Eothenomys_melanogaster,C>A,,18.809523809523814,0.0,G>T
CO1,Mammalia,Eothenomys_melanogaster,C>G,,18.809523809523814,0.0,G>C
CO1,Mammalia,Eothenomys_melanogaster,C>T,10.369909,29.47619047619047,0.668869672018848,G>A
CO1,Mammalia,Eothenomys_melanogaster,G>A,9.948167,205.8095238095237,0.0919000003193336,C>T
CO1,Mammalia,Eothenomys_melanogaster,G>C,,77.90476190476188,0.0,C>G
CO1,Mammalia,Eothenomys_melanogaster,G>T,0.99958,77.90476190476188,0.0243944744923243,C>A
CO1,Mammalia,Eothenomys_melanogaster,T>A,,128.2857142857143,0.0,A>T
CO1,Mammalia,Eothenomys_melanogaster,T>C,7.341107,199.3333333333333,0.0700195859708586,A>G
CO1,Mammalia,Eothenomys_melanogaster,T>G,0.99981,128.2857142857143,0.0148175736002853,A>C
Cytb,Mammalia,Eothenomys_melanogaster,A>C,,22.9047619047619,0.0,T>G
Cytb,Mammalia,Eothenomys_melanogaster,A>G,7.947797,70.76190476190476,0.1206528370626308,T>C
Cytb,Mammalia,Eothenomys_melanogaster,A>T,0.99939,22.9047619047619,0.0468704912178012,T>A
Cytb,Mammalia,Eothenomys_melanogaster,C>A,,8.904761904761903,0.0,G>T
Cytb,Mammalia,Eothenomys_melanogaster,C>G,,8.904761904761903,0.0,G>C
Cytb,Mammalia,Eothenomys_melanogaster,C>T,7.801358,12.666666666666664,0.6616040471231408,G>A
Cytb,Mammalia,Eothenomys_melanogaster,G>A,10.388042,173.09523809523813,0.0644672082625927,C>T
Cytb,Mammalia,Eothenomys_melanogaster,G>C,,52.52380952380952,0.0,C>G
Cytb,Mammalia,Eothenomys_melanogaster,G>T,1.956023,52.52380952380952,0.0400044244610568,C>A
Cytb,Mammalia,Eothenomys_melanogaster,T>A,1.587579,106.0,0.016088656058888,A>T
Cytb,Mammalia,Eothenomys_melanogaster,T>C,6.042397,155.76190476190476,0.0416714194333407,A>G
Cytb,Mammalia,Eothenomys_melanogaster,T>G,0.852659,106.0,0.0086409163805488,A>C
CO1,Mammalia,Eothenomys_miletus,A>C,,45.99999999999999,0.0,T>G
CO1,Mammalia,Eothenomys_miletus,A>G,16.534876,115.53846153846152,0.1945069548434967,T>C
CO1,Mammalia,Eothenomys_miletus,A>T,0.99683,45.99999999999999,0.029452627233584,T>A
CO1,Mammalia,Eothenomys_miletus,C>A,,22.23076923076924,0.0,G>T
CO1,Mammalia,Eothenomys_miletus,C>G,0.72252,22.23076923076924,0.0441729247556548,G>C
CO1,Mammalia,Eothenomys_miletus,C>T,13.930965,36.15384615384615,0.5237059018603123,G>A
CO1,Mammalia,Eothenomys_miletus,G>A,17.584316,204.0769230769231,0.1171095614616301,C>T
CO1,Mammalia,Eothenomys_miletus,G>C,,81.03846153846155,0.0,C>G
CO1,Mammalia,Eothenomys_miletus,G>T,0.727194,81.03846153846155,0.0121960689781313,C>A
CO1,Mammalia,Eothenomys_miletus,T>A,,125.8076923076923,0.0,A>T
CO1,Mammalia,Eothenomys_miletus,T>C,9.469199,194.8461538461538,0.0660514230552543,A>G
CO1,Mammalia,Eothenomys_miletus,T>G,1.185251,125.8076923076923,0.0128045378119363,A>C
Cytb,Mammalia,Eothenomys_miletus,A>C,,17.55172413793104,0.0,T>G
Cytb,Mammalia,Eothenomys_miletus,A>G,14.632144,59.72413793103449,0.2552464333706317,T>C
Cytb,Mammalia,Eothenomys_miletus,A>T,,17.55172413793104,0.0,T>A
Cytb,Mammalia,Eothenomys_miletus,C>A,,10.655172413793103,0.0,G>T
Cytb,Mammalia,Eothenomys_miletus,C>G,,10.655172413793103,0.0,G>C
Cytb,Mammalia,Eothenomys_miletus,C>T,7.278107,14.551724137931036,0.5210814207583079,G>A
Cytb,Mammalia,Eothenomys_miletus,G>A,11.888191,189.55172413793105,0.0653415813084104,C>T
Cytb,Mammalia,Eothenomys_miletus,G>C,,61.48275862068968,0.0,C>G
Cytb,Mammalia,Eothenomys_miletus,G>T,2.99905,61.48275862068968,0.0508196847441925,C>A
Cytb,Mammalia,Eothenomys_miletus,T>A,,98.20689655172416,0.0,A>T
Cytb,Mammalia,Eothenomys_miletus,T>C,13.705914,147.3448275862069,0.0969113655328119,A>G
Cytb,Mammalia,Eothenomys_miletus,T>G,0.99914,98.20689655172416,0.0105995142856453,A>C
CO1,Actinopteri,Epinephelus_fuscoguttatus,A>C,,95.6666666666667,0.0,T>G
CO1,Actinopteri,Epinephelus_fuscoguttatus,A>G,10.97691,177.70370370370367,0.2181044465044761,T>C
CO1,Actinopteri,Epinephelus_fuscoguttatus,A>T,0.99991,95.6666666666667,0.0369046563340722,T>A
CO1,Actinopteri,Epinephelus_fuscoguttatus,C>A,,18.444444444444443,0.0,G>T
CO1,Actinopteri,Epinephelus_fuscoguttatus,C>G,,18.444444444444443,0.0,G>C
CO1,Actinopteri,Epinephelus_fuscoguttatus,C>T,3.99997,33.07407407407407,0.4270216900728406,G>A
CO1,Actinopteri,Epinephelus_fuscoguttatus,G>A,8.994043,168.3333333333334,0.1886538757459759,C>T
CO1,Actinopteri,Epinephelus_fuscoguttatus,G>C,,67.62962962962962,0.0,C>G
CO1,Actinopteri,Epinephelus_fuscoguttatus,G>T,,67.62962962962962,0.0,C>A
CO1,Actinopteri,Epinephelus_fuscoguttatus,T>A,,98.33333333333336,0.0,A>T
CO1,Actinopteri,Epinephelus_fuscoguttatus,T>C,5.9996,163.81481481481484,0.1293153313426351,A>G
CO1,Actinopteri,Epinephelus_fuscoguttatus,T>G,,98.33333333333336,0.0,A>C
Cytb,Actinopteri,Epinephelus_fuscoguttatus,A>C,,34.333333333333336,0.0,T>G
Cytb,Actinopteri,Epinephelus_fuscoguttatus,A>G,5.025974,82.4814814814815,0.1691170450413945,T>C
Cytb,Actinopteri,Epinephelus_fuscoguttatus,A>T,1.0,34.333333333333336,0.0808365233534427,T>A
Cytb,Actinopteri,Epinephelus_fuscoguttatus,C>A,,6.074074074074074,0.0,G>T
Cytb,Actinopteri,Epinephelus_fuscoguttatus,C>G,,6.074074074074074,0.0,G>C
Cytb,Actinopteri,Epinephelus_fuscoguttatus,C>T,0.99999,10.48148148148148,0.2647869533359361,G>A
Cytb,Actinopteri,Epinephelus_fuscoguttatus,G>A,14.207996,187.66666666666663,0.2101209148265381,C>T
Cytb,Actinopteri,Epinephelus_fuscoguttatus,G>C,,81.70370370370371,0.0,C>G
Cytb,Actinopteri,Epinephelus_fuscoguttatus,G>T,1.0,81.70370370370371,0.0339689288978428,C>A
Cytb,Actinopteri,Epinephelus_fuscoguttatus,T>A,1.0,81.51851851851853,0.0340460959330492,A>T
Cytb,Actinopteri,Epinephelus_fuscoguttatus,T>C,9.740427,130.51851851851848,0.2071235386117962,A>G
Cytb,Actinopteri,Epinephelus_fuscoguttatus,T>G,,81.51851851851853,0.0,A>C
CO1,Mammalia,Equus_asinus,A>C,,65.3,0.0,T>G
CO1,Mammalia,Equus_asinus,A>G,10.352828,127.15,0.1486229980424939,T>C
CO1,Mammalia,Equus_asinus,A>T,0.93713,65.3,0.0261957021134467,T>A
CO1,Mammalia,Equus_asinus,C>A,0.99987,14.750000000000002,0.1237356662665027,G>T
CO1,Mammalia,Equus_asinus,C>G,0.99846,14.750000000000002,0.1235611762933704,G>C
CO1,Mammalia,Equus_asinus,C>T,5.611935,24.3,0.421550629358453,G>A
CO1,Mammalia,Equus_asinus,G>A,10.667529,203.00000000000003,0.0959204434085078,C>T
CO1,Mammalia,Equus_asinus,G>C,,72.55000000000001,0.0,C>G
CO1,Mammalia,Equus_asinus,G>T,,72.55000000000001,0.0,C>A
CO1,Mammalia,Equus_asinus,T>A,1.0,123.54999999999998,0.0147740863732836,A>T
CO1,Mammalia,Equus_asinus,T>C,4.92438,196.95000000000005,0.0456392981439415,A>G
CO1,Mammalia,Equus_asinus,T>G,,123.54999999999998,0.0,A>C
Cytb,Mammalia,Equus_asinus,A>C,3.99971,24.58441558441557,0.0885745687280963,T>G
Cytb,Mammalia,Equus_asinus,A>G,17.974288,59.62337662337662,0.1641253101694553,T>C
Cytb,Mammalia,Equus_asinus,A>T,,24.58441558441557,0.0,T>A
Cytb,Mammalia,Equus_asinus,C>A,,9.038961038961038,0.0,G>T
Cytb,Mammalia,Equus_asinus,C>G,0.9998,9.038961038961038,0.0602192093806707,G>C
Cytb,Mammalia,Equus_asinus,C>T,16.080096,14.987012987012983,0.5841360168464877,G>A
Cytb,Mammalia,Equus_asinus,G>A,19.877635,203.29870129870127,0.053231724854237,C>T
Cytb,Mammalia,Equus_asinus,G>C,,70.18181818181813,0.0,C>G
Cytb,Mammalia,Equus_asinus,G>T,,70.18181818181813,0.0,C>A
Cytb,Mammalia,Equus_asinus,T>A,,94.40259740259737,0.0,A>T
Cytb,Mammalia,Equus_asinus,T>C,12.52288,137.14285714285717,0.0497131700210528,A>G
Cytb,Mammalia,Equus_asinus,T>G,,94.40259740259737,0.0,A>C
CO1,Mammalia,Equus_caballus,A>C,,60.509615384615415,0.0,T>G
CO1,Mammalia,Equus_caballus,A>G,44.160227,123.27884615384612,0.2115949598360158,T>C
CO1,Mammalia,Equus_caballus,A>T,2.99832,60.509615384615415,0.0292695584998395,T>A
CO1,Mammalia,Equus_caballus,C>A,,20.259615384615383,0.0,G>T
CO1,Mammalia,Equus_caballus,C>G,,20.259615384615383,0.0,G>C
CO1,Mammalia,Equus_caballus,C>T,28.446829,30.20192307692311,0.5563676210613493,G>A
CO1,Mammalia,Equus_caballus,G>A,32.504322,203.5576923076921,0.0943226894175017,C>T
CO1,Mammalia,Equus_caballus,G>C,,73.37500000000009,0.0,C>G
CO1,Mammalia,Equus_caballus,G>T,2.0,73.37500000000009,0.0161006890927884,C>A
CO1,Mammalia,Equus_caballus,T>A,1.0,124.67307692307708,0.0047379437940408,A>T
CO1,Mammalia,Equus_caballus,T>C,28.895014,194.82692307692304,0.0876065382984642,A>G
CO1,Mammalia,Equus_caballus,T>G,,124.67307692307708,0.0,A>C
Cytb,Mammalia,Equus_caballus,A>C,,23.02447552447544,0.0,T>G
Cytb,Mammalia,Equus_caballus,A>G,59.403813,62.86713286713296,0.2461171990638476,T>C
Cytb,Mammalia,Equus_caballus,A>T,0.99917,23.02447552447544,0.0113031875998323,T>A
Cytb,Mammalia,Equus_caballus,C>A,,11.996503496503465,0.0,G>T
Cytb,Mammalia,Equus_caballus,C>G,,11.996503496503465,0.0,G>C
Cytb,Mammalia,Equus_caballus,C>T,36.511082,19.937062937062954,0.4769960904388042,G>A
Cytb,Mammalia,Equus_caballus,G>A,108.559552,199.02097902097856,0.1420759210210215,C>T
Cytb,Mammalia,Equus_caballus,G>C,3.0,70.90209790209784,0.0110208087287202,C>G
Cytb,Mammalia,Equus_caballus,G>T,6.99777,70.90209790209784,0.0257070282325256,C>A
Cytb,Mammalia,Equus_caballus,T>A,3.491346,90.87762237762226,0.0100066159097996,A>T
Cytb,Mammalia,Equus_caballus,T>C,31.660375,132.05244755244746,0.0624483395523437,A>G
Cytb,Mammalia,Equus_caballus,T>G,4.99798,90.87762237762226,0.014324809453105,A>C
CO1,Mammalia,Felis_catus,A>C,1.99997,70.94736842105264,0.0920552058971983,T>G
CO1,Mammalia,Felis_catus,A>G,6.984089,167.84210526315786,0.1358845281099309,T>C
CO1,Mammalia,Felis_catus,A>T,,70.94736842105264,0.0,T>A
CO1,Mammalia,Felis_catus,C>A,1.0,24.94736842105264,0.1308990284109782,G>T
CO1,Mammalia,Felis_catus,C>G,,24.94736842105264,0.0,G>C
CO1,Mammalia,Felis_catus,C>T,3.989357,51.05263157894736,0.2551795884586285,G>A
CO1,Mammalia,Felis_catus,G>A,12.933291,162.10526315789468,0.2605392133606354,C>T
CO1,Mammalia,Felis_catus,G>C,1.0,61.94736842105264,0.0527154965733251,C>G
CO1,Mammalia,Felis_catus,G>T,,61.94736842105264,0.0,C>A
CO1,Mammalia,Felis_catus,T>A,,110.21052631578944,0.0,A>T
CO1,Mammalia,Felis_catus,T>C,3.98763,179.05263157894743,0.0727269391893034,A>G
CO1,Mammalia,Felis_catus,T>G,,110.21052631578944,0.0,A>C
Cytb,Mammalia,Felis_catus,A>C,,22.1081081081081,0.0,T>G
Cytb,Mammalia,Felis_catus,A>G,11.91534,65.94594594594597,0.3677972969237475,T>C
Cytb,Mammalia,Felis_catus,A>T,,22.1081081081081,0.0,T>A
Cytb,Mammalia,Felis_catus,C>A,,8.027027027027025,0.0,G>T
Cytb,Mammalia,Felis_catus,C>G,,8.027027027027025,0.0,G>C
Cytb,Mammalia,Felis_catus,C>T,1.99657,14.45945945945946,0.2810752977286648,G>A
Cytb,Mammalia,Felis_catus,G>A,14.96452,186.10810810810813,0.1636770137452962,C>T
Cytb,Mammalia,Felis_catus,G>C,3.0,65.16216216216219,0.093716479227347,C>G
Cytb,Mammalia,Felis_catus,G>T,,65.16216216216219,0.0,C>A
Cytb,Mammalia,Felis_catus,T>A,,103.24324324324324,0.0,A>T
Cytb,Mammalia,Felis_catus,T>C,6.9805600000000005,151.59459459459458,0.0937339123749443,A>G
Cytb,Mammalia,Felis_catus,T>G,,103.24324324324324,0.0,A>C
CO1,Actinopteri,Gadus_chalcogrammus,A>C,1.0,86.54545454545456,0.0269057316406414,T>G
CO1,Actinopteri,Gadus_chalcogrammus,A>G,21.405611,187.36363636363632,0.2660304760610407,T>C
CO1,Actinopteri,Gadus_chalcogrammus,A>T,0.9993,86.54545454545456,0.026886897628493,T>A
CO1,Actinopteri,Gadus_chalcogrammus,C>A,,22.84848484848484,0.0,G>T
CO1,Actinopteri,Gadus_chalcogrammus,C>G,,22.84848484848484,0.0,G>C
CO1,Actinopteri,Gadus_chalcogrammus,C>T,2.316033,36.12121212121212,0.1493040185616544,G>A
CO1,Actinopteri,Gadus_chalcogrammus,G>A,13.861232,153.45454545454547,0.2103348057804737,C>T
CO1,Actinopteri,Gadus_chalcogrammus,G>C,,69.30303030303031,0.0,C>G
CO1,Actinopteri,Gadus_chalcogrammus,G>T,1.0,69.30303030303031,0.0335998117908491,C>A
CO1,Actinopteri,Gadus_chalcogrammus,T>A,0.942795,101.39393939393943,0.0216518167760513,A>T
CO1,Actinopteri,Gadus_chalcogrammus,T>C,14.428925,170.09090909090918,0.1975340386344849,A>G
CO1,Actinopteri,Gadus_chalcogrammus,T>G,2.950174,101.39393939393943,0.067752403126311,A>C
Cytb,Actinopteri,Gadus_chalcogrammus,A>C,1.0,69.875,0.0166058456178703,T>G
Cytb,Actinopteri,Gadus_chalcogrammus,A>G,15.98518,146.67500000000004,0.1264574007763017,T>C
Cytb,Actinopteri,Gadus_chalcogrammus,A>T,,69.875,0.0,T>A
Cytb,Actinopteri,Gadus_chalcogrammus,C>A,,10.6,0.0,G>T
Cytb,Actinopteri,Gadus_chalcogrammus,C>G,,10.6,0.0,G>C
Cytb,Actinopteri,Gadus_chalcogrammus,C>T,10.94364,21.625,0.5872033153334723,G>A
Cytb,Actinopteri,Gadus_chalcogrammus,G>A,10.99924,124.30000000000004,0.1026772826597267,C>T
Cytb,Actinopteri,Gadus_chalcogrammus,G>C,,57.02499999999997,0.0,C>G
Cytb,Actinopteri,Gadus_chalcogrammus,G>T,1.0,57.02499999999997,0.020347802938162,C>A
Cytb,Actinopteri,Gadus_chalcogrammus,T>A,,67.375,0.0,A>T
Cytb,Actinopteri,Gadus_chalcogrammus,T>C,12.98676,116.375,0.1294863346774549,A>G
Cytb,Actinopteri,Gadus_chalcogrammus,T>G,1.0,67.375,0.017222017997012,A>C
CO1,Actinopteri,Gadus_morhua,A>C,1.0,85.86538461538477,0.0096798806390624,T>G
CO1,Actinopteri,Gadus_morhua,A>G,33.98947,185.83653846153868,0.1520202376149423,T>C
CO1,Actinopteri,Gadus_morhua,A>T,,85.86538461538477,0.0,T>A
CO1,Actinopteri,Gadus_morhua,C>A,,25.29807692307693,0.0,G>T
CO1,Actinopteri,Gadus_morhua,C>G,2.99974,25.29807692307693,0.098556262855802,G>C
CO1,Actinopteri,Gadus_morhua,C>T,16.99515,40.28846153846153,0.3506165726361937,G>A
CO1,Actinopteri,Gadus_morhua,G>A,38.98099,152.14423076923066,0.21295385074922,C>T
CO1,Actinopteri,Gadus_morhua,G>C,,65.125,0.0,C>G
CO1,Actinopteri,Gadus_morhua,G>T,2.99878,65.125,0.0382723377960833,C>A
CO1,Actinopteri,Gadus_morhua,T>A,1.0,102.69230769230757,0.0080937578751711,A>T
CO1,Actinopteri,Gadus_morhua,T>C,24.99985,170.721153846154,0.1217133419583538,A>G
CO1,Actinopteri,Gadus_morhua,T>G,1.0,102.69230769230757,0.0080937578751711,A>C
Cytb,Actinopteri,Gadus_morhua,A>C,1.0,60.143835616438494,0.0060807173339762,T>G
Cytb,Actinopteri,Gadus_morhua,A>G,24.9738,136.36986301369873,0.06697491358783,T>C
Cytb,Actinopteri,Gadus_morhua,A>T,1.99988,60.143835616438494,0.0121607049818723,T>A
Cytb,Actinopteri,Gadus_morhua,C>A,2.99903,11.308219178082172,0.0969912439693479,G>T
Cytb,Actinopteri,Gadus_morhua,C>G,3.99963,11.308219178082172,0.1293515200305176,G>C
Cytb,Actinopteri,Gadus_morhua,C>T,19.96676,21.50684931506845,0.339528896733105,G>A
Cytb,Actinopteri,Gadus_morhua,G>A,36.98089,130.78082191780848,0.1034139753551851,C>T
Cytb,Actinopteri,Gadus_morhua,G>C,,63.96575342465768,0.0,C>G
Cytb,Actinopteri,Gadus_morhua,G>T,2.0,63.96575342465768,0.0114347957831984,C>A
Cytb,Actinopteri,Gadus_morhua,T>A,,70.52054794520554,0.0,A>T
Cytb,Actinopteri,Gadus_morhua,T>C,74.688152,119.34246575342492,0.2288772591373948,A>G
Cytb,Actinopteri,Gadus_morhua,T>G,1.0,70.52054794520554,0.0051859730875723,A>C
CO1,Aves,Gallus_gallus,A>C,,41.244897959183696,0.0,T>G
CO1,Aves,Gallus_gallus,A>G,17.99167,89.89795918367341,0.2368141640259977,T>C
CO1,Aves,Gallus_gallus,A>T,,41.244897959183696,0.0,T>A
CO1,Aves,Gallus_gallus,C>A,,11.18367346938775,0.0,G>T
CO1,Aves,Gallus_gallus,C>G,,11.18367346938775,0.0,G>C
CO1,Aves,Gallus_gallus,C>T,9.99179,18.93877551020409,0.6242771396898226,G>A
CO1,Aves,Gallus_gallus,G>A,12.99377,251.00000000000009,0.0612558377733715,C>T
CO1,Aves,Gallus_gallus,G>C,,106.97959183673473,0.0,C>G
CO1,Aves,Gallus_gallus,G>T,2.0,106.97959183673473,0.0221215263527676,C>A
CO1,Aves,Gallus_gallus,T>A,2.0,124.77551020408168,0.0189664771248295,A>T
CO1,Aves,Gallus_gallus,T>C,5.98793,193.7755102040817,0.0365648550332108,A>G
CO1,Aves,Gallus_gallus,T>G,,124.77551020408168,0.0,A>C
Cytb,Aves,Gallus_gallus,A>C,,19.23076923076922,0.0,T>G
Cytb,Aves,Gallus_gallus,A>G,6.99993,42.03846153846158,0.1022073366516495,T>C
Cytb,Aves,Gallus_gallus,A>T,,19.23076923076922,0.0,T>A
Cytb,Aves,Gallus_gallus,C>A,,5.948717948717945,0.0,G>T
Cytb,Aves,Gallus_gallus,C>G,1.0,5.948717948717945,0.1031838695482889,G>C
Cytb,Aves,Gallus_gallus,C>T,12.86003,11.974358974358967,0.6592116844420622,G>A
Cytb,Aves,Gallus_gallus,G>A,15.9918,224.8589743589744,0.0436538259615507,C>T
Cytb,Aves,Gallus_gallus,G>C,1.0,96.73076923076916,0.0063455686508159,C>G
Cytb,Aves,Gallus_gallus,G>T,4.0,96.73076923076916,0.0253822746032636,C>A
Cytb,Aves,Gallus_gallus,T>A,2.0,89.91025641025645,0.013653875793642,A>T
Cytb,Aves,Gallus_gallus,T>C,9.98069,132.14102564102566,0.0463615643487267,A>G
Cytb,Aves,Gallus_gallus,T>G,,89.91025641025645,0.0,A>C
CO1,Mammalia,Geomys_bursarius,A>C,,81.58333333333333,0.0,T>G
CO1,Mammalia,Geomys_bursarius,A>G,11.305396,192.66666666666663,0.2183164295205572,T>C
CO1,Mammalia,Geomys_bursarius,A>T,,81.58333333333333,0.0,T>A
CO1,Mammalia,Geomys_bursarius,C>A,,12.583333333333334,0.0,G>T
CO1,Mammalia,Geomys_bursarius,C>G,,12.583333333333334,0.0,G>C
CO1,Mammalia,Geomys_bursarius,C>T,3.570926,26.000000000000004,0.5109927365708173,G>A
CO1,Mammalia,Geomys_bursarius,G>A,3.684682,133.83333333333334,0.102433719405596,C>T
CO1,Mammalia,Geomys_bursarius,G>C,,49.91666666666666,0.0,C>G
CO1,Mammalia,Geomys_bursarius,G>T,,49.91666666666666,0.0,C>A
CO1,Mammalia,Geomys_bursarius,T>A,,117.75,0.0,A>T
CO1,Mammalia,Geomys_bursarius,T>C,7.291132,198.50000000000003,0.13666008114314,A>G
CO1,Mammalia,Geomys_bursarius,T>G,1.0,117.75,0.0315970333598894,A>C
Cytb,Mammalia,Geomys_bursarius,A>C,,43.375,0.0,T>G
Cytb,Mammalia,Geomys_bursarius,A>G,10.296171,113.1875,0.2234866282492828,T>C
Cytb,Mammalia,Geomys_bursarius,A>T,,43.375,0.0,T>A
Cytb,Mammalia,Geomys_bursarius,C>A,,12.875,0.0,G>T
Cytb,Mammalia,Geomys_bursarius,C>G,,12.875,0.0,G>C
Cytb,Mammalia,Geomys_bursarius,C>T,0.649026,20.5,0.0777826075543098,G>A
Cytb,Mammalia,Geomys_bursarius,G>A,14.955697,136.0625,0.2700489392310937,C>T
Cytb,Mammalia,Geomys_bursarius,G>C,0.99926,33.625,0.0730113660716785,C>G
Cytb,Mammalia,Geomys_bursarius,G>T,1.439162,33.625,0.1051529968361078,C>A
Cytb,Mammalia,Geomys_bursarius,T>A,4.536378,101.0,0.1103474053974817,A>T
Cytb,Mammalia,Geomys_bursarius,T>C,6.060556,161.125,0.0924110281950313,A>G
Cytb,Mammalia,Geomys_bursarius,T>G,1.963372,101.0,0.0477590284650142,A>C
CO1,Aves,Geothlypis_philadelphia,A>C,,41.30434782608695,0.0,T>G
CO1,Aves,Geothlypis_philadelphia,A>G,8.99798,70.34782608695653,0.2597291521333487,T>C
CO1,Aves,Geothlypis_philadelphia,A>T,,41.30434782608695,0.0,T>A
CO1,Aves,Geothlypis_philadelphia,C>A,1.0,19.47826086956522,0.1042500273453632,G>T
CO1,Aves,Geothlypis_philadelphia,C>G,,19.47826086956522,0.0,G>C
CO1,Aves,Geothlypis_philadelphia,C>T,6.99993,27.434782608695656,0.5181058898164843,G>A
CO1,Aves,Geothlypis_philadelphia,G>A,5.99983,263.5217391304348,0.0462326569579696,C>T
CO1,Aves,Geothlypis_philadelphia,G>C,,98.65217391304346,0.0,C>G
CO1,Aves,Geothlypis_philadelphia,G>T,1.0,98.65217391304346,0.0205835223669998,C>A
CO1,Aves,Geothlypis_philadelphia,T>A,,135.47826086956525,0.0,A>T
CO1,Aves,Geothlypis_philadelphia,T>C,4.99565,198.5217391304347,0.0510987513798342,A>G
CO1,Aves,Geothlypis_philadelphia,T>G,,135.47826086956525,0.0,A>C
Cytb,Aves,Geothlypis_philadelphia,A>C,,15.677419354838705,0.0,T>G
Cytb,Aves,Geothlypis_philadelphia,A>G,19.988781,38.64516129032259,0.3504471158216188,T>C
Cytb,Aves,Geothlypis_philadelphia,A>T,,15.677419354838705,0.0,T>A
Cytb,Aves,Geothlypis_philadelphia,C>A,,6.5483870967741895,0.0,G>T
Cytb,Aves,Geothlypis_philadelphia,C>G,1.0,6.5483870967741895,0.1034658334337227,G>C
Cytb,Aves,Geothlypis_philadelphia,C>T,8.95473,12.774193548387094,0.4749526422542013,G>A
Cytb,Aves,Geothlypis_philadelphia,G>A,5.98765,216.2903225806452,0.0187564490834547,C>T
Cytb,Aves,Geothlypis_philadelphia,G>C,,87.35483870967745,0.0,C>G
Cytb,Aves,Geothlypis_philadelphia,G>T,,87.35483870967745,0.0,C>A
Cytb,Aves,Geothlypis_philadelphia,T>A,,90.45161290322584,0.0,A>T
Cytb,Aves,Geothlypis_philadelphia,T>C,9.98753,129.1935483870967,0.0523779594070023,A>G
Cytb,Aves,Geothlypis_philadelphia,T>G,,90.45161290322584,0.0,A>C
CO1,Mammalia,Guerlinguetus_brasiliensis,A>C,0.451995,87.5,0.0080966662070032,T>G
CO1,Mammalia,Guerlinguetus_brasiliensis,A>G,25.762705,205.0,0.1969782420997889,T>C
CO1,Mammalia,Guerlinguetus_brasiliensis,A>T,1.519251,87.5,0.0272146112936115,T>A
CO1,Mammalia,Guerlinguetus_brasiliensis,C>A,,14.625,0.0,G>T
CO1,Mammalia,Guerlinguetus_brasiliensis,C>G,,14.625,0.0,G>C
CO1,Mammalia,Guerlinguetus_brasiliensis,C>T,8.36486,23.625,0.5549674573449768,G>A
CO1,Mammalia,Guerlinguetus_brasiliensis,G>A,7.840259,118.75,0.10348501076716,C>T
CO1,Mammalia,Guerlinguetus_brasiliensis,G>C,1.99987,45.1875,0.0693687883405225,C>G
CO1,Mammalia,Guerlinguetus_brasiliensis,G>T,,45.1875,0.0,C>A
CO1,Mammalia,Guerlinguetus_brasiliensis,T>A,0.996412,121.0,0.0129072652975317,A>T
CO1,Mammalia,Guerlinguetus_brasiliensis,T>C,3.52358,204.6875,0.0269819586494052,A>G
CO1,Mammalia,Guerlinguetus_brasiliensis,T>G,,121.0,0.0,A>C
Cytb,Mammalia,Guerlinguetus_brasiliensis,A>C,1.0,56.764705882352935,0.0243698262683906,T>G
Cytb,Mammalia,Guerlinguetus_brasiliensis,A>G,11.737207,136.0588235294118,0.1193352858300144,T>C
Cytb,Mammalia,Guerlinguetus_brasiliensis,A>T,0.99919,56.764705882352935,0.0243500867091132,T>A
Cytb,Mammalia,Guerlinguetus_brasiliensis,C>A,,3.0,0.0,G>T
Cytb,Mammalia,Guerlinguetus_brasiliensis,C>G,,3.0,0.0,G>C
Cytb,Mammalia,Guerlinguetus_brasiliensis,C>T,3.934556,9.705882352941176,0.5607787305911517,G>A
Cytb,Mammalia,Guerlinguetus_brasiliensis,G>A,17.751537,137.23529411764704,0.1789373369665093,C>T
Cytb,Mammalia,Guerlinguetus_brasiliensis,G>C,,54.0,0.0,C>G
Cytb,Mammalia,Guerlinguetus_brasiliensis,G>T,0.991677,54.0,0.0254043042888956,C>A
Cytb,Mammalia,Guerlinguetus_brasiliensis,T>A,0.99974,78.88235294117646,0.0175322654433901,A>T
Cytb,Mammalia,Guerlinguetus_brasiliensis,T>C,2.99569,130.47058823529414,0.0317625289828975,A>G
Cytb,Mammalia,Guerlinguetus_brasiliensis,T>G,0.99959,78.88235294117646,0.0175296349196374,A>C
CO1,Mammalia,Hadrosciurus_spadiceus,A>C,,76.28571428571429,0.0,T>G
CO1,Mammalia,Hadrosciurus_spadiceus,A>G,10.99355,183.28571428571428,0.3412233280771543,T>C
CO1,Mammalia,Hadrosciurus_spadiceus,A>T,,76.28571428571429,0.0,T>A
CO1,Mammalia,Hadrosciurus_spadiceus,C>A,,19.357142857142858,0.0,G>T
CO1,Mammalia,Hadrosciurus_spadiceus,C>G,,19.357142857142858,0.0,G>C
CO1,Mammalia,Hadrosciurus_spadiceus,C>T,2.0,34.35714285714286,0.3311633977651392,G>A
CO1,Mammalia,Hadrosciurus_spadiceus,G>A,3.873656,137.8571428571429,0.1598531328483746,C>T
CO1,Mammalia,Hadrosciurus_spadiceus,G>C,,52.21428571428572,0.0,C>G
CO1,Mammalia,Hadrosciurus_spadiceus,G>T,,52.21428571428572,0.0,C>A
CO1,Mammalia,Hadrosciurus_spadiceus,T>A,,119.42857142857144,0.0,A>T
CO1,Mammalia,Hadrosciurus_spadiceus,T>C,5.79458,196.5,0.1677601413093318,A>G
CO1,Mammalia,Hadrosciurus_spadiceus,T>G,,119.42857142857144,0.0,A>C
Cytb,Mammalia,Hadrosciurus_spadiceus,A>C,,50.99999999999999,0.0,T>G
Cytb,Mammalia,Hadrosciurus_spadiceus,A>G,10.087524,118.15384615384616,0.2309839504476648,T>C
Cytb,Mammalia,Hadrosciurus_spadiceus,A>T,2.823218,50.99999999999999,0.1497681017328446,T>A
Cytb,Mammalia,Hadrosciurus_spadiceus,C>A,,5.615384615384616,0.0,G>T
Cytb,Mammalia,Hadrosciurus_spadiceus,C>G,,5.615384615384616,0.0,G>C
Cytb,Mammalia,Hadrosciurus_spadiceus,C>T,2.96485,20.76923076923077,0.3862134563757465,G>A
Cytb,Mammalia,Hadrosciurus_spadiceus,G>A,5.596699,158.46153846153845,0.0955549455706619,C>T
Cytb,Mammalia,Hadrosciurus_spadiceus,G>C,,69.23076923076923,0.0,C>G
Cytb,Mammalia,Hadrosciurus_spadiceus,G>T,,69.23076923076923,0.0,C>A
Cytb,Mammalia,Hadrosciurus_spadiceus,T>A,,73.84615384615385,0.0,A>T
Cytb,Mammalia,Hadrosciurus_spadiceus,T>C,5.828104,114.69230769230772,0.137479545873082,A>G
Cytb,Mammalia,Hadrosciurus_spadiceus,T>G,,73.84615384615385,0.0,A>C
CO1,Mammalia,Helarctos_malayanus,A>C,,63.368421052631575,0.0,T>G
CO1,Mammalia,Helarctos_malayanus,A>G,9.96007,162.05263157894734,0.27596512932799,T>C
CO1,Mammalia,Helarctos_malayanus,A>T,1.0,63.368421052631575,0.070855737024457,T>A
CO1,Mammalia,Helarctos_malayanus,C>A,,41.63157894736842,0.0,G>T
CO1,Mammalia,Helarctos_malayanus,C>G,,41.63157894736842,0.0,G>C
CO1,Mammalia,Helarctos_malayanus,C>T,1.99999,63.68421052631578,0.1410080674808419,G>A
CO1,Mammalia,Helarctos_malayanus,G>A,12.820333,157.0526315789474,0.3665236423965206,C>T
CO1,Mammalia,Helarctos_malayanus,G>C,,58.10526315789475,0.0,C>G
CO1,Mammalia,Helarctos_malayanus,G>T,,58.10526315789475,0.0,C>A
CO1,Mammalia,Helarctos_malayanus,T>A,,105.84210526315792,0.0,A>T
CO1,Mammalia,Helarctos_malayanus,T>C,3.98097,173.15789473684214,0.1032272870396329,A>G
CO1,Mammalia,Helarctos_malayanus,T>G,0.99996,105.84210526315792,0.0424201367305575,A>C
Cytb,Mammalia,Helarctos_malayanus,A>C,,20.0,0.0,T>G
Cytb,Mammalia,Helarctos_malayanus,A>G,7.928398,67.95454545454545,0.2031409689950421,T>C
Cytb,Mammalia,Helarctos_malayanus,A>T,,20.0,0.0,T>A
Cytb,Mammalia,Helarctos_malayanus,C>A,,15.272727272727275,0.0,G>T
Cytb,Mammalia,Helarctos_malayanus,C>G,,15.272727272727275,0.0,G>C
Cytb,Mammalia,Helarctos_malayanus,C>T,9.965687,26.18181818181818,0.6627321335238479,G>A
Cytb,Mammalia,Helarctos_malayanus,G>A,5.9885980000000005,182.0,0.0572907306779171,C>T
Cytb,Mammalia,Helarctos_malayanus,G>C,,59.590909090909086,0.0,C>G
Cytb,Mammalia,Helarctos_malayanus,G>T,,59.590909090909086,0.0,C>A
Cytb,Mammalia,Helarctos_malayanus,T>A,0.99913,102.31818181818186,0.0170019906668249,A>T
Cytb,Mammalia,Helarctos_malayanus,T>C,4.945463,143.9090909090909,0.0598341761363679,A>G
Cytb,Mammalia,Helarctos_malayanus,T>G,,102.31818181818186,0.0,A>C
CO1,Mammalia,Hipposideros_pomona,A>C,1.0,51.95238095238096,0.0641451192173303,T>G
CO1,Mammalia,Hipposideros_pomona,A>G,7.298833,108.23809523809524,0.2247203271488042,T>C
CO1,Mammalia,Hipposideros_pomona,A>T,0.662946,51.95238095238096,0.0425247502046522,T>A
CO1,Mammalia,Hipposideros_pomona,C>A,,22.285714285714285,0.0,G>T
CO1,Mammalia,Hipposideros_pomona,C>G,,22.285714285714285,0.0,G>C
CO1,Mammalia,Hipposideros_pomona,C>T,3.22436,34.52380952380953,0.3112389098622814,G>A
CO1,Mammalia,Hipposideros_pomona,G>A,6.016379,227.0,0.0883239334799459,C>T
CO1,Mammalia,Hipposideros_pomona,G>C,,91.5238095238095,0.0,C>G
CO1,Mammalia,Hipposideros_pomona,G>T,,91.5238095238095,0.0,C>A
CO1,Mammalia,Hipposideros_pomona,T>A,,117.04761904761904,0.0,A>T
CO1,Mammalia,Hipposideros_pomona,T>C,11.786458,183.80952380952385,0.2136900868222855,A>G
CO1,Mammalia,Hipposideros_pomona,T>G,1.944308,117.04761904761904,0.0553568732647002,A>C
Cytb,Mammalia,Hipposideros_pomona,A>C,,18.84375,0.0,T>G
Cytb,Mammalia,Hipposideros_pomona,A>G,12.059298,55.0,0.2408615848406164,T>C
Cytb,Mammalia,Hipposideros_pomona,A>T,,18.84375,0.0,T>A
Cytb,Mammalia,Hipposideros_pomona,C>A,,8.5625,0.0,G>T
Cytb,Mammalia,Hipposideros_pomona,C>G,,8.5625,0.0,G>C
Cytb,Mammalia,Hipposideros_pomona,C>T,7.361092,15.65625,0.5164909307391634,G>A
Cytb,Mammalia,Hipposideros_pomona,G>A,20.162953,205.4375,0.1078158517614737,C>T
Cytb,Mammalia,Hipposideros_pomona,G>C,,79.5,0.0,C>G
Cytb,Mammalia,Hipposideros_pomona,G>T,0.372843,79.5,0.0051518957574501,C>A
Cytb,Mammalia,Hipposideros_pomona,T>A,,99.15625,0.0,A>T
Cytb,Mammalia,Hipposideros_pomona,T>C,14.943439,138.28125,0.1187122291860679,A>G
Cytb,Mammalia,Hipposideros_pomona,T>G,0.989965,99.15625,0.0109675077152282,A>C
CO1,Mammalia,Hippotragus_equinus,A>C,,54.20000000000002,0.0,T>G
CO1,Mammalia,Hippotragus_equinus,A>G,21.982929,128.6888888888888,0.2401071639971288,T>C
CO1,Mammalia,Hippotragus_equinus,A>T,,54.20000000000002,0.0,T>A
CO1,Mammalia,Hippotragus_equinus,C>A,,24.31111111111113,0.0,G>T
CO1,Mammalia,Hippotragus_equinus,C>G,,24.31111111111113,0.0,G>C
CO1,Mammalia,Hippotragus_equinus,C>T,13.97405,40.22222222222221,0.4883338661608506,G>A
CO1,Mammalia,Hippotragus_equinus,G>A,20.959641,190.46666666666667,0.1546769039197352,C>T
CO1,Mammalia,Hippotragus_equinus,G>C,,66.91111111111108,0.0,C>G
CO1,Mammalia,Hippotragus_equinus,G>T,,66.91111111111108,0.0,C>A
CO1,Mammalia,Hippotragus_equinus,T>A,1.0,131.5777777777778,0.010682627003838,A>T
CO1,Mammalia,Hippotragus_equinus,T>C,14.931292,197.62222222222223,0.1061994389184473,A>G
CO1,Mammalia,Hippotragus_equinus,T>G,,131.5777777777778,0.0,A>C
Cytb,Mammalia,Hippotragus_equinus,A>C,,15.613636363636363,0.0,T>G
Cytb,Mammalia,Hippotragus_equinus,A>G,14.703767,59.272727272727295,0.1790433009106065,T>C
Cytb,Mammalia,Hippotragus_equinus,A>T,,15.613636363636363,0.0,T>A
Cytb,Mammalia,Hippotragus_equinus,C>A,,6.977272727272729,0.0,G>T
Cytb,Mammalia,Hippotragus_equinus,C>G,,6.977272727272729,0.0,G>C
Cytb,Mammalia,Hippotragus_equinus,C>T,8.912982,10.568181818181817,0.6087053622076497,G>A
Cytb,Mammalia,Hippotragus_equinus,G>A,30.478958,180.50000000000003,0.1218729388156718,C>T
Cytb,Mammalia,Hippotragus_equinus,G>C,,57.36363636363639,0.0,C>G
Cytb,Mammalia,Hippotragus_equinus,G>T,0.9992,57.36363636363639,0.0125718770707673,C>A
Cytb,Mammalia,Hippotragus_equinus,T>A,,114.5,0.0,A>T
Cytb,Mammalia,Hippotragus_equinus,T>C,17.829178,165.38636363636363,0.0778065209953045,A>G
Cytb,Mammalia,Hippotragus_equinus,T>G,,114.5,0.0,A>C
CO1,Mammalia,Hippotragus_niger,A>C,,47.91304347826086,0.0,T>G
CO1,Mammalia,Hippotragus_niger,A>G,7.921539,129.69565217391303,0.2106034237254896,T>C
CO1,Mammalia,Hippotragus_niger,A>T,,47.91304347826086,0.0,T>A
CO1,Mammalia,Hippotragus_niger,C>A,,20.95652173913044,0.0,G>T
CO1,Mammalia,Hippotragus_niger,C>G,,20.95652173913044,0.0,G>C
CO1,Mammalia,Hippotragus_niger,C>T,3.778636,34.00000000000001,0.3832105179365329,G>A
CO1,Mammalia,Hippotragus_niger,G>A,13.598998,192.17391304347825,0.2440022080025929,C>T
CO1,Mammalia,Hippotragus_niger,G>C,,73.6086956521739,0.0,C>G
CO1,Mammalia,Hippotragus_niger,G>T,1.0,73.6086956521739,0.0468438042695359,C>A
CO1,Mammalia,Hippotragus_niger,T>A,,130.17391304347828,0.0,A>T
CO1,Mammalia,Hippotragus_niger,T>C,6.841295000000001,204.5217391304348,0.1153400460658485,A>G
CO1,Mammalia,Hippotragus_niger,T>G,,130.17391304347828,0.0,A>C
Cytb,Mammalia,Hippotragus_niger,A>C,,21.17142857142857,0.0,T>G
Cytb,Mammalia,Hippotragus_niger,A>G,13.689196,67.37142857142857,0.2340050093948504,T>C
Cytb,Mammalia,Hippotragus_niger,A>T,,21.17142857142857,0.0,T>A
Cytb,Mammalia,Hippotragus_niger,C>A,,12.457142857142864,0.0,G>T
Cytb,Mammalia,Hippotragus_niger,C>G,,12.457142857142864,0.0,G>C
Cytb,Mammalia,Hippotragus_niger,C>T,8.658384,16.82857142857143,0.5925330261235329,G>A
Cytb,Mammalia,Hippotragus_niger,G>A,16.302743,169.82857142857142,0.1105536014993094,C>T
Cytb,Mammalia,Hippotragus_niger,G>C,,51.45714285714284,0.0,C>G
Cytb,Mammalia,Hippotragus_niger,G>T,,51.45714285714284,0.0,C>A
Cytb,Mammalia,Hippotragus_niger,T>A,,104.97142857142856,0.0,A>T
Cytb,Mammalia,Hippotragus_niger,T>C,8.707104,159.4,0.0629083629823073,A>G
Cytb,Mammalia,Hippotragus_niger,T>G,,104.97142857142856,0.0,A>C
CO1,Aves,Hirundo_rustica,A>C,,39.16058394160586,0.0,T>G
CO1,Aves,Hirundo_rustica,A>G,34.391626,73.51824817518246,0.252671661217439,T>C
CO1,Aves,Hirundo_rustica,A>T,,39.16058394160586,0.0,T>A
CO1,Aves,Hirundo_rustica,C>A,,16.970802919708046,0.0,G>T
CO1,Aves,Hirundo_rustica,C>G,,16.970802919708046,0.0,G>C
CO1,Aves,Hirundo_rustica,C>T,29.224347,30.00000000000001,0.5261657047013353,G>A
CO1,Aves,Hirundo_rustica,G>A,38.744986,254.49635036496343,0.0822304990499987,C>T
CO1,Aves,Hirundo_rustica,G>C,,82.83941605839406,0.0,C>G
CO1,Aves,Hirundo_rustica,G>T,2.99979,82.83941605839406,0.0195592771471854,C>A
CO1,Aves,Hirundo_rustica,T>A,,146.97810218978114,0.0,A>T
CO1,Aves,Hirundo_rustica,T>C,42.721337,205.98540145985424,0.1120230440875998,A>G
CO1,Aves,Hirundo_rustica,T>G,2.0,146.97810218978114,0.0073498137964415,A>C
Cytb,Aves,Hirundo_rustica,A>C,0.99988,20.30731707317069,0.014960015227368,T>G
Cytb,Aves,Hirundo_rustica,A>G,42.314385,39.94634146341461,0.3218457117660986,T>C
Cytb,Aves,Hirundo_rustica,A>T,,20.30731707317069,0.0,T>A
Cytb,Aves,Hirundo_rustica,C>A,1.0,14.487804878048772,0.020971723135912,G>T
Cytb,Aves,Hirundo_rustica,C>G,,14.487804878048772,0.0,G>C
Cytb,Aves,Hirundo_rustica,C>T,26.99286,18.28780487804873,0.4484603243804529,G>A
Cytb,Aves,Hirundo_rustica,G>A,66.342412,210.0634146341465,0.0959571940877052,C>T
Cytb,Aves,Hirundo_rustica,G>C,,65.34146341463416,0.0,C>G
Cytb,Aves,Hirundo_rustica,G>T,3.99922,65.34146341463416,0.0185961543681088,C>A
Cytb,Aves,Hirundo_rustica,T>A,1.0,115.43414634146336,0.0026321001400295,A>T
Cytb,Aves,Hirundo_rustica,T>C,37.97257,161.7804878048779,0.0713149455043917,A>G
Cytb,Aves,Hirundo_rustica,T>G,1.9991,115.43414634146336,0.005261831389933,A>C
CO1,Lepidosauria,Holbrookia_lacerata,A>C,0.99952,61.3333333333333,0.0149456998558285,T>G
CO1,Lepidosauria,Holbrookia_lacerata,A>G,17.210218,160.12121212121212,0.0985731961763878,T>C
CO1,Lepidosauria,Holbrookia_lacerata,A>T,,61.3333333333333,0.0,T>A
CO1,Lepidosauria,Holbrookia_lacerata,C>A,1.99888,17.575757575757578,0.1043023287528092,G>T
CO1,Lepidosauria,Holbrookia_lacerata,C>G,,17.575757575757578,0.0,G>C
CO1,Lepidosauria,Holbrookia_lacerata,C>T,17.927387,29.757575757575754,0.5525108130209978,G>A
CO1,Lepidosauria,Holbrookia_lacerata,G>A,17.270046999999998,134.5757575757576,0.1176922924469847,C>T
CO1,Lepidosauria,Holbrookia_lacerata,G>C,0.99659,42.87878787878789,0.0213154919867571,C>G
CO1,Lepidosauria,Holbrookia_lacerata,G>T,,42.87878787878789,0.0,C>A
CO1,Lepidosauria,Holbrookia_lacerata,T>A,,147.15151515151513,0.0,A>T
CO1,Lepidosauria,Holbrookia_lacerata,T>C,21.074647,228.90909090909088,0.0844342411212269,A>G
CO1,Lepidosauria,Holbrookia_lacerata,T>G,0.99896,147.15151515151513,0.0062259366390077,A>C
Cytb,Lepidosauria,Holbrookia_lacerata,A>C,,27.599999999999994,0.0,T>G
Cytb,Lepidosauria,Holbrookia_lacerata,A>G,18.214708,97.85,0.0959709571964814,T>C
Cytb,Lepidosauria,Holbrookia_lacerata,A>T,,27.599999999999994,0.0,T>A
Cytb,Lepidosauria,Holbrookia_lacerata,C>A,0.996284,10.725,0.0478921460036999,G>T
Cytb,Lepidosauria,Holbrookia_lacerata,C>G,1.0,10.725,0.0480707770110731,G>C
Cytb,Lepidosauria,Holbrookia_lacerata,C>T,22.548765,18.55,0.626696529174594,G>A
Cytb,Lepidosauria,Holbrookia_lacerata,G>A,27.425068,133.47499999999997,0.1059317694059769,C>T
Cytb,Lepidosauria,Holbrookia_lacerata,G>C,,41.475,0.0,C>G
Cytb,Lepidosauria,Holbrookia_lacerata,G>T,,41.475,0.0,C>A
Cytb,Lepidosauria,Holbrookia_lacerata,T>A,1.99986,114.87499999999996,0.0089753731326732,A>T
Cytb,Lepidosauria,Holbrookia_lacerata,T>C,20.100709,167.20000000000005,0.0619802817500581,A>G
Cytb,Lepidosauria,Holbrookia_lacerata,T>G,0.9987,114.87499999999996,0.0044821663254431,A>C
CO1,Mammalia,Homo_sapiens,A>C,1.0,47.60721442885757,0.003901584520467,T>G
CO1,Mammalia,Homo_sapiens,A>G,117.98073,92.97795591182414,0.2356920182865464,T>C
CO1,Mammalia,Homo_sapiens,A>T,0.99796,47.60721442885757,0.0038936252880453,T>A
CO1,Mammalia,Homo_sapiens,C>A,1.0,15.555110220440936,0.0119409999830218,G>T
CO1,Mammalia,Homo_sapiens,C>G,1.0,15.555110220440936,0.0119409999830218,G>C
CO1,Mammalia,Homo_sapiens,C>T,70.83459,27.66332665330663,0.4756141534669586,G>A
CO1,Mammalia,Homo_sapiens,G>A,131.667949,251.9599198396813,0.0970649420472449,C>T
CO1,Mammalia,Homo_sapiens,G>C,,97.27855711422842,0.0,C>G
CO1,Mammalia,Homo_sapiens,G>T,5.0,97.27855711422842,0.0095469945478364,C>A
CO1,Mammalia,Homo_sapiens,T>A,4.0,114.44689378757522,0.0064918693633729,A>T
CO1,Mammalia,Homo_sapiens,T>C,135.624374,183.31462925851724,0.1374214138106406,A>G
CO1,Mammalia,Homo_sapiens,T>G,3.99971,114.44689378757522,0.006491398702844,A>C
Cytb,Mammalia,Homo_sapiens,A>C,1.0,14.991983967935978,0.0072091504310751,T>G
Cytb,Mammalia,Homo_sapiens,A>G,104.97218,55.06613226452906,0.2060311278381613,T>C
Cytb,Mammalia,Homo_sapiens,A>T,,14.991983967935978,0.0,T>A
Cytb,Mammalia,Homo_sapiens,C>A,2.0,7.194388777555131,0.0300454899024363,G>T
Cytb,Mammalia,Homo_sapiens,C>G,,7.194388777555131,0.0,G>C
Cytb,Mammalia,Homo_sapiens,C>T,74.827402,14.06412825651308,0.5750307185000989,G>A
Cytb,Mammalia,Homo_sapiens,G>A,142.92673,207.88777555110065,0.0743066534596562,C>T
Cytb,Mammalia,Homo_sapiens,G>C,2.0,88.03006012024024,0.002455512754109,C>G
Cytb,Mammalia,Homo_sapiens,G>T,2.99923,88.03006012024024,0.0036823237587532,C>A
Cytb,Mammalia,Homo_sapiens,T>A,5.0,87.83366733466931,0.0061525079713059,A>T
Cytb,Mammalia,Homo_sapiens,T>C,111.87041,137.8597194388768,0.0877043302549049,A>G
Cytb,Mammalia,Homo_sapiens,T>G,5.9993300000000005,87.83366733466931,0.0073821851294989,A>C
CO1,Lepidosauria,Hoplodactylus_duvaucelii,A>C,1.99733,50.208333333333336,0.0785840962933961,T>G
CO1,Lepidosauria,Hoplodactylus_duvaucelii,A>G,9.660317,120.50000000000004,0.1583671036985901,T>C
CO1,Lepidosauria,Hoplodactylus_duvaucelii,A>T,2.51299,50.208333333333336,0.0988725188848821,T>A
CO1,Lepidosauria,Hoplodactylus_duvaucelii,C>A,1.966747,23.58333333333333,0.1647418543485778,G>T
CO1,Lepidosauria,Hoplodactylus_duvaucelii,C>G,,23.58333333333333,0.0,G>C
CO1,Lepidosauria,Hoplodactylus_duvaucelii,C>T,4.650073,41.20833333333332,0.2229129832745333,G>A
CO1,Lepidosauria,Hoplodactylus_duvaucelii,G>A,12.235918,208.3333333333333,0.1160214899702974,C>T
CO1,Lepidosauria,Hoplodactylus_duvaucelii,G>C,,93.20833333333331,0.0,C>G
CO1,Lepidosauria,Hoplodactylus_duvaucelii,G>T,,93.20833333333331,0.0,C>A
CO1,Lepidosauria,Hoplodactylus_duvaucelii,T>A,1.281979,100.25,0.0252613858837467,A>T
CO1,Lepidosauria,Hoplodactylus_duvaucelii,T>C,11.775202,172.0,0.135238567645976,A>G
CO1,Lepidosauria,Hoplodactylus_duvaucelii,T>G,,100.25,0.0,A>C
Cytb,Lepidosauria,Hoplodactylus_duvaucelii,A>C,0.967808,33.43999999999999,0.0328357586389814,T>G
Cytb,Lepidosauria,Hoplodactylus_duvaucelii,A>G,8.729743,82.83999999999999,0.1195598837183763,T>C
Cytb,Lepidosauria,Hoplodactylus_duvaucelii,A>T,0.979283,33.43999999999999,0.0332250820692303,T>A
Cytb,Lepidosauria,Hoplodactylus_duvaucelii,C>A,1.0,12.72,0.0891942800696255,G>T
Cytb,Lepidosauria,Hoplodactylus_duvaucelii,C>G,1.0,12.72,0.0891942800696255,G>C
Cytb,Lepidosauria,Hoplodactylus_duvaucelii,C>T,5.469923,16.600000000000005,0.3738498756596844,G>A
Cytb,Lepidosauria,Hoplodactylus_duvaucelii,G>A,14.041328,175.84,0.0905971686109438,C>T
Cytb,Lepidosauria,Hoplodactylus_duvaucelii,G>C,2.0,68.24,0.0332517949145849,C>G
Cytb,Lepidosauria,Hoplodactylus_duvaucelii,G>T,1.99085,68.24,0.0330996679528506,C>A
Cytb,Lepidosauria,Hoplodactylus_duvaucelii,T>A,0.498915,83.52,0.0067773543240507,A>T
Cytb,Lepidosauria,Hoplodactylus_duvaucelii,T>C,9.685198,137.56,0.0798804407140113,A>G
Cytb,Lepidosauria,Hoplodactylus_duvaucelii,T>G,1.364411,83.52,0.0185344132580348,A>C
CO1,Mammalia,Hylomyscus_aeta,A>C,,83.18181818181817,0.0,T>G
CO1,Mammalia,Hylomyscus_aeta,A>G,10.856083,182.63636363636363,0.1516341896956072,T>C
CO1,Mammalia,Hylomyscus_aeta,A>T,0.994813,83.18181818181817,0.030508740178373,T>A
CO1,Mammalia,Hylomyscus_aeta,C>A,1.034895,7.181818181818182,0.367597978056624,G>T
CO1,Mammalia,Hylomyscus_aeta,C>G,,7.181818181818182,0.0,G>C
CO1,Mammalia,Hylomyscus_aeta,C>T,1.32022,13.454545454545457,0.2503159414697337,G>A
CO1,Mammalia,Hylomyscus_aeta,G>A,4.49511,139.27272727272728,0.0823351867801694,C>T
CO1,Mammalia,Hylomyscus_aeta,G>C,,47.90909090909091,0.0,C>G
CO1,Mammalia,Hylomyscus_aeta,G>T,0.93477,47.90909090909091,0.0497734869873107,C>A
CO1,Mammalia,Hylomyscus_aeta,T>A,,135.72727272727272,0.0,A>T
CO1,Mammalia,Hylomyscus_aeta,T>C,5.77756,217.2727272727273,0.0678344768321818,A>G
CO1,Mammalia,Hylomyscus_aeta,T>G,,135.72727272727272,0.0,A>C
Cytb,Mammalia,Hylomyscus_aeta,A>C,,35.8125,0.0,T>G
Cytb,Mammalia,Hylomyscus_aeta,A>G,11.163986,92.8125,0.1634008908104278,T>C
Cytb,Mammalia,Hylomyscus_aeta,A>T,,35.8125,0.0,T>A
Cytb,Mammalia,Hylomyscus_aeta,C>A,,4.6875,0.0,G>T
Cytb,Mammalia,Hylomyscus_aeta,C>G,,4.6875,0.0,G>C
Cytb,Mammalia,Hylomyscus_aeta,C>T,3.486274,8.875,0.5336232738144616,G>A
Cytb,Mammalia,Hylomyscus_aeta,G>A,8.796547,140.25,0.0852022306811211,C>T
Cytb,Mammalia,Hylomyscus_aeta,G>C,,29.3125,0.0,C>G
Cytb,Mammalia,Hylomyscus_aeta,G>T,2.921393,29.3125,0.1353875508290375,C>A
Cytb,Mammalia,Hylomyscus_aeta,T>A,1.923041,114.0625,0.0229027306300219,A>T
Cytb,Mammalia,Hylomyscus_aeta,T>C,7.416567000000001,169.375,0.0594833232349297,A>G
Cytb,Mammalia,Hylomyscus_aeta,T>G,,114.0625,0.0,A>C
CO1,Mammalia,Hylomyscus_stella,A>C,1.0,81.07692307692308,0.0192239307560582,T>G
CO1,Mammalia,Hylomyscus_stella,A>G,11.96034,188.15384615384613,0.0990763223098018,T>C
CO1,Mammalia,Hylomyscus_stella,A>T,,81.07692307692308,0.0,T>A
CO1,Mammalia,Hylomyscus_stella,C>A,,2.923076923076923,0.0,G>T
CO1,Mammalia,Hylomyscus_stella,C>G,,2.923076923076923,0.0,G>C
CO1,Mammalia,Hylomyscus_stella,C>T,3.99696,9.384615384615389,0.663823733750576,G>A
CO1,Mammalia,Hylomyscus_stella,G>A,9.956595,128.92307692307693,0.1203703801072829,C>T
CO1,Mammalia,Hylomyscus_stella,G>C,,45.92307692307693,0.0,C>G
CO1,Mammalia,Hylomyscus_stella,G>T,1.0,45.92307692307693,0.0339397370467092,C>A
CO1,Mammalia,Hylomyscus_stella,T>A,1.99976,142.23076923076923,0.0219141066242546,A>T
CO1,Mammalia,Hylomyscus_stella,T>C,5.99841,224.46153846153845,0.0416517894053172,A>G
CO1,Mammalia,Hylomyscus_stella,T>G,,142.23076923076923,0.0,A>C
Cytb,Mammalia,Hylomyscus_stella,A>C,,29.33333333333333,0.0,T>G
Cytb,Mammalia,Hylomyscus_stella,A>G,21.914043,101.3333333333333,0.2226479199210576,T>C
Cytb,Mammalia,Hylomyscus_stella,A>T,,29.33333333333333,0.0,T>A
Cytb,Mammalia,Hylomyscus_stella,C>A,,3.74074074074074,0.0,G>T
Cytb,Mammalia,Hylomyscus_stella,C>G,,3.74074074074074,0.0,G>C
Cytb,Mammalia,Hylomyscus_stella,C>T,2.992711,5.111111111111111,0.6028342505983192,G>A
Cytb,Mammalia,Hylomyscus_stella,G>A,11.599176,128.3333333333333,0.0930542311068975,C>T
Cytb,Mammalia,Hylomyscus_stella,G>C,,27.814814814814813,0.0,C>G
Cytb,Mammalia,Hylomyscus_stella,G>T,0.9971,27.814814814814813,0.036907192065791,C>A
Cytb,Mammalia,Hylomyscus_stella,T>A,2.626927,125.25925925925932,0.021591689524159,A>T
Cytb,Mammalia,Hylomyscus_stella,T>C,3.98856,178.81481481481478,0.0229647167837753,A>G
Cytb,Mammalia,Hylomyscus_stella,T>G,,125.25925925925932,0.0,A>C
CO1,Mammalia,Hylomyscus_walterverheyeni,A>C,,74.75,0.0,T>G
CO1,Mammalia,Hylomyscus_walterverheyeni,A>G,8.833946000000001,177.08333333333331,0.2432564755265613,T>C
CO1,Mammalia,Hylomyscus_walterverheyeni,A>T,0.99941,74.75,0.0651958349888664,T>A
CO1,Mammalia,Hylomyscus_walterverheyeni,C>A,,4.416666666666666,0.0,G>T
CO1,Mammalia,Hylomyscus_walterverheyeni,C>G,,4.416666666666666,0.0,G>C
CO1,Mammalia,Hylomyscus_walterverheyeni,C>T,,10.083333333333332,0.0,G>A
CO1,Mammalia,Hylomyscus_walterverheyeni,G>A,9.330008,138.16666666666666,0.3292805619160208,C>T
CO1,Mammalia,Hylomyscus_walterverheyeni,G>C,,51.16666666666667,0.0,C>G
CO1,Mammalia,Hylomyscus_walterverheyeni,G>T,2.32797,51.16666666666667,0.2218592867791853,C>A
CO1,Mammalia,Hylomyscus_walterverheyeni,T>A,0.993012,140.33333333333331,0.0345049191285839,A>T
CO1,Mammalia,Hylomyscus_walterverheyeni,T>C,4.891988,225.25,0.105902921660782,A>G
CO1,Mammalia,Hylomyscus_walterverheyeni,T>G,,140.33333333333331,0.0,A>C
Cytb,Mammalia,Hylomyscus_walterverheyeni,A>C,,33.519480519480496,0.0,T>G
Cytb,Mammalia,Hylomyscus_walterverheyeni,A>G,51.792408,106.07792207792204,0.1713825965050262,T>C
Cytb,Mammalia,Hylomyscus_walterverheyeni,A>T,0.99922,33.519480519480496,0.0104638006620037,T>A
Cytb,Mammalia,Hylomyscus_walterverheyeni,C>A,0.99885,6.064935064935062,0.0578095697914113,G>T
Cytb,Mammalia,Hylomyscus_walterverheyeni,C>G,,6.064935064935062,0.0,G>C
Cytb,Mammalia,Hylomyscus_walterverheyeni,C>T,15.899563,9.779220779220775,0.5706982696142701,G>A
Cytb,Mammalia,Hylomyscus_walterverheyeni,G>A,33.759779,124.89610389610392,0.0948803598104272,C>T
Cytb,Mammalia,Hylomyscus_walterverheyeni,G>C,,23.935064935064933,0.0,C>G
Cytb,Mammalia,Hylomyscus_walterverheyeni,G>T,1.98827,23.935064935064933,0.0291585798789183,C>A
Cytb,Mammalia,Hylomyscus_walterverheyeni,T>A,6.993002,124.7272727272727,0.0196801246630015,A>T
Cytb,Mammalia,Hylomyscus_walterverheyeni,T>C,20.141284,175.29870129870133,0.0403305433906763,A>G
Cytb,Mammalia,Hylomyscus_walterverheyeni,T>G,1.9885,124.7272727272727,0.0055961556842652,A>C
CO1,Actinopteri,Hypophthalmichthys_molitrix,A>C,2.0,69.11267605633802,0.021356026669109,T>G
CO1,Actinopteri,Hypophthalmichthys_molitrix,A>G,30.894922,149.73239436619718,0.1522718070967084,T>C
CO1,Actinopteri,Hypophthalmichthys_molitrix,A>T,,69.11267605633802,0.0,T>A
CO1,Actinopteri,Hypophthalmichthys_molitrix,C>A,,16.056338028169005,0.0,G>T
CO1,Actinopteri,Hypophthalmichthys_molitrix,C>G,,16.056338028169005,0.0,G>C
CO1,Actinopteri,Hypophthalmichthys_molitrix,C>T,19.050043,24.83098591549296,0.5661743169958284,G>A
CO1,Actinopteri,Hypophthalmichthys_molitrix,G>A,30.178274,163.22535211267606,0.1364441597891031,C>T
CO1,Actinopteri,Hypophthalmichthys_molitrix,G>C,0.98785,60.83098591549293,0.0119843453910053,C>G
CO1,Actinopteri,Hypophthalmichthys_molitrix,G>T,3.99066,60.83098591549293,0.0484136739161507,C>A
CO1,Actinopteri,Hypophthalmichthys_molitrix,T>A,1.99969,142.01408450704224,0.0103915282943344,A>T
CO1,Actinopteri,Hypophthalmichthys_molitrix,T>C,12.126928,210.22535211267603,0.0425710026168452,A>G
CO1,Actinopteri,Hypophthalmichthys_molitrix,T>G,2.0,142.01408450704224,0.0103931392309152,A>C
Cytb,Actinopteri,Hypophthalmichthys_molitrix,A>C,,30.800000000000008,0.0,T>G
Cytb,Actinopteri,Hypophthalmichthys_molitrix,A>G,9.216712,84.62857142857142,0.1792521429656783,T>C
Cytb,Actinopteri,Hypophthalmichthys_molitrix,A>T,,30.800000000000008,0.0,T>A
Cytb,Actinopteri,Hypophthalmichthys_molitrix,C>A,,8.857142857142856,0.0,G>T
Cytb,Actinopteri,Hypophthalmichthys_molitrix,C>G,,8.857142857142856,0.0,G>C
Cytb,Actinopteri,Hypophthalmichthys_molitrix,C>T,3.457689,12.45714285714286,0.4568491619294642,G>A
Cytb,Actinopteri,Hypophthalmichthys_molitrix,G>A,14.347677,158.65714285714284,0.1488426217427338,C>T
Cytb,Actinopteri,Hypophthalmichthys_molitrix,G>C,,49.45714285714284,0.0,C>G
Cytb,Actinopteri,Hypophthalmichthys_molitrix,G>T,1.0,49.45714285714284,0.0332794642086632,C>A
Cytb,Actinopteri,Hypophthalmichthys_molitrix,T>A,1.99451,116.34285714285716,0.0282164155252747,A>T
Cytb,Actinopteri,Hypophthalmichthys_molitrix,T>C,15.871358,170.1142857142857,0.1535601936281857,A>G
Cytb,Actinopteri,Hypophthalmichthys_molitrix,T>G,,116.34285714285716,0.0,A>C
CO1,Actinopteri,Istiophorus_platypterus,A>C,,80.52380952380952,0.0,T>G
CO1,Actinopteri,Istiophorus_platypterus,A>G,6.99998,134.42857142857142,0.2454295299979571,T>C
CO1,Actinopteri,Istiophorus_platypterus,A>T,,80.52380952380952,0.0,T>A
CO1,Actinopteri,Istiophorus_platypterus,C>A,,17.000000000000004,0.0,G>T
CO1,Actinopteri,Istiophorus_platypterus,C>G,,17.000000000000004,0.0,G>C
CO1,Actinopteri,Istiophorus_platypterus,C>T,4.0,42.04761904761905,0.4483737536025596,G>A
CO1,Actinopteri,Istiophorus_platypterus,G>A,4.99999,219.0,0.1076085107096682,C>T
CO1,Actinopteri,Istiophorus_platypterus,G>C,,86.76190476190476,0.0,C>G
CO1,Actinopteri,Istiophorus_platypterus,G>T,,86.76190476190476,0.0,C>A
CO1,Actinopteri,Istiophorus_platypterus,T>A,,107.99999999999996,0.0,A>T
CO1,Actinopteri,Istiophorus_platypterus,T>C,4.98599,151.66666666666669,0.1549468890638164,A>G
CO1,Actinopteri,Istiophorus_platypterus,T>G,1.0,107.99999999999996,0.0436413166259987,A>C
Cytb,Actinopteri,Istiophorus_platypterus,A>C,,41.62500000000001,0.0,T>G
Cytb,Actinopteri,Istiophorus_platypterus,A>G,8.99769,81.66666666666666,0.2417501548234953,T>C
Cytb,Actinopteri,Istiophorus_platypterus,A>T,1.0,41.62500000000001,0.0527140419443338,T>A
Cytb,Actinopteri,Istiophorus_platypterus,C>A,,13.291666666666664,0.0,G>T
Cytb,Actinopteri,Istiophorus_platypterus,C>G,,13.291666666666664,0.0,G>C
Cytb,Actinopteri,Istiophorus_platypterus,C>T,5.0,23.75,0.4619414728279779,G>A
Cytb,Actinopteri,Istiophorus_platypterus,G>A,7.99997,203.3333333333333,0.0863297220039506,C>T
Cytb,Actinopteri,Istiophorus_platypterus,G>C,,101.91666666666669,0.0,C>G
Cytb,Actinopteri,Istiophorus_platypterus,G>T,,101.91666666666669,0.0,C>A
Cytb,Actinopteri,Istiophorus_platypterus,T>A,,60.083333333333336,0.0,A>T
Cytb,Actinopteri,Istiophorus_platypterus,T>C,6.99998,97.66666666666669,0.1572646084002424,A>G
Cytb,Actinopteri,Istiophorus_platypterus,T>G,,60.083333333333336,0.0,A>C
CO1,Amphibia,Karsenia_koreana,A>C,,71.70370370370371,0.0,T>G
CO1,Amphibia,Karsenia_koreana,A>G,11.9867,189.77777777777777,0.1622971870977084,T>C
CO1,Amphibia,Karsenia_koreana,A>T,,71.70370370370371,0.0,T>A
CO1,Amphibia,Karsenia_koreana,C>A,,19.11111111111111,0.0,G>T
CO1,Amphibia,Karsenia_koreana,C>G,,19.11111111111111,0.0,G>C
CO1,Amphibia,Karsenia_koreana,C>T,5.95384,35.40740740740741,0.4320756033036336,G>A
CO1,Amphibia,Karsenia_koreana,G>A,5.9959,121.74074074074076,0.1265537896913558,C>T
CO1,Amphibia,Karsenia_koreana,G>C,,53.03703703703704,0.0,C>G
CO1,Amphibia,Karsenia_koreana,G>T,1.99901,53.03703703703704,0.0968483946976576,C>A
CO1,Amphibia,Karsenia_koreana,T>A,1.99961,124.3703703703704,0.0413128433241846,A>T
CO1,Amphibia,Karsenia_koreana,T>C,7.99541,200.1111111111112,0.1026659072402068,A>G
CO1,Amphibia,Karsenia_koreana,T>G,1.851183,124.3703703703704,0.0382462746452529,A>C
Cytb,Amphibia,Karsenia_koreana,A>C,,36.74999999999999,0.0,T>G
Cytb,Amphibia,Karsenia_koreana,A>G,7.952399,128.58333333333334,0.1254674136199078,T>C
Cytb,Amphibia,Karsenia_koreana,A>T,,36.74999999999999,0.0,T>A
Cytb,Amphibia,Karsenia_koreana,C>A,,9.999999999999998,0.0,G>T
Cytb,Amphibia,Karsenia_koreana,C>G,,9.999999999999998,0.0,G>C
Cytb,Amphibia,Karsenia_koreana,C>T,4.707705,15.5,0.6161621349909284,G>A
Cytb,Amphibia,Karsenia_koreana,G>A,7.752758,106.375,0.1478543540518239,C>T
Cytb,Amphibia,Karsenia_koreana,G>C,,45.95833333333333,0.0,C>G
Cytb,Amphibia,Karsenia_koreana,G>T,,45.95833333333333,0.0,C>A
Cytb,Amphibia,Karsenia_koreana,T>A,1.0,86.75,0.0233855710884055,A>T
Cytb,Amphibia,Karsenia_koreana,T>C,2.960179,148.66666666666669,0.0403944624287558,A>G
Cytb,Amphibia,Karsenia_koreana,T>G,1.9985,86.75,0.0467360638201785,A>C
CO1,Mammalia,Lasiopodomys_anglicus,A>C,1.0,60.89705882352945,0.0119798068190402,T>G
CO1,Mammalia,Lasiopodomys_anglicus,A>G,42.657811,133.0882352941176,0.2338325855980186,T>C
CO1,Mammalia,Lasiopodomys_anglicus,A>T,1.455167,60.89705882352945,0.0174326195494423,T>A
CO1,Mammalia,Lasiopodomys_anglicus,C>A,1.991797,26.441176470588225,0.0549554074159304,G>T
CO1,Mammalia,Lasiopodomys_anglicus,C>G,,26.441176470588225,0.0,G>C
CO1,Mammalia,Lasiopodomys_anglicus,C>T,21.92204,44.92647058823529,0.3559793425598929,G>A
CO1,Mammalia,Lasiopodomys_anglicus,G>A,21.410966,178.6764705882353,0.0874208508889805,C>T
CO1,Mammalia,Lasiopodomys_anglicus,G>C,,64.16176470588229,0.0,C>G
CO1,Mammalia,Lasiopodomys_anglicus,G>T,7.413477,64.16176470588229,0.0842930516654473,C>A
CO1,Mammalia,Lasiopodomys_anglicus,T>A,3.99792,123.30882352941182,0.0236529916183786,A>T
CO1,Mammalia,Lasiopodomys_anglicus,T>C,33.536098,187.54411764705884,0.1304533438848689,A>G
CO1,Mammalia,Lasiopodomys_anglicus,T>G,,123.30882352941182,0.0,A>C
Cytb,Mammalia,Lasiopodomys_anglicus,A>C,,28.71428571428572,0.0,T>G
Cytb,Mammalia,Lasiopodomys_anglicus,A>G,44.070527,70.11688311688312,0.1942976661488841,T>C
Cytb,Mammalia,Lasiopodomys_anglicus,A>T,1.992323,28.71428571428572,0.0214488332867327,T>A
Cytb,Mammalia,Lasiopodomys_anglicus,C>A,0.99897,6.064935064935059,0.0509176361315773,G>T
Cytb,Mammalia,Lasiopodomys_anglicus,C>G,,6.064935064935059,0.0,G>C
Cytb,Mammalia,Lasiopodomys_anglicus,C>T,22.515796,12.35064935064934,0.563559085635665,G>A
Cytb,Mammalia,Lasiopodomys_anglicus,G>A,38.830987,179.37662337662343,0.0669197835272673,C>T
Cytb,Mammalia,Lasiopodomys_anglicus,G>C,,55.896103896103895,0.0,C>G
Cytb,Mammalia,Lasiopodomys_anglicus,G>T,4.992752,55.896103896103895,0.02761216114349,C>A
Cytb,Mammalia,Lasiopodomys_anglicus,T>A,4.99729,98.49350649350652,0.0156844356298899,A>T
Cytb,Mammalia,Lasiopodomys_anglicus,T>C,24.317103,149.80519480519482,0.0501795662612001,A>G
Cytb,Mammalia,Lasiopodomys_anglicus,T>G,2.98887,98.49350649350652,0.0093808322352933,A>C
CO1,Mammalia,Lasiopodomys_gregalis,A>C,,58.50000000000001,0.0,T>G
CO1,Mammalia,Lasiopodomys_gregalis,A>G,17.140763,128.575,0.1495319402532527,T>C
CO1,Mammalia,Lasiopodomys_gregalis,A>T,0.99877,58.50000000000001,0.0191500527388771,T>A
CO1,Mammalia,Lasiopodomys_gregalis,C>A,2.0,27.425,0.0817981931978202,G>T
CO1,Mammalia,Lasiopodomys_gregalis,C>G,,27.425,0.0,G>C
CO1,Mammalia,Lasiopodomys_gregalis,C>T,16.882341,46.65,0.4059208614287731,G>A
CO1,Mammalia,Lasiopodomys_gregalis,G>A,20.458457,180.9,0.1268512234371324,C>T
CO1,Mammalia,Lasiopodomys_gregalis,G>C,,63.57500000000001,0.0,C>G
CO1,Mammalia,Lasiopodomys_gregalis,G>T,5.573321,63.57500000000001,0.0983304529962408,C>A
CO1,Mammalia,Lasiopodomys_gregalis,T>A,,126.85,0.0,A>T
CO1,Mammalia,Lasiopodomys_gregalis,T>C,18.538122,189.75,0.1095832818652302,A>G
CO1,Mammalia,Lasiopodomys_gregalis,T>G,0.99905,126.85,0.0088339940826732,A>C
Cytb,Mammalia,Lasiopodomys_gregalis,A>C,,26.375,0.0,T>G
Cytb,Mammalia,Lasiopodomys_gregalis,A>G,25.688634,63.22916666666667,0.1775265509201983,T>C
Cytb,Mammalia,Lasiopodomys_gregalis,A>T,5.6167750000000005,26.375,0.0930538445881174,T>A
Cytb,Mammalia,Lasiopodomys_gregalis,C>A,1.0,7.8125000000000036,0.0559306326725717,G>T
Cytb,Mammalia,Lasiopodomys_gregalis,C>G,0.99966,7.8125000000000036,0.0559116162574631,G>C
Cytb,Mammalia,Lasiopodomys_gregalis,C>T,15.915041,14.541666666666664,0.4782261705622779,G>A
Cytb,Mammalia,Lasiopodomys_gregalis,G>A,18.158384,179.14583333333337,0.0442904656979665,C>T
Cytb,Mammalia,Lasiopodomys_gregalis,G>C,,53.625000000000014,0.0,C>G
Cytb,Mammalia,Lasiopodomys_gregalis,G>T,3.817843,53.625000000000014,0.0311093202847537,C>A
Cytb,Mammalia,Lasiopodomys_gregalis,T>A,1.845789,104.47916666666669,0.0077195523342527,A>T
Cytb,Mammalia,Lasiopodomys_gregalis,T>C,16.941374,154.6041666666667,0.0478814394705561,A>G
Cytb,Mammalia,Lasiopodomys_gregalis,T>G,1.99663,104.47916666666669,0.0083504072118422,A>C
CO1,Aves,Leiothlypis_ruficapilla,A>C,1.0,46.57692307692307,0.0313625564129157,T>G
CO1,Aves,Leiothlypis_ruficapilla,A>G,12.899282,77.07692307692307,0.2444687875982296,T>C
CO1,Aves,Leiothlypis_ruficapilla,A>T,,46.57692307692307,0.0,T>A
CO1,Aves,Leiothlypis_ruficapilla,C>A,,11.346153846153848,0.0,G>T
CO1,Aves,Leiothlypis_ruficapilla,C>G,,11.346153846153848,0.0,G>C
CO1,Aves,Leiothlypis_ruficapilla,C>T,5.984046,16.34615384615384,0.5347632966723683,G>A
CO1,Aves,Leiothlypis_ruficapilla,G>A,15.972131,255.7692307692308,0.0912214175761079,C>T
CO1,Aves,Leiothlypis_ruficapilla,G>C,,88.30769230769232,0.0,C>G
CO1,Aves,Leiothlypis_ruficapilla,G>T,0.99973,88.30769230769232,0.0165373698610499,C>A
CO1,Aves,Leiothlypis_ruficapilla,T>A,,149.53846153846155,0.0,A>T
CO1,Aves,Leiothlypis_ruficapilla,T>C,11.9976,214.6538461538462,0.0816465718793285,A>G
CO1,Aves,Leiothlypis_ruficapilla,T>G,,149.53846153846155,0.0,A>C
Cytb,Aves,Leiothlypis_ruficapilla,A>C,,27.25925925925926,0.0,T>G
Cytb,Aves,Leiothlypis_ruficapilla,A>G,7.764512,38.88888888888888,0.1762915245499726,T>C
Cytb,Aves,Leiothlypis_ruficapilla,A>T,,27.25925925925926,0.0,T>A
Cytb,Aves,Leiothlypis_ruficapilla,C>A,,4.3703703703703685,0.0,G>T
Cytb,Aves,Leiothlypis_ruficapilla,C>G,,4.3703703703703685,0.0,G>C
Cytb,Aves,Leiothlypis_ruficapilla,C>T,6.782964,8.296296296296294,0.7219016938827624,G>A
Cytb,Aves,Leiothlypis_ruficapilla,G>A,11.699626,215.14814814814807,0.0480150261324115,C>T
Cytb,Aves,Leiothlypis_ruficapilla,G>C,,75.55555555555554,0.0,C>G
Cytb,Aves,Leiothlypis_ruficapilla,G>T,1.0,75.55555555555554,0.0116862830136444,C>A
Cytb,Aves,Leiothlypis_ruficapilla,T>A,,100.4444444444445,0.0,A>T
Cytb,Aves,Leiothlypis_ruficapilla,T>C,6.660219,139.6666666666667,0.0421054724212088,A>G
Cytb,Aves,Leiothlypis_ruficapilla,T>G,,100.4444444444445,0.0,A>C
CO1,Actinopteri,Lentipes_armatus,A>C,0.99961,83.94736842105262,0.0390907632692601,T>G
CO1,Actinopteri,Lentipes_armatus,A>G,8.53467,158.89473684210526,0.1763306733876807,T>C
CO1,Actinopteri,Lentipes_armatus,A>T,,83.94736842105262,0.0,T>A
CO1,Actinopteri,Lentipes_armatus,C>A,,27.10526315789474,0.0,G>T
CO1,Actinopteri,Lentipes_armatus,C>G,,27.10526315789474,0.0,G>C
CO1,Actinopteri,Lentipes_armatus,C>T,4.9876,45.78947368421052,0.3575827905715534,G>A
CO1,Actinopteri,Lentipes_armatus,G>A,12.92215,179.36842105263162,0.2365045158089628,C>T
CO1,Actinopteri,Lentipes_armatus,G>C,,67.36842105263159,0.0,C>G
CO1,Actinopteri,Lentipes_armatus,G>T,,67.36842105263159,0.0,C>A
CO1,Actinopteri,Lentipes_armatus,T>A,0.56313,114.57894736842104,0.0161344617207833,A>T
CO1,Actinopteri,Lentipes_armatus,T>C,8.864023,166.89473684210526,0.1743567952417597,A>G
CO1,Actinopteri,Lentipes_armatus,T>G,,114.57894736842104,0.0,A>C
Cytb,Actinopteri,Lentipes_armatus,A>C,1.0,42.18181818181817,0.0289456311188415,T>G
Cytb,Actinopteri,Lentipes_armatus,A>G,9.909308,92.72727272727272,0.130480063471664,T>C
Cytb,Actinopteri,Lentipes_armatus,A>T,,42.18181818181817,0.0,T>A
Cytb,Actinopteri,Lentipes_armatus,C>A,,16.772727272727273,0.0,G>T
Cytb,Actinopteri,Lentipes_armatus,C>G,,16.772727272727273,0.0,G>C
Cytb,Actinopteri,Lentipes_armatus,C>T,10.603782,25.13636363636364,0.51507047840068,G>A
Cytb,Actinopteri,Lentipes_armatus,G>A,10.977044,170.09090909090912,0.0787975330888679,C>T
Cytb,Actinopteri,Lentipes_armatus,G>C,1.99566,66.18181818181819,0.036817659511213,C>G
Cytb,Actinopteri,Lentipes_armatus,G>T,1.9975,66.18181818181819,0.0368516054205867,C>A
Cytb,Actinopteri,Lentipes_armatus,T>A,,85.95454545454545,0.0,A>T
Cytb,Actinopteri,Lentipes_armatus,T>C,17.515287,123.59090909090912,0.1730370289881467,A>G
Cytb,Actinopteri,Lentipes_armatus,T>G,,85.95454545454545,0.0,A>C
CO1,Actinopteri,Lentipes_palawanirufus,A>C,0.99963,83.91666666666666,0.0391133219561646,T>G
CO1,Actinopteri,Lentipes_palawanirufus,A>G,6.446006000000001,158.41666666666663,0.1336052366547819,T>C
CO1,Actinopteri,Lentipes_palawanirufus,A>T,,83.91666666666666,0.0,T>A
CO1,Actinopteri,Lentipes_palawanirufus,C>A,,29.58333333333333,0.0,G>T
CO1,Actinopteri,Lentipes_palawanirufus,C>G,,29.58333333333333,0.0,G>C
CO1,Actinopteri,Lentipes_palawanirufus,C>T,4.989202,48.83333333333333,0.3354658868478484,G>A
CO1,Actinopteri,Lentipes_palawanirufus,G>A,8.070578,180.5,0.1468118390767388,C>T
CO1,Actinopteri,Lentipes_palawanirufus,G>C,1.0,68.08333333333334,0.0482272874376711,C>G
CO1,Actinopteri,Lentipes_palawanirufus,G>T,,68.08333333333334,0.0,C>A
CO1,Actinopteri,Lentipes_palawanirufus,T>A,,111.50000000000004,0.0,A>T
CO1,Actinopteri,Lentipes_palawanirufus,T>C,11.829715,163.25,0.2379330314466391,A>G
CO1,Actinopteri,Lentipes_palawanirufus,T>G,1.9982,111.50000000000004,0.058843396580156,A>C
Cytb,Actinopteri,Lentipes_palawanirufus,A>C,,41.64285714285714,0.0,T>G
Cytb,Actinopteri,Lentipes_palawanirufus,A>G,9.812061,92.14285714285714,0.1081757583832064,T>C
Cytb,Actinopteri,Lentipes_palawanirufus,A>T,0.99948,41.64285714285714,0.0243817555510562,T>A
Cytb,Actinopteri,Lentipes_palawanirufus,C>A,,18.142857142857142,0.0,G>T
Cytb,Actinopteri,Lentipes_palawanirufus,C>G,0.99905,18.142857142857142,0.0559387718265224,G>C
Cytb,Actinopteri,Lentipes_palawanirufus,C>T,13.825618,26.142857142857142,0.5372332541825013,G>A
Cytb,Actinopteri,Lentipes_palawanirufus,G>A,2.957662,171.14285714285714,0.0175558211262828,C>T
Cytb,Actinopteri,Lentipes_palawanirufus,G>C,0.99946,67.71428571428572,0.014993965239544,C>G
Cytb,Actinopteri,Lentipes_palawanirufus,G>T,0.974647,67.71428571428572,0.014621718967068,C>A
Cytb,Actinopteri,Lentipes_palawanirufus,T>A,2.99786,83.71428571428571,0.036378363244567,A>T
Cytb,Actinopteri,Lentipes_palawanirufus,T>C,18.502261,121.78571428571426,0.1543333698473118,A>G
Cytb,Actinopteri,Lentipes_palawanirufus,T>G,2.99859,83.71428571428571,0.0363872216319395,A>C
CO1,Mammalia,Lepus_europaeus,A>C,,92.42857142857146,0.0,T>G
CO1,Mammalia,Lepus_europaeus,A>G,13.095518,183.5357142857143,0.1462930062931203,T>C
CO1,Mammalia,Lepus_europaeus,A>T,0.999,92.42857142857146,0.0221605592790824,T>A
CO1,Mammalia,Lepus_europaeus,C>A,,16.571428571428577,0.0,G>T
CO1,Mammalia,Lepus_europaeus,C>G,,16.571428571428577,0.0,G>C
CO1,Mammalia,Lepus_europaeus,C>T,6.576261000000001,31.82142857142857,0.423721828478157,G>A
CO1,Mammalia,Lepus_europaeus,G>A,11.668702,147.78571428571428,0.1618868464022003,C>T
CO1,Mammalia,Lepus_europaeus,G>C,0.99911,52.75000000000002,0.0388340165181204,C>G
CO1,Mammalia,Lepus_europaeus,G>T,1.0,52.75000000000002,0.0388686095806471,C>A
CO1,Mammalia,Lepus_europaeus,T>A,2.97697,105.17857142857144,0.0580321498294373,A>T
CO1,Mammalia,Lepus_europaeus,T>C,9.93976,184.92857142857144,0.1102029836192348,A>G
CO1,Mammalia,Lepus_europaeus,T>G,,105.17857142857144,0.0,A>C
Cytb,Mammalia,Lepus_europaeus,A>C,,52.29166666666667,0.0,T>G
Cytb,Mammalia,Lepus_europaeus,A>G,24.882779,109.375,0.1500920727717588,T>C
Cytb,Mammalia,Lepus_europaeus,A>T,,52.29166666666667,0.0,T>A
Cytb,Mammalia,Lepus_europaeus,C>A,,6.395833333333333,0.0,G>T
Cytb,Mammalia,Lepus_europaeus,C>G,,6.395833333333333,0.0,G>C
Cytb,Mammalia,Lepus_europaeus,C>T,12.887041,13.062499999999998,0.6508843744651269,G>A
Cytb,Mammalia,Lepus_europaeus,G>A,32.521078,160.62499999999997,0.1335760913972131,C>T
Cytb,Mammalia,Lepus_europaeus,G>C,,58.87500000000001,0.0,C>G
Cytb,Mammalia,Lepus_europaeus,G>T,1.964732,58.87500000000001,0.0220165536286006,C>A
Cytb,Mammalia,Lepus_europaeus,T>A,1.99993,75.95833333333331,0.017370659491175,A>T
Cytb,Mammalia,Lepus_europaeus,T>C,4.963062,125.64583333333331,0.0260602482461253,A>G
Cytb,Mammalia,Lepus_europaeus,T>G,,75.95833333333331,0.0,A>C
CO1,Mammalia,Lutra_lutra,A>C,,43.49999999999999,0.0,T>G
CO1,Mammalia,Lutra_lutra,A>G,8.809748,129.05555555555557,0.2742788631356241,T>C
CO1,Mammalia,Lutra_lutra,A>T,0.51699,43.49999999999999,0.0477527564318693,T>A
CO1,Mammalia,Lutra_lutra,C>A,1.850013,41.38888888888889,0.1795959637937566,G>T
CO1,Mammalia,Lutra_lutra,C>G,,41.38888888888889,0.0,G>C
CO1,Mammalia,Lutra_lutra,C>T,3.97243,60.66666666666665,0.2630944455890054,G>A
CO1,Mammalia,Lutra_lutra,G>A,3.95484,182.66666666666669,0.0869911703869497,C>T
CO1,Mammalia,Lutra_lutra,G>C,,69.72222222222221,0.0,C>G
CO1,Mammalia,Lutra_lutra,G>T,,69.72222222222221,0.0,C>A
CO1,Mammalia,Lutra_lutra,T>A,,125.7222222222222,0.0,A>T
CO1,Mammalia,Lutra_lutra,T>C,6.923975,187.61111111111111,0.1482868006627947,A>G
CO1,Mammalia,Lutra_lutra,T>G,,125.7222222222222,0.0,A>C
Cytb,Mammalia,Lutra_lutra,A>C,,24.58620689655173,0.0,T>G
Cytb,Mammalia,Lutra_lutra,A>G,12.850976,64.34482758620688,0.3271163379440616,T>C
Cytb,Mammalia,Lutra_lutra,A>T,,24.58620689655173,0.0,T>A
Cytb,Mammalia,Lutra_lutra,C>A,,13.310344827586206,0.0,G>T
Cytb,Mammalia,Lutra_lutra,C>G,,13.310344827586206,0.0,G>C
Cytb,Mammalia,Lutra_lutra,C>T,4.9425170000000005,18.17241379310345,0.4454667762750089,G>A
Cytb,Mammalia,Lutra_lutra,G>A,7.85482,187.7931034482758,0.0685072229111563,C>T
Cytb,Mammalia,Lutra_lutra,G>C,,54.10344827586206,0.0,C>G
Cytb,Mammalia,Lutra_lutra,G>T,,54.10344827586206,0.0,C>A
Cytb,Mammalia,Lutra_lutra,T>A,,100.68965517241378,0.0,A>T
Cytb,Mammalia,Lutra_lutra,T>C,11.935708,154.6896551724138,0.1263766034222368,A>G
Cytb,Mammalia,Lutra_lutra,T>G,2.0,100.68965517241378,0.0325330594475362,A>C
CO1,Mammalia,Macaca_fascicularis,A>C,0.996401,58.57009345794398,0.0053784181812255,T>G
CO1,Mammalia,Macaca_fascicularis,A>G,75.377588,136.68224299065415,0.1743518130779439,T>C
CO1,Mammalia,Macaca_fascicularis,A>T,,58.57009345794398,0.0,T>A
CO1,Mammalia,Macaca_fascicularis,C>A,,21.084112149532707,0.0,G>T
CO1,Mammalia,Macaca_fascicularis,C>G,0.99999,21.084112149532707,0.0149946615654638,G>C
CO1,Mammalia,Macaca_fascicularis,C>T,66.999266,35.177570093457945,0.6021442401519996,G>A
CO1,Mammalia,Macaca_fascicularis,G>A,63.217456,222.6635514018692,0.0897602827479734,C>T
CO1,Mammalia,Macaca_fascicularis,G>C,0.990498,92.58878504672894,0.0033821397312693,C>G
CO1,Mammalia,Macaca_fascicularis,G>T,0.99986,92.58878504672894,0.0034141070771541,C>A
CO1,Mammalia,Macaca_fascicularis,T>A,0.31274,99.87850467289724,0.0009899373919546,A>T
CO1,Mammalia,Macaca_fascicularis,T>C,55.942569,169.10280373831768,0.1045894614005921,A>G
CO1,Mammalia,Macaca_fascicularis,T>G,0.31432,99.87850467289724,0.0009949386744234,A>C
Cytb,Mammalia,Macaca_fascicularis,A>C,0.96992,24.54807692307692,0.0075769735302071,T>G
Cytb,Mammalia,Macaca_fascicularis,A>G,81.812815,56.10576923076923,0.2796347538415216,T>C
Cytb,Mammalia,Macaca_fascicularis,A>T,2.0,24.54807692307692,0.0156239144057388,T>A
Cytb,Mammalia,Macaca_fascicularis,C>A,,9.836538461538456,0.0,G>T
Cytb,Mammalia,Macaca_fascicularis,C>G,,9.836538461538456,0.0,G>C
Cytb,Mammalia,Macaca_fascicularis,C>T,45.402611,15.23076923076924,0.5716580476893561,G>A
Cytb,Mammalia,Macaca_fascicularis,G>A,52.32792,203.66346153846163,0.0492717153524556,C>T
Cytb,Mammalia,Macaca_fascicularis,G>C,0.99991,75.04807692307693,0.0025550457124303,C>G
Cytb,Mammalia,Macaca_fascicularis,G>T,1.0,75.04807692307693,0.0025552756872422,C>A
Cytb,Mammalia,Macaca_fascicularis,T>A,,89.95192307692304,0.0,A>T
Cytb,Mammalia,Macaca_fascicularis,T>C,50.706675,140.94230769230762,0.0689923735417187,A>G
Cytb,Mammalia,Macaca_fascicularis,T>G,1.0,89.95192307692304,0.0021319002393293,A>C
CO1,Mammalia,Macaca_mulatta,A>C,,57.172413793103445,0.0,T>G
CO1,Mammalia,Macaca_mulatta,A>G,26.143746,133.4310344827586,0.2241421654035434,T>C
CO1,Mammalia,Macaca_mulatta,A>T,1.0,57.172413793103445,0.0200090317141306,T>A
CO1,Mammalia,Macaca_mulatta,C>A,,20.534482758620683,0.0,G>T
CO1,Mammalia,Macaca_mulatta,C>G,,20.534482758620683,0.0,G>C
CO1,Mammalia,Macaca_mulatta,C>T,14.644759,33.241379310344826,0.5039828916856164,G>A
CO1,Mammalia,Macaca_mulatta,G>A,26.155544,227.3793103448276,0.1315907654502774,C>T
CO1,Mammalia,Macaca_mulatta,G>C,,95.58620689655172,0.0,C>G
CO1,Mammalia,Macaca_mulatta,G>T,,95.58620689655172,0.0,C>A
CO1,Mammalia,Macaca_mulatta,T>A,,102.8793103448276,0.0,A>T
CO1,Mammalia,Macaca_mulatta,T>C,16.484796,172.75862068965515,0.1091582212155541,A>G
CO1,Mammalia,Macaca_mulatta,T>G,0.99977,102.8793103448276,0.011116924530878,A>C
Cytb,Mammalia,Macaca_mulatta,A>C,,23.43859649122808,0.0,T>G
Cytb,Mammalia,Macaca_mulatta,A>G,27.136296,53.57894736842101,0.3665821949883739,T>C
Cytb,Mammalia,Macaca_mulatta,A>T,,23.43859649122808,0.0,T>A
Cytb,Mammalia,Macaca_mulatta,C>A,,8.982456140350873,0.0,G>T
Cytb,Mammalia,Macaca_mulatta,C>G,,8.982456140350873,0.0,G>C
Cytb,Mammalia,Macaca_mulatta,C>T,9.9008,16.82456140350877,0.4259332192069322,G>A
Cytb,Mammalia,Macaca_mulatta,G>A,19.823042,205.78947368421035,0.0697207613911875,C>T
Cytb,Mammalia,Macaca_mulatta,G>C,,78.3333333333333,0.0,C>G
Cytb,Mammalia,Macaca_mulatta,G>T,1.0,78.3333333333333,0.0092399233593088,C>A
Cytb,Mammalia,Macaca_mulatta,T>A,0.99884,89.07017543859654,0.0081166831869739,A>T
Cytb,Mammalia,Macaca_mulatta,T>C,23.225583,139.6140350877193,0.1204072178672235,A>G
Cytb,Mammalia,Macaca_mulatta,T>G,,89.07017543859654,0.0,A>C
CO1,Mammalia,Mammuthus_primigenius,A>C,,88.66666666666663,0.0,T>G
CO1,Mammalia,Mammuthus_primigenius,A>G,19.867425,191.96969696969705,0.1777648851528904,T>C
CO1,Mammalia,Mammuthus_primigenius,A>T,,88.66666666666663,0.0,T>A
CO1,Mammalia,Mammuthus_primigenius,C>A,,14.151515151515152,0.0,G>T
CO1,Mammalia,Mammuthus_primigenius,C>G,,14.151515151515152,0.0,G>C
CO1,Mammalia,Mammuthus_primigenius,C>T,4.9945,28.287878787878785,0.3032694815181344,G>A
CO1,Mammalia,Mammuthus_primigenius,G>A,31.961892,143.92424242424252,0.3814482275832069,C>T
CO1,Mammalia,Mammuthus_primigenius,G>C,,51.90909090909094,0.0,C>G
CO1,Mammalia,Mammuthus_primigenius,G>T,0.94516,51.90909090909094,0.0312751199667086,C>A
CO1,Mammalia,Mammuthus_primigenius,T>A,0.99978,110.48484848484858,0.0155431412592117,A>T
CO1,Mammalia,Mammuthus_primigenius,T>C,9.739922,184.45454545454544,0.0906991445198478,A>G
CO1,Mammalia,Mammuthus_primigenius,T>G,,110.48484848484858,0.0,A>C
Cytb,Mammalia,Mammuthus_primigenius,A>C,,31.5918367346939,0.0,T>G
Cytb,Mammalia,Mammuthus_primigenius,A>G,23.728649,83.00000000000001,0.2212931196732242,T>C
Cytb,Mammalia,Mammuthus_primigenius,A>T,,31.5918367346939,0.0,T>A
Cytb,Mammalia,Mammuthus_primigenius,C>A,,6.938775510204085,0.0,G>T
Cytb,Mammalia,Mammuthus_primigenius,C>G,,6.938775510204085,0.0,G>C
Cytb,Mammalia,Mammuthus_primigenius,C>T,7.946853,11.285714285714286,0.545053483673839,G>A
Cytb,Mammalia,Mammuthus_primigenius,G>A,36.836979,165.09183673469394,0.1727155335922424,C>T
Cytb,Mammalia,Mammuthus_primigenius,G>C,,49.59183673469386,0.0,C>G
Cytb,Mammalia,Mammuthus_primigenius,G>T,1.0,49.59183673469386,0.0156085585525108,C>A
Cytb,Mammalia,Mammuthus_primigenius,T>A,,105.37755102040808,0.0,A>T
Cytb,Mammalia,Mammuthus_primigenius,T>C,8.969344,153.1632653061224,0.0453293045081835,A>G
Cytb,Mammalia,Mammuthus_primigenius,T>G,,105.37755102040808,0.0,A>C
CO1,Mammalia,Manis_javanica,A>C,,45.88235294117648,0.0,T>G
CO1,Mammalia,Manis_javanica,A>G,2.99549,99.0,0.1410999154910644,T>C
CO1,Mammalia,Manis_javanica,A>T,,45.88235294117648,0.0,T>A
CO1,Mammalia,Manis_javanica,C>A,,38.764705882352935,0.0,G>T
CO1,Mammalia,Manis_javanica,C>G,,38.764705882352935,0.0,G>C
CO1,Mammalia,Manis_javanica,C>T,6.030204,60.47058823529412,0.4650309790225421,G>A
CO1,Mammalia,Manis_javanica,G>A,4.899232,233.05882352941177,0.0980294418708223,C>T
CO1,Mammalia,Manis_javanica,G>C,,92.76470588235294,0.0,C>G
CO1,Mammalia,Manis_javanica,G>T,0.99946,92.76470588235294,0.0502431338151774,C>A
CO1,Mammalia,Manis_javanica,T>A,0.99971,104.05882352941175,0.0448011538068584,A>T
CO1,Mammalia,Manis_javanica,T>C,5.520192,164.6470588235294,0.1563487021124674,A>G
CO1,Mammalia,Manis_javanica,T>G,0.9918,104.05882352941175,0.0444466738810677,A>C
Cytb,Mammalia,Manis_javanica,A>C,,20.869565217391308,0.0,T>G
Cytb,Mammalia,Manis_javanica,A>G,3.99691,43.60869565217392,0.2116578593613766,T>C
Cytb,Mammalia,Manis_javanica,A>T,,20.869565217391308,0.0,T>A
Cytb,Mammalia,Manis_javanica,C>A,,10.260869565217392,0.0,G>T
Cytb,Mammalia,Manis_javanica,C>G,,10.260869565217392,0.0,G>C
Cytb,Mammalia,Manis_javanica,C>T,5.99935,21.65217391304348,0.6398612643605307,G>A
Cytb,Mammalia,Manis_javanica,G>A,3.97109,196.3913043478261,0.0466950239736288,C>T
Cytb,Mammalia,Manis_javanica,G>C,,53.4782608695652,0.0,C>G
Cytb,Mammalia,Manis_javanica,G>T,,53.4782608695652,0.0,C>A
Cytb,Mammalia,Manis_javanica,T>A,,118.4782608695652,0.0,A>T
Cytb,Mammalia,Manis_javanica,T>C,6.99662,158.73913043478265,0.1017858523044637,A>G
Cytb,Mammalia,Manis_javanica,T>G,,118.4782608695652,0.0,A>C
CO1,Mammalia,Martes_americana,A>C,,45.92857142857142,0.0,T>G
CO1,Mammalia,Martes_americana,A>G,4.94965,117.71428571428572,0.2013093013002913,T>C
CO1,Mammalia,Martes_americana,A>T,,45.92857142857142,0.0,T>A
CO1,Mammalia,Martes_americana,C>A,,31.57142857142856,0.0,G>T
CO1,Mammalia,Martes_americana,C>G,,31.57142857142856,0.0,G>C
CO1,Mammalia,Martes_americana,C>T,3.99942,56.71428571428569,0.3376160390265912,G>A
CO1,Mammalia,Martes_americana,G>A,8.940632,192.85714285714283,0.2219478866300526,C>T
CO1,Mammalia,Martes_americana,G>C,,66.42857142857146,0.0,C>G
CO1,Mammalia,Martes_americana,G>T,,66.42857142857146,0.0,C>A
CO1,Mammalia,Martes_americana,T>A,1.0,126.78571428571428,0.0377614099096641,A>T
CO1,Mammalia,Martes_americana,T>C,7.986838,189.8928571428572,0.2013653631334006,A>G
CO1,Mammalia,Martes_americana,T>G,,126.78571428571428,0.0,A>C
Cytb,Mammalia,Martes_americana,A>C,,26.73913043478262,0.0,T>G
Cytb,Mammalia,Martes_americana,A>G,13.93499,67.93478260869563,0.3920937328282114,T>C
Cytb,Mammalia,Martes_americana,A>T,,26.73913043478262,0.0,T>A
Cytb,Mammalia,Martes_americana,C>A,,15.086956521739127,0.0,G>T
Cytb,Mammalia,Martes_americana,C>G,,15.086956521739127,0.0,G>C
Cytb,Mammalia,Martes_americana,C>T,5.95229,25.52173913043477,0.4458094254446608,G>A
Cytb,Mammalia,Martes_americana,G>A,7.99999,190.97826086956508,0.0800720484884438,C>T
Cytb,Mammalia,Martes_americana,G>C,,59.76086956521738,0.0,C>G
Cytb,Mammalia,Martes_americana,G>T,,59.76086956521738,0.0,C>A
Cytb,Mammalia,Martes_americana,T>A,,91.91304347826087,0.0,A>T
Cytb,Mammalia,Martes_americana,T>C,5.789268,134.91304347826096,0.0820247932386839,A>G
Cytb,Mammalia,Martes_americana,T>G,,91.91304347826087,0.0,A>C
CO1,Mammalia,Martes_zibellina,A>C,,50.18604651162788,0.0,T>G
CO1,Mammalia,Martes_zibellina,A>G,6.99987,123.7441860465116,0.0938119363880363,T>C
CO1,Mammalia,Martes_zibellina,A>T,,50.18604651162788,0.0,T>A
CO1,Mammalia,Martes_zibellina,C>A,,31.46511627906977,0.0,G>T
CO1,Mammalia,Martes_zibellina,C>G,0.99924,31.46511627906977,0.0526663715859532,G>C
CO1,Mammalia,Martes_zibellina,C>T,14.93696,53.11627906976744,0.4663666681709959,G>A
CO1,Mammalia,Martes_zibellina,G>A,13.97434,189.0697674418605,0.1225750685583445,C>T
CO1,Mammalia,Martes_zibellina,G>C,,62.674418604651166,0.0,C>G
CO1,Mammalia,Martes_zibellina,G>T,,62.674418604651166,0.0,C>A
CO1,Mammalia,Martes_zibellina,T>A,1.9997,125.62790697674416,0.0263980381164032,A>T
CO1,Mammalia,Martes_zibellina,T>C,27.86902,194.0465116279069,0.2381819171802666,A>G
CO1,Mammalia,Martes_zibellina,T>G,,125.62790697674416,0.0,A>C
Cytb,Mammalia,Martes_zibellina,A>C,,23.655737704918028,0.0,T>G
Cytb,Mammalia,Martes_zibellina,A>G,18.99834,63.45901639344263,0.2559058628189375,T>C
Cytb,Mammalia,Martes_zibellina,A>T,,23.655737704918028,0.0,T>A
Cytb,Mammalia,Martes_zibellina,C>A,,18.90163934426229,0.0,G>T
Cytb,Mammalia,Martes_zibellina,C>G,,18.90163934426229,0.0,G>C
Cytb,Mammalia,Martes_zibellina,C>T,18.99902,29.34426229508196,0.5534341070041907,G>A
Cytb,Mammalia,Martes_zibellina,G>A,13.95917,193.8196721311476,0.0615629834104824,C>T
Cytb,Mammalia,Martes_zibellina,G>C,0.99981,61.62295081967213,0.013868608925339,C>G
Cytb,Mammalia,Martes_zibellina,G>T,1.0,61.62295081967213,0.0138712444617867,C>A
Cytb,Mammalia,Martes_zibellina,T>A,,87.8032786885246,0.0,A>T
Cytb,Mammalia,Martes_zibellina,T>C,15.860021,133.75409836065575,0.1013571933792635,A>G
Cytb,Mammalia,Martes_zibellina,T>G,,87.8032786885246,0.0,A>C
CO1,Actinopteri,Menidia_menidia,A>C,,66.54545454545456,0.0,T>G
CO1,Actinopteri,Menidia_menidia,A>G,22.99694,125.59090909090898,0.244202735874158,T>C
CO1,Actinopteri,Menidia_menidia,A>T,,66.54545454545456,0.0,T>A
CO1,Actinopteri,Menidia_menidia,C>A,,49.04545454545454,0.0,G>T
CO1,Actinopteri,Menidia_menidia,C>G,0.99982,49.04545454545454,0.0271870279215541,G>C
CO1,Actinopteri,Menidia_menidia,C>T,14.99108,75.13636363636363,0.26608563314322,G>A
CO1,Actinopteri,Menidia_menidia,G>A,26.984021,220.1969696969697,0.1634308371377205,C>T
CO1,Actinopteri,Menidia_menidia,G>C,2.0,95.21212121212112,0.0280140843499731,C>G
CO1,Actinopteri,Menidia_menidia,G>T,1.0,95.21212121212112,0.0140070421749865,C>A
CO1,Actinopteri,Menidia_menidia,T>A,1.99987,80.1515151515152,0.0332758153917462,A>T
CO1,Actinopteri,Menidia_menidia,T>C,20.99138,125.09090909090897,0.2237968240066414,A>G
CO1,Actinopteri,Menidia_menidia,T>G,,80.1515151515152,0.0,A>C
Cytb,Actinopteri,Menidia_menidia,A>C,1.0,58.88732394366199,0.0114285649989463,T>G
Cytb,Actinopteri,Menidia_menidia,A>G,25.99324,104.38028169014088,0.167592845073931,T>C
Cytb,Actinopteri,Menidia_menidia,A>T,2.0,58.88732394366199,0.0228571299978927,T>A
Cytb,Actinopteri,Menidia_menidia,C>A,,24.816901408450683,0.0,G>T
Cytb,Actinopteri,Menidia_menidia,C>G,6.0,24.816901408450683,0.1627111132596873,G>C
Cytb,Actinopteri,Menidia_menidia,C>T,21.946912,42.77464788732395,0.345303118485417,G>A
Cytb,Actinopteri,Menidia_menidia,G>A,9.0,170.60563380281693,0.0355028046186207,C>T
Cytb,Actinopteri,Menidia_menidia,G>C,1.0,77.19718309859152,0.0087179037147591,C>G
Cytb,Actinopteri,Menidia_menidia,G>T,2.99778,77.19718309859152,0.0261343573980306,C>A
Cytb,Actinopteri,Menidia_menidia,T>A,1.0,50.056338028168994,0.0134448031121538,A>T
Cytb,Actinopteri,Menidia_menidia,T>C,22.96212,80.12676056338034,0.1928625562284072,A>G
Cytb,Actinopteri,Menidia_menidia,T>G,1.0,50.056338028168994,0.0134448031121538,A>C
CO1,Mammalia,Mesoplodon_densirostris,A>C,,69.33333333333334,0.0,T>G
CO1,Mammalia,Mesoplodon_densirostris,A>G,8.438851,176.08333333333334,0.309737909737692,T>C
CO1,Mammalia,Mesoplodon_densirostris,A>T,,69.33333333333334,0.0,T>A
CO1,Mammalia,Mesoplodon_densirostris,C>A,,11.166666666666666,0.0,G>T
CO1,Mammalia,Mesoplodon_densirostris,C>G,,11.166666666666666,0.0,G>C
CO1,Mammalia,Mesoplodon_densirostris,C>T,,12.666666666666666,0.0,G>A
CO1,Mammalia,Mesoplodon_densirostris,G>A,11.529653,153.25,0.4862336924345518,C>T
CO1,Mammalia,Mesoplodon_densirostris,G>C,,58.16666666666668,0.0,C>G
CO1,Mammalia,Mesoplodon_densirostris,G>T,,58.16666666666668,0.0,C>A
CO1,Mammalia,Mesoplodon_densirostris,T>A,,135.25,0.0,A>T
CO1,Mammalia,Mesoplodon_densirostris,T>C,6.966234,220.66666666666663,0.2040283978277562,A>G
CO1,Mammalia,Mesoplodon_densirostris,T>G,,135.25,0.0,A>C
Cytb,Mammalia,Mesoplodon_densirostris,A>C,,35.53846153846154,0.0,T>G
Cytb,Mammalia,Mesoplodon_densirostris,A>G,5.588918,108.6153846153846,0.0747860984388086,T>C
Cytb,Mammalia,Mesoplodon_densirostris,A>T,,35.53846153846154,0.0,T>A
Cytb,Mammalia,Mesoplodon_densirostris,C>A,,4.461538461538461,0.0,G>T
Cytb,Mammalia,Mesoplodon_densirostris,C>G,0.57243,4.461538461538461,0.1864756924482307,G>C
Cytb,Mammalia,Mesoplodon_densirostris,C>T,3.91838,10.384615384615383,0.5484040057812962,G>A
Cytb,Mammalia,Mesoplodon_densirostris,G>A,10.148729,150.92307692307693,0.0977328331365645,C>T
Cytb,Mammalia,Mesoplodon_densirostris,G>C,,51.230769230769226,0.0,C>G
Cytb,Mammalia,Mesoplodon_densirostris,G>T,,51.230769230769226,0.0,C>A
Cytb,Mammalia,Mesoplodon_densirostris,T>A,,97.23076923076924,0.0,A>T
Cytb,Mammalia,Mesoplodon_densirostris,T>C,9.110863,152.0769230769231,0.0870724335837587,A>G
Cytb,Mammalia,Mesoplodon_densirostris,T>G,0.36988,97.23076923076924,0.0055289366113412,A>C
CO1,Mammalia,Mesoplodon_grayi,A>C,,73.63157894736841,0.0,T>G
CO1,Mammalia,Mesoplodon_grayi,A>G,17.940775,176.10526315789477,0.195655206539811,T>C
CO1,Mammalia,Mesoplodon_grayi,A>T,,73.63157894736841,0.0,T>A
CO1,Mammalia,Mesoplodon_grayi,C>A,,10.263157894736844,0.0,G>T
CO1,Mammalia,Mesoplodon_grayi,C>G,,10.263157894736844,0.0,G>C
CO1,Mammalia,Mesoplodon_grayi,C>T,3.99517,14.78947368421052,0.5188061197100825,G>A
CO1,Mammalia,Mesoplodon_grayi,G>A,12.975705,153.57894736842107,0.1622638671696684,C>T
CO1,Mammalia,Mesoplodon_grayi,G>C,,53.05263157894736,0.0,C>G
CO1,Mammalia,Mesoplodon_grayi,G>T,1.0,53.05263157894736,0.036200587119297,C>A
CO1,Mammalia,Mesoplodon_grayi,T>A,,132.21052631578948,0.0,A>T
CO1,Mammalia,Mesoplodon_grayi,T>C,9.99833,220.52631578947364,0.087074219461141,A>G
CO1,Mammalia,Mesoplodon_grayi,T>G,,132.21052631578948,0.0,A>C
Cytb,Mammalia,Mesoplodon_grayi,A>C,,32.45454545454545,0.0,T>G
Cytb,Mammalia,Mesoplodon_grayi,A>G,16.69106,97.13636363636364,0.2184746527637506,T>C
Cytb,Mammalia,Mesoplodon_grayi,A>T,,32.45454545454545,0.0,T>A
Cytb,Mammalia,Mesoplodon_grayi,C>A,,5.59090909090909,0.0,G>T
Cytb,Mammalia,Mesoplodon_grayi,C>G,,5.59090909090909,0.0,G>C
Cytb,Mammalia,Mesoplodon_grayi,C>T,4.983932,11.045454545454543,0.573703495857472,G>A
Cytb,Mammalia,Mesoplodon_grayi,G>A,24.721104,163.9090909090909,0.1917625520785821,C>T
Cytb,Mammalia,Mesoplodon_grayi,G>C,,55.90909090909091,0.0,C>G
Cytb,Mammalia,Mesoplodon_grayi,G>T,,55.90909090909091,0.0,C>A
Cytb,Mammalia,Mesoplodon_grayi,T>A,,95.40909090909088,0.0,A>T
Cytb,Mammalia,Mesoplodon_grayi,T>C,1.918719,151.90909090909088,0.0160592993001952,A>G
Cytb,Mammalia,Mesoplodon_grayi,T>G,,95.40909090909088,0.0,A>C
CO1,Mammalia,Microtus_richardsoni,A>C,,59.26315789473685,0.0,T>G
CO1,Mammalia,Microtus_richardsoni,A>G,13.854521,136.68421052631578,0.1669983490131392,T>C
CO1,Mammalia,Microtus_richardsoni,A>T,2.99931,59.26315789473685,0.0833826276439353,T>A
CO1,Mammalia,Microtus_richardsoni,C>A,,17.57894736842105,0.0,G>T
CO1,Mammalia,Microtus_richardsoni,C>G,0.99993,17.57894736842105,0.0937164315341034,G>C
CO1,Mammalia,Microtus_richardsoni,C>T,8.53137,30.78947368421052,0.4565154954590971,G>A
CO1,Mammalia,Microtus_richardsoni,G>A,15.511973,181.2105263157896,0.1410336122235679,C>T
CO1,Mammalia,Microtus_richardsoni,G>C,,67.26315789473684,0.0,C>G
CO1,Mammalia,Microtus_richardsoni,G>T,,67.26315789473684,0.0,C>A
CO1,Mammalia,Microtus_richardsoni,T>A,,129.1578947368421,0.0,A>T
CO1,Mammalia,Microtus_richardsoni,T>C,7.143313,201.68421052631567,0.0583534841261568,A>G
CO1,Mammalia,Microtus_richardsoni,T>G,,129.1578947368421,0.0,A>C
Cytb,Mammalia,Microtus_richardsoni,A>C,,19.250000000000004,0.0,T>G
Cytb,Mammalia,Microtus_richardsoni,A>G,14.487337,70.64999999999999,0.178525800139653,T>C
Cytb,Mammalia,Microtus_richardsoni,A>T,,19.250000000000004,0.0,T>A
Cytb,Mammalia,Microtus_richardsoni,C>A,,5.4,0.0,G>T
Cytb,Mammalia,Microtus_richardsoni,C>G,,5.4,0.0,G>C
Cytb,Mammalia,Microtus_richardsoni,C>T,8.841274,12.1,0.6361420021817736,G>A
Cytb,Mammalia,Microtus_richardsoni,G>A,19.788687,170.6,0.1009863194518445,C>T
Cytb,Mammalia,Microtus_richardsoni,G>C,,53.00000000000001,0.0,C>G
Cytb,Mammalia,Microtus_richardsoni,G>T,,53.00000000000001,0.0,C>A
Cytb,Mammalia,Microtus_richardsoni,T>A,1.99758,107.40000000000002,0.0161928946929198,A>T
Cytb,Mammalia,Microtus_richardsoni,T>C,12.482018,159.45,0.068152983533809,A>G
Cytb,Mammalia,Microtus_richardsoni,T>G,,107.40000000000002,0.0,A>C
CO1,Actinopteri,Misgurnus_anguillicaudatus,A>C,,83.23076923076921,0.0,T>G
CO1,Actinopteri,Misgurnus_anguillicaudatus,A>G,8.972911,178.00000000000003,0.1020070914858049,T>C
CO1,Actinopteri,Misgurnus_anguillicaudatus,A>T,0.99858,83.23076923076921,0.0242781707801234,T>A
CO1,Actinopteri,Misgurnus_anguillicaudatus,C>A,,24.38461538461538,0.0,G>T
CO1,Actinopteri,Misgurnus_anguillicaudatus,C>G,,24.38461538461538,0.0,G>C
CO1,Actinopteri,Misgurnus_anguillicaudatus,C>T,9.988817,44.30769230769231,0.4561964827360871,G>A
CO1,Actinopteri,Misgurnus_anguillicaudatus,G>A,19.547735,160.4230769230769,0.246573618156844,C>T
CO1,Actinopteri,Misgurnus_anguillicaudatus,G>C,,71.46153846153848,0.0,C>G
CO1,Actinopteri,Misgurnus_anguillicaudatus,G>T,,71.46153846153848,0.0,C>A
CO1,Actinopteri,Misgurnus_anguillicaudatus,T>A,,101.19230769230768,0.0,A>T
CO1,Actinopteri,Misgurnus_anguillicaudatus,T>C,14.003687,165.76923076923077,0.1709446368411404,A>G
CO1,Actinopteri,Misgurnus_anguillicaudatus,T>G,,101.19230769230768,0.0,A>C
Cytb,Actinopteri,Misgurnus_anguillicaudatus,A>C,,39.06293706293711,0.0,T>G
Cytb,Actinopteri,Misgurnus_anguillicaudatus,A>G,86.649242,118.80419580419576,0.1995419196985598,T>C
Cytb,Actinopteri,Misgurnus_anguillicaudatus,A>T,6.784293,39.06293706293711,0.047516107815685,T>A
Cytb,Actinopteri,Misgurnus_anguillicaudatus,C>A,,15.02797202797204,0.0,G>T
Cytb,Actinopteri,Misgurnus_anguillicaudatus,C>G,0.99609,15.02797202797204,0.0181342399987949,G>C
Cytb,Actinopteri,Misgurnus_anguillicaudatus,C>T,40.657351,25.384615384615387,0.4381972508237592,G>A
Cytb,Actinopteri,Misgurnus_anguillicaudatus,G>A,61.813611,133.18881118881112,0.1269747976077148,C>T
Cytb,Actinopteri,Misgurnus_anguillicaudatus,G>C,2.0,50.517482517482506,0.0108315211695365,C>G
Cytb,Actinopteri,Misgurnus_anguillicaudatus,G>T,2.99799,50.517482517482506,0.0162363960755294,C>A
Cytb,Actinopteri,Misgurnus_anguillicaudatus,T>A,7.989002,94.9020979020979,0.023031269321548,A>T
Cytb,Actinopteri,Misgurnus_anguillicaudatus,T>C,57.662941,142.26573426573435,0.1108913412551574,A>G
Cytb,Actinopteri,Misgurnus_anguillicaudatus,T>G,2.9988,94.9020979020979,0.0086451562337145,A>C
CO1,Mammalia,Muntiacus_muntjak,A>C,,67.91666666666667,0.0,T>G
CO1,Mammalia,Muntiacus_muntjak,A>G,6.1850760000000005,169.66666666666669,0.1201289242938147,T>C
CO1,Mammalia,Muntiacus_muntjak,A>T,,67.91666666666667,0.0,T>A
CO1,Mammalia,Muntiacus_muntjak,C>A,,14.08333333333333,0.0,G>T
CO1,Mammalia,Muntiacus_muntjak,C>G,,14.08333333333333,0.0,G>C
CO1,Mammalia,Muntiacus_muntjak,C>T,4.883108,27.75,0.5798723723704599,G>A
CO1,Mammalia,Muntiacus_muntjak,G>A,9.886851,153.91666666666666,0.2116759000574863,C>T
CO1,Mammalia,Muntiacus_muntjak,G>C,,55.583333333333336,0.0,C>G
CO1,Mammalia,Muntiacus_muntjak,G>T,,55.583333333333336,0.0,C>A
CO1,Mammalia,Muntiacus_muntjak,T>A,0.99994,131.91666666666666,0.0249789022257041,A>T
CO1,Mammalia,Muntiacus_muntjak,T>C,3.974214,206.75,0.0633439010525349,A>G
CO1,Mammalia,Muntiacus_muntjak,T>G,,131.91666666666666,0.0,A>C
Cytb,Mammalia,Muntiacus_muntjak,A>C,,23.30769230769232,0.0,T>G
Cytb,Mammalia,Muntiacus_muntjak,A>G,6.22559,93.3846153846154,0.1727841989651058,T>C
Cytb,Mammalia,Muntiacus_muntjak,A>T,,23.30769230769232,0.0,T>A
Cytb,Mammalia,Muntiacus_muntjak,C>A,,5.384615384615384,0.0,G>T
Cytb,Mammalia,Muntiacus_muntjak,C>G,,5.384615384615384,0.0,G>C
Cytb,Mammalia,Muntiacus_muntjak,C>T,1.930417,10.769230769230768,0.4645851165300203,G>A
Cytb,Mammalia,Muntiacus_muntjak,G>A,9.583599,148.6153846153846,0.1671335763052406,C>T
Cytb,Mammalia,Muntiacus_muntjak,G>C,,48.538461538461526,0.0,C>G
Cytb,Mammalia,Muntiacus_muntjak,G>T,,48.538461538461526,0.0,C>A
Cytb,Mammalia,Muntiacus_muntjak,T>A,0.997061,116.23076923076924,0.0222330712436929,A>T
Cytb,Mammalia,Muntiacus_muntjak,T>C,10.768195,161.07692307692307,0.1732640369559402,A>G
Cytb,Mammalia,Muntiacus_muntjak,T>G,,116.23076923076924,0.0,A>C
CO1,Mammalia,Mus_musculus,A>C,,56.93805309734519,0.0,T>G
CO1,Mammalia,Mus_musculus,A>G,51.192827,152.8938053097344,0.1746417849168819,T>C
CO1,Mammalia,Mus_musculus,A>T,1.0,56.93805309734519,0.0091606507298627,T>A
CO1,Mammalia,Mus_musculus,C>A,,8.168141592920357,0.0,G>T
CO1,Mammalia,Mus_musculus,C>G,2.0,8.168141592920357,0.1277131674884875,G>C
CO1,Mammalia,Mus_musculus,C>T,13.148301,17.247787610619486,0.397617215977755,G>A
CO1,Mammalia,Mus_musculus,G>A,44.199548,152.9999999999999,0.1506799041974148,C>T
CO1,Mammalia,Mus_musculus,G>C,,56.11504424778757,0.0,C>G
CO1,Mammalia,Mus_musculus,G>T,3.0,56.11504424778757,0.0278850150430233,C>A
CO1,Mammalia,Mus_musculus,T>A,6.974179,153.81415929203527,0.02364970412911,A>T
CO1,Mammalia,Mus_musculus,T>C,34.534907,229.5221238938056,0.0784806650991822,A>G
CO1,Mammalia,Mus_musculus,T>G,2.99964,153.81415929203527,0.0101718924182822,A>C
Cytb,Mammalia,Mus_musculus,A>C,1.0,20.82121212121216,0.0075832841743575,T>G
Cytb,Mammalia,Mus_musculus,A>G,116.932913,88.5545454545454,0.2084919303182346,T>C
Cytb,Mammalia,Mus_musculus,A>T,1.0,20.82121212121216,0.0075832841743575,T>A
Cytb,Mammalia,Mus_musculus,C>A,,6.242424242424264,0.0,G>T
Cytb,Mammalia,Mus_musculus,C>G,1.0,6.242424242424264,0.0252935658068013,G>C
Cytb,Mammalia,Mus_musculus,C>T,38.122861,11.057575757575766,0.544363379693316,G>A
Cytb,Mammalia,Mus_musculus,G>A,76.591367,151.7303030303029,0.0797022965345531,C>T
Cytb,Mammalia,Mus_musculus,G>C,1.0,45.54848484848486,0.0034664856338241,C>G
Cytb,Mammalia,Mus_musculus,G>T,10.99675,45.54848484848486,0.0381200758937558,C>A
Cytb,Mammalia,Mus_musculus,T>A,15.99895,105.44848484848478,0.0239560095123092,A>T
Cytb,Mammalia,Mus_musculus,T>C,62.138977,167.87272727272685,0.0584449905424141,A>G
Cytb,Mammalia,Mus_musculus,T>G,2.0,105.44848484848478,0.0029946977160762,A>C
CO1,Mammalia,Mustela_sibirica,A>C,,67.5,0.0,T>G
CO1,Mammalia,Mustela_sibirica,A>G,8.540977,155.29999999999998,0.2828609897380379,T>C
CO1,Mammalia,Mustela_sibirica,A>T,,67.5,0.0,T>A
CO1,Mammalia,Mustela_sibirica,C>A,,35.300000000000004,0.0,G>T
CO1,Mammalia,Mustela_sibirica,C>G,,35.300000000000004,0.0,G>C
CO1,Mammalia,Mustela_sibirica,C>T,2.902112,54.2,0.275392331252906,G>A
CO1,Mammalia,Mustela_sibirica,G>A,5.633224,161.7,0.1791777014485818,C>T
CO1,Mammalia,Mustela_sibirica,G>C,1.0,49.29999999999999,0.1043253957248653,C>G
CO1,Mammalia,Mustela_sibirica,G>T,,49.29999999999999,0.0,C>A
CO1,Mammalia,Mustela_sibirica,T>A,1.0,122.4,0.0420199510558485,A>T
CO1,Mammalia,Mustela_sibirica,T>C,4.243782,187.8,0.1162236307797603,A>G
CO1,Mammalia,Mustela_sibirica,T>G,,122.4,0.0,A>C
Cytb,Mammalia,Mustela_sibirica,A>C,,30.833333333333336,0.0,T>G
Cytb,Mammalia,Mustela_sibirica,A>G,15.442189,81.30000000000003,0.1832507991505121,T>C
Cytb,Mammalia,Mustela_sibirica,A>T,1.881547,30.833333333333336,0.0588738114292921,T>A
Cytb,Mammalia,Mustela_sibirica,C>A,,6.100000000000001,0.0,G>T
Cytb,Mammalia,Mustela_sibirica,C>G,,6.100000000000001,0.0,G>C
Cytb,Mammalia,Mustela_sibirica,C>T,8.76566,14.633333333333333,0.5779215846359639,G>A
Cytb,Mammalia,Mustela_sibirica,G>A,14.000155,184.4999999999999,0.0732089255032896,C>T
Cytb,Mammalia,Mustela_sibirica,G>C,1.0,56.466666666666654,0.0170858035267868,C>G
Cytb,Mammalia,Mustela_sibirica,G>T,0.99967,56.466666666666654,0.0170801652116229,C>A
Cytb,Mammalia,Mustela_sibirica,T>A,1.0,87.43333333333331,0.0110344457393735,A>T
Cytb,Mammalia,Mustela_sibirica,T>C,8.94354,140.20000000000002,0.0615444648031588,A>G
Cytb,Mammalia,Mustela_sibirica,T>G,,87.43333333333331,0.0,A>C
CO1,Mammalia,Myodes_glareolus,A>C,,46.59139784946235,0.0,T>G
CO1,Mammalia,Myodes_glareolus,A>G,81.777813,112.09677419354836,0.2163351744845829,T>C
CO1,Mammalia,Myodes_glareolus,A>T,2.99647,46.59139784946235,0.0190716801622873,T>A
CO1,Mammalia,Myodes_glareolus,C>A,1.0,13.78494623655914,0.0215119452915053,G>T
CO1,Mammalia,Myodes_glareolus,C>G,1.787627,13.78494623655914,0.0384553342256179,G>C
CO1,Mammalia,Myodes_glareolus,C>T,34.881685,19.053763440860227,0.5428770073504862,G>A
CO1,Mammalia,Myodes_glareolus,G>A,42.624244,201.8172043010753,0.0626301230345438,C>T
CO1,Mammalia,Myodes_glareolus,G>C,1.0,77.06451612903223,0.0038479578434086,C>G
CO1,Mammalia,Myodes_glareolus,G>T,4.995542,77.06451612903223,0.0192226350209774,C>A
CO1,Mammalia,Myodes_glareolus,T>A,3.99972,140.48387096774195,0.0084428269060051,A>T
CO1,Mammalia,Myodes_glareolus,T>C,46.20583,216.1720430107528,0.0633843455070246,A>G
CO1,Mammalia,Myodes_glareolus,T>G,1.99965,140.48387096774195,0.0042209701735604,A>C
Cytb,Mammalia,Myodes_glareolus,A>C,,27.20883534136545,0.0,T>G
Cytb,Mammalia,Myodes_glareolus,A>G,168.750315,72.9277108433734,0.2543939791645923,T>C
Cytb,Mammalia,Myodes_glareolus,A>T,2.846322,27.20883534136545,0.0115008223475239,T>A
Cytb,Mammalia,Myodes_glareolus,C>A,2.0,6.630522088353436,0.0331617230017207,G>T
Cytb,Mammalia,Myodes_glareolus,C>G,,6.630522088353436,0.0,G>C
Cytb,Mammalia,Myodes_glareolus,C>T,50.608023,9.763052208835347,0.5698867741433713,G>A
Cytb,Mammalia,Myodes_glareolus,G>A,86.033141,175.07630522088408,0.0540248069921007,C>T
Cytb,Mammalia,Myodes_glareolus,G>C,,55.63855421686755,0.0,C>G
Cytb,Mammalia,Myodes_glareolus,G>T,13.81049,55.63855421686755,0.027289028153445,C>A
Cytb,Mammalia,Myodes_glareolus,T>A,10.9859,97.81927710843377,0.0123471297033362,A>T
Cytb,Mammalia,Myodes_glareolus,T>C,50.326566,152.53815261044127,0.0362721779240039,A>G
Cytb,Mammalia,Myodes_glareolus,T>G,0.99969,97.81927710843377,0.0011235585699058,A>C
CO1,Mammalia,Myodes_rufocanus,A>C,,48.88000000000001,0.0,T>G
CO1,Mammalia,Myodes_rufocanus,A>G,14.711696,128.20000000000002,0.1235990245619534,T>C
CO1,Mammalia,Myodes_rufocanus,A>T,,48.88000000000001,0.0,T>A
CO1,Mammalia,Myodes_rufocanus,C>A,,17.760000000000005,0.0,G>T
CO1,Mammalia,Myodes_rufocanus,C>G,,17.760000000000005,0.0,G>C
CO1,Mammalia,Myodes_rufocanus,C>T,16.560843,28.0,0.6370371137280662,G>A
CO1,Mammalia,Myodes_rufocanus,G>A,22.330385,187.32,0.1283962643093066,C>T
CO1,Mammalia,Myodes_rufocanus,G>C,0.9997,76.48,0.0140786865298861,C>G
CO1,Mammalia,Myodes_rufocanus,G>T,0.99997,76.48,0.014082488915965,C>A
CO1,Mammalia,Myodes_rufocanus,T>A,,127.31999999999996,0.0,A>T
CO1,Mammalia,Myodes_rufocanus,T>C,15.800753,205.52000000000004,0.0828064219548225,A>G
CO1,Mammalia,Myodes_rufocanus,T>G,,127.31999999999996,0.0,A>C
Cytb,Mammalia,Myodes_rufocanus,A>C,,27.25000000000002,0.0,T>G
Cytb,Mammalia,Myodes_rufocanus,A>G,31.93701,74.86538461538463,0.3039279471857308,T>C
Cytb,Mammalia,Myodes_rufocanus,A>T,,27.25000000000002,0.0,T>A
Cytb,Mammalia,Myodes_rufocanus,C>A,,3.903846153846154,0.0,G>T
Cytb,Mammalia,Myodes_rufocanus,C>G,,3.903846153846154,0.0,G>C
Cytb,Mammalia,Myodes_rufocanus,C>T,5.99643,8.923076923076927,0.4787795297947855,G>A
Cytb,Mammalia,Myodes_rufocanus,G>A,13.96477,174.1346153846154,0.0571355113780577,C>T
Cytb,Mammalia,Myodes_rufocanus,G>C,1.99987,58.49999999999998,0.0243558528801913,C>G
Cytb,Mammalia,Myodes_rufocanus,G>T,,58.49999999999998,0.0,C>A
Cytb,Mammalia,Myodes_rufocanus,T>A,2.0,98.36538461538464,0.0144858886915707,A>T
Cytb,Mammalia,Myodes_rufocanus,T>C,22.800358,152.05769230769238,0.1068293813780931,A>G
Cytb,Mammalia,Myodes_rufocanus,T>G,2.0,98.36538461538464,0.0144858886915707,A>C
CO1,Mammalia,Myodes_rutilus,A>C,,50.9,0.0,T>G
CO1,Mammalia,Myodes_rutilus,A>G,11.719574,114.9,0.2703300339302422,T>C
CO1,Mammalia,Myodes_rutilus,A>T,,50.9,0.0,T>A
CO1,Mammalia,Myodes_rutilus,C>A,,18.8,0.0,G>T
CO1,Mammalia,Myodes_rutilus,C>G,,18.8,0.0,G>C
CO1,Mammalia,Myodes_rutilus,C>T,4.818545,23.5,0.5434386952873793,G>A
CO1,Mammalia,Myodes_rutilus,G>A,3.94069,204.1,0.0511719266976161,C>T
CO1,Mammalia,Myodes_rutilus,G>C,,75.1,0.0,C>G
CO1,Mammalia,Myodes_rutilus,G>T,,75.1,0.0,C>A
CO1,Mammalia,Myodes_rutilus,T>A,,132.3,0.0,A>T
CO1,Mammalia,Myodes_rutilus,T>C,10.670845,209.4,0.1350593440847623,A>G
CO1,Mammalia,Myodes_rutilus,T>G,,132.3,0.0,A>C
Cytb,Mammalia,Myodes_rutilus,A>C,,24.30303030303029,0.0,T>G
Cytb,Mammalia,Myodes_rutilus,A>G,108.868946,70.54040404040417,0.2251873818881549,T>C
Cytb,Mammalia,Myodes_rutilus,A>T,2.0,24.30303030303029,0.0120073603252863,T>A
Cytb,Mammalia,Myodes_rutilus,C>A,,6.348484848484849,0.0,G>T
Cytb,Mammalia,Myodes_rutilus,C>G,0.99933,6.348484848484849,0.0229676633553279,G>C
Cytb,Mammalia,Myodes_rutilus,C>T,55.982311,14.343434343434364,0.569476292509256,G>A
Cytb,Mammalia,Myodes_rutilus,G>A,82.822564,179.5252525252526,0.06731333392908,C>T
Cytb,Mammalia,Myodes_rutilus,G>C,4.9974810000000005,58.45959595959613,0.0124730688152369,C>G
Cytb,Mammalia,Myodes_rutilus,G>T,8.957618,58.45959595959613,0.0223570606340684,C>A
Cytb,Mammalia,Myodes_rutilus,T>A,7.99908,98.57575757575756,0.0118398961476013,A>T
Cytb,Mammalia,Myodes_rutilus,T>C,52.696659,148.04040404040407,0.0519374706863908,A>G
Cytb,Mammalia,Myodes_rutilus,T>G,3.0,98.57575757575756,0.0044404717095971,A>C
CO1,Mammalia,Ochotona_cansus,A>C,,66.94117647058823,0.0,T>G
CO1,Mammalia,Ochotona_cansus,A>G,14.403484,128.58823529411765,0.1843543347028767,T>C
CO1,Mammalia,Ochotona_cansus,A>T,,66.94117647058823,0.0,T>A
CO1,Mammalia,Ochotona_cansus,C>A,,12.529411764705884,0.0,G>T
CO1,Mammalia,Ochotona_cansus,C>G,,12.529411764705884,0.0,G>C
CO1,Mammalia,Ochotona_cansus,C>T,7.761219,23.94117647058824,0.5335455298304612,G>A
CO1,Mammalia,Ochotona_cansus,G>A,16.117493,214.0,0.1239569130270049,C>T
CO1,Mammalia,Ochotona_cansus,G>C,,86.82352941176472,0.0,C>G
CO1,Mammalia,Ochotona_cansus,G>T,1.988063,86.82352941176472,0.0376859738018769,C>A
CO1,Mammalia,Ochotona_cansus,T>A,3.975212,114.23529411764704,0.057272616701979,A>T
CO1,Mammalia,Ochotona_cansus,T>C,6.948691,181.0,0.063184631935801,A>G
CO1,Mammalia,Ochotona_cansus,T>G,,114.23529411764704,0.0,A>C
Cytb,Mammalia,Ochotona_cansus,A>C,1.0,22.753623188405804,0.0114603875502831,T>G
Cytb,Mammalia,Ochotona_cansus,A>G,56.08378,60.34782608695655,0.2423402283653135,T>C
Cytb,Mammalia,Ochotona_cansus,A>T,2.996532,22.753623188405804,0.034341418026825,T>A
Cytb,Mammalia,Ochotona_cansus,C>A,,3.869565217391304,0.0,G>T
Cytb,Mammalia,Ochotona_cansus,C>G,,3.869565217391304,0.0,G>C
Cytb,Mammalia,Ochotona_cansus,C>T,20.229045,8.782608695652169,0.6006226598865098,G>A
Cytb,Mammalia,Ochotona_cansus,G>A,40.906287,214.01449275362305,0.0498421471221698,C>T
Cytb,Mammalia,Ochotona_cansus,G>C,,91.43478260869564,0.0,C>G
Cytb,Mammalia,Ochotona_cansus,G>T,1.0,91.43478260869564,0.0028519271602384,C>A
Cytb,Mammalia,Ochotona_cansus,T>A,3.9976,82.46376811594206,0.0126411337566763,A>T
Cytb,Mammalia,Ochotona_cansus,T>C,20.465393,124.86956521739118,0.042737917384366,A>G
Cytb,Mammalia,Ochotona_cansus,T>G,1.0,82.46376811594206,0.0031621807476176,A>C
CO1,Mammalia,Ochotona_curzoniae,A>C,,62.8421052631579,0.0,T>G
CO1,Mammalia,Ochotona_curzoniae,A>G,11.472118,128.73684210526315,0.2922184925381391,T>C
CO1,Mammalia,Ochotona_curzoniae,A>T,,62.8421052631579,0.0,T>A
CO1,Mammalia,Ochotona_curzoniae,C>A,,11.052631578947368,0.0,G>T
CO1,Mammalia,Ochotona_curzoniae,C>G,,11.052631578947368,0.0,G>C
CO1,Mammalia,Ochotona_curzoniae,C>T,2.799631,22.94736842105264,0.4000689513146718,G>A
CO1,Mammalia,Ochotona_curzoniae,G>A,11.535974,212.7368421052632,0.1778191388509865,C>T
CO1,Mammalia,Ochotona_curzoniae,G>C,,92.10526315789474,0.0,C>G
CO1,Mammalia,Ochotona_curzoniae,G>T,,92.10526315789474,0.0,C>A
CO1,Mammalia,Ochotona_curzoniae,T>A,1.95371,113.21052631578948,0.0565900701591484,A>T
CO1,Mammalia,Ochotona_curzoniae,T>C,4.043736,180.8947368421052,0.073303347137054,A>G
CO1,Mammalia,Ochotona_curzoniae,T>G,,113.21052631578948,0.0,A>C
Cytb,Mammalia,Ochotona_curzoniae,A>C,0.99941,29.085836909871293,0.0052737202816312,T>G
Cytb,Mammalia,Ochotona_curzoniae,A>G,100.716432,61.85407725321888,0.2499119162670775,T>C
Cytb,Mammalia,Ochotona_curzoniae,A>T,3.946464,29.085836909871293,0.0208248338895225,T>A
Cytb,Mammalia,Ochotona_curzoniae,C>A,1.0,6.167381974248943,0.0248859439098401,G>T
Cytb,Mammalia,Ochotona_curzoniae,C>G,4.0,6.167381974248943,0.0995437756393604,G>C
Cytb,Mammalia,Ochotona_curzoniae,C>T,30.825755,10.618025751072976,0.4455792038150679,G>A
Cytb,Mammalia,Ochotona_curzoniae,G>A,76.370808,213.38626609442068,0.0549307952446513,C>T
Cytb,Mammalia,Ochotona_curzoniae,G>C,1.99454,90.14163090128748,0.0033960361464193,C>G
Cytb,Mammalia,Ochotona_curzoniae,G>T,4.0,90.14163090128748,0.0068106654094063,C>A
Cytb,Mammalia,Ochotona_curzoniae,T>A,9.99629,77.40343347639474,0.0198213662488614,A>T
Cytb,Mammalia,Ochotona_curzoniae,T>C,52.643389,120.52360515021456,0.0670388708776632,A>G
Cytb,Mammalia,Ochotona_curzoniae,T>G,1.0,77.40343347639474,0.0019828722704984,A>C
CO1,Mammalia,Ochotona_hyperborea,A>C,0.99307,69.92857142857143,0.0369809084426572,T>G
CO1,Mammalia,Ochotona_hyperborea,A>G,7.022844,131.71428571428572,0.1388457240786417,T>C
CO1,Mammalia,Ochotona_hyperborea,A>T,0.99886,69.92857142857143,0.0371965221052217,T>A
CO1,Mammalia,Ochotona_hyperborea,C>A,,15.64285714285714,0.0,G>T
CO1,Mammalia,Ochotona_hyperborea,C>G,,15.64285714285714,0.0,G>C
CO1,Mammalia,Ochotona_hyperborea,C>T,3.346527,29.28571428571429,0.2975711898272956,G>A
CO1,Mammalia,Ochotona_hyperborea,G>A,14.158196,214.5,0.1718830268450414,C>T
CO1,Mammalia,Ochotona_hyperborea,G>C,,85.28571428571428,0.0,C>G
CO1,Mammalia,Ochotona_hyperborea,G>T,2.462988,85.28571428571428,0.075203555543748,C>A
CO1,Mammalia,Ochotona_hyperborea,T>A,0.9985,109.14285714285714,0.0238234755476613,A>T
CO1,Mammalia,Ochotona_hyperborea,T>C,13.038496,174.42857142857147,0.1946535118358049,A>G
CO1,Mammalia,Ochotona_hyperborea,T>G,0.99928,109.14285714285714,0.0238420857739279,A>C
Cytb,Mammalia,Ochotona_hyperborea,A>C,,23.19148936170213,0.0,T>G
Cytb,Mammalia,Ochotona_hyperborea,A>G,31.246484,68.80851063829788,0.280228056763504,T>C
Cytb,Mammalia,Ochotona_hyperborea,A>T,,23.19148936170213,0.0,T>A
Cytb,Mammalia,Ochotona_hyperborea,C>A,0.98374,3.872340425531915,0.1567687219747109,G>T
Cytb,Mammalia,Ochotona_hyperborea,C>G,,3.872340425531915,0.0,G>C
Cytb,Mammalia,Ochotona_hyperborea,C>T,5.215285,11.425531914893618,0.281678847939879,G>A
Cytb,Mammalia,Ochotona_hyperborea,G>A,42.093447,197.7021276595745,0.131388019205786,C>T
Cytb,Mammalia,Ochotona_hyperborea,G>C,1.0,76.42553191489363,0.0080744722663213,C>G
Cytb,Mammalia,Ochotona_hyperborea,G>T,2.952187,76.42553191489363,0.0238373520564945,C>A
Cytb,Mammalia,Ochotona_hyperborea,T>A,2.989951,89.80851063829792,0.0205446711505231,A>T
Cytb,Mammalia,Ochotona_hyperborea,T>C,18.585861,136.95744680851064,0.0837432190354533,A>G
Cytb,Mammalia,Ochotona_hyperborea,T>G,1.99915,89.80851063829792,0.0137366396073274,A>C
CO1,Mammalia,Ochotona_thibetana,A>C,,68.90243902439026,0.0,T>G
CO1,Mammalia,Ochotona_thibetana,A>G,24.046647,129.4878048780488,0.2432354790587509,T>C
CO1,Mammalia,Ochotona_thibetana,A>T,1.0,68.90243902439026,0.0190093237748025,T>A
CO1,Mammalia,Ochotona_thibetana,C>A,,12.024390243902438,0.0,G>T
CO1,Mammalia,Ochotona_thibetana,C>G,,12.024390243902438,0.0,G>C
CO1,Mammalia,Ochotona_thibetana,C>T,8.043631,24.804878048780488,0.4247332944556626,G>A
CO1,Mammalia,Ochotona_thibetana,G>A,25.34751,214.4146341463415,0.1548396364625185,C>T
CO1,Mammalia,Ochotona_thibetana,G>C,,84.51219512195122,0.0,C>G
CO1,Mammalia,Ochotona_thibetana,G>T,1.0,84.51219512195122,0.0154982221251997,C>A
CO1,Mammalia,Ochotona_thibetana,T>A,2.99973,112.60975609756098,0.0348905175719606,A>T
CO1,Mammalia,Ochotona_thibetana,T>C,14.966266,181.85365853658533,0.1077935265511048,A>G
CO1,Mammalia,Ochotona_thibetana,T>G,,112.60975609756098,0.0,A>C
Cytb,Mammalia,Ochotona_thibetana,A>C,0.99941,31.892857142857142,0.0106861734079127,T>G
Cytb,Mammalia,Ochotona_thibetana,A>G,49.855547,71.51785714285714,0.2377228599257545,T>C
Cytb,Mammalia,Ochotona_thibetana,A>T,,31.892857142857142,0.0,T>A
Cytb,Mammalia,Ochotona_thibetana,C>A,0.9997,5.303571428571429,0.0642796086553701,G>T
Cytb,Mammalia,Ochotona_thibetana,C>G,1.0,5.303571428571429,0.0642988983248676,G>C
Cytb,Mammalia,Ochotona_thibetana,C>T,16.983521,13.357142857142854,0.4335968474909686,G>A
Cytb,Mammalia,Ochotona_thibetana,G>A,57.248588,199.57142857142856,0.0978224121599059,C>T
Cytb,Mammalia,Ochotona_thibetana,G>C,0.99993,77.76785714285712,0.0043847155059447,C>G
Cytb,Mammalia,Ochotona_thibetana,G>T,3.99543,77.76785714285712,0.0175200502774363,C>A
Cytb,Mammalia,Ochotona_thibetana,T>A,1.99898,83.94642857142856,0.0081204141452271,A>T
Cytb,Mammalia,Ochotona_thibetana,T>C,21.181617,125.60714285714288,0.057506472481983,A>G
Cytb,Mammalia,Ochotona_thibetana,T>G,0.99982,83.94642857142856,0.004061547624629,A>C
CO1,Mammalia,Odocoileus_virginianus,A>C,,79.92307692307693,0.0,T>G
CO1,Mammalia,Odocoileus_virginianus,A>G,5.769993,198.3846153846154,0.088994192511764,T>C
CO1,Mammalia,Odocoileus_virginianus,A>T,0.99983,79.92307692307693,0.0382779207375666,T>A
CO1,Mammalia,Odocoileus_virginianus,C>A,,12.153846153846157,0.0,G>T
CO1,Mammalia,Odocoileus_virginianus,C>G,,12.153846153846157,0.0,G>C
CO1,Mammalia,Odocoileus_virginianus,C>T,2.708883,21.0,0.3946983613699094,G>A
CO1,Mammalia,Odocoileus_virginianus,G>A,11.657776,125.0,0.2853645780132005,C>T
CO1,Mammalia,Odocoileus_virginianus,G>C,,44.53846153846154,0.0,C>G
CO1,Mammalia,Odocoileus_virginianus,G>T,0.99905,44.53846153846154,0.0686351177535547,C>A
CO1,Mammalia,Odocoileus_virginianus,T>A,,128.3846153846154,0.0,A>T
CO1,Mammalia,Odocoileus_virginianus,T>C,8.605924,212.3076923076923,0.1240298296140046,A>G
CO1,Mammalia,Odocoileus_virginianus,T>G,,128.3846153846154,0.0,A>C
Cytb,Mammalia,Odocoileus_virginianus,A>C,1.0,22.701492537313413,0.0165561179458808,T>G
Cytb,Mammalia,Odocoileus_virginianus,A>G,45.851014,82.73134328358205,0.2083012095063177,T>C
Cytb,Mammalia,Odocoileus_virginianus,A>T,,22.701492537313413,0.0,T>A
Cytb,Mammalia,Odocoileus_virginianus,C>A,,5.880597014925369,0.0,G>T
Cytb,Mammalia,Odocoileus_virginianus,C>G,,5.880597014925369,0.0,G>C
Cytb,Mammalia,Odocoileus_virginianus,C>T,17.72588,10.970149253731334,0.6073068665595392,G>A
Cytb,Mammalia,Odocoileus_virginianus,G>A,37.257403,153.77611940298507,0.0910618785562217,C>T
Cytb,Mammalia,Odocoileus_virginianus,G>C,,46.1492537313433,0.0,C>G
Cytb,Mammalia,Odocoileus_virginianus,G>T,2.969633,46.1492537313433,0.0241852745097844,C>A
Cytb,Mammalia,Odocoileus_virginianus,T>A,2.992241,117.7313432835821,0.0095525076281743,A>T
Cytb,Mammalia,Odocoileus_virginianus,T>C,19.306732,168.6119402985074,0.0430361452940816,A>G
Cytb,Mammalia,Odocoileus_virginianus,T>G,,117.7313432835821,0.0,A>C
CO1,Aves,Oenanthe_oenanthe,A>C,,34.95652173913042,0.0,T>G
CO1,Aves,Oenanthe_oenanthe,A>G,1.329407,61.130434782608695,0.0436335775637721,T>C
CO1,Aves,Oenanthe_oenanthe,A>T,,34.95652173913042,0.0,T>A
CO1,Aves,Oenanthe_oenanthe,C>A,,7.869565217391303,0.0,G>T
CO1,Aves,Oenanthe_oenanthe,C>G,,7.869565217391303,0.0,G>C
CO1,Aves,Oenanthe_oenanthe,C>T,6.115948,15.782608695652174,0.7775088505019783,G>A
CO1,Aves,Oenanthe_oenanthe,G>A,8.073426,281.9999999999999,0.0574419410277636,C>T
CO1,Aves,Oenanthe_oenanthe,G>C,0.968401,112.13043478260867,0.0173281448343807,C>G
CO1,Aves,Oenanthe_oenanthe,G>T,,112.13043478260867,0.0,C>A
CO1,Aves,Oenanthe_oenanthe,T>A,,134.86956521739134,0.0,A>T
CO1,Aves,Oenanthe_oenanthe,T>C,10.328113,199.0869565217391,0.1040874860721051,A>G
CO1,Aves,Oenanthe_oenanthe,T>G,,134.86956521739134,0.0,A>C
Cytb,Aves,Oenanthe_oenanthe,A>C,,20.631578947368435,0.0,T>G
Cytb,Aves,Oenanthe_oenanthe,A>G,15.99975,44.763157894736814,0.4993794354890978,T>C
Cytb,Aves,Oenanthe_oenanthe,A>T,,20.631578947368435,0.0,T>A
Cytb,Aves,Oenanthe_oenanthe,C>A,,9.184210526315788,0.0,G>T
Cytb,Aves,Oenanthe_oenanthe,C>G,,9.184210526315788,0.0,G>C
Cytb,Aves,Oenanthe_oenanthe,C>T,3.0,12.210526315789478,0.3432614598101026,G>A
Cytb,Aves,Oenanthe_oenanthe,G>A,11.99914,218.9473684210526,0.0765682224827616,C>T
Cytb,Aves,Oenanthe_oenanthe,G>C,,80.02631578947373,0.0,C>G
Cytb,Aves,Oenanthe_oenanthe,G>T,1.0,80.02631578947373,0.0174584366274128,C>A
Cytb,Aves,Oenanthe_oenanthe,T>A,,107.078947368421,0.0,A>T
Cytb,Aves,Oenanthe_oenanthe,T>C,3.99997,150.07894736842107,0.0372370384714495,A>G
Cytb,Aves,Oenanthe_oenanthe,T>G,2.0,107.078947368421,0.0260954071191755,A>C
CO1,Mammalia,Oligoryzomys_nigripes,A>C,1.0,62.42857142857142,0.0253525763165856,T>G
CO1,Mammalia,Oligoryzomys_nigripes,A>G,16.948095,154.0357142857143,0.1741425736368211,T>C
CO1,Mammalia,Oligoryzomys_nigripes,A>T,,62.42857142857142,0.0,T>A
CO1,Mammalia,Oligoryzomys_nigripes,C>A,,14.678571428571434,0.0,G>T
CO1,Mammalia,Oligoryzomys_nigripes,C>G,0.99988,14.678571428571434,0.107812616654461,G>C
CO1,Mammalia,Oligoryzomys_nigripes,C>T,7.97612,29.42857142857144,0.4289710605411506,G>A
CO1,Mammalia,Oligoryzomys_nigripes,G>A,15.959317,149.21428571428572,0.1692814586527018,C>T
CO1,Mammalia,Oligoryzomys_nigripes,G>C,,45.21428571428572,0.0,C>G
CO1,Mammalia,Oligoryzomys_nigripes,G>T,,45.21428571428572,0.0,C>A
CO1,Mammalia,Oligoryzomys_nigripes,T>A,1.993942,139.99999999999997,0.0225418721012188,A>T
CO1,Mammalia,Oligoryzomys_nigripes,T>C,7.990501,208.7142857142857,0.06059368012408,A>G
CO1,Mammalia,Oligoryzomys_nigripes,T>G,0.99991,139.99999999999997,0.011304161972981,A>C
Cytb,Mammalia,Oligoryzomys_nigripes,A>C,,31.307692307692303,0.0,T>G
Cytb,Mammalia,Oligoryzomys_nigripes,A>G,7.911418,91.07692307692308,0.1618832394675117,T>C
Cytb,Mammalia,Oligoryzomys_nigripes,A>T,,31.307692307692303,0.0,T>A
Cytb,Mammalia,Oligoryzomys_nigripes,C>A,,6.384615384615385,0.0,G>T
Cytb,Mammalia,Oligoryzomys_nigripes,C>G,,6.384615384615385,0.0,G>C
Cytb,Mammalia,Oligoryzomys_nigripes,C>T,4.974664,13.153846153846152,0.7048016307965645,G>A
Cytb,Mammalia,Oligoryzomys_nigripes,G>A,8.272243,157.46153846153845,0.0979049609800244,C>T
Cytb,Mammalia,Oligoryzomys_nigripes,G>C,,44.53846153846153,0.0,C>G
Cytb,Mammalia,Oligoryzomys_nigripes,G>T,,44.53846153846153,0.0,C>A
Cytb,Mammalia,Oligoryzomys_nigripes,T>A,,103.6923076923077,0.0,A>T
Cytb,Mammalia,Oligoryzomys_nigripes,T>C,2.975819,156.6153846153846,0.0354101687558992,A>G
Cytb,Mammalia,Oligoryzomys_nigripes,T>G,,103.6923076923077,0.0,A>C
CO1,Actinopteri,Oncorhynchus_clarkii,A>C,,68.5,0.0,T>G
CO1,Actinopteri,Oncorhynchus_clarkii,A>G,5.303353,151.79999999999998,0.1774578740870954,T>C
CO1,Actinopteri,Oncorhynchus_clarkii,A>T,0.99787,68.5,0.0739945792871313,T>A
CO1,Actinopteri,Oncorhynchus_clarkii,C>A,,29.9,0.0,G>T
CO1,Actinopteri,Oncorhynchus_clarkii,C>G,,29.9,0.0,G>C
CO1,Actinopteri,Oncorhynchus_clarkii,C>T,2.883894,44.5,0.3291817828570305,G>A
CO1,Actinopteri,Oncorhynchus_clarkii,G>A,7.892507,188.9,0.2122264592269896,C>T
CO1,Actinopteri,Oncorhynchus_clarkii,G>C,,81.89999999999999,0.0,C>G
CO1,Actinopteri,Oncorhynchus_clarkii,G>T,,81.89999999999999,0.0,C>A
CO1,Actinopteri,Oncorhynchus_clarkii,T>A,,98.1,0.0,A>T
CO1,Actinopteri,Oncorhynchus_clarkii,T>C,6.773539,166.1,0.2071393045417528,A>G
CO1,Actinopteri,Oncorhynchus_clarkii,T>G,,98.1,0.0,A>C
Cytb,Actinopteri,Oncorhynchus_clarkii,A>C,,46.84615384615385,0.0,T>G
Cytb,Actinopteri,Oncorhynchus_clarkii,A>G,8.624089,100.69230769230768,0.1322293701066194,T>C
Cytb,Actinopteri,Oncorhynchus_clarkii,A>T,,46.84615384615385,0.0,T>A
Cytb,Actinopteri,Oncorhynchus_clarkii,C>A,,12.461538461538463,0.0,G>T
Cytb,Actinopteri,Oncorhynchus_clarkii,C>G,,12.461538461538463,0.0,G>C
Cytb,Actinopteri,Oncorhynchus_clarkii,C>T,8.318999,21.76923076923077,0.5899822998226983,G>A
Cytb,Actinopteri,Oncorhynchus_clarkii,G>A,7.674527,166.0,0.071376380963503,C>T
Cytb,Actinopteri,Oncorhynchus_clarkii,G>C,,75.00000000000001,0.0,C>G
Cytb,Actinopteri,Oncorhynchus_clarkii,G>T,2.899054,75.00000000000001,0.059676869787492,C>A
Cytb,Actinopteri,Oncorhynchus_clarkii,T>A,,75.99999999999999,0.0,A>T
Cytb,Actinopteri,Oncorhynchus_clarkii,T>C,11.23708,118.23076923076924,0.1467350793196871,A>G
Cytb,Actinopteri,Oncorhynchus_clarkii,T>G,,75.99999999999999,0.0,A>C
CO1,Actinopteri,Oncorhynchus_masou,A>C,,78.31578947368422,0.0,T>G
CO1,Actinopteri,Oncorhynchus_masou,A>G,8.99994,168.9473684210526,0.2329053413731666,T>C
CO1,Actinopteri,Oncorhynchus_masou,A>T,1.0,78.31578947368422,0.0558266972831091,T>A
CO1,Actinopteri,Oncorhynchus_masou,C>A,,25.89473684210526,0.0,G>T
CO1,Actinopteri,Oncorhynchus_masou,C>G,,25.89473684210526,0.0,G>C
CO1,Actinopteri,Oncorhynchus_masou,C>T,2.99999,42.26315789473684,0.3103481269869785,G>A
CO1,Actinopteri,Oncorhynchus_masou,G>A,5.99944,168.9473684210526,0.1552567707393416,C>T
CO1,Actinopteri,Oncorhynchus_masou,G>C,1.0,67.57894736842105,0.064696359468276,C>G
CO1,Actinopteri,Oncorhynchus_masou,G>T,1.0,67.57894736842105,0.064696359468276,C>A
CO1,Actinopteri,Oncorhynchus_masou,T>A,1.0,108.26315789473684,0.0403841154872467,A>T
CO1,Actinopteri,Oncorhynchus_masou,T>C,3.0,172.84210526315792,0.0758862291936051,A>G
CO1,Actinopteri,Oncorhynchus_masou,T>G,,108.26315789473684,0.0,A>C
Cytb,Actinopteri,Oncorhynchus_masou,A>C,,48.65909090909094,0.0,T>G
Cytb,Actinopteri,Oncorhynchus_masou,A>G,3.0,103.79545454545456,0.0396578943555408,T>C
Cytb,Actinopteri,Oncorhynchus_masou,A>T,1.0,48.65909090909094,0.0281982879529432,T>A
Cytb,Actinopteri,Oncorhynchus_masou,C>A,,9.522727272727266,0.0,G>T
Cytb,Actinopteri,Oncorhynchus_masou,C>G,,9.522727272727266,0.0,G>C
Cytb,Actinopteri,Oncorhynchus_masou,C>T,6.99995,15.272727272727275,0.6288760757798155,G>A
Cytb,Actinopteri,Oncorhynchus_masou,G>A,7.99961,166.13636363636363,0.0660679522256573,C>T
Cytb,Actinopteri,Oncorhynchus_masou,G>C,1.0,72.59090909090907,0.0189018580172985,C>G
Cytb,Actinopteri,Oncorhynchus_masou,G>T,1.0,72.59090909090907,0.0189018580172985,C>A
Cytb,Actinopteri,Oncorhynchus_masou,T>A,2.99971,73.11363636363632,0.0562947141705775,A>T
Cytb,Actinopteri,Oncorhynchus_masou,T>C,10.99956,121.3863636363636,0.1243346406411879,A>G
Cytb,Actinopteri,Oncorhynchus_masou,T>G,1.0,73.11363636363632,0.0187667188396803,A>C
CO1,Actinopteri,Oncorhynchus_nerka,A>C,,58.121212121212125,0.0,T>G
CO1,Actinopteri,Oncorhynchus_nerka,A>G,4.995229999999999,134.09090909090912,0.1059055569411754,T>C
CO1,Actinopteri,Oncorhynchus_nerka,A>T,1.0,58.121212121212125,0.0489134089045768,T>A
CO1,Actinopteri,Oncorhynchus_nerka,C>A,1.0,31.63636363636363,0.0898619906886767,G>T
CO1,Actinopteri,Oncorhynchus_nerka,C>G,,31.63636363636363,0.0,G>C
CO1,Actinopteri,Oncorhynchus_nerka,C>T,7.99988,50.0909090909091,0.4540327213077036,G>A
CO1,Actinopteri,Oncorhynchus_nerka,G>A,0.99996,203.33333333333343,0.0139809486799176,C>T
CO1,Actinopteri,Oncorhynchus_nerka,G>C,,85.7575757575758,0.0,C>G
CO1,Actinopteri,Oncorhynchus_nerka,G>T,2.0,85.7575757575758,0.0663010023172992,C>A
CO1,Actinopteri,Oncorhynchus_nerka,T>A,1.0,102.48484848484854,0.027739774772022,A>T
CO1,Actinopteri,Oncorhynchus_nerka,T>C,7.99987,165.06060606060606,0.1377850468445844,A>G
CO1,Actinopteri,Oncorhynchus_nerka,T>G,2.0,102.48484848484854,0.055479549544044,A>C
Cytb,Actinopteri,Oncorhynchus_nerka,A>C,,41.46153846153847,0.0,T>G
Cytb,Actinopteri,Oncorhynchus_nerka,A>G,5.0,92.9615384615385,0.2268452835636915,T>C
Cytb,Actinopteri,Oncorhynchus_nerka,A>T,,41.46153846153847,0.0,T>A
Cytb,Actinopteri,Oncorhynchus_nerka,C>A,,26.115384615384613,0.0,G>T
Cytb,Actinopteri,Oncorhynchus_nerka,C>G,,26.115384615384613,0.0,G>C
Cytb,Actinopteri,Oncorhynchus_nerka,C>T,2.0,36.57692307692307,0.230614111618693,G>A
Cytb,Actinopteri,Oncorhynchus_nerka,G>A,4.0,173.92307692307688,0.0969986820651822,C>T
Cytb,Actinopteri,Oncorhynchus_nerka,G>C,,79.1923076923077,0.0,C>G
Cytb,Actinopteri,Oncorhynchus_nerka,G>T,1.0,79.1923076923077,0.0532574114010143,C>A
Cytb,Actinopteri,Oncorhynchus_nerka,T>A,,60.96153846153845,0.0,A>T
Cytb,Actinopteri,Oncorhynchus_nerka,T>C,7.99992,104.4230769230769,0.3231113473431685,A>G
Cytb,Actinopteri,Oncorhynchus_nerka,T>G,0.99984,60.96153846153845,0.0691731640082502,A>C
CO1,Mammalia,Ovis_ammon,A>C,,60.6111111111111,0.0,T>G
CO1,Mammalia,Ovis_ammon,A>G,11.7819,153.77777777777777,0.1551761222664938,T>C
CO1,Mammalia,Ovis_ammon,A>T,,60.6111111111111,0.0,T>A
CO1,Mammalia,Ovis_ammon,C>A,,16.666666666666668,0.0,G>T
CO1,Mammalia,Ovis_ammon,C>G,,16.666666666666668,0.0,G>C
CO1,Mammalia,Ovis_ammon,C>T,6.970278,24.72222222222222,0.5710389567256352,G>A
CO1,Mammalia,Ovis_ammon,G>A,15.549521,167.1111111111111,0.1884581101662271,C>T
CO1,Mammalia,Ovis_ammon,G>C,,60.27777777777778,0.0,C>G
CO1,Mammalia,Ovis_ammon,G>T,,60.27777777777778,0.0,C>A
CO1,Mammalia,Ovis_ammon,T>A,1.9989,134.77777777777777,0.030038339392316,A>T
CO1,Mammalia,Ovis_ammon,T>C,5.7705020000000005,211.38888888888889,0.0552884714493278,A>G
CO1,Mammalia,Ovis_ammon,T>G,,134.77777777777777,0.0,A>C
Cytb,Mammalia,Ovis_ammon,A>C,,18.6875,0.0,T>G
Cytb,Mammalia,Ovis_ammon,A>G,22.71638,69.34375,0.1538403078071226,T>C
Cytb,Mammalia,Ovis_ammon,A>T,,18.6875,0.0,T>A
Cytb,Mammalia,Ovis_ammon,C>A,,4.9375,0.0,G>T
Cytb,Mammalia,Ovis_ammon,C>G,0.91812,4.9375,0.0873234083587327,G>C
Cytb,Mammalia,Ovis_ammon,C>T,12.490472,9.09375,0.6450214817946076,G>A
Cytb,Mammalia,Ovis_ammon,G>A,26.331017,169.59375,0.0729115161710415,C>T
Cytb,Mammalia,Ovis_ammon,G>C,0.916632,54.65625,0.0078757790276083,C>G
Cytb,Mammalia,Ovis_ammon,G>T,,54.65625,0.0,C>A
Cytb,Mammalia,Ovis_ammon,T>A,0.99895,112.09375,0.0041850503950482,A>T
Cytb,Mammalia,Ovis_ammon,T>C,10.034125,163.375,0.0288424564458388,A>G
Cytb,Mammalia,Ovis_ammon,T>G,,112.09375,0.0,A>C
CO1,Mammalia,Ovis_aries,A>C,,62.86419753086404,0.0,T>G
CO1,Mammalia,Ovis_aries,A>G,58.98783,152.41975308641986,0.1921806535241136,T>C
CO1,Mammalia,Ovis_aries,A>T,2.0,62.86419753086404,0.015798473253217,T>A
CO1,Mammalia,Ovis_aries,C>A,,17.05555555555556,0.0,G>T
CO1,Mammalia,Ovis_aries,C>G,,17.05555555555556,0.0,G>C
CO1,Mammalia,Ovis_aries,C>T,27.99568,25.129629629629623,0.5532143445303818,G>A
CO1,Mammalia,Ovis_aries,G>A,50.98967,167.5,0.1511666154668823,C>T
CO1,Mammalia,Ovis_aries,G>C,,58.05555555555564,0.0,C>G
CO1,Mammalia,Ovis_aries,G>T,1.0,58.05555555555564,0.0085535168320447,C>A
CO1,Mammalia,Ovis_aries,T>A,,137.46296296296293,0.0,A>T
CO1,Mammalia,Ovis_aries,T>C,28.9947,210.95061728395075,0.0682537187768266,A>G
CO1,Mammalia,Ovis_aries,T>G,2.9987,137.46296296296293,0.0108326776165339,A>C
Cytb,Mammalia,Ovis_aries,A>C,1.0,21.900311526479783,0.0093773839411002,T>G
Cytb,Mammalia,Ovis_aries,A>G,112.9468,75.34890965732076,0.3078427636699982,T>C
Cytb,Mammalia,Ovis_aries,A>T,1.0,21.900311526479783,0.0093773839411002,T>A
Cytb,Mammalia,Ovis_aries,C>A,,5.971962616822436,0.0,G>T
Cytb,Mammalia,Ovis_aries,C>G,,5.971962616822436,0.0,G>C
Cytb,Mammalia,Ovis_aries,C>T,27.95251,12.57632398753898,0.4564561732137076,G>A
Cytb,Mammalia,Ovis_aries,G>A,106.950873,163.6417445482867,0.134221541903838,C>T
Cytb,Mammalia,Ovis_aries,G>C,1.0,50.22118380062337,0.0040892630175506,C>G
Cytb,Mammalia,Ovis_aries,G>T,2.0,50.22118380062337,0.0081785260351013,C>A
Cytb,Mammalia,Ovis_aries,T>A,4.99989,109.96573208722756,0.0093375957958773,A>T
Cytb,Mammalia,Ovis_aries,T>C,45.99715,159.42679127725867,0.0592518082362252,A>G
Cytb,Mammalia,Ovis_aries,T>G,1.0,109.96573208722756,0.0018675602455008,A>C
CO1,Mammalia,Ovis_orientalis,A>C,,61.54545454545453,0.0,T>G
CO1,Mammalia,Ovis_orientalis,A>G,7.752925,152.0909090909091,0.1486894466985985,T>C
CO1,Mammalia,Ovis_orientalis,A>T,0.99998,61.54545454545453,0.0473928852340413,T>A
CO1,Mammalia,Ovis_orientalis,C>A,,16.636363636363637,0.0,G>T
CO1,Mammalia,Ovis_orientalis,C>G,,16.636363636363637,0.0,G>C
CO1,Mammalia,Ovis_orientalis,C>T,4.21822,25.18181818181818,0.4886073110280323,G>A
CO1,Mammalia,Ovis_orientalis,G>A,8.49897,167.3636363636364,0.1481231746017257,C>T
CO1,Mammalia,Ovis_orientalis,G>C,,58.45454545454545,0.0,C>G
CO1,Mammalia,Ovis_orientalis,G>T,0.99646,58.45454545454545,0.0497232377968737,C>A
CO1,Mammalia,Ovis_orientalis,T>A,,138.63636363636363,0.0,A>T
CO1,Mammalia,Ovis_orientalis,T>C,8.530019,211.81818181818184,0.1174639446407283,A>G
CO1,Mammalia,Ovis_orientalis,T>G,,138.63636363636363,0.0,A>C
Cytb,Mammalia,Ovis_orientalis,A>C,,21.325000000000003,0.0,T>G
Cytb,Mammalia,Ovis_orientalis,A>G,27.984673,75.49999999999999,0.4254304674410383,T>C
Cytb,Mammalia,Ovis_orientalis,A>T,,21.325000000000003,0.0,T>A
Cytb,Mammalia,Ovis_orientalis,C>A,,5.2250000000000005,0.0,G>T
Cytb,Mammalia,Ovis_orientalis,C>G,,5.2250000000000005,0.0,G>C
Cytb,Mammalia,Ovis_orientalis,C>T,2.99997,11.674999999999995,0.2949275387361438,G>A
Cytb,Mammalia,Ovis_orientalis,G>A,20.924653,163.5,0.146891211145975,C>T
Cytb,Mammalia,Ovis_orientalis,G>C,,50.82499999999999,0.0,C>G
Cytb,Mammalia,Ovis_orientalis,G>T,,50.82499999999999,0.0,C>A
Cytb,Mammalia,Ovis_orientalis,T>A,1.99967,110.40000000000003,0.0207895247654592,A>T
Cytb,Mammalia,Ovis_orientalis,T>C,12.726789,160.225,0.0911683023082498,A>G
Cytb,Mammalia,Ovis_orientalis,T>G,2.0,110.40000000000003,0.0207929556031337,A>C
CO1,Mammalia,Ovis_vignei,A>C,1.0,61.1111111111111,0.0578889180486398,T>G
CO1,Mammalia,Ovis_vignei,A>G,10.680033,153.44444444444446,0.2462277735710158,T>C
CO1,Mammalia,Ovis_vignei,A>T,,61.1111111111111,0.0,T>A
CO1,Mammalia,Ovis_vignei,C>A,,14.22222222222222,0.0,G>T
CO1,Mammalia,Ovis_vignei,C>G,,14.22222222222222,0.0,G>C
CO1,Mammalia,Ovis_vignei,C>T,2.8383000000000003,23.666666666666664,0.4242646190309856,G>A
CO1,Mammalia,Ovis_vignei,G>A,6.843812,166.11111111111114,0.1457521602706112,C>T
CO1,Mammalia,Ovis_vignei,G>C,,58.99999999999999,0.0,C>G
CO1,Mammalia,Ovis_vignei,G>T,0.99954,58.99999999999999,0.0599326912061875,C>A
CO1,Mammalia,Ovis_vignei,T>A,,141.77777777777777,0.0,A>T
CO1,Mammalia,Ovis_vignei,T>C,3.98433,213.77777777777777,0.0659338378725599,A>G
CO1,Mammalia,Ovis_vignei,T>G,,141.77777777777777,0.0,A>C
Cytb,Mammalia,Ovis_vignei,A>C,,22.069767441860463,0.0,T>G
Cytb,Mammalia,Ovis_vignei,A>G,29.091237,79.30232558139537,0.404246731514954,T>C
Cytb,Mammalia,Ovis_vignei,A>T,,22.069767441860463,0.0,T>A
Cytb,Mammalia,Ovis_vignei,C>A,,4.581395348837213,0.0,G>T
Cytb,Mammalia,Ovis_vignei,C>G,,4.581395348837213,0.0,G>C
Cytb,Mammalia,Ovis_vignei,C>T,2.974432,8.906976744186052,0.3679967460254913,G>A
Cytb,Mammalia,Ovis_vignei,G>A,22.983937,159.67441860465118,0.1586205060861908,C>T
Cytb,Mammalia,Ovis_vignei,G>C,,50.093023255813925,0.0,C>G
Cytb,Mammalia,Ovis_vignei,G>T,,50.093023255813925,0.0,C>A
Cytb,Mammalia,Ovis_vignei,T>A,,110.04651162790698,0.0,A>T
Cytb,Mammalia,Ovis_vignei,T>C,5.781149,162.95348837209312,0.0390949581878295,A>G
Cytb,Mammalia,Ovis_vignei,T>G,3.0,110.04651162790698,0.0300410581855342,A>C
CO1,Amphibia,Pachyhynobius_shangchengensis,A>C,,86.70967741935485,0.0,T>G
CO1,Amphibia,Pachyhynobius_shangchengensis,A>G,13.48697,233.967741935484,0.0860247283487287,T>C
CO1,Amphibia,Pachyhynobius_shangchengensis,A>T,,86.70967741935485,0.0,T>A
CO1,Amphibia,Pachyhynobius_shangchengensis,C>A,,17.161290322580644,0.0,G>T
CO1,Amphibia,Pachyhynobius_shangchengensis,C>G,,17.161290322580644,0.0,G>C
CO1,Amphibia,Pachyhynobius_shangchengensis,C>T,12.908044,30.35483870967741,0.634596115780373,G>A
CO1,Amphibia,Pachyhynobius_shangchengensis,G>A,9.993686,85.9032258064516,0.1736125553089645,C>T
CO1,Amphibia,Pachyhynobius_shangchengensis,G>C,,37.16129032258066,0.0,C>G
CO1,Amphibia,Pachyhynobius_shangchengensis,G>T,,37.16129032258066,0.0,C>A
CO1,Amphibia,Pachyhynobius_shangchengensis,T>A,0.33143,114.29032258064515,0.0043276014770874,A>T
CO1,Amphibia,Pachyhynobius_shangchengensis,T>C,14.186741,208.70967741935496,0.1014389990848461,A>G
CO1,Amphibia,Pachyhynobius_shangchengensis,T>G,,114.29032258064515,0.0,A>C
Cytb,Amphibia,Pachyhynobius_shangchengensis,A>C,,51.17307692307688,0.0,T>G
Cytb,Amphibia,Pachyhynobius_shangchengensis,A>G,41.454505,153.65384615384596,0.178413938537024,T>C
Cytb,Amphibia,Pachyhynobius_shangchengensis,A>T,,51.17307692307688,0.0,T>A
Cytb,Amphibia,Pachyhynobius_shangchengensis,C>A,,5.865384615384616,0.0,G>T
Cytb,Amphibia,Pachyhynobius_shangchengensis,C>G,,5.865384615384616,0.0,G>C
Cytb,Amphibia,Pachyhynobius_shangchengensis,C>T,9.469221,13.355769230769226,0.468862855956746,G>A
Cytb,Amphibia,Pachyhynobius_shangchengensis,G>A,25.048767,88.89423076923075,0.1863430756244285,C>T
Cytb,Amphibia,Pachyhynobius_shangchengensis,G>C,,28.8269230769231,0.0,C>G
Cytb,Amphibia,Pachyhynobius_shangchengensis,G>T,1.834589,28.8269230769231,0.0420863224695438,C>A
Cytb,Amphibia,Pachyhynobius_shangchengensis,T>A,2.3999930000000003,86.96153846153848,0.0182508561941103,A>T
Cytb,Amphibia,Pachyhynobius_shangchengensis,T>C,25.01377,155.99038461538458,0.1060429512181473,A>G
Cytb,Amphibia,Pachyhynobius_shangchengensis,T>G,,86.96153846153848,0.0,A>C
CO1,Mammalia,Pan_troglodytes,A>C,1.0,43.9113924050633,0.0178823954684585,T>G
CO1,Mammalia,Pan_troglodytes,A>G,26.749262,102.20253164556964,0.2055195093111415,T>C
CO1,Mammalia,Pan_troglodytes,A>T,1.0,43.9113924050633,0.0178823954684585,T>A
CO1,Mammalia,Pan_troglodytes,C>A,,15.493670886075924,0.0,G>T
CO1,Mammalia,Pan_troglodytes,C>G,,15.493670886075924,0.0,G>C
CO1,Mammalia,Pan_troglodytes,C>T,19.869595,30.17721518987341,0.5170264471204443,G>A
CO1,Mammalia,Pan_troglodytes,G>A,31.504348,242.93670886075952,0.101831058002528,C>T
CO1,Mammalia,Pan_troglodytes,G>C,1.0,103.1772151898735,0.0076106035922073,C>G
CO1,Mammalia,Pan_troglodytes,G>T,1.0,103.1772151898735,0.0076106035922073,C>A
CO1,Mammalia,Pan_troglodytes,T>A,2.0,113.3037974683544,0.0138608043526047,A>T
CO1,Mammalia,Pan_troglodytes,T>C,22.297512,180.6075949367089,0.0969445280108984,A>G
CO1,Mammalia,Pan_troglodytes,T>G,1.995794,113.3037974683544,0.0138316550810512,A>C
Cytb,Mammalia,Pan_troglodytes,A>C,0.99871,19.51685393258428,0.0242675552179035,T>G
Cytb,Mammalia,Pan_troglodytes,A>G,35.971266,56.2134831460674,0.3034671363990189,T>C
Cytb,Mammalia,Pan_troglodytes,A>T,,19.51685393258428,0.0,T>A
Cytb,Mammalia,Pan_troglodytes,C>A,,7.258426966292139,0.0,G>T
Cytb,Mammalia,Pan_troglodytes,C>G,,7.258426966292139,0.0,G>C
Cytb,Mammalia,Pan_troglodytes,C>T,16.691954,14.561797752808978,0.5436114856930248,G>A
Cytb,Mammalia,Pan_troglodytes,G>A,22.57476,209.89887640449464,0.0510046143187956,C>T
Cytb,Mammalia,Pan_troglodytes,G>C,,81.95505617977533,0.0,C>G
Cytb,Mammalia,Pan_troglodytes,G>T,1.0,81.95505617977533,0.0057865630229624,C>A
Cytb,Mammalia,Pan_troglodytes,T>A,1.0,90.33707865168536,0.0052496505832696,A>T
Cytb,Mammalia,Pan_troglodytes,T>C,17.75163,137.19101123595493,0.0613633441817554,A>G
Cytb,Mammalia,Pan_troglodytes,T>G,1.0,90.33707865168536,0.0052496505832696,A>C
CO1,Mammalia,Panthera_leo,A>C,0.99985,72.78125,0.0321666247799627,T>G
CO1,Mammalia,Panthera_leo,A>G,15.96694,178.34375,0.2096302496111533,T>C
CO1,Mammalia,Panthera_leo,A>T,1.99968,72.78125,0.0643326061309155,T>A
CO1,Mammalia,Panthera_leo,C>A,,31.78125,0.0,G>T
CO1,Mammalia,Panthera_leo,C>G,1.0,31.78125,0.0736748359968186,G>C
CO1,Mammalia,Panthera_leo,C>T,7.7219,56.0625,0.3225090196528759,G>A
CO1,Mammalia,Panthera_leo,G>A,8.990312,147.59375,0.1426254241196178,C>T
CO1,Mammalia,Panthera_leo,G>C,,58.71875,0.0,C>G
CO1,Mammalia,Panthera_leo,G>T,,58.71875,0.0,C>A
CO1,Mammalia,Panthera_leo,T>A,2.523437,111.65625,0.052917532002351,A>T
CO1,Mammalia,Panthera_leo,T>C,6.99827,177.71875,0.092203540217716,A>G
CO1,Mammalia,Panthera_leo,T>G,0.474009,111.65625,0.0099401674885889,A>C
Cytb,Mammalia,Panthera_leo,A>C,,26.416666666666657,0.0,T>G
Cytb,Mammalia,Panthera_leo,A>G,11.99868,86.55555555555557,0.2146536062702801,T>C
Cytb,Mammalia,Panthera_leo,A>T,,26.416666666666657,0.0,T>A
Cytb,Mammalia,Panthera_leo,C>A,,7.833333333333336,0.0,G>T
Cytb,Mammalia,Panthera_leo,C>G,,7.833333333333336,0.0,G>C
Cytb,Mammalia,Panthera_leo,C>T,6.99836,19.36111111111111,0.5597133533232946,G>A
Cytb,Mammalia,Panthera_leo,G>A,11.99927,172.72222222222217,0.1075737417825675,C>T
Cytb,Mammalia,Panthera_leo,G>C,2.0,67.75,0.0457109621362841,C>G
Cytb,Mammalia,Panthera_leo,G>T,,67.75,0.0,C>A
Cytb,Mammalia,Panthera_leo,T>A,1.0,92.80555555555556,0.0166849800434596,A>T
Cytb,Mammalia,Panthera_leo,T>C,4.99971,139.08333333333331,0.0556633564441139,A>G
Cytb,Mammalia,Panthera_leo,T>G,,92.80555555555556,0.0,A>C
CO1,Mammalia,Panthera_spelaea,A>C,,74.1578947368421,0.0,T>G
CO1,Mammalia,Panthera_spelaea,A>G,6.98556,178.00000000000006,0.1604304810565951,T>C
CO1,Mammalia,Panthera_spelaea,A>T,,74.1578947368421,0.0,T>A
CO1,Mammalia,Panthera_spelaea,C>A,,34.789473684210535,0.0,G>T
CO1,Mammalia,Panthera_spelaea,C>G,,34.789473684210535,0.0,G>C
CO1,Mammalia,Panthera_spelaea,C>T,7.251895,61.8421052631579,0.4793722639240029,G>A
CO1,Mammalia,Panthera_spelaea,G>A,6.759769,146.57894736842104,0.1885236838160591,C>T
CO1,Mammalia,Panthera_spelaea,G>C,,56.1578947368421,0.0,C>G
CO1,Mammalia,Panthera_spelaea,G>T,,56.1578947368421,0.0,C>A
CO1,Mammalia,Panthera_spelaea,T>A,,109.89473684210525,0.0,A>T
CO1,Mammalia,Panthera_spelaea,T>C,7.262928,172.94736842105266,0.1716735712033427,A>G
CO1,Mammalia,Panthera_spelaea,T>G,,109.89473684210525,0.0,A>C
Cytb,Mammalia,Panthera_spelaea,A>C,,27.535714285714285,0.0,T>G
Cytb,Mammalia,Panthera_spelaea,A>G,9.9999,89.46428571428571,0.2489985715865153,T>C
Cytb,Mammalia,Panthera_spelaea,A>T,,27.535714285714285,0.0,T>A
Cytb,Mammalia,Panthera_spelaea,C>A,,11.535714285714286,0.0,G>T
Cytb,Mammalia,Panthera_spelaea,C>G,,11.535714285714286,0.0,G>C
Cytb,Mammalia,Panthera_spelaea,C>T,5.99996,24.46428571428571,0.5463446723939434,G>A
Cytb,Mammalia,Panthera_spelaea,G>A,5.99988,170.2857142857143,0.0784901658155572,C>T
Cytb,Mammalia,Panthera_spelaea,G>C,,66.89285714285714,0.0,C>G
Cytb,Mammalia,Panthera_spelaea,G>T,,66.89285714285714,0.0,C>A
Cytb,Mammalia,Panthera_spelaea,T>A,,87.67857142857143,0.0,A>T
Cytb,Mammalia,Panthera_spelaea,T>C,5.99793,132.60714285714286,0.1007593535725863,A>G
Cytb,Mammalia,Panthera_spelaea,T>G,1.0,87.67857142857143,0.0254072366313977,A>C
CO1,Mammalia,Panthera_tigris,A>C,,66.61904761904763,0.0,T>G
CO1,Mammalia,Panthera_tigris,A>G,4.9987,163.7142857142857,0.2104323487159245,T>C
CO1,Mammalia,Panthera_tigris,A>T,,66.61904761904763,0.0,T>A
CO1,Mammalia,Panthera_tigris,C>A,,39.04761904761905,0.0,G>T
CO1,Mammalia,Panthera_tigris,C>G,,39.04761904761905,0.0,G>C
CO1,Mammalia,Panthera_tigris,C>T,1.99989,68.23809523809526,0.2019859774099618,G>A
CO1,Mammalia,Panthera_tigris,G>A,6.9844100000000005,159.14285714285717,0.3024715847298859,C>T
CO1,Mammalia,Panthera_tigris,G>C,,61.38095238095238,0.0,C>G
CO1,Mammalia,Panthera_tigris,G>T,,61.38095238095238,0.0,C>A
CO1,Mammalia,Panthera_tigris,T>A,,107.76190476190476,0.0,A>T
CO1,Mammalia,Panthera_tigris,T>C,6.97553,168.61904761904762,0.2851100891442278,A>G
CO1,Mammalia,Panthera_tigris,T>G,,107.76190476190476,0.0,A>C
Cytb,Mammalia,Panthera_tigris,A>C,,20.18518518518519,0.0,T>G
Cytb,Mammalia,Panthera_tigris,A>G,3.99906,74.29629629629628,0.0836387614461813,T>C
Cytb,Mammalia,Panthera_tigris,A>T,2.0,20.18518518518519,0.1539621953003356,T>A
Cytb,Mammalia,Panthera_tigris,C>A,,14.037037037037038,0.0,G>T
Cytb,Mammalia,Panthera_tigris,C>G,,14.037037037037038,0.0,G>C
Cytb,Mammalia,Panthera_tigris,C>T,9.99651,25.000000000000004,0.6213341634024135,G>A
Cytb,Mammalia,Panthera_tigris,G>A,9.99522,183.3333333333333,0.0847164522698841,C>T
Cytb,Mammalia,Panthera_tigris,G>C,,71.59259259259258,0.0,C>G
Cytb,Mammalia,Panthera_tigris,G>T,1.0,71.59259259259258,0.0217044481217493,C>A
Cytb,Mammalia,Panthera_tigris,T>A,,87.22222222222223,0.0,A>T
Cytb,Mammalia,Panthera_tigris,T>C,2.99994,134.55555555555557,0.034643979459436,A>G
Cytb,Mammalia,Panthera_tigris,T>G,,87.22222222222223,0.0,A>C
CO1,Mammalia,Papio_anubis,A>C,,54.333333333333336,0.0,T>G
CO1,Mammalia,Papio_anubis,A>G,24.306656,137.33333333333334,0.2649137087379228,T>C
CO1,Mammalia,Papio_anubis,A>T,,54.333333333333336,0.0,T>A
CO1,Mammalia,Papio_anubis,C>A,,26.0,0.0,G>T
CO1,Mammalia,Papio_anubis,C>G,,26.0,0.0,G>C
CO1,Mammalia,Papio_anubis,C>T,15.273684,43.52380952380952,0.5252572789515403,G>A
CO1,Mammalia,Papio_anubis,G>A,9.170487,224.4761904761905,0.0611473014393188,C>T
CO1,Mammalia,Papio_anubis,G>C,,95.90476190476188,0.0,C>G
CO1,Mammalia,Papio_anubis,G>T,,95.90476190476188,0.0,C>A
CO1,Mammalia,Papio_anubis,T>A,0.99932,95.8095238095238,0.0156117316290735,A>T
CO1,Mammalia,Papio_anubis,T>C,12.77727,162.76190476190476,0.1175007091734997,A>G
CO1,Mammalia,Papio_anubis,T>G,0.996602,95.8095238095238,0.0155692700686446,A>C
Cytb,Mammalia,Papio_anubis,A>C,,26.879999999999992,0.0,T>G
Cytb,Mammalia,Papio_anubis,A>G,59.140621,55.98,0.4841243269732431,T>C
Cytb,Mammalia,Papio_anubis,A>T,,26.879999999999992,0.0,T>A
Cytb,Mammalia,Papio_anubis,C>A,,8.999999999999998,0.0,G>T
Cytb,Mammalia,Papio_anubis,C>G,0.99799,8.999999999999998,0.0508144933853989,G>C
Cytb,Mammalia,Papio_anubis,C>T,12.016121,16.360000000000007,0.3365773707385268,G>A
Cytb,Mammalia,Papio_anubis,G>A,24.253433,200.78,0.0553549790011954,C>T
Cytb,Mammalia,Papio_anubis,G>C,,79.32000000000001,0.0,C>G
Cytb,Mammalia,Papio_anubis,G>T,,79.32000000000001,0.0,C>A
Cytb,Mammalia,Papio_anubis,T>A,1.942932,90.15999999999995,0.0098752390637092,A>T
Cytb,Mammalia,Papio_anubis,T>C,19.813181,143.54000000000005,0.0632535908379263,A>G
Cytb,Mammalia,Papio_anubis,T>G,,90.15999999999995,0.0,A>C
CO1,Mammalia,Papio_hamadryas,A>C,0.99984,55.3157894736842,0.0414226500820801,T>G
CO1,Mammalia,Papio_hamadryas,A>G,10.309404,133.8947368421053,0.1764519819254352,T>C
CO1,Mammalia,Papio_hamadryas,A>T,,55.3157894736842,0.0,T>A
CO1,Mammalia,Papio_hamadryas,C>A,0.99975,25.368421052631582,0.0903138722837919,G>T
CO1,Mammalia,Papio_hamadryas,C>G,,25.368421052631582,0.0,G>C
CO1,Mammalia,Papio_hamadryas,C>T,9.850354,40.47368421052632,0.5577448738220434,G>A
CO1,Mammalia,Papio_hamadryas,G>A,3.589912,224.21052631578945,0.0366930905424058,C>T
CO1,Mammalia,Papio_hamadryas,G>C,,92.73684210526314,0.0,C>G
CO1,Mammalia,Papio_hamadryas,G>T,,92.73684210526314,0.0,C>A
CO1,Mammalia,Papio_hamadryas,T>A,,95.63157894736842,0.0,A>T
CO1,Mammalia,Papio_hamadryas,T>C,6.901234,162.42105263157896,0.0973735313442434,A>G
CO1,Mammalia,Papio_hamadryas,T>G,,95.63157894736842,0.0,A>C
Cytb,Mammalia,Papio_hamadryas,A>C,,25.861111111111104,0.0,T>G
Cytb,Mammalia,Papio_hamadryas,A>G,11.99172,58.05555555555556,0.232573001205698,T>C
Cytb,Mammalia,Papio_hamadryas,A>T,,25.861111111111104,0.0,T>A
Cytb,Mammalia,Papio_hamadryas,C>A,,8.27777777777778,0.0,G>T
Cytb,Mammalia,Papio_hamadryas,C>G,,8.27777777777778,0.0,G>C
Cytb,Mammalia,Papio_hamadryas,C>T,8.99845,15.999999999999998,0.6332414407089292,G>A
Cytb,Mammalia,Papio_hamadryas,G>A,15.988264,197.66666666666663,0.0910729648764872,C>T
Cytb,Mammalia,Papio_hamadryas,G>C,,79.24999999999999,0.0,C>G
Cytb,Mammalia,Papio_hamadryas,G>T,,79.24999999999999,0.0,C>A
Cytb,Mammalia,Papio_hamadryas,T>A,1.0,92.97222222222224,0.0121106761683664,A>T
Cytb,Mammalia,Papio_hamadryas,T>C,3.98476,144.72222222222217,0.0310019170405191,A>G
Cytb,Mammalia,Papio_hamadryas,T>G,,92.97222222222224,0.0,A>C
CO1,Actinopteri,Paramisgurnus_dabryanus,A>C,,73.08333333333333,0.0,T>G
CO1,Actinopteri,Paramisgurnus_dabryanus,A>G,11.549643,165.41666666666666,0.3570924924125114,T>C
CO1,Actinopteri,Paramisgurnus_dabryanus,A>T,,73.08333333333333,0.0,T>A
CO1,Actinopteri,Paramisgurnus_dabryanus,C>A,,28.250000000000004,0.0,G>T
CO1,Actinopteri,Paramisgurnus_dabryanus,C>G,,28.250000000000004,0.0,G>C
CO1,Actinopteri,Paramisgurnus_dabryanus,C>T,1.99832,49.75000000000001,0.2054297672888026,G>A
CO1,Actinopteri,Paramisgurnus_dabryanus,G>A,7.989579,172.83333333333334,0.2364219601068529,C>T
CO1,Actinopteri,Paramisgurnus_dabryanus,G>C,,80.08333333333334,0.0,C>G
CO1,Actinopteri,Paramisgurnus_dabryanus,G>T,,80.08333333333334,0.0,C>A
CO1,Actinopteri,Paramisgurnus_dabryanus,T>A,0.996561,100.91666666666666,0.0505047719475361,A>T
CO1,Actinopteri,Paramisgurnus_dabryanus,T>C,4.746702,161.25,0.1505510082442969,A>G
CO1,Actinopteri,Paramisgurnus_dabryanus,T>G,,100.91666666666666,0.0,A>C
Cytb,Actinopteri,Paramisgurnus_dabryanus,A>C,,41.53488372093022,0.0,T>G
Cytb,Actinopteri,Paramisgurnus_dabryanus,A>G,14.862195,113.16279069767442,0.1319267539659682,T>C
Cytb,Actinopteri,Paramisgurnus_dabryanus,A>T,1.0,41.53488372093022,0.0241846926021566,T>A
Cytb,Actinopteri,Paramisgurnus_dabryanus,C>A,,15.395348837209314,0.0,G>T
Cytb,Actinopteri,Paramisgurnus_dabryanus,C>G,,15.395348837209314,0.0,G>C
Cytb,Actinopteri,Paramisgurnus_dabryanus,C>T,14.730119,26.1860465116279,0.5650539186630756,G>A
Cytb,Actinopteri,Paramisgurnus_dabryanus,G>A,12.90283,134.04651162790697,0.0966903270931164,C>T
Cytb,Actinopteri,Paramisgurnus_dabryanus,G>C,,47.46511627906976,0.0,C>G
Cytb,Actinopteri,Paramisgurnus_dabryanus,G>T,1.0,47.46511627906976,0.0211630872060028,C>A
Cytb,Actinopteri,Paramisgurnus_dabryanus,T>A,1.0,100.74418604651162,0.0099708820377312,A>T
Cytb,Actinopteri,Paramisgurnus_dabryanus,T>C,18.63441,142.81395348837205,0.1310685743564863,A>G
Cytb,Actinopteri,Paramisgurnus_dabryanus,T>G,2.0,100.74418604651162,0.0199417640754625,A>C
CO1,Mammalia,Phoca_groenlandica,A>C,,58.91666666666666,0.0,T>G
CO1,Mammalia,Phoca_groenlandica,A>G,13.308245,145.0833333333333,0.2220847476013258,T>C
CO1,Mammalia,Phoca_groenlandica,A>T,,58.91666666666666,0.0,T>A
CO1,Mammalia,Phoca_groenlandica,C>A,,23.5,0.0,G>T
CO1,Mammalia,Phoca_groenlandica,C>G,,23.5,0.0,G>C
CO1,Mammalia,Phoca_groenlandica,C>T,4.98717,37.61111111111113,0.321035810657865,G>A
CO1,Mammalia,Phoca_groenlandica,G>A,21.615015,174.94444444444446,0.299137497596093,C>T
CO1,Mammalia,Phoca_groenlandica,G>C,,64.13888888888891,0.0,C>G
CO1,Mammalia,Phoca_groenlandica,G>T,,64.13888888888891,0.0,C>A
CO1,Mammalia,Phoca_groenlandica,T>A,1.0,127.4722222222222,0.0189932775053958,A>T
CO1,Mammalia,Phoca_groenlandica,T>C,9.958531,201.3333333333333,0.1197553891339242,A>G
CO1,Mammalia,Phoca_groenlandica,T>G,1.0,127.4722222222222,0.0189932775053958,A>C
Cytb,Mammalia,Phoca_groenlandica,A>C,,12.326086956521737,0.0,T>G
Cytb,Mammalia,Phoca_groenlandica,A>G,15.904442,57.65217391304349,0.2190344155150184,T>C
Cytb,Mammalia,Phoca_groenlandica,A>T,1.0,12.326086956521737,0.0644146100969501,T>A
Cytb,Mammalia,Phoca_groenlandica,C>A,,12.326086956521738,0.0,G>T
Cytb,Mammalia,Phoca_groenlandica,C>G,,12.326086956521738,0.0,G>C
Cytb,Mammalia,Phoca_groenlandica,C>T,9.982388,17.978260869565226,0.4408556163187671,G>A
Cytb,Mammalia,Phoca_groenlandica,G>A,21.892504,187.7173913043477,0.0925977719652296,C>T
Cytb,Mammalia,Phoca_groenlandica,G>C,,56.08695652173916,0.0,C>G
Cytb,Mammalia,Phoca_groenlandica,G>T,7.992783,56.08695652173916,0.1131477070942166,C>A
Cytb,Mammalia,Phoca_groenlandica,T>A,2.99915,117.1739130434782,0.0203224874125372,A>T
Cytb,Mammalia,Phoca_groenlandica,T>C,5.99754,162.47826086956516,0.0293080889434531,A>G
Cytb,Mammalia,Phoca_groenlandica,T>G,2.99868,117.1739130434782,0.0203193026538276,A>C
CO1,Mammalia,Phocoena_phocoena,A>C,0.9999,68.70588235294119,0.0410081545874893,T>G
CO1,Mammalia,Phocoena_phocoena,A>G,7.976593,145.00000000000006,0.1550090340101624,T>C
CO1,Mammalia,Phocoena_phocoena,A>T,,68.70588235294119,0.0,T>A
CO1,Mammalia,Phocoena_phocoena,C>A,,20.441176470588232,0.0,G>T
CO1,Mammalia,Phocoena_phocoena,C>G,,20.441176470588232,0.0,G>C
CO1,Mammalia,Phocoena_phocoena,C>T,5.99655,37.91176470588236,0.4456922044250966,G>A
CO1,Mammalia,Phocoena_phocoena,G>A,9.992884,181.5,0.1551392886159851,C>T
CO1,Mammalia,Phocoena_phocoena,G>C,,59.882352941176485,0.0,C>G
CO1,Mammalia,Phocoena_phocoena,G>T,0.99942,59.882352941176485,0.0470280269617765,C>A
CO1,Mammalia,Phocoena_phocoena,T>A,,126.47058823529407,0.0,A>T
CO1,Mammalia,Phocoena_phocoena,T>C,10.712995,193.3529411764707,0.1561232913994899,A>G
CO1,Mammalia,Phocoena_phocoena,T>G,,126.47058823529407,0.0,A>C
Cytb,Mammalia,Phocoena_phocoena,A>C,,22.935483870967744,0.0,T>G
Cytb,Mammalia,Phocoena_phocoena,A>G,14.9326,74.5483870967742,0.3602674864678369,T>C
Cytb,Mammalia,Phocoena_phocoena,A>T,,22.935483870967744,0.0,T>A
Cytb,Mammalia,Phocoena_phocoena,C>A,,11.870967741935484,0.0,G>T
Cytb,Mammalia,Phocoena_phocoena,C>G,,11.870967741935484,0.0,G>C
Cytb,Mammalia,Phocoena_phocoena,C>T,3.99878,17.806451612903224,0.4039038722631357,G>A
Cytb,Mammalia,Phocoena_phocoena,G>A,15.731167,178.9677419354839,0.1580935211157736,C>T
Cytb,Mammalia,Phocoena_phocoena,G>C,,61.06451612903227,0.0,C>G
Cytb,Mammalia,Phocoena_phocoena,G>T,,61.06451612903227,0.0,C>A
Cytb,Mammalia,Phocoena_phocoena,T>A,1.0,99.09677419354836,0.018149654906567,A>T
Cytb,Mammalia,Phocoena_phocoena,T>C,4.980084,150.32258064516137,0.0595854652466866,A>G
Cytb,Mammalia,Phocoena_phocoena,T>G,,99.09677419354836,0.0,A>C
CO1,Actinopteri,Phyllopteryx_taeniolatus,A>C,0.99883,63.52000000000003,0.0591824964448234,T>G
CO1,Actinopteri,Phyllopteryx_taeniolatus,A>G,1.98983,139.24000000000004,0.0537853689156661,T>C
CO1,Actinopteri,Phyllopteryx_taeniolatus,A>T,,63.52000000000003,0.0,T>A
CO1,Actinopteri,Phyllopteryx_taeniolatus,C>A,,33.8,0.0,G>T
CO1,Actinopteri,Phyllopteryx_taeniolatus,C>G,,33.8,0.0,G>C
CO1,Actinopteri,Phyllopteryx_taeniolatus,C>T,6.99749,59.24,0.4445692588970068,G>A
CO1,Actinopteri,Phyllopteryx_taeniolatus,G>A,4.907534,206.96,0.089246068509059,C>T
CO1,Actinopteri,Phyllopteryx_taeniolatus,G>C,,91.64000000000004,0.0,C>G
CO1,Actinopteri,Phyllopteryx_taeniolatus,G>T,,91.64000000000004,0.0,C>A
CO1,Actinopteri,Phyllopteryx_taeniolatus,T>A,,89.03999999999999,0.0,A>T
CO1,Actinopteri,Phyllopteryx_taeniolatus,T>C,13.942192,148.56,0.3532168072334446,A>G
CO1,Actinopteri,Phyllopteryx_taeniolatus,T>G,,89.03999999999999,0.0,A>C
Cytb,Actinopteri,Phyllopteryx_taeniolatus,A>C,,37.8,0.0,T>G
Cytb,Actinopteri,Phyllopteryx_taeniolatus,A>G,5.96508,87.87999999999998,0.1160898150901167,T>C
Cytb,Actinopteri,Phyllopteryx_taeniolatus,A>T,,37.8,0.0,T>A
Cytb,Actinopteri,Phyllopteryx_taeniolatus,C>A,,14.560000000000004,0.0,G>T
Cytb,Actinopteri,Phyllopteryx_taeniolatus,C>G,,14.560000000000004,0.0,G>C
Cytb,Actinopteri,Phyllopteryx_taeniolatus,C>T,8.776095,22.280000000000005,0.6736805740655273,G>A
Cytb,Actinopteri,Phyllopteryx_taeniolatus,G>A,4.99377,180.56,0.0473014969526257,C>T
Cytb,Actinopteri,Phyllopteryx_taeniolatus,G>C,,80.52000000000001,0.0,C>G
Cytb,Actinopteri,Phyllopteryx_taeniolatus,G>T,,80.52000000000001,0.0,C>A
Cytb,Actinopteri,Phyllopteryx_taeniolatus,T>A,,70.92000000000002,0.0,A>T
Cytb,Actinopteri,Phyllopteryx_taeniolatus,T>C,9.801299,120.76000000000002,0.1388124530039658,A>G
Cytb,Actinopteri,Phyllopteryx_taeniolatus,T>G,1.0,70.92000000000002,0.0241156608877642,A>C
CO1,Aves,Phylloscopus_collybita,A>C,,48.48484848484847,0.0,T>G
CO1,Aves,Phylloscopus_collybita,A>G,8.811414,79.45454545454544,0.1683741429278047,T>C
CO1,Aves,Phylloscopus_collybita,A>T,,48.48484848484847,0.0,T>A
CO1,Aves,Phylloscopus_collybita,C>A,,12.939393939393936,0.0,G>T
CO1,Aves,Phylloscopus_collybita,C>G,0.985744,12.939393939393936,0.1156641434021455,G>C
CO1,Aves,Phylloscopus_collybita,C>T,8.554753,23.393939393939384,0.5552040851691906,G>A
CO1,Aves,Phylloscopus_collybita,G>A,11.94736,253.7272727272725,0.071491323561455,C>T
CO1,Aves,Phylloscopus_collybita,G>C,,87.72727272727273,0.0,C>G
CO1,Aves,Phylloscopus_collybita,G>T,,87.72727272727273,0.0,C>A
CO1,Aves,Phylloscopus_collybita,T>A,3.99908,136.24242424242428,0.0445652418901588,A>T
CO1,Aves,Phylloscopus_collybita,T>C,5.988352,203.3939393939395,0.0447010630492451,A>G
CO1,Aves,Phylloscopus_collybita,T>G,,136.24242424242428,0.0,A>C
Cytb,Aves,Phylloscopus_collybita,A>C,0.99729,26.454545454545453,0.0304580079491626,T>G
Cytb,Aves,Phylloscopus_collybita,A>G,19.368995,50.21212121212121,0.3116584121667826,T>C
Cytb,Aves,Phylloscopus_collybita,A>T,,26.454545454545453,0.0,T>A
Cytb,Aves,Phylloscopus_collybita,C>A,,7.696969696969692,0.0,G>T
Cytb,Aves,Phylloscopus_collybita,C>G,,7.696969696969692,0.0,G>C
Cytb,Aves,Phylloscopus_collybita,C>T,5.992,9.757575757575756,0.4961468153546958,G>A
Cytb,Aves,Phylloscopus_collybita,G>A,27.258924,206.6363636363637,0.1065816141984054,C>T
Cytb,Aves,Phylloscopus_collybita,G>C,,67.72727272727273,0.0,C>G
Cytb,Aves,Phylloscopus_collybita,G>T,1.0,67.72727272727273,0.0119293490906751,C>A
Cytb,Aves,Phylloscopus_collybita,T>A,,112.39393939393936,0.0,A>T
Cytb,Aves,Phylloscopus_collybita,T>C,8.420749,157.39393939393935,0.0432258012402783,A>G
Cytb,Aves,Phylloscopus_collybita,T>G,,112.39393939393936,0.0,A>C
CO1,Mammalia,Plecotus_macrobullaris,A>C,,86.75,0.0,T>G
CO1,Mammalia,Plecotus_macrobullaris,A>G,9.788729,197.3125,0.1573192899254828,T>C
CO1,Mammalia,Plecotus_macrobullaris,A>T,,86.75,0.0,T>A
CO1,Mammalia,Plecotus_macrobullaris,C>A,,27.1875,0.0,G>T
CO1,Mammalia,Plecotus_macrobullaris,C>G,,27.1875,0.0,G>C
CO1,Mammalia,Plecotus_macrobullaris,C>T,3.835339,46.875,0.2594613941786567,G>A
CO1,Mammalia,Plecotus_macrobullaris,G>A,16.394094,143.6875,0.3618084485185404,C>T
CO1,Mammalia,Plecotus_macrobullaris,G>C,,55.625,0.0,C>G
CO1,Mammalia,Plecotus_macrobullaris,G>T,0.993201,55.625,0.0566209817919841,C>A
CO1,Mammalia,Plecotus_macrobullaris,T>A,,104.625,0.0,A>T
CO1,Mammalia,Plecotus_macrobullaris,T>C,8.977147,172.75,0.1647898855853359,A>G
CO1,Mammalia,Plecotus_macrobullaris,T>G,,104.625,0.0,A>C
Cytb,Mammalia,Plecotus_macrobullaris,A>C,,46.07692307692307,0.0,T>G
Cytb,Mammalia,Plecotus_macrobullaris,A>G,15.623527,126.34615384615384,0.1290681022314939,T>C
Cytb,Mammalia,Plecotus_macrobullaris,A>T,,46.07692307692307,0.0,T>A
Cytb,Mammalia,Plecotus_macrobullaris,C>A,,7.346153846153845,0.0,G>T
Cytb,Mammalia,Plecotus_macrobullaris,C>G,,7.346153846153845,0.0,G>C
Cytb,Mammalia,Plecotus_macrobullaris,C>T,8.812294,15.34615384615384,0.5993648889437245,G>A
Cytb,Mammalia,Plecotus_macrobullaris,G>A,21.827771,129.5769230769231,0.1758262015270895,C>T
Cytb,Mammalia,Plecotus_macrobullaris,G>C,,47.49999999999999,0.0,C>G
Cytb,Mammalia,Plecotus_macrobullaris,G>T,1.0,47.49999999999999,0.0219739563977643,C>A
Cytb,Mammalia,Plecotus_macrobullaris,T>A,0.97794,88.46153846153848,0.0115387719503228,A>T
Cytb,Mammalia,Plecotus_macrobullaris,T>C,8.596598,144.19230769230768,0.0622280789496047,A>G
Cytb,Mammalia,Plecotus_macrobullaris,T>G,,88.46153846153848,0.0,A>C
CO1,Lepidosauria,Podarcis_siculus,A>C,1.99335,87.0,0.0913265031237414,T>G
CO1,Lepidosauria,Podarcis_siculus,A>G,4.691075,204.8888888888889,0.0912612662229526,T>C
CO1,Lepidosauria,Podarcis_siculus,A>T,,87.0,0.0,T>A
CO1,Lepidosauria,Podarcis_siculus,C>A,,15.444444444444445,0.0,G>T
CO1,Lepidosauria,Podarcis_siculus,C>G,,15.444444444444445,0.0,G>C
CO1,Lepidosauria,Podarcis_siculus,C>T,4.022912,27.88888888888889,0.5749655733140229,G>A
CO1,Lepidosauria,Podarcis_siculus,G>A,1.09071,142.44444444444446,0.0305208272122205,C>T
CO1,Lepidosauria,Podarcis_siculus,G>C,,69.33333333333333,0.0,C>G
CO1,Lepidosauria,Podarcis_siculus,G>T,,69.33333333333333,0.0,C>A
CO1,Lepidosauria,Podarcis_siculus,T>A,,95.0,0.0,A>T
CO1,Lepidosauria,Podarcis_siculus,T>C,9.393036,176.66666666666666,0.2119258301270626,A>G
CO1,Lepidosauria,Podarcis_siculus,T>G,,95.0,0.0,A>C
Cytb,Lepidosauria,Podarcis_siculus,A>C,0.9985,37.15384615384615,0.0488269061457432,T>G
Cytb,Lepidosauria,Podarcis_siculus,A>G,11.025287,118.23076923076924,0.1694237554631235,T>C
Cytb,Lepidosauria,Podarcis_siculus,A>T,,37.15384615384615,0.0,T>A
Cytb,Lepidosauria,Podarcis_siculus,C>A,,3.7692307692307687,0.0,G>T
Cytb,Lepidosauria,Podarcis_siculus,C>G,,3.7692307692307687,0.0,G>C
Cytb,Lepidosauria,Podarcis_siculus,C>T,3.98728,11.461538461538462,0.6320460683016068,G>A
Cytb,Lepidosauria,Podarcis_siculus,G>A,10.273987,153.84615384615384,0.1213297448737787,C>T
Cytb,Lepidosauria,Podarcis_siculus,G>C,,77.38461538461539,0.0,C>G
Cytb,Lepidosauria,Podarcis_siculus,G>T,,77.38461538461539,0.0,C>A
Cytb,Lepidosauria,Podarcis_siculus,T>A,,72.6153846153846,0.0,A>T
Cytb,Lepidosauria,Podarcis_siculus,T>C,1.992973,127.61538461538464,0.0283735252157477,A>G
Cytb,Lepidosauria,Podarcis_siculus,T>G,,72.6153846153846,0.0,A>C
CO1,Mammalia,Prionailurus_bengalensis,A>C,,75.24999999999997,0.0,T>G
CO1,Mammalia,Prionailurus_bengalensis,A>G,20.840537,179.7222222222222,0.1815715843605596,T>C
CO1,Mammalia,Prionailurus_bengalensis,A>T,,75.24999999999997,0.0,T>A
CO1,Mammalia,Prionailurus_bengalensis,C>A,,18.61111111111111,0.0,G>T
CO1,Mammalia,Prionailurus_bengalensis,C>G,,18.61111111111111,0.0,G>C
CO1,Mammalia,Prionailurus_bengalensis,C>T,14.411326,42.69444444444444,0.5285344908693846,G>A
CO1,Mammalia,Prionailurus_bengalensis,G>A,21.427811,148.80555555555551,0.2254755314762604,C>T
CO1,Mammalia,Prionailurus_bengalensis,G>C,,57.88888888888887,0.0,C>G
CO1,Mammalia,Prionailurus_bengalensis,G>T,,57.88888888888887,0.0,C>A
CO1,Mammalia,Prionailurus_bengalensis,T>A,0.99991,112.63888888888889,0.0138999523590752,A>T
CO1,Mammalia,Prionailurus_bengalensis,T>C,5.98664,185.55555555555551,0.0505184409347199,A>G
CO1,Mammalia,Prionailurus_bengalensis,T>G,,112.63888888888889,0.0,A>C
Cytb,Mammalia,Prionailurus_bengalensis,A>C,,23.75,0.0,T>G
Cytb,Mammalia,Prionailurus_bengalensis,A>G,39.014155,68.22000000000004,0.2710648859637716,T>C
Cytb,Mammalia,Prionailurus_bengalensis,A>T,,23.75,0.0,T>A
Cytb,Mammalia,Prionailurus_bengalensis,C>A,,4.039999999999997,0.0,G>T
Cytb,Mammalia,Prionailurus_bengalensis,C>G,,4.039999999999997,0.0,G>C
Cytb,Mammalia,Prionailurus_bengalensis,C>T,14.99684,12.399999999999997,0.5732457520654035,G>A
Cytb,Mammalia,Prionailurus_bengalensis,G>A,36.59359,188.39,0.0920682618079183,C>T
Cytb,Mammalia,Prionailurus_bengalensis,G>C,,66.85999999999997,0.0,C>G
Cytb,Mammalia,Prionailurus_bengalensis,G>T,2.9997,66.85999999999997,0.0212654326575034,C>A
Cytb,Mammalia,Prionailurus_bengalensis,T>A,0.99983,101.05999999999996,0.0046893175375984,A>T
Cytb,Mammalia,Prionailurus_bengalensis,T>C,11.69447,147.15999999999994,0.0376663499678045,A>G
Cytb,Mammalia,Prionailurus_bengalensis,T>G,,101.05999999999996,0.0,A>C
CO1,Mammalia,Procyon_lotor,A>C,,67.92307692307693,0.0,T>G
CO1,Mammalia,Procyon_lotor,A>G,7.972614,156.8461538461538,0.1340985064221046,T>C
CO1,Mammalia,Procyon_lotor,A>T,,67.92307692307693,0.0,T>A
CO1,Mammalia,Procyon_lotor,C>A,,27.769230769230766,0.0,G>T
CO1,Mammalia,Procyon_lotor,C>G,,27.769230769230766,0.0,G>C
CO1,Mammalia,Procyon_lotor,C>T,8.956944,51.384615384615394,0.459858083567171,G>A
CO1,Mammalia,Procyon_lotor,G>A,17.861358,150.3076923076923,0.3134948021413952,C>T
CO1,Mammalia,Procyon_lotor,G>C,,42.23076923076923,0.0,C>G
CO1,Mammalia,Procyon_lotor,G>T,,42.23076923076923,0.0,C>A
CO1,Mammalia,Procyon_lotor,T>A,,132.3846153846154,0.0,A>T
CO1,Mammalia,Procyon_lotor,T>C,3.984502,199.46153846153848,0.0527001633054089,A>G
CO1,Mammalia,Procyon_lotor,T>G,1.99964,132.3846153846154,0.0398484445639202,A>C
Cytb,Mammalia,Procyon_lotor,A>C,,29.971428571428586,0.0,T>G
Cytb,Mammalia,Procyon_lotor,A>G,12.774178,94.4571428571428,0.1556558661534473,T>C
Cytb,Mammalia,Procyon_lotor,A>T,,29.971428571428586,0.0,T>A
Cytb,Mammalia,Procyon_lotor,C>A,0.99958,9.8,0.1173974912218277,G>T
Cytb,Mammalia,Procyon_lotor,C>G,,9.8,0.0,G>C
Cytb,Mammalia,Procyon_lotor,C>T,5.983343,13.800000000000008,0.4990363113183553,G>A
Cytb,Mammalia,Procyon_lotor,G>A,15.680314,153.40000000000003,0.1176512997693119,C>T
Cytb,Mammalia,Procyon_lotor,G>C,0.99945,44.88571428571427,0.0256283275209629,C>G
Cytb,Mammalia,Procyon_lotor,G>T,1.0,44.88571428571427,0.0256424308579348,C>A
Cytb,Mammalia,Procyon_lotor,T>A,1.99902,100.97142857142856,0.0227869380820404,A>T
Cytb,Mammalia,Procyon_lotor,T>C,4.930877,156.7714285714286,0.0362013350761193,A>G
Cytb,Mammalia,Procyon_lotor,T>G,,100.97142857142856,0.0,A>C
CO1,Mammalia,Proechimys_guyannensis,A>C,,83.92857142857142,0.0,T>G
CO1,Mammalia,Proechimys_guyannensis,A>G,5.990485,210.1428571428572,0.063175730563655,T>C
CO1,Mammalia,Proechimys_guyannensis,A>T,,83.92857142857142,0.0,T>A
CO1,Mammalia,Proechimys_guyannensis,C>A,,13.428571428571429,0.0,G>T
CO1,Mammalia,Proechimys_guyannensis,C>G,0.99992,13.428571428571429,0.1650206760319389,G>C
CO1,Mammalia,Proechimys_guyannensis,C>T,5.111754,18.071428571428573,0.6268741773979307,G>A
CO1,Mammalia,Proechimys_guyannensis,G>A,4.789631,116.71428571428572,0.0909454466063184,C>T
CO1,Mammalia,Proechimys_guyannensis,G>C,,41.42857142857142,0.0,C>G
CO1,Mammalia,Proechimys_guyannensis,G>T,,41.42857142857142,0.0,C>A
CO1,Mammalia,Proechimys_guyannensis,T>A,,115.57142857142856,0.0,A>T
CO1,Mammalia,Proechimys_guyannensis,T>C,5.164137,212.00000000000009,0.0539839694001568,A>G
CO1,Mammalia,Proechimys_guyannensis,T>G,,115.57142857142856,0.0,A>C
Cytb,Mammalia,Proechimys_guyannensis,A>C,,38.8695652173913,0.0,T>G
Cytb,Mammalia,Proechimys_guyannensis,A>G,18.956507,118.56521739130432,0.1383003149528192,T>C
Cytb,Mammalia,Proechimys_guyannensis,A>T,1.157372,38.8695652173913,0.0257564167816549,T>A
Cytb,Mammalia,Proechimys_guyannensis,C>A,,6.391304347826087,0.0,G>T
Cytb,Mammalia,Proechimys_guyannensis,C>G,,6.391304347826087,0.0,G>C
Cytb,Mammalia,Proechimys_guyannensis,C>T,6.302770000000001,9.82608695652174,0.5548467053212721,G>A
Cytb,Mammalia,Proechimys_guyannensis,G>A,29.018206,127.82608695652168,0.1963691320364215,C>T
Cytb,Mammalia,Proechimys_guyannensis,G>C,,34.78260869565217,0.0,C>G
Cytb,Mammalia,Proechimys_guyannensis,G>T,1.25467,34.78260869565217,0.0312025090878672,C>A
Cytb,Mammalia,Proechimys_guyannensis,T>A,0.99343,98.9565217391304,0.0086839038184723,A>T
Cytb,Mammalia,Proechimys_guyannensis,T>C,8.490262,163.78260869565213,0.0448410180014927,A>G
Cytb,Mammalia,Proechimys_guyannensis,T>G,,98.9565217391304,0.0,A>C
CO1,Mammalia,Propithecus_diadema,A>C,,60.8421052631579,0.0,T>G
CO1,Mammalia,Propithecus_diadema,A>G,10.741785,147.78947368421055,0.1384200104325954,T>C
CO1,Mammalia,Propithecus_diadema,A>T,,60.8421052631579,0.0,T>A
CO1,Mammalia,Propithecus_diadema,C>A,,15.26315789473684,0.0,G>T
CO1,Mammalia,Propithecus_diadema,C>G,,15.26315789473684,0.0,G>C
CO1,Mammalia,Propithecus_diadema,C>T,8.403384,23.05263157894737,0.6942240014102671,G>A
CO1,Mammalia,Propithecus_diadema,G>A,8.741327,174.21052631578948,0.0955584064086317,C>T
CO1,Mammalia,Propithecus_diadema,G>C,,65.26315789473685,0.0,C>G
CO1,Mammalia,Propithecus_diadema,G>T,,65.26315789473685,0.0,C>A
CO1,Mammalia,Propithecus_diadema,T>A,1.0,124.05263157894736,0.0153518225917603,A>T
CO1,Mammalia,Propithecus_diadema,T>C,6.274135,211.68421052631584,0.0564457591567453,A>G
CO1,Mammalia,Propithecus_diadema,T>G,,124.05263157894736,0.0,A>C
Cytb,Mammalia,Propithecus_diadema,A>C,,34.368421052631575,0.0,T>G
Cytb,Mammalia,Propithecus_diadema,A>G,22.223384,77.47368421052633,0.8477809548543336,T>C
Cytb,Mammalia,Propithecus_diadema,A>T,,34.368421052631575,0.0,T>A
Cytb,Mammalia,Propithecus_diadema,C>A,,1.5263157894736838,0.0,G>T
Cytb,Mammalia,Propithecus_diadema,C>G,,1.5263157894736838,0.0,G>C
Cytb,Mammalia,Propithecus_diadema,C>T,,6.157894736842105,0.0,G>A
Cytb,Mammalia,Propithecus_diadema,G>A,8.187898,183.0,0.1322357883367586,C>T
Cytb,Mammalia,Propithecus_diadema,G>C,,62.368421052631575,0.0,C>G
Cytb,Mammalia,Propithecus_diadema,G>T,,62.368421052631575,0.0,C>A
Cytb,Mammalia,Propithecus_diadema,T>A,,95.8421052631579,0.0,A>T
Cytb,Mammalia,Propithecus_diadema,T>C,0.99998,147.8947368421052,0.0199832568089077,A>G
Cytb,Mammalia,Propithecus_diadema,T>G,,95.8421052631579,0.0,A>C
CO1,Amphibia,Ptychadena_amharensis,A>C,,79.04000000000002,0.0,T>G
CO1,Amphibia,Ptychadena_amharensis,A>G,17.988970000000002,179.68,0.3331779848024976,T>C
CO1,Amphibia,Ptychadena_amharensis,A>T,0.99962,79.04000000000002,0.0420879471669199,T>A
CO1,Amphibia,Ptychadena_amharensis,C>A,,44.56,0.0,G>T
CO1,Amphibia,Ptychadena_amharensis,C>G,,44.56,0.0,G>C
CO1,Amphibia,Ptychadena_amharensis,C>T,2.99497,68.87999999999998,0.1447001817217745,G>A
CO1,Amphibia,Ptychadena_amharensis,G>A,9.9961,169.4,0.1963753285191209,C>T
CO1,Amphibia,Ptychadena_amharensis,G>C,1.0,82.11999999999999,0.0405247923104271,C>G
CO1,Amphibia,Ptychadena_amharensis,G>T,,82.11999999999999,0.0,C>A
CO1,Amphibia,Ptychadena_amharensis,T>A,,74.24000000000001,0.0,A>T
CO1,Amphibia,Ptychadena_amharensis,T>C,7.98499,134.00000000000006,0.1983075808815728,A>G
CO1,Amphibia,Ptychadena_amharensis,T>G,1.0,74.24000000000001,0.0448261845976869,A>C
Cytb,Amphibia,Ptychadena_amharensis,A>C,,42.85185185185185,0.0,T>G
Cytb,Amphibia,Ptychadena_amharensis,A>G,14.88576,96.74074074074078,0.3172325871615812,T>C
Cytb,Amphibia,Ptychadena_amharensis,A>T,0.97603,42.85185185185185,0.0469580182994977,T>A
Cytb,Amphibia,Ptychadena_amharensis,C>A,,29.14814814814814,0.0,G>T
Cytb,Amphibia,Ptychadena_amharensis,C>G,,29.14814814814814,0.0,G>C
Cytb,Amphibia,Ptychadena_amharensis,C>T,6.971542,38.77777777777776,0.3706483912321587,G>A
Cytb,Amphibia,Ptychadena_amharensis,G>A,7.9971,174.74074074074082,0.0943527457743178,C>T
Cytb,Amphibia,Ptychadena_amharensis,G>C,,84.81481481481481,0.0,C>G
Cytb,Amphibia,Ptychadena_amharensis,G>T,1.0,84.81481481481481,0.0243077337457989,C>A
Cytb,Amphibia,Ptychadena_amharensis,T>A,1.99989,53.185185185185176,0.0775231876306607,A>T
Cytb,Amphibia,Ptychadena_amharensis,T>C,3.0,89.66666666666664,0.0689773361559847,A>G
Cytb,Amphibia,Ptychadena_amharensis,T>G,,53.185185185185176,0.0,A>C
CO1,Amphibia,Ptychadena_beka,A>C,,74.86206896551722,0.0,T>G
CO1,Amphibia,Ptychadena_beka,A>G,14.95798,177.3103448275862,0.313501320499392,T>C
CO1,Amphibia,Ptychadena_beka,A>T,,74.86206896551722,0.0,T>A
CO1,Amphibia,Ptychadena_beka,C>A,,24.448275862068968,0.0,G>T
CO1,Amphibia,Ptychadena_beka,C>G,,24.448275862068968,0.0,G>C
CO1,Amphibia,Ptychadena_beka,C>T,4.6106300000000005,44.51724137931033,0.384886366809768,G>A
CO1,Amphibia,Ptychadena_beka,G>A,3.0,166.68965517241378,0.0668825937868451,C>T
CO1,Amphibia,Ptychadena_beka,G>C,,79.13793103448276,0.0,C>G
CO1,Amphibia,Ptychadena_beka,G>T,,79.13793103448276,0.0,C>A
CO1,Amphibia,Ptychadena_beka,T>A,,93.58620689655172,0.0,A>T
CO1,Amphibia,Ptychadena_beka,T>C,10.38934,164.48275862068965,0.2347297189039946,A>G
CO1,Amphibia,Ptychadena_beka,T>G,,93.58620689655172,0.0,A>C
Cytb,Amphibia,Ptychadena_beka,A>C,,41.66666666666667,0.0,T>G
Cytb,Amphibia,Ptychadena_beka,A>G,9.99367,108.71428571428572,0.2353767928432079,T>C
Cytb,Amphibia,Ptychadena_beka,A>T,,41.66666666666667,0.0,T>A
Cytb,Amphibia,Ptychadena_beka,C>A,,19.333333333333336,0.0,G>T
Cytb,Amphibia,Ptychadena_beka,C>G,,19.333333333333336,0.0,G>C
Cytb,Amphibia,Ptychadena_beka,C>T,3.99846,26.714285714285708,0.3832431864857731,G>A
Cytb,Amphibia,Ptychadena_beka,G>A,4.0,146.33333333333334,0.0699909646204737,C>T
Cytb,Amphibia,Ptychadena_beka,G>C,,64.23809523809526,0.0,C>G
Cytb,Amphibia,Ptychadena_beka,G>T,2.0,64.23809523809526,0.0797191379832156,C>A
Cytb,Amphibia,Ptychadena_beka,T>A,,67.0,0.0,A>T
Cytb,Amphibia,Ptychadena_beka,T>C,9.98708,110.38095238095238,0.2316699180673294,A>G
Cytb,Amphibia,Ptychadena_beka,T>G,,67.0,0.0,A>C
CO1,Amphibia,Ptychadena_cooperi,A>C,0.414915,95.09523809523807,0.0274773406798494,T>G
CO1,Amphibia,Ptychadena_cooperi,A>G,9.202742,196.61904761904765,0.2947582649018493,T>C
CO1,Amphibia,Ptychadena_cooperi,A>T,,95.09523809523807,0.0,T>A
CO1,Amphibia,Ptychadena_cooperi,C>A,,31.47619047619048,0.0,G>T
CO1,Amphibia,Ptychadena_cooperi,C>G,,31.47619047619048,0.0,G>C
CO1,Amphibia,Ptychadena_cooperi,C>T,1.397669,53.90476190476191,0.1632869712032995,G>A
CO1,Amphibia,Ptychadena_cooperi,G>A,10.618558,155.95238095238096,0.4287931775835234,C>T
CO1,Amphibia,Ptychadena_cooperi,G>C,0.329164,74.85714285714285,0.0276919422396507,C>G
CO1,Amphibia,Ptychadena_cooperi,G>T,,74.85714285714285,0.0,C>A
CO1,Amphibia,Ptychadena_cooperi,T>A,,78.09523809523807,0.0,A>T
CO1,Amphibia,Ptychadena_cooperi,T>C,1.308944,142.1428571428571,0.0579923033918275,A>G
CO1,Amphibia,Ptychadena_cooperi,T>G,,78.09523809523807,0.0,A>C
Cytb,Amphibia,Ptychadena_cooperi,A>C,1.99842,43.16666666666666,0.1088221746814524,T>G
Cytb,Amphibia,Ptychadena_cooperi,A>G,9.755114,113.125,0.2026996055532709,T>C
Cytb,Amphibia,Ptychadena_cooperi,A>T,,43.16666666666666,0.0,T>A
Cytb,Amphibia,Ptychadena_cooperi,C>A,,23.125,0.0,G>T
Cytb,Amphibia,Ptychadena_cooperi,C>G,,23.125,0.0,G>C
Cytb,Amphibia,Ptychadena_cooperi,C>T,3.78588,35.16666666666667,0.2530549203133542,G>A
Cytb,Amphibia,Ptychadena_cooperi,G>A,6.9306920000000005,145.12499999999997,0.1122570210605467,C>T
Cytb,Amphibia,Ptychadena_cooperi,G>C,,66.87499999999999,0.0,C>G
Cytb,Amphibia,Ptychadena_cooperi,G>T,2.99393,66.87499999999999,0.1052342217916098,C>A
Cytb,Amphibia,Ptychadena_cooperi,T>A,0.973146,62.91666666666667,0.0363572848731453,A>T
Cytb,Amphibia,Ptychadena_cooperi,T>C,5.879569,95.83333333333336,0.1442142062275632,A>G
Cytb,Amphibia,Ptychadena_cooperi,T>G,1.0,62.91666666666667,0.037360565499057,A>C
CO1,Mammalia,Rattus_norvegicus,A>C,,58.833333333333336,0.0,T>G
CO1,Mammalia,Rattus_norvegicus,A>G,6.433445,141.91666666666669,0.1724449855629471,T>C
CO1,Mammalia,Rattus_norvegicus,A>T,,58.833333333333336,0.0,T>A
CO1,Mammalia,Rattus_norvegicus,C>A,,14.75,0.0,G>T
CO1,Mammalia,Rattus_norvegicus,C>G,,14.75,0.0,G>C
CO1,Mammalia,Rattus_norvegicus,C>T,2.99556,21.0,0.5426241364912778,G>A
CO1,Mammalia,Rattus_norvegicus,G>A,6.948952,176.33333333333331,0.1499081601997915,C>T
CO1,Mammalia,Rattus_norvegicus,G>C,,69.50000000000001,0.0,C>G
CO1,Mammalia,Rattus_norvegicus,G>T,,69.50000000000001,0.0,C>A
CO1,Mammalia,Rattus_norvegicus,T>A,0.99985,134.08333333333331,0.0283661524470433,A>T
CO1,Mammalia,Rattus_norvegicus,T>C,5.941722,211.91666666666669,0.1066565652989401,A>G
CO1,Mammalia,Rattus_norvegicus,T>G,,134.08333333333331,0.0,A>C
Cytb,Mammalia,Rattus_norvegicus,A>C,,21.081081081081106,0.0,T>G
Cytb,Mammalia,Rattus_norvegicus,A>G,44.57521,67.30810810810827,0.1484576793000467,T>C
Cytb,Mammalia,Rattus_norvegicus,A>T,3.0,21.081081081081106,0.0319010537755123,T>A
Cytb,Mammalia,Rattus_norvegicus,C>A,,4.881081081081086,0.0,G>T
Cytb,Mammalia,Rattus_norvegicus,C>G,1.0,4.881081081081086,0.045926212522886,G>C
Cytb,Mammalia,Rattus_norvegicus,C>T,19.99036,7.059459459459459,0.6347837780684595,G>A
Cytb,Mammalia,Rattus_norvegicus,G>A,56.577913,184.71891891891897,0.0686613279096082,C>T
Cytb,Mammalia,Rattus_norvegicus,G>C,2.0,58.99459459459448,0.0075996646340784,C>G
Cytb,Mammalia,Rattus_norvegicus,G>T,1.0,58.99459459459448,0.0037998323170392,C>A
Cytb,Mammalia,Rattus_norvegicus,T>A,5.967325,104.6162162162162,0.0127866664481372,A>T
Cytb,Mammalia,Rattus_norvegicus,T>C,27.876871,157.58378378378387,0.0396560226777082,A>G
Cytb,Mammalia,Rattus_norvegicus,T>G,2.99973,104.6162162162162,0.0064277623465238,A>C
CO1,Actinopteri,Rhinichthys_osculus,A>C,1.882948,69.10000000000001,0.0404949860369875,T>G
CO1,Actinopteri,Rhinichthys_osculus,A>G,15.764956,151.45000000000002,0.154690790801786,T>C
CO1,Actinopteri,Rhinichthys_osculus,A>T,0.31147,69.10000000000001,0.0066985244950686,T>A
CO1,Actinopteri,Rhinichthys_osculus,C>A,0.99788,32.25,0.045982181753183,G>T
CO1,Actinopteri,Rhinichthys_osculus,C>G,0.99026,32.25,0.0456310531355544,G>C
CO1,Actinopteri,Rhinichthys_osculus,C>T,13.249304,53.95,0.364957749805963,G>A
CO1,Actinopteri,Rhinichthys_osculus,G>A,14.734124,173.6,0.1261291804967398,C>T
CO1,Actinopteri,Rhinichthys_osculus,G>C,,74.94999999999999,0.0,C>G
CO1,Actinopteri,Rhinichthys_osculus,G>T,2.876115,74.94999999999999,0.0570263511841375,C>A
CO1,Actinopteri,Rhinichthys_osculus,T>A,1.872911,113.35,0.024554810691896,A>T
CO1,Actinopteri,Rhinichthys_osculus,T>C,15.129897,168.0,0.1338343715986837,A>G
CO1,Actinopteri,Rhinichthys_osculus,T>G,,113.35,0.0,A>C
Cytb,Actinopteri,Rhinichthys_osculus,A>C,2.97736,28.47826086956524,0.0301152142996999,T>G
Cytb,Actinopteri,Rhinichthys_osculus,A>G,42.01271,93.11594202898556,0.1299644961707207,T>C
Cytb,Actinopteri,Rhinichthys_osculus,A>T,0.996382,28.47826086956524,0.0100781421979081,T>A
Cytb,Actinopteri,Rhinichthys_osculus,C>A,0.99977,29.15942028985505,0.0098761866169989,G>T
Cytb,Actinopteri,Rhinichthys_osculus,C>G,6.823084,29.15942028985505,0.0674015532447059,G>C
Cytb,Actinopteri,Rhinichthys_osculus,C>T,61.431116,47.97826086956528,0.3688178875920182,G>A
Cytb,Actinopteri,Rhinichthys_osculus,G>A,65.552042,152.6159420289854,0.123724126292527,C>T
Cytb,Actinopteri,Rhinichthys_osculus,G>C,0.99293,56.10144927536225,0.0050981501769599,C>G
Cytb,Actinopteri,Rhinichthys_osculus,G>T,0.9999,56.10144927536225,0.0051339372986436,C>A
Cytb,Actinopteri,Rhinichthys_osculus,T>A,1.99997,84.9202898550724,0.0067839101278437,A>T
Cytb,Actinopteri,Rhinichthys_osculus,T>C,107.012694,130.45652173913064,0.2362857739010332,A>G
Cytb,Actinopteri,Rhinichthys_osculus,T>G,1.981312,84.9202898550724,0.0067206220809403,A>C
CO1,Mammalia,Rusa_unicolor,A>C,,66.40740740740739,0.0,T>G
CO1,Mammalia,Rusa_unicolor,A>G,28.03162,179.11111111111106,0.1861601879563096,T>C
CO1,Mammalia,Rusa_unicolor,A>T,,66.40740740740739,0.0,T>A
CO1,Mammalia,Rusa_unicolor,C>A,,15.148148148148143,0.0,G>T
CO1,Mammalia,Rusa_unicolor,C>G,,15.148148148148143,0.0,G>C
CO1,Mammalia,Rusa_unicolor,C>T,10.960296,24.740740740740748,0.5269515962337297,G>A
CO1,Mammalia,Rusa_unicolor,G>A,18.768731,143.7777777777778,0.1552759813263682,C>T
CO1,Mammalia,Rusa_unicolor,G>C,,57.66666666666666,0.0,C>G
CO1,Mammalia,Rusa_unicolor,G>T,1.88499,57.66666666666666,0.0388817086607979,C>A
CO1,Mammalia,Rusa_unicolor,T>A,1.99869,123.74074074074078,0.0192129418231023,A>T
CO1,Mammalia,Rusa_unicolor,T>C,12.967798,209.81481481481472,0.073517583999692,A>G
CO1,Mammalia,Rusa_unicolor,T>G,,123.74074074074078,0.0,A>C
Cytb,Mammalia,Rusa_unicolor,A>C,,21.21052631578948,0.0,T>G
Cytb,Mammalia,Rusa_unicolor,A>G,23.795893,82.73684210526316,0.204799125655671,T>C
Cytb,Mammalia,Rusa_unicolor,A>T,0.99504,21.21052631578948,0.0334052038103319,T>A
Cytb,Mammalia,Rusa_unicolor,C>A,,7.315789473684207,0.0,G>T
Cytb,Mammalia,Rusa_unicolor,C>G,,7.315789473684207,0.0,G>C
Cytb,Mammalia,Rusa_unicolor,C>T,10.930403,13.394736842105267,0.5810680819594376,G>A
Cytb,Mammalia,Rusa_unicolor,G>A,24.589678,154.13157894736838,0.1136020702307265,C>T
Cytb,Mammalia,Rusa_unicolor,G>C,,47.05263157894736,0.0,C>G
Cytb,Mammalia,Rusa_unicolor,G>T,0.99979,47.05263157894736,0.0151303823262771,C>A
Cytb,Mammalia,Rusa_unicolor,T>A,,110.55263157894731,0.0,A>T
Cytb,Mammalia,Rusa_unicolor,T>C,8.9643,163.15789473684208,0.0391231055105369,A>G
Cytb,Mammalia,Rusa_unicolor,T>G,1.99844,110.55263157894731,0.0128720305070187,A>C
CO1,Amphibia,Salamandrella_keyserlingii,A>C,,84.20000000000002,0.0,T>G
CO1,Amphibia,Salamandrella_keyserlingii,A>G,6.99698,226.35,0.0585481888243963,T>C
CO1,Amphibia,Salamandrella_keyserlingii,A>T,,84.20000000000002,0.0,T>A
CO1,Amphibia,Salamandrella_keyserlingii,C>A,1.99797,22.3,0.1696943688738845,G>T
CO1,Amphibia,Salamandrella_keyserlingii,C>G,,22.3,0.0,G>C
CO1,Amphibia,Salamandrella_keyserlingii,C>T,5.968641,36.55,0.309293937668407,G>A
CO1,Amphibia,Salamandrella_keyserlingii,G>A,12.778447,102.05,0.2371637987885016,C>T
CO1,Amphibia,Salamandrella_keyserlingii,G>C,,49.99999999999999,0.0,C>G
CO1,Amphibia,Salamandrella_keyserlingii,G>T,,49.99999999999999,0.0,C>A
CO1,Amphibia,Salamandrella_keyserlingii,T>A,1.99999,104.05,0.0364056735747812,A>T
CO1,Amphibia,Salamandrella_keyserlingii,T>C,17.398144,193.05,0.1706932888193358,A>G
CO1,Amphibia,Salamandrella_keyserlingii,T>G,0.99988,104.05,0.0182007434506933,A>C
Cytb,Amphibia,Salamandrella_keyserlingii,A>C,2.0,41.586956521739125,0.056132272207262,T>G
Cytb,Amphibia,Salamandrella_keyserlingii,A>G,24.847095,134.21739130434793,0.2160760301984713,T>C
Cytb,Amphibia,Salamandrella_keyserlingii,A>T,1.0,41.586956521739125,0.028066136103631,T>A
Cytb,Amphibia,Salamandrella_keyserlingii,C>A,,6.826086956521738,0.0,G>T
Cytb,Amphibia,Salamandrella_keyserlingii,C>G,,6.826086956521738,0.0,G>C
Cytb,Amphibia,Salamandrella_keyserlingii,C>T,4.99684,14.23913043478261,0.4095922592262494,G>A
Cytb,Amphibia,Salamandrella_keyserlingii,G>A,10.1052,98.58695652173918,0.1196369186757641,C>T
Cytb,Amphibia,Salamandrella_keyserlingii,G>C,,37.26086956521738,0.0,C>G
Cytb,Amphibia,Salamandrella_keyserlingii,G>T,1.0,37.26086956521738,0.031324689828615,C>A
Cytb,Amphibia,Salamandrella_keyserlingii,T>A,,101.71739130434788,0.0,A>T
Cytb,Amphibia,Salamandrella_keyserlingii,T>C,16.735045,168.06521739130432,0.1162221240373116,A>G
Cytb,Amphibia,Salamandrella_keyserlingii,T>G,2.0,101.71739130434788,0.0229495697226955,A>C
CO1,Actinopteri,Salmo_trutta,A>C,,55.10526315789471,0.0,T>G
CO1,Actinopteri,Salmo_trutta,A>G,13.904324,144.42105263157896,0.1764977389144385,T>C
CO1,Actinopteri,Salmo_trutta,A>T,,55.10526315789471,0.0,T>A
CO1,Actinopteri,Salmo_trutta,C>A,,21.52631578947369,0.0,G>T
CO1,Actinopteri,Salmo_trutta,C>G,,21.52631578947369,0.0,G>C
CO1,Actinopteri,Salmo_trutta,C>T,11.412294,36.94736842105264,0.5662513013048773,G>A
CO1,Actinopteri,Salmo_trutta,G>A,6.989242,206.578947368421,0.0620245741066454,C>T
CO1,Actinopteri,Salmo_trutta,G>C,,113.0,0.0,C>G
CO1,Actinopteri,Salmo_trutta,G>T,,113.0,0.0,C>A
CO1,Actinopteri,Salmo_trutta,T>A,0.98443,90.4736842105263,0.0199472181529819,A>T
CO1,Actinopteri,Salmo_trutta,T>C,13.196238,156.05263157894743,0.1550239561984991,A>G
CO1,Actinopteri,Salmo_trutta,T>G,0.99963,90.4736842105263,0.0202552113225575,A>C
Cytb,Actinopteri,Salmo_trutta,A>C,2.0,47.95238095238094,0.015792116936126,T>G
Cytb,Actinopteri,Salmo_trutta,A>G,22.918038,96.58333333333324,0.0898453855281349,T>C
Cytb,Actinopteri,Salmo_trutta,A>T,2.500835,47.95238095238094,0.0197467393789784,T>A
Cytb,Actinopteri,Salmo_trutta,C>A,,10.011904761904756,0.0,G>T
Cytb,Actinopteri,Salmo_trutta,C>G,,10.011904761904756,0.0,G>C
Cytb,Actinopteri,Salmo_trutta,C>T,33.691952,18.27380952380951,0.6980999563659668,G>A
Cytb,Actinopteri,Salmo_trutta,G>A,23.757914,178.92857142857133,0.0502746600583834,C>T
Cytb,Actinopteri,Salmo_trutta,G>C,,81.27380952380945,0.0,C>G
Cytb,Actinopteri,Salmo_trutta,G>T,4.430206,81.27380952380945,0.0206392463810017,C>A
Cytb,Actinopteri,Salmo_trutta,T>A,,71.60714285714286,0.0,A>T
Cytb,Actinopteri,Salmo_trutta,T>C,27.211849,114.39285714285715,0.0900698991292327,A>G
Cytb,Actinopteri,Salmo_trutta,T>G,2.9374,71.60714285714286,0.0155319962221758,A>C
CO1,Actinopteri,Sardinella_longiceps,A>C,,73.22727272727269,0.0,T>G
CO1,Actinopteri,Sardinella_longiceps,A>G,7.99151,135.52272727272728,0.101855653818646,T>C
CO1,Actinopteri,Sardinella_longiceps,A>T,0.99985,73.22727272727269,0.0235847033404046,T>A
CO1,Actinopteri,Sardinella_longiceps,C>A,,30.86363636363636,0.0,G>T
CO1,Actinopteri,Sardinella_longiceps,C>G,0.99965,30.86363636363636,0.0559460337996405,G>C
CO1,Actinopteri,Sardinella_longiceps,C>T,13.992051,58.90909090909094,0.4102678497651547,G>A
CO1,Actinopteri,Sardinella_longiceps,G>A,9.99022,181.4772727272727,0.0950870195046885,C>T
CO1,Actinopteri,Sardinella_longiceps,G>C,1.0,61.7954545454545,0.0279519361382632,C>G
CO1,Actinopteri,Sardinella_longiceps,G>T,1.998331,61.7954545454545,0.0558572204951117,C>A
CO1,Actinopteri,Sardinella_longiceps,T>A,3.0,121.13636363636364,0.0427774752494959,A>T
CO1,Actinopteri,Sardinella_longiceps,T>C,16.980675,170.1136363636364,0.1724186531354624,A>G
CO1,Actinopteri,Sardinella_longiceps,T>G,0.9996,121.13636363636364,0.014253454753132,A>C
Cytb,Actinopteri,Sardinella_longiceps,A>C,1.9993,52.90000000000002,0.0349195586984121,T>G
Cytb,Actinopteri,Sardinella_longiceps,A>G,18.940861,95.82500000000002,0.1826279910001548,T>C
Cytb,Actinopteri,Sardinella_longiceps,A>T,0.997631,52.90000000000002,0.0174245157124271,T>A
Cytb,Actinopteri,Sardinella_longiceps,C>A,,24.375000000000007,0.0,G>T
Cytb,Actinopteri,Sardinella_longiceps,C>G,0.99633,24.375000000000007,0.0377663519105864,G>C
Cytb,Actinopteri,Sardinella_longiceps,C>T,17.696687,42.54999999999999,0.3842721036327668,G>A
Cytb,Actinopteri,Sardinella_longiceps,G>A,8.994041,157.99999999999997,0.0525949720548204,C>T
Cytb,Actinopteri,Sardinella_longiceps,G>C,1.0,57.825,0.015978308838236,C>G
Cytb,Actinopteri,Sardinella_longiceps,G>T,1.99887,57.825,0.0319385621874849,C>A
Cytb,Actinopteri,Sardinella_longiceps,T>A,0.99985,79.67499999999998,0.0115946923967959,A>T
Cytb,Actinopteri,Sardinella_longiceps,T>C,27.899995,111.65,0.2308829435683151,A>G
Cytb,Actinopteri,Sardinella_longiceps,T>G,,79.67499999999998,0.0,A>C
CO1,Actinopteri,Schismatogobius_ampluvinculus,A>C,,70.8,0.0,T>G
CO1,Actinopteri,Schismatogobius_ampluvinculus,A>G,2.99998,144.9333333333333,0.0620324259731673,T>C
CO1,Actinopteri,Schismatogobius_ampluvinculus,A>T,,70.8,0.0,T>A
CO1,Actinopteri,Schismatogobius_ampluvinculus,C>A,,28.933333333333334,0.0,G>T
CO1,Actinopteri,Schismatogobius_ampluvinculus,C>G,0.9997,28.933333333333334,0.1035475693627866,G>C
CO1,Actinopteri,Schismatogobius_ampluvinculus,C>T,10.99367,50.86666666666667,0.6477062754271083,G>A
CO1,Actinopteri,Schismatogobius_ampluvinculus,G>A,5.99371,183.13333333333333,0.0980837390106714,C>T
CO1,Actinopteri,Schismatogobius_ampluvinculus,G>C,,73.26666666666667,0.0,C>G
CO1,Actinopteri,Schismatogobius_ampluvinculus,G>T,,73.26666666666667,0.0,C>A
CO1,Actinopteri,Schismatogobius_ampluvinculus,T>A,,113.0,0.0,A>T
CO1,Actinopteri,Schismatogobius_ampluvinculus,T>C,5.0,169.06666666666666,0.0886299902262662,A>G
CO1,Actinopteri,Schismatogobius_ampluvinculus,T>G,,113.0,0.0,A>C
Cytb,Actinopteri,Schismatogobius_ampluvinculus,A>C,,52.916666666666686,0.0,T>G
Cytb,Actinopteri,Schismatogobius_ampluvinculus,A>G,8.956126,115.08333333333331,0.1288711929994611,T>C
Cytb,Actinopteri,Schismatogobius_ampluvinculus,A>T,,52.916666666666686,0.0,T>A
Cytb,Actinopteri,Schismatogobius_ampluvinculus,C>A,,19.166666666666668,0.0,G>T
Cytb,Actinopteri,Schismatogobius_ampluvinculus,C>G,,19.166666666666668,0.0,G>C
Cytb,Actinopteri,Schismatogobius_ampluvinculus,C>T,13.954469,39.95833333333333,0.5783011239469931,G>A
Cytb,Actinopteri,Schismatogobius_ampluvinculus,G>A,5.969734,165.79166666666663,0.0596266444120804,C>T
Cytb,Actinopteri,Schismatogobius_ampluvinculus,G>C,2.0,78.83333333333334,0.0420115003703463,C>G
Cytb,Actinopteri,Schismatogobius_ampluvinculus,G>T,0.99992,78.83333333333334,0.0210040697251583,C>A
Cytb,Actinopteri,Schismatogobius_ampluvinculus,T>A,,52.5,0.0,A>T
Cytb,Actinopteri,Schismatogobius_ampluvinculus,T>C,8.958284,87.16666666666667,0.1701854685459606,A>G
Cytb,Actinopteri,Schismatogobius_ampluvinculus,T>G,,52.5,0.0,A>C
CO1,Mammalia,Sciurus_anomalus,A>C,,72.1764705882353,0.0,T>G
CO1,Mammalia,Sciurus_anomalus,A>G,8.98691,173.47058823529414,0.1850003103080071,T>C
CO1,Mammalia,Sciurus_anomalus,A>T,,72.1764705882353,0.0,T>A
CO1,Mammalia,Sciurus_anomalus,C>A,,23.0,0.0,G>T
CO1,Mammalia,Sciurus_anomalus,C>G,,23.0,0.0,G>C
CO1,Mammalia,Sciurus_anomalus,C>T,3.994863,33.64705882352941,0.423977391321944,G>A
CO1,Mammalia,Sciurus_anomalus,G>A,6.98175,151.58823529411762,0.1644700074585585,C>T
CO1,Mammalia,Sciurus_anomalus,G>C,,52.764705882352935,0.0,C>G
CO1,Mammalia,Sciurus_anomalus,G>T,,52.764705882352935,0.0,C>A
CO1,Mammalia,Sciurus_anomalus,T>A,1.0,120.82352941176472,0.0295553698035523,A>T
CO1,Mammalia,Sciurus_anomalus,T>C,10.99426,199.29411764705884,0.1969969211079379,A>G
CO1,Mammalia,Sciurus_anomalus,T>G,,120.82352941176472,0.0,A>C
Cytb,Mammalia,Sciurus_anomalus,A>C,,52.08571428571429,0.0,T>G
Cytb,Mammalia,Sciurus_anomalus,A>G,23.957331,124.05714285714288,0.3183545658782004,T>C
Cytb,Mammalia,Sciurus_anomalus,A>T,,52.08571428571429,0.0,T>A
Cytb,Mammalia,Sciurus_anomalus,C>A,,3.6571428571428575,0.0,G>T
Cytb,Mammalia,Sciurus_anomalus,C>G,,3.6571428571428575,0.0,G>C
Cytb,Mammalia,Sciurus_anomalus,C>T,0.99999,9.485714285714288,0.1737881028013673,G>A
Cytb,Mammalia,Sciurus_anomalus,G>A,23.942274,155.94285714285715,0.2531012757122601,C>T
Cytb,Mammalia,Sciurus_anomalus,G>C,1.0,64.99999999999997,0.0253618580713516,C>G
Cytb,Mammalia,Sciurus_anomalus,G>T,,64.99999999999997,0.0,C>A
Cytb,Mammalia,Sciurus_anomalus,T>A,2.99981,63.65714285714284,0.0776856906076409,A>T
Cytb,Mammalia,Sciurus_anomalus,T>C,10.98803,119.40000000000003,0.1517085069291795,A>G
Cytb,Mammalia,Sciurus_anomalus,T>G,,63.65714285714284,0.0,A>C
CO1,Aves,Setophaga_coronata,A>C,,47.240000000000016,0.0,T>G
CO1,Aves,Setophaga_coronata,A>G,4.99639,79.36000000000001,0.159911682451283,T>C
CO1,Aves,Setophaga_coronata,A>T,,47.240000000000016,0.0,T>A
CO1,Aves,Setophaga_coronata,C>A,,17.0,0.0,G>T
CO1,Aves,Setophaga_coronata,C>G,,17.0,0.0,G>C
CO1,Aves,Setophaga_coronata,C>T,5.99992,24.6,0.6194922446910196,G>A
CO1,Aves,Setophaga_coronata,G>A,11.99976,252.5200000000001,0.1206986188920981,C>T
CO1,Aves,Setophaga_coronata,G>C,,90.72,0.0,C>G
CO1,Aves,Setophaga_coronata,G>T,,90.72,0.0,C>A
CO1,Aves,Setophaga_coronata,T>A,,141.96000000000006,0.0,A>T
CO1,Aves,Setophaga_coronata,T>C,7.99824,203.36000000000004,0.0998974539655992,A>G
CO1,Aves,Setophaga_coronata,T>G,,141.96000000000006,0.0,A>C
Cytb,Aves,Setophaga_coronata,A>C,,28.82608695652173,0.0,T>G
Cytb,Aves,Setophaga_coronata,A>G,5.99809,46.73913043478261,0.3417850721722997,T>C
Cytb,Aves,Setophaga_coronata,A>T,,28.82608695652173,0.0,T>A
Cytb,Aves,Setophaga_coronata,C>A,,4.652173913043478,0.0,G>T
Cytb,Aves,Setophaga_coronata,C>G,,4.652173913043478,0.0,G>C
Cytb,Aves,Setophaga_coronata,C>T,1.0,7.739130434782607,0.3441347860765849,G>A
Cytb,Aves,Setophaga_coronata,G>A,7.99972,214.13043478260872,0.0994986362833134,C>T
Cytb,Aves,Setophaga_coronata,G>C,1.0,72.08695652173914,0.0369457128598504,C>G
Cytb,Aves,Setophaga_coronata,G>T,1.0,72.08695652173914,0.0369457128598504,C>A
Cytb,Aves,Setophaga_coronata,T>A,,99.26086956521736,0.0,A>T
Cytb,Aves,Setophaga_coronata,T>C,6.0,140.34782608695645,0.1138587210439258,A>G
Cytb,Aves,Setophaga_coronata,T>G,1.0,99.26086956521736,0.0268313587041752,A>C
CO1,Aves,Setophaga_fusca,A>C,,54.92592592592594,0.0,T>G
CO1,Aves,Setophaga_fusca,A>G,7.99192,85.8888888888889,0.2768042186233835,T>C
CO1,Aves,Setophaga_fusca,A>T,,54.92592592592594,0.0,T>A
CO1,Aves,Setophaga_fusca,C>A,,16.925925925925927,0.0,G>T
CO1,Aves,Setophaga_fusca,C>G,,16.925925925925927,0.0,G>C
CO1,Aves,Setophaga_fusca,C>T,3.99581,25.962962962962965,0.4578351548244518,G>A
CO1,Aves,Setophaga_fusca,G>A,12.9957,248.00000000000009,0.1558858005839986,C>T
CO1,Aves,Setophaga_fusca,G>C,,83.00000000000003,0.0,C>G
CO1,Aves,Setophaga_fusca,G>T,1.0,83.00000000000003,0.0358410289231272,C>A
CO1,Aves,Setophaga_fusca,T>A,,140.00000000000006,0.0,A>T
CO1,Aves,Setophaga_fusca,T>C,5.0,202.00000000000009,0.0736337970450386,A>G
CO1,Aves,Setophaga_fusca,T>G,,140.00000000000006,0.0,A>C
Cytb,Aves,Setophaga_fusca,A>C,,31.36666666666668,0.0,T>G
Cytb,Aves,Setophaga_fusca,A>G,11.99984,51.53333333333334,0.3226035909574054,T>C
Cytb,Aves,Setophaga_fusca,A>T,,31.36666666666668,0.0,T>A
Cytb,Aves,Setophaga_fusca,C>A,,4.7,0.0,G>T
Cytb,Aves,Setophaga_fusca,C>G,,4.7,0.0,G>C
Cytb,Aves,Setophaga_fusca,C>T,3.0,7.633333333333333,0.5444888664237671,G>A
Cytb,Aves,Setophaga_fusca,G>A,8.99829,204.53333333333345,0.0609505832955335,C>T
Cytb,Aves,Setophaga_fusca,G>C,,68.56666666666663,0.0,C>G
Cytb,Aves,Setophaga_fusca,G>T,,68.56666666666663,0.0,C>A
Cytb,Aves,Setophaga_fusca,T>A,1.0,102.20000000000002,0.0135559850414266,A>T
Cytb,Aves,Setophaga_fusca,T>C,5.99991,142.33333333333334,0.0584009742818672,A>G
Cytb,Aves,Setophaga_fusca,T>G,,102.20000000000002,0.0,A>C
CO1,Aves,Setophaga_magnolia,A>C,,46.2,0.0,T>G
CO1,Aves,Setophaga_magnolia,A>G,4.99999,80.14999999999999,0.209424852385843,T>C
CO1,Aves,Setophaga_magnolia,A>T,1.0,46.2,0.0726642228986852,T>A
CO1,Aves,Setophaga_magnolia,C>A,,15.900000000000004,0.0,G>T
CO1,Aves,Setophaga_magnolia,C>G,,15.900000000000004,0.0,G>C
CO1,Aves,Setophaga_magnolia,C>T,4.0,26.950000000000006,0.4982689570195561,G>A
CO1,Aves,Setophaga_magnolia,G>A,8.99997,251.8,0.1199907989224002,C>T
CO1,Aves,Setophaga_magnolia,G>C,,90.79999999999998,0.0,C>G
CO1,Aves,Setophaga_magnolia,G>T,,90.79999999999998,0.0,C>A
CO1,Aves,Setophaga_magnolia,T>A,,142.04999999999998,0.0,A>T
CO1,Aves,Setophaga_magnolia,T>C,5.9991,202.1,0.0996511687735152,A>G
CO1,Aves,Setophaga_magnolia,T>G,,142.04999999999998,0.0,A>C
Cytb,Aves,Setophaga_magnolia,A>C,,17.928571428571423,0.0,T>G
Cytb,Aves,Setophaga_magnolia,A>G,12.99384,37.785714285714285,0.354495000568696,T>C
Cytb,Aves,Setophaga_magnolia,A>T,,17.928571428571423,0.0,T>A
Cytb,Aves,Setophaga_magnolia,C>A,,9.107142857142854,0.0,G>T
Cytb,Aves,Setophaga_magnolia,C>G,,9.107142857142854,0.0,G>C
Cytb,Aves,Setophaga_magnolia,C>T,6.99991,12.964285714285712,0.5566011493739988,G>A
Cytb,Aves,Setophaga_magnolia,G>A,3.99996,220.25000000000003,0.0187214709171016,C>T
Cytb,Aves,Setophaga_magnolia,G>C,,81.17857142857144,0.0,C>G
Cytb,Aves,Setophaga_magnolia,G>T,,81.17857142857144,0.0,C>A
Cytb,Aves,Setophaga_magnolia,T>A,1.0,98.89285714285715,0.0104240218228984,A>T
Cytb,Aves,Setophaga_magnolia,T>C,7.99977,137.99999999999997,0.0597583573173052,A>G
Cytb,Aves,Setophaga_magnolia,T>G,,98.89285714285715,0.0,A>C
CO1,Aves,Setophaga_pensylvanica,A>C,,39.1111111111111,0.0,T>G
CO1,Aves,Setophaga_pensylvanica,A>G,7.97608,75.96296296296296,0.252221324247178,T>C
CO1,Aves,Setophaga_pensylvanica,A>T,,39.1111111111111,0.0,T>A
CO1,Aves,Setophaga_pensylvanica,C>A,,15.814814814814811,0.0,G>T
CO1,Aves,Setophaga_pensylvanica,C>G,,15.814814814814811,0.0,G>C
CO1,Aves,Setophaga_pensylvanica,C>T,4.99673,24.8888888888889,0.4822525918239562,G>A
CO1,Aves,Setophaga_pensylvanica,G>A,10.98561,253.81481481481487,0.1039684108556431,C>T
CO1,Aves,Setophaga_pensylvanica,G>C,1.0,98.74074074074078,0.0243275187273075,C>G
CO1,Aves,Setophaga_pensylvanica,G>T,3.0,98.74074074074078,0.0729825561819227,C>A
CO1,Aves,Setophaga_pensylvanica,T>A,1.0,141.4074074074075,0.0169872092527506,A>T
CO1,Aves,Setophaga_pensylvanica,T>C,3.99829,203.2222222222221,0.0472603889112416,A>G
CO1,Aves,Setophaga_pensylvanica,T>G,,141.4074074074075,0.0,A>C
Cytb,Aves,Setophaga_pensylvanica,A>C,,21.769230769230774,0.0,T>G
Cytb,Aves,Setophaga_pensylvanica,A>G,15.96143,41.96153846153847,0.3135293738496267,T>C
Cytb,Aves,Setophaga_pensylvanica,A>T,,21.769230769230774,0.0,T>A
Cytb,Aves,Setophaga_pensylvanica,C>A,,6.73076923076923,0.0,G>T
Cytb,Aves,Setophaga_pensylvanica,C>G,,6.73076923076923,0.0,G>C
Cytb,Aves,Setophaga_pensylvanica,C>T,6.99733,9.730769230769235,0.5927110487431847,G>A
Cytb,Aves,Setophaga_pensylvanica,G>A,9.94122,218.9615384615384,0.0374222321980111,C>T
Cytb,Aves,Setophaga_pensylvanica,G>C,,82.0769230769231,0.0,C>G
Cytb,Aves,Setophaga_pensylvanica,G>T,1.99864,82.0769230769231,0.0200711080067062,C>A
Cytb,Aves,Setophaga_pensylvanica,T>A,,96.42307692307692,0.0,A>T
Cytb,Aves,Setophaga_pensylvanica,T>C,5.9991200000000005,136.3461538461538,0.036266237202471,A>G
Cytb,Aves,Setophaga_pensylvanica,T>G,,96.42307692307692,0.0,A>C
CO1,Aves,Setophaga_tigrina,A>C,,40.85,0.0,T>G
CO1,Aves,Setophaga_tigrina,A>G,4.99998,82.2,0.2039501043454844,T>C
CO1,Aves,Setophaga_tigrina,A>T,,40.85,0.0,T>A
CO1,Aves,Setophaga_tigrina,C>A,,14.95,0.0,G>T
CO1,Aves,Setophaga_tigrina,C>G,,14.95,0.0,G>C
CO1,Aves,Setophaga_tigrina,C>T,3.99922,23.95,0.5598829730926864,G>A
CO1,Aves,Setophaga_tigrina,G>A,6.9992,249.45,0.0940789317629349,C>T
CO1,Aves,Setophaga_tigrina,G>C,1.0,97.85,0.0342662557716124,C>G
CO1,Aves,Setophaga_tigrina,G>T,1.0,97.85,0.0342662557716124,C>A
CO1,Aves,Setophaga_tigrina,T>A,1.0,139.29999999999998,0.0240700152710141,A>T
CO1,Aves,Setophaga_tigrina,T>C,2.99972,203.25,0.0494854639846553,A>G
CO1,Aves,Setophaga_tigrina,T>G,,139.29999999999998,0.0,A>C
Cytb,Aves,Setophaga_tigrina,A>C,,25.72222222222221,0.0,T>G
Cytb,Aves,Setophaga_tigrina,A>G,8.9998,45.777777777777786,0.52239180767264,T>C
Cytb,Aves,Setophaga_tigrina,A>T,,25.72222222222221,0.0,T>A
Cytb,Aves,Setophaga_tigrina,C>A,,4.111111111111112,0.0,G>T
Cytb,Aves,Setophaga_tigrina,C>G,,4.111111111111112,0.0,G>C
Cytb,Aves,Setophaga_tigrina,C>T,0.99999,8.000000000000002,0.3321420607292509,G>A
Cytb,Aves,Setophaga_tigrina,G>A,8.99762,218.22222222222223,0.109558702251497,C>T
Cytb,Aves,Setophaga_tigrina,G>C,,78.27777777777777,0.0,C>G
Cytb,Aves,Setophaga_tigrina,G>T,,78.27777777777777,0.0,C>A
Cytb,Aves,Setophaga_tigrina,T>A,,105.88888888888889,0.0,A>T
Cytb,Aves,Setophaga_tigrina,T>C,1.99999,148.00000000000006,0.035907429346612,A>G
Cytb,Aves,Setophaga_tigrina,T>G,,105.88888888888889,0.0,A>C
CO1,Aves,Setophaga_virens,A>C,,46.42857142857142,0.0,T>G
CO1,Aves,Setophaga_virens,A>G,4.9957,76.6190476190476,0.3532063222520649,T>C
CO1,Aves,Setophaga_virens,A>T,,46.42857142857142,0.0,T>A
CO1,Aves,Setophaga_virens,C>A,,14.285714285714285,0.0,G>T
CO1,Aves,Setophaga_virens,C>G,,14.285714285714285,0.0,G>C
CO1,Aves,Setophaga_virens,C>T,0.99982,22.33333333333333,0.2425141813381776,G>A
CO1,Aves,Setophaga_virens,G>A,6.99991,251.2857142857144,0.150901488743176,C>T
CO1,Aves,Setophaga_virens,G>C,,86.57142857142856,0.0,C>G
CO1,Aves,Setophaga_virens,G>T,1.0,86.57142857142856,0.0625740526846016,C>A
CO1,Aves,Setophaga_virens,T>A,1.0,148.61904761904765,0.0364497365525811,A>T
CO1,Aves,Setophaga_virens,T>C,5.99997,210.57142857142853,0.1543542184293987,A>G
CO1,Aves,Setophaga_virens,T>G,,148.61904761904765,0.0,A>C
Cytb,Aves,Setophaga_virens,A>C,,30.03999999999999,0.0,T>G
Cytb,Aves,Setophaga_virens,A>G,15.98372,53.96,0.5043035573713044,T>C
Cytb,Aves,Setophaga_virens,A>T,,30.03999999999999,0.0,T>A
Cytb,Aves,Setophaga_virens,C>A,,4.000000000000001,0.0,G>T
Cytb,Aves,Setophaga_virens,C>G,,4.000000000000001,0.0,G>C
Cytb,Aves,Setophaga_virens,C>T,0.99999,5.520000000000003,0.3084201108681073,G>A
Cytb,Aves,Setophaga_virens,G>A,9.98392,207.48,0.0819239648797428,C>T
Cytb,Aves,Setophaga_virens,G>C,,73.4,0.0,C>G
Cytb,Aves,Setophaga_virens,G>T,1.0,73.4,0.0231947688958082,C>A
Cytb,Aves,Setophaga_virens,T>A,1.0,100.52000000000002,0.016936888549068,A>T
Cytb,Aves,Setophaga_virens,T>C,3.99998,141.04,0.0482838208869012,A>G
Cytb,Aves,Setophaga_virens,T>G,1.0,100.52000000000002,0.016936888549068,A>C
CO1,Mammalia,Sicista_betulina,A>C,,89.7272727272727,0.0,T>G
CO1,Mammalia,Sicista_betulina,A>G,12.408432,175.15151515151518,0.206515510385493,T>C
CO1,Mammalia,Sicista_betulina,A>T,4.841117,89.7272727272727,0.1572790146882373,T>A
CO1,Mammalia,Sicista_betulina,C>A,,17.818181818181813,0.0,G>T
CO1,Mammalia,Sicista_betulina,C>G,,17.818181818181813,0.0,G>C
CO1,Mammalia,Sicista_betulina,C>T,2.1239280000000003,29.909090909090896,0.2070075788968281,G>A
CO1,Mammalia,Sicista_betulina,G>A,16.406877,170.45454545454552,0.2805866499364647,C>T
CO1,Mammalia,Sicista_betulina,G>C,,70.0,0.0,C>G
CO1,Mammalia,Sicista_betulina,G>T,,70.0,0.0,C>A
CO1,Mammalia,Sicista_betulina,T>A,2.765341,95.81818181818176,0.0841299121599377,A>T
CO1,Mammalia,Sicista_betulina,T>C,1.99813,170.81818181818184,0.0340988171379077,A>G
CO1,Mammalia,Sicista_betulina,T>G,0.99867,95.81818181818176,0.0303825167951312,A>C
Cytb,Mammalia,Sicista_betulina,A>C,,46.83333333333333,0.0,T>G
Cytb,Mammalia,Sicista_betulina,A>G,16.910604,120.23333333333338,0.2049607746083558,T>C
Cytb,Mammalia,Sicista_betulina,A>T,0.99974,46.83333333333333,0.031107744329713,T>A
Cytb,Mammalia,Sicista_betulina,C>A,,4.566666666666667,0.0,G>T
Cytb,Mammalia,Sicista_betulina,C>G,,4.566666666666667,0.0,G>C
Cytb,Mammalia,Sicista_betulina,C>T,2.99316,10.8,0.4038710271620714,G>A
Cytb,Mammalia,Sicista_betulina,G>A,24.181116,158.13333333333327,0.2228380946625933,C>T
Cytb,Mammalia,Sicista_betulina,G>C,,57.63333333333332,0.0,C>G
Cytb,Mammalia,Sicista_betulina,G>T,1.99984,57.63333333333332,0.0505659340402294,C>A
Cytb,Mammalia,Sicista_betulina,T>A,,72.23333333333332,0.0,A>T
Cytb,Mammalia,Sicista_betulina,T>C,5.83499,127.89999999999998,0.066482308805668,A>G
Cytb,Mammalia,Sicista_betulina,T>G,0.99999,72.23333333333332,0.0201741163913688,A>C
CO1,Actinopteri,Siniperca_scherzeri,A>C,,69.17073170731707,0.0,T>G
CO1,Actinopteri,Siniperca_scherzeri,A>G,7.875837,133.21951219512195,0.1148933361257737,T>C
CO1,Actinopteri,Siniperca_scherzeri,A>T,,69.17073170731707,0.0,T>A
CO1,Actinopteri,Siniperca_scherzeri,C>A,,22.902439024390247,0.0,G>T
CO1,Actinopteri,Siniperca_scherzeri,C>G,,22.902439024390247,0.0,G>C
CO1,Actinopteri,Siniperca_scherzeri,C>T,12.940393,40.00000000000002,0.6287144392740226,G>A
CO1,Actinopteri,Siniperca_scherzeri,G>A,11.406701,210.00000000000003,0.1055617843943443,C>T
CO1,Actinopteri,Siniperca_scherzeri,G>C,,87.90243902439023,0.0,C>G
CO1,Actinopteri,Siniperca_scherzeri,G>T,0.751514,87.90243902439023,0.01661506749316,C>A
CO1,Actinopteri,Siniperca_scherzeri,T>A,0.99995,110.80487804878052,0.0175382139806382,A>T
CO1,Actinopteri,Siniperca_scherzeri,T>C,8.457686,165.75609756097566,0.0991626225241851,A>G
CO1,Actinopteri,Siniperca_scherzeri,T>G,0.9986,110.80487804878052,0.0175145362078757,A>C
Cytb,Actinopteri,Siniperca_scherzeri,A>C,,34.98989898989897,0.0,T>G
Cytb,Actinopteri,Siniperca_scherzeri,A>G,28.029035,70.99999999999999,0.2488838193083253,T>C
Cytb,Actinopteri,Siniperca_scherzeri,A>T,1.99928,34.98989898989897,0.0360228274922345,T>A
Cytb,Actinopteri,Siniperca_scherzeri,C>A,1.0,10.393939393939384,0.0606550109414999,G>T
Cytb,Actinopteri,Siniperca_scherzeri,C>G,0.99998,10.393939393939384,0.060653797841281,G>C
Cytb,Actinopteri,Siniperca_scherzeri,C>T,12.14277,23.030303030303006,0.3324030363066712,G>A
Cytb,Actinopteri,Siniperca_scherzeri,G>A,35.93649,195.6363636363636,0.1158065010212425,C>T
Cytb,Actinopteri,Siniperca_scherzeri,G>C,2.94386,82.50505050505048,0.0224948697924878,C>G
Cytb,Actinopteri,Siniperca_scherzeri,G>T,2.99917,82.50505050505048,0.0229175092006874,C>A
Cytb,Actinopteri,Siniperca_scherzeri,T>A,1.929791,79.11111111111106,0.0153787011685626,A>T
Cytb,Actinopteri,Siniperca_scherzeri,T>C,11.429005,117.39393939393956,0.0613775589056869,A>G
Cytb,Actinopteri,Siniperca_scherzeri,T>G,2.93714,79.11111111111106,0.0234063680213204,A>C
CO1,Mammalia,Spilogale_gracilis,A>C,,61.08695652173913,0.0,T>G
CO1,Mammalia,Spilogale_gracilis,A>G,11.761913,176.3043478260869,0.1555363979775691,T>C
CO1,Mammalia,Spilogale_gracilis,A>T,,61.08695652173913,0.0,T>A
CO1,Mammalia,Spilogale_gracilis,C>A,1.0,16.782608695652176,0.1389177140518637,G>T
CO1,Mammalia,Spilogale_gracilis,C>G,,16.782608695652176,0.0,G>C
CO1,Mammalia,Spilogale_gracilis,C>T,4.6807360000000005,29.39130434782609,0.3712892574664231,G>A
CO1,Mammalia,Spilogale_gracilis,G>A,12.354759,121.7391304347826,0.2366035081733901,C>T
CO1,Mammalia,Spilogale_gracilis,G>C,,37.95652173913043,0.0,C>G
CO1,Mammalia,Spilogale_gracilis,G>T,,37.95652173913043,0.0,C>A
CO1,Mammalia,Spilogale_gracilis,T>A,,144.52173913043478,0.0,A>T
CO1,Mammalia,Spilogale_gracilis,T>C,9.657458,230.5652173913043,0.0976531223307537,A>G
CO1,Mammalia,Spilogale_gracilis,T>G,,144.52173913043478,0.0,A>C
Cytb,Mammalia,Spilogale_gracilis,A>C,1.0,28.815384615384588,0.0448409897463428,T>G
Cytb,Mammalia,Spilogale_gracilis,A>G,19.590094,93.70769230769233,0.2701225791227102,T>C
Cytb,Mammalia,Spilogale_gracilis,A>T,0.99944,28.815384615384588,0.0448158787920848,T>A
Cytb,Mammalia,Spilogale_gracilis,C>A,,8.461538461538456,0.0,G>T
Cytb,Mammalia,Spilogale_gracilis,C>G,,8.461538461538456,0.0,G>C
Cytb,Mammalia,Spilogale_gracilis,C>T,4.99521,17.15384615384615,0.3762632918493478,G>A
Cytb,Mammalia,Spilogale_gracilis,G>A,19.638582,159.30769230769232,0.1592843070516075,C>T
Cytb,Mammalia,Spilogale_gracilis,G>C,,46.36923076923076,0.0,C>G
Cytb,Mammalia,Spilogale_gracilis,G>T,,46.36923076923076,0.0,C>A
Cytb,Mammalia,Spilogale_gracilis,T>A,1.0,99.52307692307689,0.0129830226920544,A>T
Cytb,Mammalia,Spilogale_gracilis,T>C,10.99683,154.96923076923085,0.0916899307458522,A>G
Cytb,Mammalia,Spilogale_gracilis,T>G,,99.52307692307689,0.0,A>C
CO1,Mammalia,Stenella_attenuata,A>C,,79.015625,0.0,T>G
CO1,Mammalia,Stenella_attenuata,A>G,10.967468,172.296875,0.1108669092486514,T>C
CO1,Mammalia,Stenella_attenuata,A>T,,79.015625,0.0,T>A
CO1,Mammalia,Stenella_attenuata,C>A,,10.75,0.0,G>T
CO1,Mammalia,Stenella_attenuata,C>G,,10.75,0.0,G>C
CO1,Mammalia,Stenella_attenuata,C>T,6.0,20.8125,0.5021112645606503,G>A
CO1,Mammalia,Stenella_attenuata,G>A,17.510955,154.71875,0.1971241569818875,C>T
CO1,Mammalia,Stenella_attenuata,G>C,,46.078125,0.0,C>G
CO1,Mammalia,Stenella_attenuata,G>T,1.99796,46.078125,0.0755205172314121,C>A
CO1,Mammalia,Stenella_attenuata,T>A,,131.921875,0.0,A>T
CO1,Mammalia,Stenella_attenuata,T>C,13.99487,213.109375,0.1143771519773988,A>G
CO1,Mammalia,Stenella_attenuata,T>G,,131.921875,0.0,A>C
Cytb,Mammalia,Stenella_attenuata,A>C,,32.27868852459016,0.0,T>G
Cytb,Mammalia,Stenella_attenuata,A>G,22.425636,82.59016393442622,0.2166362775433674,T>C
Cytb,Mammalia,Stenella_attenuata,A>T,1.0,32.27868852459016,0.0247171767375033,T>A
Cytb,Mammalia,Stenella_attenuata,C>A,,3.622950819672132,0.0,G>T
Cytb,Mammalia,Stenella_attenuata,C>G,,3.622950819672132,0.0,G>C
Cytb,Mammalia,Stenella_attenuata,C>T,4.971437,6.688524590163938,0.5930159250997732,G>A
Cytb,Mammalia,Stenella_attenuata,G>A,24.392052,173.5573770491803,0.1121295303750107,C>T
Cytb,Mammalia,Stenella_attenuata,G>C,,56.06557377049185,0.0,C>G
Cytb,Mammalia,Stenella_attenuata,G>T,,56.06557377049185,0.0,C>A
Cytb,Mammalia,Stenella_attenuata,T>A,0.99639,100.67213114754108,0.0078965036768194,A>T
Cytb,Mammalia,Stenella_attenuata,T>C,5.99886,160.81967213114754,0.0297607792374035,A>G
Cytb,Mammalia,Stenella_attenuata,T>G,1.99919,100.67213114754108,0.0158438073301223,A>C
CO1,Mammalia,Stenella_longirostris,A>C,,81.94594594594598,0.0,T>G
CO1,Mammalia,Stenella_longirostris,A>G,29.349191,179.1756756756755,0.1062447230042223,T>C
CO1,Mammalia,Stenella_longirostris,A>T,,81.94594594594598,0.0,T>A
CO1,Mammalia,Stenella_longirostris,C>A,,11.878378378378372,0.0,G>T
CO1,Mammalia,Stenella_longirostris,C>G,,11.878378378378372,0.0,G>C
CO1,Mammalia,Stenella_longirostris,C>T,23.247269,24.56756756756757,0.6137620994367369,G>A
CO1,Mammalia,Stenella_longirostris,G>A,39.059816,149.7027027027028,0.1692352537517772,C>T
CO1,Mammalia,Stenella_longirostris,G>C,,43.93243243243242,0.0,C>G
CO1,Mammalia,Stenella_longirostris,G>T,2.0,43.93243243243242,0.0295280678956252,C>A
CO1,Mammalia,Stenella_longirostris,T>A,4.99992,130.05405405405415,0.0249361525344705,A>T
CO1,Mammalia,Stenella_longirostris,T>C,16.639199,210.35135135135144,0.0513070912967513,A>G
CO1,Mammalia,Stenella_longirostris,T>G,0.99986,130.05405405405415,0.0049866120804164,A>C
Cytb,Mammalia,Stenella_longirostris,A>C,,27.29113924050631,0.0,T>G
Cytb,Mammalia,Stenella_longirostris,A>G,43.875791,81.50632911392401,0.2402134229763923,T>C
Cytb,Mammalia,Stenella_longirostris,A>T,,27.29113924050631,0.0,T>A
Cytb,Mammalia,Stenella_longirostris,C>A,,4.759493670886078,0.0,G>T
Cytb,Mammalia,Stenella_longirostris,C>G,0.99928,4.759493670886078,0.0936893203125481,G>C
Cytb,Mammalia,Stenella_longirostris,C>T,7.98203,6.848101265822779,0.5201239217482483,G>A
Cytb,Mammalia,Stenella_longirostris,G>A,38.848215,176.03797468354432,0.0984755356547702,C>T
Cytb,Mammalia,Stenella_longirostris,G>C,0.99968,60.46835443037976,0.0073772839573021,C>G
Cytb,Mammalia,Stenella_longirostris,G>T,,60.46835443037976,0.0,C>A
Cytb,Mammalia,Stenella_longirostris,T>A,,101.54430379746849,0.0,A>T
Cytb,Mammalia,Stenella_longirostris,T>C,12.98914,162.24050632911374,0.035726029401444,A>G
Cytb,Mammalia,Stenella_longirostris,T>G,1.0,101.54430379746849,0.0043944859492948,A>C
CO1,Mammalia,Stenocephalemys_albipes,A>C,,77.89999999999999,0.0,T>G
CO1,Mammalia,Stenocephalemys_albipes,A>G,10.464766,177.10000000000002,0.1112707783363659,T>C
CO1,Mammalia,Stenocephalemys_albipes,A>T,1.0,77.89999999999999,0.0241731199916409,T>A
CO1,Mammalia,Stenocephalemys_albipes,C>A,,7.800000000000001,0.0,G>T
CO1,Mammalia,Stenocephalemys_albipes,C>G,,7.800000000000001,0.0,G>C
CO1,Mammalia,Stenocephalemys_albipes,C>T,3.982329,11.7,0.6409459979361211,G>A
CO1,Mammalia,Stenocephalemys_albipes,G>A,5.96849,124.4,0.090347108060619,C>T
CO1,Mammalia,Stenocephalemys_albipes,G>C,0.985902,32.2,0.057656468951966,C>G
CO1,Mammalia,Stenocephalemys_albipes,G>T,,32.2,0.0,C>A
CO1,Mammalia,Stenocephalemys_albipes,T>A,,153.70000000000002,0.0,A>T
CO1,Mammalia,Stenocephalemys_albipes,T>C,9.603959,239.2,0.0756065267232868,A>G
CO1,Mammalia,Stenocephalemys_albipes,T>G,,153.70000000000002,0.0,A>C
Cytb,Mammalia,Stenocephalemys_albipes,A>C,0.99896,27.888888888888907,0.0146096285241642,T>G
Cytb,Mammalia,Stenocephalemys_albipes,A>G,33.166751,94.02222222222224,0.143878103775465,T>C
Cytb,Mammalia,Stenocephalemys_albipes,A>T,,27.888888888888907,0.0,T>A
Cytb,Mammalia,Stenocephalemys_albipes,C>A,,4.555555555555556,0.0,G>T
Cytb,Mammalia,Stenocephalemys_albipes,C>G,0.99703,4.555555555555556,0.0892666353444003,G>C
Cytb,Mammalia,Stenocephalemys_albipes,C>T,8.650584,6.488888888888892,0.5437476295214642,G>A
Cytb,Mammalia,Stenocephalemys_albipes,G>A,34.855751,136.82222222222222,0.1039058719852411,C>T
Cytb,Mammalia,Stenocephalemys_albipes,G>C,,31.288888888888906,0.0,C>G
Cytb,Mammalia,Stenocephalemys_albipes,G>T,1.99999,31.288888888888906,0.0260711368835054,C>A
Cytb,Mammalia,Stenocephalemys_albipes,T>A,6.976161,120.53333333333327,0.0236065007095076,A>T
Cytb,Mammalia,Stenocephalemys_albipes,T>C,19.659039,179.04444444444442,0.0447840866142507,A>G
Cytb,Mammalia,Stenocephalemys_albipes,T>G,2.9937240000000003,120.53333333333327,0.0101304066420012,A>C
CO1,Mammalia,Suncus_murinus,A>C,,96.58536585365856,0.0,T>G
CO1,Mammalia,Suncus_murinus,A>G,18.46947,249.0731707317073,0.0990631881604033,T>C
CO1,Mammalia,Suncus_murinus,A>T,1.710828,96.58536585365856,0.0236635467003601,T>A
CO1,Mammalia,Suncus_murinus,C>A,0.704347,11.414634146341465,0.0824345914579843,G>T
CO1,Mammalia,Suncus_murinus,C>G,,11.414634146341465,0.0,G>C
CO1,Mammalia,Suncus_murinus,C>T,5.241653,19.63414634146342,0.3566490409621635,G>A
CO1,Mammalia,Suncus_murinus,G>A,19.776285,95.31707317073167,0.2771780473559021,C>T
CO1,Mammalia,Suncus_murinus,G>C,0.99929,46.73170731707318,0.028567004980407,C>G
CO1,Mammalia,Suncus_murinus,G>T,1.99859,46.73170731707318,0.0571342958338337,C>A
CO1,Mammalia,Suncus_murinus,T>A,1.925749,96.58536585365852,0.0266362553071798,A>T
CO1,Mammalia,Suncus_murinus,T>C,6.99453,191.9756097560976,0.0486740292417656,A>G
CO1,Mammalia,Suncus_murinus,T>G,,96.58536585365852,0.0,A>C
Cytb,Mammalia,Suncus_murinus,A>C,2.99942,44.18309859154931,0.0463269572239932,T>G
Cytb,Mammalia,Suncus_murinus,A>G,38.877243,128.87323943661968,0.2058663560020773,T>C
Cytb,Mammalia,Suncus_murinus,A>T,,44.18309859154931,0.0,T>A
Cytb,Mammalia,Suncus_murinus,C>A,,6.281690140845071,0.0,G>T
Cytb,Mammalia,Suncus_murinus,C>G,,6.281690140845071,0.0,G>C
Cytb,Mammalia,Suncus_murinus,C>T,5.92077,8.901408450704226,0.4539124810896837,G>A
Cytb,Mammalia,Suncus_murinus,G>A,31.733929,126.30985915492953,0.1714506983121269,C>T
Cytb,Mammalia,Suncus_murinus,G>C,2.0,52.74647887323943,0.0258755259326401,C>G
Cytb,Mammalia,Suncus_murinus,G>T,,52.74647887323943,0.0,C>A
Cytb,Mammalia,Suncus_murinus,T>A,0.990013,84.42253521126761,0.0080026748349632,A>T
Cytb,Mammalia,Suncus_murinus,T>C,18.735983,144.36619718309868,0.0885653066045154,A>G
Cytb,Mammalia,Suncus_murinus,T>G,,84.42253521126761,0.0,A>C
CO1,Mammalia,Sus_scrofa,A>C,2.0,50.41732283464572,0.0304517190991526,T>G
CO1,Mammalia,Sus_scrofa,A>G,43.258862,135.00000000000009,0.2459817699285438,T>C
CO1,Mammalia,Sus_scrofa,A>T,1.0,50.41732283464572,0.0152258595495763,T>A
CO1,Mammalia,Sus_scrofa,C>A,,21.559055118110223,0.0,G>T
CO1,Mammalia,Sus_scrofa,C>G,,21.559055118110223,0.0,G>C
CO1,Mammalia,Sus_scrofa,C>T,18.75562,30.740157480314977,0.4683677000443373,G>A
CO1,Mammalia,Sus_scrofa,G>A,24.760161,181.551181102362,0.1046926001037072,C>T
CO1,Mammalia,Sus_scrofa,G>C,,59.53543307086606,0.0,C>G
CO1,Mammalia,Sus_scrofa,G>T,1.99904,59.53543307086606,0.0257755278217598,C>A
CO1,Mammalia,Sus_scrofa,T>A,3.0,142.22834645669303,0.0161918582786808,A>T
CO1,Mammalia,Sus_scrofa,T>C,24.859393,217.0629921259845,0.0879156790813482,A>G
CO1,Mammalia,Sus_scrofa,T>G,1.0,142.22834645669303,0.0053972860928936,A>C
Cytb,Mammalia,Sus_scrofa,A>C,0.99521,16.873900293255232,0.0106005810729588,T>G
Cytb,Mammalia,Sus_scrofa,A>G,76.322811,62.73020527859236,0.2186794977234673,T>C
Cytb,Mammalia,Sus_scrofa,A>T,0.99989,16.873900293255232,0.0106504305714781,T>A
Cytb,Mammalia,Sus_scrofa,C>A,,7.736070381231666,0.0,G>T
Cytb,Mammalia,Sus_scrofa,C>G,,7.736070381231666,0.0,G>C
Cytb,Mammalia,Sus_scrofa,C>T,45.620832,13.175953079178932,0.622316879747152,G>A
Cytb,Mammalia,Sus_scrofa,G>A,70.652888,182.3636363636361,0.0696341204525107,C>T
Cytb,Mammalia,Sus_scrofa,G>C,1.0,49.10850439882699,0.003659937855811,C>G
Cytb,Mammalia,Sus_scrofa,G>T,2.99958,49.10850439882699,0.0109782763935338,C>A
Cytb,Mammalia,Sus_scrofa,T>A,6.77979,113.14662756598196,0.0107697357469216,A>T
Cytb,Mammalia,Sus_scrofa,T>C,36.58568,166.26979472140792,0.0395483337075388,A>G
Cytb,Mammalia,Sus_scrofa,T>G,1.99068,113.14662756598196,0.0031622067286275,A>C
CO1,Mammalia,Symphalangus_syndactylus,A>C,,46.00000000000001,0.0,T>G
CO1,Mammalia,Symphalangus_syndactylus,A>G,9.159062,116.7,0.222203798048243,T>C
CO1,Mammalia,Symphalangus_syndactylus,A>T,,46.00000000000001,0.0,T>A
CO1,Mammalia,Symphalangus_syndactylus,C>A,,12.2,0.0,G>T
CO1,Mammalia,Symphalangus_syndactylus,C>G,,12.2,0.0,G>C
CO1,Mammalia,Symphalangus_syndactylus,C>T,6.508408,29.7,0.6204255237403402,G>A
CO1,Mammalia,Symphalangus_syndactylus,G>A,9.57303,232.3,0.1166733170619942,C>T
CO1,Mammalia,Symphalangus_syndactylus,G>C,,103.0,0.0,C>G
CO1,Mammalia,Symphalangus_syndactylus,G>T,,103.0,0.0,C>A
CO1,Mammalia,Symphalangus_syndactylus,T>A,,112.3,0.0,A>T
CO1,Mammalia,Symphalangus_syndactylus,T>C,2.534237,176.29999999999998,0.0406973611494225,A>G
CO1,Mammalia,Symphalangus_syndactylus,T>G,,112.3,0.0,A>C
Cytb,Mammalia,Symphalangus_syndactylus,A>C,,14.000000000000004,0.0,T>G
Cytb,Mammalia,Symphalangus_syndactylus,A>G,7.863519,49.13636363636363,0.2313846313916157,T>C
Cytb,Mammalia,Symphalangus_syndactylus,A>T,,14.000000000000004,0.0,T>A
Cytb,Mammalia,Symphalangus_syndactylus,C>A,,5.454545454545452,0.0,G>T
Cytb,Mammalia,Symphalangus_syndactylus,C>G,,5.454545454545452,0.0,G>C
Cytb,Mammalia,Symphalangus_syndactylus,C>T,4.9726300000000005,10.954545454545457,0.6563150546962753,G>A
Cytb,Mammalia,Symphalangus_syndactylus,G>A,10.802387,209.04545454545453,0.07471358668563,C>T
Cytb,Mammalia,Symphalangus_syndactylus,G>C,,82.72727272727273,0.0,C>G
Cytb,Mammalia,Symphalangus_syndactylus,G>T,,82.72727272727273,0.0,C>A
Cytb,Mammalia,Symphalangus_syndactylus,T>A,,99.45454545454544,0.0,A>T
Cytb,Mammalia,Symphalangus_syndactylus,T>C,3.952641,152.0454545454545,0.0375867272264788,A>G
Cytb,Mammalia,Symphalangus_syndactylus,T>G,,99.45454545454544,0.0,A>C
CO1,Aves,Symposiachrus_guttula,A>C,,53.11111111111111,0.0,T>G
CO1,Aves,Symposiachrus_guttula,A>G,9.44875,86.66666666666666,0.3354149384723999,T>C
CO1,Aves,Symposiachrus_guttula,A>T,0.99887,53.11111111111111,0.0578607046673177,T>A
CO1,Aves,Symposiachrus_guttula,C>A,,18.77777777777777,0.0,G>T
CO1,Aves,Symposiachrus_guttula,C>G,,18.77777777777777,0.0,G>C
CO1,Aves,Symposiachrus_guttula,C>T,3.97384,32.55555555555556,0.3755306612499878,G>A
CO1,Aves,Symposiachrus_guttula,G>A,7.504399,223.27777777777777,0.1034023839867508,C>T
CO1,Aves,Symposiachrus_guttula,G>C,,57.77777777777776,0.0,C>G
CO1,Aves,Symposiachrus_guttula,G>T,,57.77777777777776,0.0,C>A
CO1,Aves,Symposiachrus_guttula,T>A,1.0,162.55555555555551,0.0189259774898868,A>T
CO1,Aves,Symposiachrus_guttula,T>C,4.98509,215.94444444444449,0.0710217065839786,A>G
CO1,Aves,Symposiachrus_guttula,T>G,1.99956,162.55555555555551,0.037843627549678,A>C
Cytb,Aves,Symposiachrus_guttula,A>C,,21.47368421052632,0.0,T>G
Cytb,Aves,Symposiachrus_guttula,A>G,12.678683,44.42105263157894,0.4770197429835781,T>C
Cytb,Aves,Symposiachrus_guttula,A>T,,21.47368421052632,0.0,T>A
Cytb,Aves,Symposiachrus_guttula,C>A,,7.368421052631579,0.0,G>T
Cytb,Aves,Symposiachrus_guttula,C>G,,7.368421052631579,0.0,G>C
Cytb,Aves,Symposiachrus_guttula,C>T,2.98396,12.105263157894736,0.4119740095617483,G>A
Cytb,Aves,Symposiachrus_guttula,G>A,4.96085,213.4736842105264,0.038838532015452,C>T
Cytb,Aves,Symposiachrus_guttula,G>C,,61.578947368421055,0.0,C>G
Cytb,Aves,Symposiachrus_guttula,G>T,,61.578947368421055,0.0,C>A
Cytb,Aves,Symposiachrus_guttula,T>A,,119.7894736842105,0.0,A>T
Cytb,Aves,Symposiachrus_guttula,T>C,6.904402,159.8947368421053,0.0721677154392215,A>G
Cytb,Aves,Symposiachrus_guttula,T>G,,119.7894736842105,0.0,A>C
CO1,Aves,Symposiachrus_trivirgatus,A>C,,57.00000000000001,0.0,T>G
CO1,Aves,Symposiachrus_trivirgatus,A>G,9.230126,90.94444444444444,0.2447926935774124,T>C
CO1,Aves,Symposiachrus_trivirgatus,A>T,,57.00000000000001,0.0,T>A
CO1,Aves,Symposiachrus_trivirgatus,C>A,,17.166666666666668,0.0,G>T
CO1,Aves,Symposiachrus_trivirgatus,C>G,,17.166666666666668,0.0,G>C
CO1,Aves,Symposiachrus_trivirgatus,C>T,7.762944,31.111111111111114,0.6018356741205476,G>A
CO1,Aves,Symposiachrus_trivirgatus,G>A,6.57982,219.44444444444449,0.0723196671022655,C>T
CO1,Aves,Symposiachrus_trivirgatus,G>C,,53.83333333333335,0.0,C>G
CO1,Aves,Symposiachrus_trivirgatus,G>T,,53.83333333333335,0.0,C>A
CO1,Aves,Symposiachrus_trivirgatus,T>A,0.99989,165.16666666666663,0.014601477941468,A>T
CO1,Aves,Symposiachrus_trivirgatus,T>C,5.99991,217.7777777777777,0.0664504872583062,A>G
CO1,Aves,Symposiachrus_trivirgatus,T>G,,165.16666666666663,0.0,A>C
Cytb,Aves,Symposiachrus_trivirgatus,A>C,,22.3103448275862,0.0,T>G
Cytb,Aves,Symposiachrus_trivirgatus,A>G,4.997669999999999,45.13793103448274,0.1792289828575441,T>C
Cytb,Aves,Symposiachrus_trivirgatus,A>T,,22.3103448275862,0.0,T>A
Cytb,Aves,Symposiachrus_trivirgatus,C>A,,7.620689655172415,0.0,G>T
Cytb,Aves,Symposiachrus_trivirgatus,C>G,0.98602,7.620689655172415,0.2094468152796751,G>C
Cytb,Aves,Symposiachrus_trivirgatus,C>T,3.303496,11.965517241379308,0.4469146809108957,G>A
Cytb,Aves,Symposiachrus_trivirgatus,G>A,8.990310000000001,213.27586206896547,0.0682362692085838,C>T
Cytb,Aves,Symposiachrus_trivirgatus,G>C,,60.10344827586209,0.0,C>G
Cytb,Aves,Symposiachrus_trivirgatus,G>T,0.605074,60.10344827586209,0.0162963902192502,C>A
Cytb,Aves,Symposiachrus_trivirgatus,T>A,,121.2758620689655,0.0,A>T
Cytb,Aves,Symposiachrus_trivirgatus,T>C,7.261458,160.44827586206898,0.073260704044553,A>G
Cytb,Aves,Symposiachrus_trivirgatus,T>G,0.495676,121.2758620689655,0.0066161574794978,A>C
CO1,Mammalia,Syncerus_caffer,A>C,,58.84210526315792,0.0,T>G
CO1,Mammalia,Syncerus_caffer,A>G,10.986295,140.15789473684208,0.1940202833009675,T>C
CO1,Mammalia,Syncerus_caffer,A>T,,58.84210526315792,0.0,T>A
CO1,Mammalia,Syncerus_caffer,C>A,,19.789473684210527,0.0,G>T
CO1,Mammalia,Syncerus_caffer,C>G,,19.789473684210527,0.0,G>C
CO1,Mammalia,Syncerus_caffer,C>T,6.99878,34.36842105263158,0.5040530016102581,G>A
CO1,Mammalia,Syncerus_caffer,G>A,12.989575,179.84210526315792,0.1787792073787643,C>T
CO1,Mammalia,Syncerus_caffer,G>C,,65.1578947368421,0.0,C>G
CO1,Mammalia,Syncerus_caffer,G>T,,65.1578947368421,0.0,C>A
CO1,Mammalia,Syncerus_caffer,T>A,,127.94736842105256,0.0,A>T
CO1,Mammalia,Syncerus_caffer,T>C,9.98186,200.63157894736844,0.12314750771001,A>G
CO1,Mammalia,Syncerus_caffer,T>G,,127.94736842105256,0.0,A>C
Cytb,Mammalia,Syncerus_caffer,A>C,,15.826086956521737,0.0,T>G
Cytb,Mammalia,Syncerus_caffer,A>G,9.96755,62.0,0.2633952303421548,T>C
Cytb,Mammalia,Syncerus_caffer,A>T,,15.826086956521737,0.0,T>A
Cytb,Mammalia,Syncerus_caffer,C>A,,10.608695652173914,0.0,G>T
Cytb,Mammalia,Syncerus_caffer,C>G,,10.608695652173914,0.0,G>C
Cytb,Mammalia,Syncerus_caffer,C>T,4.996971,16.086956521739133,0.5089136667669844,G>A
Cytb,Mammalia,Syncerus_caffer,G>A,12.665013,172.0,0.1206391770470326,C>T
Cytb,Mammalia,Syncerus_caffer,G>C,,49.47826086956522,0.0,C>G
Cytb,Mammalia,Syncerus_caffer,G>T,,49.47826086956522,0.0,C>A
Cytb,Mammalia,Syncerus_caffer,T>A,,115.39130434782606,0.0,A>T
Cytb,Mammalia,Syncerus_caffer,T>C,10.968703,167.86956521739137,0.107051925843828,A>G
Cytb,Mammalia,Syncerus_caffer,T>G,,115.39130434782606,0.0,A>C
CO1,Mammalia,Taphozous_melanopogon,A>C,,92.1875,0.0,T>G
CO1,Mammalia,Taphozous_melanopogon,A>G,8.927964,212.4375,0.1645964826760969,T>C
CO1,Mammalia,Taphozous_melanopogon,A>T,,92.1875,0.0,T>A
CO1,Mammalia,Taphozous_melanopogon,C>A,,26.0625,0.0,G>T
CO1,Mammalia,Taphozous_melanopogon,C>G,,26.0625,0.0,G>C
CO1,Mammalia,Taphozous_melanopogon,C>T,2.989723,49.8125,0.2350671358002036,G>A
CO1,Mammalia,Taphozous_melanopogon,G>A,15.7455,129.0625,0.4778104951332086,C>T
CO1,Mammalia,Taphozous_melanopogon,G>C,1.0,51.8125,0.0755900711287588,C>G
CO1,Mammalia,Taphozous_melanopogon,G>T,,51.8125,0.0,C>A
CO1,Mammalia,Taphozous_melanopogon,T>A,,100.4375,0.0,A>T
CO1,Mammalia,Taphozous_melanopogon,T>C,1.9961,166.5625,0.0469358152617319,A>G
CO1,Mammalia,Taphozous_melanopogon,T>G,,100.4375,0.0,A>C
Cytb,Mammalia,Taphozous_melanopogon,A>C,,54.375,0.0,T>G
Cytb,Mammalia,Taphozous_melanopogon,A>G,6.43041,139.9375,0.220255347165054,T>C
Cytb,Mammalia,Taphozous_melanopogon,A>T,,54.375,0.0,T>A
Cytb,Mammalia,Taphozous_melanopogon,C>A,,14.4375,0.0,G>T
Cytb,Mammalia,Taphozous_melanopogon,C>G,,14.4375,0.0,G>C
Cytb,Mammalia,Taphozous_melanopogon,C>T,0.99875,26.3125,0.1819351388146297,G>A
Cytb,Mammalia,Taphozous_melanopogon,G>A,6.405607,125.625,0.2444027693663156,C>T
Cytb,Mammalia,Taphozous_melanopogon,G>C,,52.5,0.0,C>G
Cytb,Mammalia,Taphozous_melanopogon,G>T,,52.5,0.0,C>A
Cytb,Mammalia,Taphozous_melanopogon,T>A,,72.1875,0.0,A>T
Cytb,Mammalia,Taphozous_melanopogon,T>C,8.824736,119.6875,0.3534067446540005,A>G
Cytb,Mammalia,Taphozous_melanopogon,T>G,,72.1875,0.0,A>C
CO1,Mammalia,Theropithecus_gelada,A>C,,47.15384615384615,0.0,T>G
CO1,Mammalia,Theropithecus_gelada,A>G,7.247862,129.9230769230769,0.2420348561503493,T>C
CO1,Mammalia,Theropithecus_gelada,A>T,,47.15384615384615,0.0,T>A
CO1,Mammalia,Theropithecus_gelada,C>A,,21.538461538461537,0.0,G>T
CO1,Mammalia,Theropithecus_gelada,C>G,,21.538461538461537,0.0,G>C
CO1,Mammalia,Theropithecus_gelada,C>T,2.99555,29.692307692307683,0.4377104514783356,G>A
CO1,Mammalia,Theropithecus_gelada,G>A,7.380068,228.30769230769232,0.1402471727875723,C>T
CO1,Mammalia,Theropithecus_gelada,G>C,,103.92307692307692,0.0,C>G
CO1,Mammalia,Theropithecus_gelada,G>T,0.871273,103.92307692307692,0.0363744600386653,C>A
CO1,Mammalia,Theropithecus_gelada,T>A,0.922652,95.0,0.0421374857083276,A>T
CO1,Mammalia,Theropithecus_gelada,T>C,3.98767,170.46153846153845,0.1014955738367497,A>G
CO1,Mammalia,Theropithecus_gelada,T>G,,95.0,0.0,A>C
Cytb,Mammalia,Theropithecus_gelada,A>C,,19.512195121951223,0.0,T>G
Cytb,Mammalia,Theropithecus_gelada,A>G,18.456502,58.0731707317073,0.2651463997738174,T>C
Cytb,Mammalia,Theropithecus_gelada,A>T,1.0,19.512195121951223,0.0427568545939433,T>A
Cytb,Mammalia,Theropithecus_gelada,C>A,,6.658536585365857,0.0,G>T
Cytb,Mammalia,Theropithecus_gelada,C>G,,6.658536585365857,0.0,G>C
Cytb,Mammalia,Theropithecus_gelada,C>T,9.941358,14.219512195121952,0.5832743718316776,G>A
Cytb,Mammalia,Theropithecus_gelada,G>A,15.633758,199.80487804878044,0.0652783513245017,C>T
Cytb,Mammalia,Theropithecus_gelada,G>C,,83.390243902439,0.0,C>G
Cytb,Mammalia,Theropithecus_gelada,G>T,,83.390243902439,0.0,C>A
Cytb,Mammalia,Theropithecus_gelada,T>A,0.998011,87.92682926829269,0.0094694726679957,A>T
Cytb,Mammalia,Theropithecus_gelada,T>C,5.856496,143.390243902439,0.034074549808064,A>G
Cytb,Mammalia,Theropithecus_gelada,T>G,,87.92682926829269,0.0,A>C
CO1,Mammalia,Thomomys_umbrinus,A>C,,81.77777777777777,0.0,T>G
CO1,Mammalia,Thomomys_umbrinus,A>G,14.652579,193.8888888888889,0.1003426071082093,T>C
CO1,Mammalia,Thomomys_umbrinus,A>T,,81.77777777777777,0.0,T>A
CO1,Mammalia,Thomomys_umbrinus,C>A,,15.407407407407408,0.0,G>T
CO1,Mammalia,Thomomys_umbrinus,C>G,,15.407407407407408,0.0,G>C
CO1,Mammalia,Thomomys_umbrinus,C>T,12.740172,29.74074074074074,0.5687844846221098,G>A
CO1,Mammalia,Thomomys_umbrinus,G>A,10.059695,121.4074074074074,0.1100180288122149,C>T
CO1,Mammalia,Thomomys_umbrinus,G>C,,39.96296296296297,0.0,C>G
CO1,Mammalia,Thomomys_umbrinus,G>T,2.98421,39.96296296296297,0.0991507335952334,C>A
CO1,Mammalia,Thomomys_umbrinus,T>A,0.997032,128.62962962962962,0.0102918230144087,A>T
CO1,Mammalia,Thomomys_umbrinus,T>C,15.680054,205.7777777777778,0.1011750230675359,A>G
CO1,Mammalia,Thomomys_umbrinus,T>G,0.99175,128.62962962962962,0.0102372997802877,A>C
Cytb,Mammalia,Thomomys_umbrinus,A>C,1.99593,37.00000000000001,0.0366142980337518,T>G
Cytb,Mammalia,Thomomys_umbrinus,A>G,28.075085,118.4666666666667,0.1608540653385712,T>C
Cytb,Mammalia,Thomomys_umbrinus,A>T,0.514473,37.00000000000001,0.0094377396764006,T>A
Cytb,Mammalia,Thomomys_umbrinus,C>A,,8.08888888888889,0.0,G>T
Cytb,Mammalia,Thomomys_umbrinus,C>G,,8.08888888888889,0.0,G>C
Cytb,Mammalia,Thomomys_umbrinus,C>T,11.226404,16.333333333333336,0.4665229058610468,G>A
Cytb,Mammalia,Thomomys_umbrinus,G>A,36.336941,137.13333333333333,0.1798508362699706,C>T
Cytb,Mammalia,Thomomys_umbrinus,G>C,0.99998,42.64444444444445,0.0159160752397079,C>G
Cytb,Mammalia,Thomomys_umbrinus,G>T,3.45006,42.64444444444445,0.0549125127917627,C>A
Cytb,Mammalia,Thomomys_umbrinus,T>A,0.99651,93.75555555555556,0.0072142598327519,A>T
Cytb,Mammalia,Thomomys_umbrinus,T>C,15.064975,148.88888888888894,0.068677306956036,A>G
Cytb,Mammalia,Thomomys_umbrinus,T>G,,93.75555555555556,0.0,A>C
CO1,Actinopteri,Thymallus_arcticus,A>C,,83.63636363636365,0.0,T>G
CO1,Actinopteri,Thymallus_arcticus,A>G,4.957963,171.90909090909088,0.0992275111290563,T>C
CO1,Actinopteri,Thymallus_arcticus,A>T,0.99098,83.63636363636365,0.0407659350327748,T>A
CO1,Actinopteri,Thymallus_arcticus,C>A,,22.545454545454543,0.0,G>T
CO1,Actinopteri,Thymallus_arcticus,C>G,,22.545454545454543,0.0,G>C
CO1,Actinopteri,Thymallus_arcticus,C>T,5.083404,48.090909090909086,0.3636799008962541,G>A
CO1,Actinopteri,Thymallus_arcticus,G>A,10.82393,178.0909090909091,0.2091081138417573,C>T
CO1,Actinopteri,Thymallus_arcticus,G>C,,77.36363636363637,0.0,C>G
CO1,Actinopteri,Thymallus_arcticus,G>T,3.984532,77.36363636363637,0.1772017900358665,C>A
CO1,Actinopteri,Thymallus_arcticus,T>A,,96.63636363636364,0.0,A>T
CO1,Actinopteri,Thymallus_arcticus,T>C,4.825547,150.9090909090909,0.1100167490642908,A>G
CO1,Actinopteri,Thymallus_arcticus,T>G,,96.63636363636364,0.0,A>C
Cytb,Actinopteri,Thymallus_arcticus,A>C,,46.444444444444464,0.0,T>G
Cytb,Actinopteri,Thymallus_arcticus,A>G,1.99692,101.3888888888889,0.0405273061801369,T>C
Cytb,Actinopteri,Thymallus_arcticus,A>T,,46.444444444444464,0.0,T>A
Cytb,Actinopteri,Thymallus_arcticus,C>A,,11.777777777777771,0.0,G>T
Cytb,Actinopteri,Thymallus_arcticus,C>G,,11.777777777777771,0.0,G>C
Cytb,Actinopteri,Thymallus_arcticus,C>T,7.242957,20.88888888888889,0.7134737538084359,G>A
Cytb,Actinopteri,Thymallus_arcticus,G>A,3.99272,160.22222222222217,0.0512771098360217,C>T
Cytb,Actinopteri,Thymallus_arcticus,G>C,,60.77777777777776,0.0,C>G
Cytb,Actinopteri,Thymallus_arcticus,G>T,0.9992,60.77777777777776,0.0338286793067754,C>A
Cytb,Actinopteri,Thymallus_arcticus,T>A,1.997541,89.27777777777777,0.0460394116393938,A>T
Cytb,Actinopteri,Thymallus_arcticus,T>C,5.949822,133.33333333333331,0.0918211380292629,A>G
Cytb,Actinopteri,Thymallus_arcticus,T>G,0.99933,89.27777777777777,0.0230326011999731,A>C
CO1,Actinopteri,Thymallus_thymallus,A>C,,78.5,0.0,T>G
CO1,Actinopteri,Thymallus_thymallus,A>G,4.843821,168.0,0.0925570093807179,T>C
CO1,Actinopteri,Thymallus_thymallus,A>T,,78.5,0.0,T>A
CO1,Actinopteri,Thymallus_thymallus,C>A,1.0,29.6875,0.1081326590441588,G>T
CO1,Actinopteri,Thymallus_thymallus,C>G,,29.6875,0.0,G>C
CO1,Actinopteri,Thymallus_thymallus,C>T,5.983896,57.8125,0.3322712738527139,G>A
CO1,Actinopteri,Thymallus_thymallus,G>A,12.713734,180.5625,0.2260351974056981,C>T
CO1,Actinopteri,Thymallus_thymallus,G>C,,80.5625,0.0,C>G
CO1,Actinopteri,Thymallus_thymallus,G>T,2.68746,80.5625,0.1070876982471196,C>A
CO1,Actinopteri,Thymallus_thymallus,T>A,1.0,91.9375,0.0349170720910778,A>T
CO1,Actinopteri,Thymallus_thymallus,T>C,4.413836,143.125,0.0989990899785136,A>G
CO1,Actinopteri,Thymallus_thymallus,T>G,,91.9375,0.0,A>C
Cytb,Actinopteri,Thymallus_thymallus,A>C,,43.368421052631575,0.0,T>G
Cytb,Actinopteri,Thymallus_thymallus,A>G,7.052574,96.5263157894737,0.0692707436033862,T>C
Cytb,Actinopteri,Thymallus_thymallus,A>T,1.323203,43.368421052631575,0.028926826746707,T>A
Cytb,Actinopteri,Thymallus_thymallus,C>A,,13.368421052631575,0.0,G>T
Cytb,Actinopteri,Thymallus_thymallus,C>G,3.885255,13.368421052631575,0.2755417045431669,G>C
Cytb,Actinopteri,Thymallus_thymallus,C>T,8.812172,23.842105263157897,0.3504179080414425,G>A
Cytb,Actinopteri,Thymallus_thymallus,G>A,12.363625,162.52631578947364,0.0721223819765634,C>T
Cytb,Actinopteri,Thymallus_thymallus,G>C,,61.15789473684212,0.0,C>G
Cytb,Actinopteri,Thymallus_thymallus,G>T,6.492311,61.15789473684212,0.1006455822863562,C>A
Cytb,Actinopteri,Thymallus_thymallus,T>A,,88.57894736842105,0.0,A>T
Cytb,Actinopteri,Thymallus_thymallus,T>C,14.430995,132.73684210526315,0.1030748528023774,A>G
Cytb,Actinopteri,Thymallus_thymallus,T>G,,88.57894736842105,0.0,A>C
CO1,Mammalia,Trachypithecus_phayrei,A>C,,70.60000000000001,0.0,T>G
CO1,Mammalia,Trachypithecus_phayrei,A>G,14.217207,177.64,0.1194485842988552,T>C
CO1,Mammalia,Trachypithecus_phayrei,A>T,,70.60000000000001,0.0,T>A
CO1,Mammalia,Trachypithecus_phayrei,C>A,,16.640000000000004,0.0,G>T
CO1,Mammalia,Trachypithecus_phayrei,C>G,,16.640000000000004,0.0,G>C
CO1,Mammalia,Trachypithecus_phayrei,C>T,9.884424,26.12,0.5647882833145004,G>A
CO1,Mammalia,Trachypithecus_phayrei,G>A,22.038457,168.27999999999997,0.1954592220395282,C>T
CO1,Mammalia,Trachypithecus_phayrei,G>C,,71.32,0.0,C>G
CO1,Mammalia,Trachypithecus_phayrei,G>T,,71.32,0.0,C>A
CO1,Mammalia,Trachypithecus_phayrei,T>A,,108.0,0.0,A>T
CO1,Mammalia,Trachypithecus_phayrei,T>C,11.611204,187.00000000000003,0.0926708472205533,A>G
CO1,Mammalia,Trachypithecus_phayrei,T>G,1.99961,108.0,0.0276330631265628,A>C
Cytb,Mammalia,Trachypithecus_phayrei,A>C,,37.21212121212122,0.0,T>G
Cytb,Mammalia,Trachypithecus_phayrei,A>G,28.489664,104.90909090909092,0.2443240918931784,T>C
Cytb,Mammalia,Trachypithecus_phayrei,A>T,,37.21212121212122,0.0,T>A
Cytb,Mammalia,Trachypithecus_phayrei,C>A,,4.818181818181817,0.0,G>T
Cytb,Mammalia,Trachypithecus_phayrei,C>G,,4.818181818181817,0.0,G>C
Cytb,Mammalia,Trachypithecus_phayrei,C>T,7.270149,12.363636363636363,0.5290408142342319,G>A
Cytb,Mammalia,Trachypithecus_phayrei,G>A,21.882541,161.03030303030295,0.1222593915957429,C>T
Cytb,Mammalia,Trachypithecus_phayrei,G>C,1.0,67.9090909090909,0.0132484226031451,C>G
Cytb,Mammalia,Trachypithecus_phayrei,G>T,2.99811,67.9090909090909,0.0397202282907156,C>A
Cytb,Mammalia,Trachypithecus_phayrei,T>A,,86.57575757575759,0.0,A>T
Cytb,Mammalia,Trachypithecus_phayrei,T>C,7.931895,138.81818181818187,0.0514070513829858,A>G
Cytb,Mammalia,Trachypithecus_phayrei,T>G,,86.57575757575759,0.0,A>C
CO1,Actinopteri,Trichiurus_japonicus,A>C,10.96418,50.53599999999988,0.0375667212318248,T>G
CO1,Actinopteri,Trichiurus_japonicus,A>G,139.83947,124.29600000000002,0.1948052315501056,T>C
CO1,Actinopteri,Trichiurus_japonicus,A>T,6.99575,50.53599999999988,0.0239696347613354,T>A
CO1,Actinopteri,Trichiurus_japonicus,C>A,1.0,20.989999999999974,0.008249270803267,G>T
CO1,Actinopteri,Trichiurus_japonicus,C>G,8.91806,20.989999999999974,0.0735674919797837,G>C
CO1,Actinopteri,Trichiurus_japonicus,C>T,62.825483,42.06200000000007,0.2586270322535281,G>A
CO1,Actinopteri,Trichiurus_japonicus,G>A,215.025559,218.2199999999995,0.1706174839219792,C>T
CO1,Actinopteri,Trichiurus_japonicus,G>C,18.993633,105.12599999999978,0.0312842610679633,C>G
CO1,Actinopteri,Trichiurus_japonicus,G>T,29.99138,105.12599999999978,0.0493985622291688,C>A
CO1,Actinopteri,Trichiurus_japonicus,T>A,9.9846,124.29400000000004,0.0139094034934564,A>T
CO1,Actinopteri,Trichiurus_japonicus,T>C,113.822194,166.30800000000005,0.1185064015878409,A>G
CO1,Actinopteri,Trichiurus_japonicus,T>G,13.99663,124.29400000000004,0.0194985051197461,A>C
Cytb,Actinopteri,Trichiurus_japonicus,A>C,,47.63008130081294,0.0,T>G
Cytb,Actinopteri,Trichiurus_japonicus,A>G,103.792067,99.3333333333334,0.1988771861757833,T>C
Cytb,Actinopteri,Trichiurus_japonicus,A>T,2.0,47.63008130081294,0.0079921658567667,T>A
Cytb,Actinopteri,Trichiurus_japonicus,C>A,,16.88211382113817,0.0,G>T
Cytb,Actinopteri,Trichiurus_japonicus,C>G,5.99989,16.88211382113817,0.0676444670358303,G>C
Cytb,Actinopteri,Trichiurus_japonicus,C>T,64.874949,28.14227642276414,0.4387666600874104,G>A
Cytb,Actinopteri,Trichiurus_japonicus,G>A,102.897706,168.68699186991864,0.1161020569662715,C>T
Cytb,Actinopteri,Trichiurus_japonicus,G>C,,68.40650406504058,0.0,C>G
Cytb,Actinopteri,Trichiurus_japonicus,G>T,3.99957,68.40650406504058,0.0111283742086339,C>A
Cytb,Actinopteri,Trichiurus_japonicus,T>A,9.9055,65.23577235772356,0.0289005700350003,A>T
Cytb,Actinopteri,Trichiurus_japonicus,T>C,64.86607000000001,103.82113821138212,0.1189180052594608,A>G
Cytb,Actinopteri,Trichiurus_japonicus,T>G,4.0,65.23577235772356,0.0116705143748424,A>C
CO1,Actinopteri,Trichiurus_lepturus,A>C,5.99873,54.07236842105262,0.0625573912726145,T>G
CO1,Actinopteri,Trichiurus_lepturus,A>G,26.49891,120.78289473684217,0.1237135540523671,T>C
CO1,Actinopteri,Trichiurus_lepturus,A>T,3.99913,54.07236842105262,0.0417046841848275,T>A
CO1,Actinopteri,Trichiurus_lepturus,C>A,0.99999,25.86842105263163,0.0217981904710703,G>T
CO1,Actinopteri,Trichiurus_lepturus,C>G,2.0,25.86842105263163,0.0435968169103099,G>C
CO1,Actinopteri,Trichiurus_lepturus,C>T,27.557854,44.25000000000003,0.3511776167467466,G>A
CO1,Actinopteri,Trichiurus_lepturus,G>A,44.026215,223.0065789473685,0.1113238921686633,C>T
CO1,Actinopteri,Trichiurus_lepturus,G>C,11.0,103.13815789473688,0.0601406367610106,C>G
CO1,Actinopteri,Trichiurus_lepturus,G>T,3.66919,103.13815789473688,0.0200606748179211,C>A
CO1,Actinopteri,Trichiurus_lepturus,T>A,2.516843,102.22368421052632,0.0138835108281792,A>T
CO1,Actinopteri,Trichiurus_lepturus,T>C,30.427763,161.99999999999994,0.105913109250226,A>G
CO1,Actinopteri,Trichiurus_lepturus,T>G,8.0,102.22368421052632,0.0441299225360635,A>C
Cytb,Actinopteri,Trichiurus_lepturus,A>C,11.99876,40.71255060728749,0.0533815311386706,T>G
Cytb,Actinopteri,Trichiurus_lepturus,A>G,47.813243,85.93927125506082,0.1007719136676793,T>C
Cytb,Actinopteri,Trichiurus_lepturus,A>T,8.99859,40.71255060728749,0.0400340128720909,T>A
Cytb,Actinopteri,Trichiurus_lepturus,C>A,3.99923,14.700404858299564,0.0492753885155781,G>T
Cytb,Actinopteri,Trichiurus_lepturus,C>G,5.418933,14.700404858299564,0.0667678600417798,G>C
Cytb,Actinopteri,Trichiurus_lepturus,C>T,73.795312,24.38056680161944,0.5482365004339284,G>A
Cytb,Actinopteri,Trichiurus_lepturus,G>A,60.87942,185.0404858299597,0.0595918293334871,C>T
Cytb,Actinopteri,Trichiurus_lepturus,G>C,1.55077,76.52226720647768,0.0036706462575653,C>G
Cytb,Actinopteri,Trichiurus_lepturus,G>T,6.40493,76.52226720647768,0.0151603605528016,C>A
Cytb,Actinopteri,Trichiurus_lepturus,T>A,2.0,72.56680161943316,0.004992004692773,A>T
Cytb,Actinopteri,Trichiurus_lepturus,T>C,30.670829,109.71659919028336,0.0506332900976302,A>G
Cytb,Actinopteri,Trichiurus_lepturus,T>G,2.99866,72.56680161943316,0.0074846623960153,A>C
CO1,Mammalia,Tursiops_truncatus,A>C,,76.61538461538461,0.0,T>G
CO1,Mammalia,Tursiops_truncatus,A>G,21.168325,170.87179487179492,0.2858547864520701,T>C
CO1,Mammalia,Tursiops_truncatus,A>T,,76.61538461538461,0.0,T>A
CO1,Mammalia,Tursiops_truncatus,C>A,,13.076923076923084,0.0,G>T
CO1,Mammalia,Tursiops_truncatus,C>G,,13.076923076923084,0.0,G>C
CO1,Mammalia,Tursiops_truncatus,C>T,2.0,23.10256410256412,0.1997556937015991,G>A
CO1,Mammalia,Tursiops_truncatus,G>A,20.630316,159.38461538461542,0.2986680983398282,C>T
CO1,Mammalia,Tursiops_truncatus,G>C,,49.53846153846153,0.0,C>G
CO1,Mammalia,Tursiops_truncatus,G>T,,49.53846153846153,0.0,C>A
CO1,Mammalia,Tursiops_truncatus,T>A,1.99906,129.15384615384613,0.0357147686086021,A>T
CO1,Mammalia,Tursiops_truncatus,T>C,14.700614,209.2051282051283,0.1621408716764251,A>G
CO1,Mammalia,Tursiops_truncatus,T>G,1.0,129.15384615384613,0.0178657812214751,A>C
Cytb,Mammalia,Tursiops_truncatus,A>C,,28.66666666666666,0.0,T>G
Cytb,Mammalia,Tursiops_truncatus,A>G,19.859015,81.48484848484848,0.2528934097102164,T>C
Cytb,Mammalia,Tursiops_truncatus,A>T,,28.66666666666666,0.0,T>A
Cytb,Mammalia,Tursiops_truncatus,C>A,,4.636363636363634,0.0,G>T
Cytb,Mammalia,Tursiops_truncatus,C>G,,4.636363636363634,0.0,G>C
Cytb,Mammalia,Tursiops_truncatus,C>T,3.99841,7.787878787878784,0.5327516604480436,G>A
Cytb,Mammalia,Tursiops_truncatus,G>A,24.539483,176.939393939394,0.1439121772989083,C>T
Cytb,Mammalia,Tursiops_truncatus,G>C,,60.06060606060609,0.0,C>G
Cytb,Mammalia,Tursiops_truncatus,G>T,,60.06060606060609,0.0,C>A
Cytb,Mammalia,Tursiops_truncatus,T>A,,97.87878787878786,0.0,A>T
Cytb,Mammalia,Tursiops_truncatus,T>C,10.824717,159.45454545454538,0.0704427525428317,A>G
Cytb,Mammalia,Tursiops_truncatus,T>G,,97.87878787878786,0.0,A>C
CO1,Mammalia,Urocyon_cinereoargenteus,A>C,,64.43137254901964,0.0,T>G
CO1,Mammalia,Urocyon_cinereoargenteus,A>G,23.96105,157.01960784313724,0.1998686727273142,T>C
CO1,Mammalia,Urocyon_cinereoargenteus,A>T,,64.43137254901964,0.0,T>A
CO1,Mammalia,Urocyon_cinereoargenteus,C>A,,44.13725490196076,0.0,G>T
CO1,Mammalia,Urocyon_cinereoargenteus,C>G,,44.13725490196076,0.0,G>C
CO1,Mammalia,Urocyon_cinereoargenteus,C>T,26.97663,75.68627450980394,0.4668349239877545,G>A
CO1,Mammalia,Urocyon_cinereoargenteus,G>A,16.98858,164.9803921568628,0.1348706713993983,C>T
CO1,Mammalia,Urocyon_cinereoargenteus,G>C,,61.05882352941178,0.0,C>G
CO1,Mammalia,Urocyon_cinereoargenteus,G>T,,61.05882352941178,0.0,C>A
CO1,Mammalia,Urocyon_cinereoargenteus,T>A,,96.31372549019602,0.0,A>T
CO1,Mammalia,Urocyon_cinereoargenteus,T>C,23.98412,158.31372549019613,0.1984257318855329,A>G
CO1,Mammalia,Urocyon_cinereoargenteus,T>G,,96.31372549019602,0.0,A>C
Cytb,Mammalia,Urocyon_cinereoargenteus,A>C,,24.44642857142857,0.0,T>G
Cytb,Mammalia,Urocyon_cinereoargenteus,A>G,13.99534,79.28571428571428,0.2283888702387102,T>C
Cytb,Mammalia,Urocyon_cinereoargenteus,A>T,,24.44642857142857,0.0,T>A
Cytb,Mammalia,Urocyon_cinereoargenteus,C>A,,20.5,0.0,G>T
Cytb,Mammalia,Urocyon_cinereoargenteus,C>G,,20.5,0.0,G>C
Cytb,Mammalia,Urocyon_cinereoargenteus,C>T,8.9961,31.17857142857144,0.3733227770238859,G>A
Cytb,Mammalia,Urocyon_cinereoargenteus,G>A,25.99897,172.99999999999997,0.1944448591449059,C>T
Cytb,Mammalia,Urocyon_cinereoargenteus,G>C,,54.7142857142857,0.0,C>G
Cytb,Mammalia,Urocyon_cinereoargenteus,G>T,,54.7142857142857,0.0,C>A
Cytb,Mammalia,Urocyon_cinereoargenteus,T>A,1.0,90.67857142857147,0.01426861290857,A>T
Cytb,Mammalia,Urocyon_cinereoargenteus,T>C,19.99463,136.4642857142858,0.1895748806839278,A>G
Cytb,Mammalia,Urocyon_cinereoargenteus,T>G,,90.67857142857147,0.0,A>C
CO1,Lepidosauria,Urosaurus_nigricaudus,A>C,,51.27777777777777,0.0,T>G
CO1,Lepidosauria,Urosaurus_nigricaudus,A>G,7.209709,129.83333333333337,0.1031379579188123,T>C
CO1,Lepidosauria,Urosaurus_nigricaudus,A>T,0.99717,51.27777777777777,0.0361182756326764,T>A
CO1,Lepidosauria,Urosaurus_nigricaudus,C>A,1.0,19.22222222222221,0.0966236426223796,G>T
CO1,Lepidosauria,Urosaurus_nigricaudus,C>G,0.99928,19.22222222222221,0.0965540735996915,G>C
CO1,Lepidosauria,Urosaurus_nigricaudus,C>T,6.645638,30.88888888888889,0.3995962407984859,G>A
CO1,Lepidosauria,Urosaurus_nigricaudus,G>A,9.772126,178.00000000000003,0.1019661579146575,C>T
CO1,Lepidosauria,Urosaurus_nigricaudus,G>C,,59.38888888888889,0.0,C>G
CO1,Lepidosauria,Urosaurus_nigricaudus,G>T,1.0,59.38888888888889,0.031273882457758,C>A
CO1,Lepidosauria,Urosaurus_nigricaudus,T>A,2.942678,147.44444444444446,0.0370681855798642,A>T
CO1,Lepidosauria,Urosaurus_nigricaudus,T>C,10.096299,220.44444444444449,0.0850648312724552,A>G
CO1,Lepidosauria,Urosaurus_nigricaudus,T>G,1.0,147.44444444444446,0.012596752203219,A>C
Cytb,Lepidosauria,Urosaurus_nigricaudus,A>C,,28.666666666666668,0.0,T>G
Cytb,Lepidosauria,Urosaurus_nigricaudus,A>G,6.762298,82.00000000000001,0.0987746983797497,T>C
Cytb,Lepidosauria,Urosaurus_nigricaudus,A>T,,28.666666666666668,0.0,T>A
Cytb,Lepidosauria,Urosaurus_nigricaudus,C>A,,8.866666666666665,0.0,G>T
Cytb,Lepidosauria,Urosaurus_nigricaudus,C>G,0.99967,8.866666666666665,0.1350397224123549,G>C
Cytb,Lepidosauria,Urosaurus_nigricaudus,C>T,6.749459,14.666666666666666,0.5511918673277857,G>A
Cytb,Lepidosauria,Urosaurus_nigricaudus,G>A,14.615457,147.79999999999998,0.1184413161602198,C>T
Cytb,Lepidosauria,Urosaurus_nigricaudus,G>C,,43.46666666666667,0.0,C>G
Cytb,Lepidosauria,Urosaurus_nigricaudus,G>T,0.99929,43.46666666666667,0.027535975337898,C>A
Cytb,Lepidosauria,Urosaurus_nigricaudus,T>A,0.99881,114.4,0.0104573613861204,A>T
Cytb,Lepidosauria,Urosaurus_nigricaudus,T>C,8.660224,177.13333333333335,0.0585590589958714,A>G
Cytb,Lepidosauria,Urosaurus_nigricaudus,T>G,,114.4,0.0,A>C
CO1,Mammalia,Ursus_arctos,A>C,0.99994,78.13934426229513,0.0126538250744529,T>G
CO1,Mammalia,Ursus_arctos,A>G,43.693393,160.33606557377055,0.2694648957482186,T>C
CO1,Mammalia,Ursus_arctos,A>T,1.0,78.13934426229513,0.0126545843495139,T>A
CO1,Mammalia,Ursus_arctos,C>A,,42.09836065573771,0.0,G>T
CO1,Mammalia,Ursus_arctos,C>G,,42.09836065573771,0.0,G>C
CO1,Mammalia,Ursus_arctos,C>T,16.951273,68.29508196721304,0.2454316318361324,G>A
CO1,Mammalia,Ursus_arctos,G>A,40.833417,162.40983606557376,0.2486114022686669,C>T
CO1,Mammalia,Ursus_arctos,G>C,,48.754098360655725,0.0,C>G
CO1,Mammalia,Ursus_arctos,G>T,,48.754098360655725,0.0,C>A
CO1,Mammalia,Ursus_arctos,T>A,0.99987,101.05737704918047,0.0097834755376817,A>T
CO1,Mammalia,Ursus_arctos,T>C,31.90251,164.6311475409835,0.1916154376304695,A>G
CO1,Mammalia,Ursus_arctos,T>G,1.0,101.05737704918047,0.0097847475548638,A>C
Cytb,Mammalia,Ursus_arctos,A>C,,21.869863013698595,0.0,T>G
Cytb,Mammalia,Ursus_arctos,A>G,75.932911,78.6849315068492,0.3631769589861155,T>C
Cytb,Mammalia,Ursus_arctos,A>T,0.99989,21.869863013698595,0.017206239813573,T>A
Cytb,Mammalia,Ursus_arctos,C>A,,14.342465753424689,0.0,G>T
Cytb,Mammalia,Ursus_arctos,C>G,,14.342465753424689,0.0,G>C
Cytb,Mammalia,Ursus_arctos,C>T,28.740341,25.33561643835611,0.4269138559625387,G>A
Cytb,Mammalia,Ursus_arctos,G>A,47.219213,174.05479452054774,0.1020969017152639,C>T
Cytb,Mammalia,Ursus_arctos,G>C,1.0,55.87671232876729,0.0067351762364782,C>G
Cytb,Mammalia,Ursus_arctos,G>T,1.0,55.87671232876729,0.0067351762364782,C>A
Cytb,Mammalia,Ursus_arctos,T>A,0.99942,108.81506849315043,0.0034565178641595,A>T
Cytb,Mammalia,Ursus_arctos,T>C,25.832258,145.6095890410958,0.0667655149227883,A>G
Cytb,Mammalia,Ursus_arctos,T>G,1.99902,108.81506849315043,0.0069136582626044,A>C
CO1,Aves,Vireo_olivaceus,A>C,,28.47058823529412,0.0,T>G
CO1,Aves,Vireo_olivaceus,A>G,13.923936,57.38235294117647,0.3232314892298737,T>C
CO1,Aves,Vireo_olivaceus,A>T,,28.47058823529412,0.0,T>A
CO1,Aves,Vireo_olivaceus,C>A,,12.82352941176471,0.0,G>T
CO1,Aves,Vireo_olivaceus,C>G,,12.82352941176471,0.0,G>C
CO1,Aves,Vireo_olivaceus,C>T,8.99726,22.58823529411764,0.5305886613060932,G>A
CO1,Aves,Vireo_olivaceus,G>A,15.976591,241.55882352941185,0.0881031038397122,C>T
CO1,Aves,Vireo_olivaceus,G>C,,66.58823529411761,0.0,C>G
CO1,Aves,Vireo_olivaceus,G>T,,66.58823529411761,0.0,C>A
CO1,Aves,Vireo_olivaceus,T>A,1.0,184.05882352941168,0.0072372463400996,A>T
CO1,Aves,Vireo_olivaceus,T>C,7.99539,244.2647058823531,0.0436022529441216,A>G
CO1,Aves,Vireo_olivaceus,T>G,1.0,184.05882352941168,0.0072372463400996,A>C
Cytb,Aves,Vireo_olivaceus,A>C,,23.73809523809524,0.0,T>G
Cytb,Aves,Vireo_olivaceus,A>G,17.99721,35.8095238095238,0.261388188329183,T>C
Cytb,Aves,Vireo_olivaceus,A>T,1.0,23.73809523809524,0.0219095497329719,T>A
Cytb,Aves,Vireo_olivaceus,C>A,,4.8809523809523805,0.0,G>T
Cytb,Aves,Vireo_olivaceus,C>G,,4.8809523809523805,0.0,G>C
Cytb,Aves,Vireo_olivaceus,C>T,7.967651,6.833333333333337,0.6064248881600883,G>A
Cytb,Aves,Vireo_olivaceus,G>A,18.950937,215.8571428571429,0.0456608071032268,C>T
Cytb,Aves,Vireo_olivaceus,G>C,,60.99999999999998,0.0,C>G
Cytb,Aves,Vireo_olivaceus,G>T,3.0,60.99999999999998,0.025578244828774,C>A
Cytb,Aves,Vireo_olivaceus,T>A,,129.1190476190476,0.0,A>T
Cytb,Aves,Vireo_olivaceus,T>C,12.922927,172.16666666666677,0.0390383218457557,A>G
Cytb,Aves,Vireo_olivaceus,T>G,,129.1190476190476,0.0,A>C
CO1,Aves,Vireo_solitarius,A>C,,30.36363636363636,0.0,T>G
CO1,Aves,Vireo_solitarius,A>G,16.94385,53.06060606060607,0.4179391377735773,T>C
CO1,Aves,Vireo_solitarius,A>T,,30.36363636363636,0.0,T>A
CO1,Aves,Vireo_solitarius,C>A,,15.63636363636364,0.0,G>T
CO1,Aves,Vireo_solitarius,C>G,,15.63636363636364,0.0,G>C
CO1,Aves,Vireo_solitarius,C>T,9.99307,31.454545454545453,0.4158040034568767,G>A
CO1,Aves,Vireo_solitarius,G>A,12.96706,251.9090909090908,0.0673706643961816,C>T
CO1,Aves,Vireo_solitarius,G>C,,73.69696969696969,0.0,C>G
CO1,Aves,Vireo_solitarius,G>T,,73.69696969696969,0.0,C>A
CO1,Aves,Vireo_solitarius,T>A,2.0,172.3030303030304,0.0151918348563721,A>T
CO1,Aves,Vireo_solitarius,T>C,11.802314,225.4848484848484,0.0685051072725456,A>G
CO1,Aves,Vireo_solitarius,T>G,1.99966,172.3030303030304,0.0151892522444465,A>C
Cytb,Aves,Vireo_solitarius,A>C,,17.0,0.0,T>G
Cytb,Aves,Vireo_solitarius,A>G,8.98208,32.86486486486486,0.2031268147595105,T>C
Cytb,Aves,Vireo_solitarius,A>T,,17.0,0.0,T>A
Cytb,Aves,Vireo_solitarius,C>A,,8.702702702702704,0.0,G>T
Cytb,Aves,Vireo_solitarius,C>G,,8.702702702702704,0.0,G>C
Cytb,Aves,Vireo_solitarius,C>T,13.9546,16.27027027027027,0.6374480771769027,G>A
Cytb,Aves,Vireo_solitarius,G>A,9.99556,214.18918918918908,0.0346842073616594,C>T
Cytb,Aves,Vireo_solitarius,G>C,1.0,58.91891891891892,0.0126144238932522,C>G
Cytb,Aves,Vireo_solitarius,G>T,2.0,58.91891891891892,0.0252288477865044,C>A
Cytb,Aves,Vireo_solitarius,T>A,,133.1081081081081,0.0,A>T
Cytb,Aves,Vireo_solitarius,T>C,19.945779,170.59459459459455,0.0868976290221706,A>G
Cytb,Aves,Vireo_solitarius,T>G,,133.1081081081081,0.0,A>C
CO1,Mammalia,Ziphius_cavirostris,A>C,,69.23529411764706,0.0,T>G
CO1,Mammalia,Ziphius_cavirostris,A>G,9.984658,148.82352941176472,0.1765592527956586,T>C
CO1,Mammalia,Ziphius_cavirostris,A>T,,69.23529411764706,0.0,T>A
CO1,Mammalia,Ziphius_cavirostris,C>A,,18.23529411764705,0.0,G>T
CO1,Mammalia,Ziphius_cavirostris,C>G,,18.23529411764705,0.0,G>C
CO1,Mammalia,Ziphius_cavirostris,C>T,4.99027,24.941176470588232,0.5265456108032022,G>A
CO1,Mammalia,Ziphius_cavirostris,G>A,10.283499,176.3529411764706,0.1534571369381297,C>T
CO1,Mammalia,Ziphius_cavirostris,G>C,,55.05882352941177,0.0,C>G
CO1,Mammalia,Ziphius_cavirostris,G>T,,55.05882352941177,0.0,C>A
CO1,Mammalia,Ziphius_cavirostris,T>A,,130.88235294117646,0.0,A>T
CO1,Mammalia,Ziphius_cavirostris,T>C,9.974226,212.82352941176472,0.1233356001712827,A>G
CO1,Mammalia,Ziphius_cavirostris,T>G,0.99977,130.88235294117646,0.0201023992917266,A>C
Cytb,Mammalia,Ziphius_cavirostris,A>C,,25.26315789473684,0.0,T>G
Cytb,Mammalia,Ziphius_cavirostris,A>G,10.69664,78.42105263157896,0.1643158850589859,T>C
Cytb,Mammalia,Ziphius_cavirostris,A>T,,25.26315789473684,0.0,T>A
Cytb,Mammalia,Ziphius_cavirostris,C>A,,6.2631578947368425,0.0,G>T
Cytb,Mammalia,Ziphius_cavirostris,C>G,,6.2631578947368425,0.0,G>C
Cytb,Mammalia,Ziphius_cavirostris,C>T,5.996061,9.894736842105264,0.7300063406385119,G>A
Cytb,Mammalia,Ziphius_cavirostris,G>A,9.92812,179.63157894736844,0.0665808244589555,C>T
Cytb,Mammalia,Ziphius_cavirostris,G>C,,61.78947368421053,0.0,C>G
Cytb,Mammalia,Ziphius_cavirostris,G>T,,61.78947368421053,0.0,C>A
Cytb,Mammalia,Ziphius_cavirostris,T>A,,99.57894736842108,0.0,A>T
Cytb,Mammalia,Ziphius_cavirostris,T>C,4.98778,153.6842105263158,0.0390969498435467,A>G
Cytb,Mammalia,Ziphius_cavirostris,T>G,,99.57894736842108,0.0,A>C
CO1,Aves,Zonotrichia_albicollis,A>C,,42.57142857142857,0.0,T>G
CO1,Aves,Zonotrichia_albicollis,A>G,15.99955,68.53571428571429,0.4666785864225287,T>C
CO1,Aves,Zonotrichia_albicollis,A>T,,42.57142857142857,0.0,T>A
CO1,Aves,Zonotrichia_albicollis,C>A,,13.678571428571429,0.0,G>T
CO1,Aves,Zonotrichia_albicollis,C>G,,13.678571428571429,0.0,G>C
CO1,Aves,Zonotrichia_albicollis,C>T,4.0,18.75,0.4264673312245634,G>A
CO1,Aves,Zonotrichia_albicollis,G>A,8.99779,266.42857142857144,0.0675121759824064,C>T
CO1,Aves,Zonotrichia_albicollis,G>C,,97.39285714285712,0.0,C>G
CO1,Aves,Zonotrichia_albicollis,G>T,,97.39285714285712,0.0,C>A
CO1,Aves,Zonotrichia_albicollis,T>A,,140.39285714285717,0.0,A>T
CO1,Aves,Zonotrichia_albicollis,T>C,3.99999,203.25,0.0393419063705014,A>G
CO1,Aves,Zonotrichia_albicollis,T>G,,140.39285714285717,0.0,A>C
Cytb,Aves,Zonotrichia_albicollis,A>C,,23.73333333333334,0.0,T>G
Cytb,Aves,Zonotrichia_albicollis,A>G,7.9935,40.83333333333334,0.4964606624021454,T>C
Cytb,Aves,Zonotrichia_albicollis,A>T,,23.73333333333334,0.0,T>A
Cytb,Aves,Zonotrichia_albicollis,C>A,,7.000000000000001,0.0,G>T
Cytb,Aves,Zonotrichia_albicollis,C>G,,7.000000000000001,0.0,G>C
Cytb,Aves,Zonotrichia_albicollis,C>T,1.0,10.1,0.2510968839750896,G>A
Cytb,Aves,Zonotrichia_albicollis,G>A,13.664744,238.13333333333333,0.1455271438313749,C>T
Cytb,Aves,Zonotrichia_albicollis,G>C,,98.16666666666664,0.0,C>G
Cytb,Aves,Zonotrichia_albicollis,G>T,1.0,98.16666666666664,0.0258344162459939,C>A
Cytb,Aves,Zonotrichia_albicollis,T>A,,81.03333333333337,0.0,A>T
Cytb,Aves,Zonotrichia_albicollis,T>C,3.99424,124.9333333333334,0.081080893545396,A>G
Cytb,Aves,Zonotrichia_albicollis,T>G,,81.03333333333337,0.0,A>C
